acc,name,category,start,end,strand,length,reason,gene_length,start_codon,n_similar
NC_002929.2,Bordetella,problem,24353,25459,reverse,1107,H5_other,1107,,
NC_002929.2,Bordetella,problem,30365,30862,reverse,498,H5_other,498,,
NC_002929.2,Bordetella,problem,31070,32005,reverse,936,H5_other,936,,
NC_002929.2,Bordetella,problem,35573,36763,reverse,1191,H5_other,1191,,
NC_002929.2,Bordetella,problem,51135,52391,forward,1257,H2_nonstart,1257,ATT,
NC_002929.2,Bordetella,problem,55664,56425,reverse,762,H5_other,762,,
NC_002929.2,Bordetella,problem,59249,60475,reverse,1227,H5_other,1227,,
NC_002929.2,Bordetella,problem,65582,66853,reverse,1272,H5_other,1272,,
NC_002929.2,Bordetella,problem,66884,67252,reverse,369,H5_other,369,,
NC_002929.2,Bordetella,problem,73706,74326,reverse,621,H5_other,621,,
NC_002929.2,Bordetella,problem,75281,76123,reverse,843,H4_nested_or_alt_start,843,,1.0
NC_002929.2,Bordetella,problem,78660,79604,forward,945,H2_nonstart,945,ATA,
NC_002929.2,Bordetella,problem,79601,81475,reverse,1875,H5_other,1875,,
NC_002929.2,Bordetella,problem,81524,82198,reverse,675,H5_other,675,,
NC_002929.2,Bordetella,problem,82823,83527,reverse,705,H5_other,705,,
NC_002929.2,Bordetella,problem,86732,87991,reverse,1260,H5_other,1260,,
NC_002929.2,Bordetella,problem,89111,90211,reverse,1101,H5_other,1101,,
NC_002929.2,Bordetella,problem,90215,90790,reverse,576,H5_other,576,,
NC_002929.2,Bordetella,problem,90794,91846,reverse,1053,H5_other,1053,,
NC_002929.2,Bordetella,problem,94289,94444,reverse,156,H5_other,156,,
NC_002929.2,Bordetella,problem,94469,95272,reverse,804,H5_other,804,,
NC_002929.2,Bordetella,problem,106331,107392,reverse,1062,H4_nested_or_alt_start,1062,,1.0
NC_002929.2,Bordetella,problem,116834,117709,reverse,876,H4_nested_or_alt_start,876,,1.0
NC_002929.2,Bordetella,problem,123074,123907,reverse,834,H5_other,834,,
NC_002929.2,Bordetella,problem,128378,130078,reverse,1701,H5_other,1701,,
NC_002929.2,Bordetella,problem,130505,131152,reverse,648,H5_other,648,,
NC_002929.2,Bordetella,problem,133013,133891,reverse,879,H5_other,879,,
NC_002929.2,Bordetella,problem,135158,136108,reverse,951,H5_other,951,,
NC_002929.2,Bordetella,problem,144874,145806,reverse,933,H2_nonstart,933,ATA,
NC_002929.2,Bordetella,problem,151553,152281,reverse,729,H4_nested_or_alt_start,729,,1.0
NC_002929.2,Bordetella,problem,152306,152737,reverse,432,H5_other,432,,
NC_002929.2,Bordetella,problem,153767,154966,reverse,1200,H5_other,1200,,
NC_002929.2,Bordetella,problem,168167,168796,reverse,630,H5_other,630,,
NC_002929.2,Bordetella,problem,173618,174094,reverse,477,H5_other,477,,
NC_002929.2,Bordetella,problem,178634,180712,reverse,2079,H4_nested_or_alt_start,2079,,20.0
NC_002929.2,Bordetella,problem,180962,181234,reverse,273,H5_other,273,,
NC_002929.2,Bordetella,problem,206729,207679,reverse,951,H5_other,951,,
NC_002929.2,Bordetella,problem,207794,208795,reverse,1002,H5_other,1002,,
NC_002929.2,Bordetella,problem,208886,209452,reverse,567,H5_other,567,,
NC_002929.2,Bordetella,problem,213269,214681,reverse,1413,H5_other,1413,,
NC_002929.2,Bordetella,problem,236528,237325,reverse,798,H5_other,798,,
NC_002929.2,Bordetella,problem,240494,241537,reverse,1044,H5_other,1044,,
NC_002929.2,Bordetella,problem,248735,249436,reverse,702,H5_other,702,,
NC_002929.2,Bordetella,problem,250844,251785,reverse,942,H5_other,942,,
NC_002929.2,Bordetella,problem,257951,258931,reverse,981,H5_other,981,,
NC_002929.2,Bordetella,problem,262883,264007,reverse,1125,H5_other,1125,,
NC_002929.2,Bordetella,problem,266664,267068,forward,405,H2_nonstart,405,ATT,
NC_002929.2,Bordetella,problem,282905,283546,reverse,642,H5_other,642,,
NC_002929.2,Bordetella,problem,290348,291352,reverse,1005,H5_other,1005,,
NC_002929.2,Bordetella,problem,301853,302140,reverse,288,H2_nonstart,288,ATC,
NC_002929.2,Bordetella,problem,303176,304174,reverse,999,H5_other,999,,
NC_002929.2,Bordetella,problem,304217,304720,reverse,504,H5_other,504,,
NC_002929.2,Bordetella,problem,304724,305614,reverse,891,H5_other,891,,
NC_002929.2,Bordetella,problem,327587,328420,reverse,834,H5_other,834,,
NC_002929.2,Bordetella,problem,331490,331855,reverse,366,H5_other,366,,
NC_002929.2,Bordetella,problem,336272,337156,reverse,885,H5_other,885,,
NC_002929.2,Bordetella,problem,337169,338164,reverse,996,H5_other,996,,
NC_002929.2,Bordetella,problem,343199,343921,reverse,723,H5_other,723,,
NC_002929.2,Bordetella,problem,344570,345358,reverse,789,H5_other,789,,
NC_002929.2,Bordetella,problem,345373,346317,reverse,945,H2_nonstart,945,CTG,
NC_002929.2,Bordetella,problem,346361,347230,reverse,870,H5_other,870,,
NC_002929.2,Bordetella,problem,352007,352516,reverse,510,H5_other,510,,
NC_002929.2,Bordetella,problem,356960,357703,reverse,744,H5_other,744,,
NC_002929.2,Bordetella,problem,368138,369481,reverse,1344,H5_other,1344,,
NC_002929.2,Bordetella,problem,371618,373072,reverse,1455,H5_other,1455,,
NC_002929.2,Bordetella,problem,380846,381901,reverse,1056,H5_other,1056,,
NC_002929.2,Bordetella,problem,383618,384193,reverse,576,H5_other,576,,
NC_002929.2,Bordetella,problem,384989,385891,reverse,903,H4_nested_or_alt_start,903,,1.0
NC_002929.2,Bordetella,problem,388310,388903,reverse,594,H5_other,594,,
NC_002929.2,Bordetella,problem,392056,392970,forward,915,H2_nonstart,915,ATC,
NC_002929.2,Bordetella,problem,405185,405364,reverse,180,H5_other,180,,
NC_002929.2,Bordetella,problem,419675,420592,reverse,918,H5_other,918,,
NC_002929.2,Bordetella,problem,424313,425407,reverse,1095,H2_nonstart,1095,CTG,
NC_002929.2,Bordetella,problem,455327,455572,reverse,246,H5_other,246,,
NC_002929.2,Bordetella,problem,466526,469147,reverse,2622,H5_other,2622,,
NC_002929.2,Bordetella,problem,494921,495766,reverse,846,H5_other,846,,
NC_002929.2,Bordetella,problem,495854,497017,reverse,1164,H5_other,1164,,
NC_002929.2,Bordetella,problem,498446,499873,reverse,1428,H5_other,1428,,
NC_002929.2,Bordetella,problem,500903,503356,reverse,2454,H4_nested_or_alt_start,2454,,12.0
NC_002929.2,Bordetella,problem,504563,505972,reverse,1410,H5_other,1410,,
NC_002929.2,Bordetella,problem,509219,510169,reverse,951,H5_other,951,,
NC_002929.2,Bordetella,problem,511559,511957,reverse,399,H5_other,399,,
NC_002929.2,Bordetella,problem,517307,518491,reverse,1185,H5_other,1185,,
NC_002929.2,Bordetella,problem,518528,519055,reverse,528,H5_other,528,,
NC_002929.2,Bordetella,problem,519113,519760,reverse,648,H5_other,648,,
NC_002929.2,Bordetella,problem,521537,522004,reverse,468,H5_other,468,,
NC_002929.2,Bordetella,problem,524150,525100,reverse,951,H5_other,951,,
NC_002929.2,Bordetella,problem,527675,528010,reverse,336,H5_other,336,,
NC_002929.2,Bordetella,problem,545270,546220,reverse,951,H5_other,951,,
NC_002929.2,Bordetella,problem,547280,548521,reverse,1242,H5_other,1242,,
NC_002929.2,Bordetella,problem,554768,555337,reverse,570,H5_other,570,,
NC_002929.2,Bordetella,problem,559631,560881,reverse,1251,H5_other,1251,,
NC_002929.2,Bordetella,problem,564392,565408,reverse,1017,H5_other,1017,,
NC_002929.2,Bordetella,problem,571157,572107,reverse,951,H5_other,951,,
NC_002929.2,Bordetella,problem,574046,574675,reverse,630,H5_other,630,,
NC_002929.2,Bordetella,problem,583268,584263,reverse,996,H5_other,996,,
NC_002929.2,Bordetella,problem,590192,591481,reverse,1290,H5_other,1290,,
NC_002929.2,Bordetella,problem,605639,606616,reverse,978,H5_other,978,,
NC_002929.2,Bordetella,problem,607948,608913,reverse,966,H2_nonstart,966,CTG,
NC_002929.2,Bordetella,problem,610652,610912,reverse,261,H5_other,261,,
NC_002929.2,Bordetella,problem,610946,611368,reverse,423,H5_other,423,,
NC_002929.2,Bordetella,problem,622934,623587,reverse,654,H4_nested_or_alt_start,654,,13.0
NC_002929.2,Bordetella,problem,623630,625039,reverse,1410,H5_other,1410,,
NC_002929.2,Bordetella,problem,629846,630496,reverse,651,H5_other,651,,
NC_002929.2,Bordetella,problem,632837,634012,reverse,1176,H5_other,1176,,
NC_002929.2,Bordetella,problem,637904,638689,reverse,786,H5_other,786,,
NC_002929.2,Bordetella,problem,641252,642244,reverse,993,H4_nested_or_alt_start,993,,1.0
NC_002929.2,Bordetella,problem,650111,651001,reverse,891,H5_other,891,,
NC_002929.2,Bordetella,problem,664697,665371,reverse,675,H5_other,675,,
NC_002929.2,Bordetella,problem,671780,672559,reverse,780,H5_other,780,,
NC_002929.2,Bordetella,problem,676169,678001,reverse,1833,H5_other,1833,,
NC_002929.2,Bordetella,problem,706226,707098,reverse,873,H4_nested_or_alt_start,873,,1.0
NC_002929.2,Bordetella,problem,714308,715297,reverse,990,H5_other,990,,
NC_002929.2,Bordetella,problem,727382,728266,reverse,885,H5_other,885,,
NC_002929.2,Bordetella,problem,728282,728731,reverse,450,H5_other,450,,
NC_002929.2,Bordetella,problem,729783,730217,reverse,435,H2_nonstart,435,CTG,
NC_002929.2,Bordetella,problem,732809,734188,reverse,1380,H5_other,1380,,
NC_002929.2,Bordetella,problem,741896,742465,reverse,570,H5_other,570,,
NC_002929.2,Bordetella,problem,742466,743416,reverse,951,H5_other,951,,
NC_002929.2,Bordetella,problem,750989,751960,reverse,972,H5_other,972,,
NC_002929.2,Bordetella,problem,752576,753526,reverse,951,H5_other,951,,
NC_002929.2,Bordetella,problem,765092,765958,reverse,867,H5_other,867,,
NC_002929.2,Bordetella,problem,793871,795616,reverse,1746,H5_other,1746,,
NC_002929.2,Bordetella,problem,802349,803131,reverse,783,H5_other,783,,
NC_002929.2,Bordetella,problem,808046,808981,reverse,936,H5_other,936,,
NC_002929.2,Bordetella,problem,809087,810037,reverse,951,H5_other,951,,
NC_002929.2,Bordetella,problem,811147,812916,forward,1770,H2_nonstart,1770,ATC,
NC_002929.2,Bordetella,problem,819650,820600,reverse,951,H5_other,951,,
NC_002929.2,Bordetella,problem,838301,839224,reverse,924,H5_other,924,,
NC_002929.2,Bordetella,problem,854981,858094,reverse,3114,H4_nested_or_alt_start,3114,,1.0
NC_002929.2,Bordetella,problem,858107,859213,reverse,1107,H4_nested_or_alt_start,1107,,1.0
NC_002929.2,Bordetella,problem,859337,860005,reverse,669,H5_other,669,,
NC_002929.2,Bordetella,problem,893849,894829,reverse,981,H4_nested_or_alt_start,981,,10.0
NC_002929.2,Bordetella,problem,896909,900364,reverse,3456,H5_other,3456,,
NC_002929.2,Bordetella,problem,908195,910027,reverse,1833,H5_other,1833,,
NC_002929.2,Bordetella,problem,933605,933988,reverse,384,H5_other,384,,
NC_002929.2,Bordetella,problem,934043,935860,reverse,1818,H4_nested_or_alt_start,1818,,1.0
NC_002929.2,Bordetella,problem,938066,939247,reverse,1182,H4_nested_or_alt_start,1182,,1.0
NC_002929.2,Bordetella,problem,956606,958009,reverse,1404,H5_other,1404,,
NC_002929.2,Bordetella,problem,962411,963271,reverse,861,H5_other,861,,
NC_002929.2,Bordetella,problem,964548,965525,reverse,978,H2_nonstart,978,ATA,
NC_002929.2,Bordetella,problem,969014,969997,reverse,984,H5_other,984,,
NC_002929.2,Bordetella,problem,972065,973039,reverse,975,H5_other,975,,
NC_002929.2,Bordetella,problem,975854,976036,reverse,183,H5_other,183,,
NC_002929.2,Bordetella,problem,978206,978883,reverse,678,H5_other,678,,
NC_002929.2,Bordetella,problem,997250,998395,reverse,1146,H5_other,1146,,
NC_002929.2,Bordetella,problem,1008772,1009710,forward,939,H2_nonstart,939,ATC,
NC_002929.2,Bordetella,problem,1020737,1021672,reverse,936,H5_other,936,,
NC_002929.2,Bordetella,problem,1027487,1028101,reverse,615,H4_nested_or_alt_start,615,,1.0
NC_002929.2,Bordetella,problem,1028288,1030402,reverse,2115,H5_other,2115,,
NC_002929.2,Bordetella,problem,1030478,1031329,reverse,852,H5_other,852,,
NC_002929.2,Bordetella,problem,1042667,1043407,reverse,741,H5_other,741,,
NC_002929.2,Bordetella,problem,1045656,1046666,forward,1011,H5_other,1011,,
NC_002929.2,Bordetella,problem,1046784,1047977,forward,1194,H5_other,1194,,
NC_002929.2,Bordetella,problem,1048007,1048780,reverse,774,H5_other,774,,
NC_002929.2,Bordetella,problem,1049993,1050931,reverse,939,H5_other,939,,
NC_002929.2,Bordetella,problem,1053431,1054072,reverse,642,H5_other,642,,
NC_002929.2,Bordetella,problem,1056816,1057754,forward,939,H5_other,939,,
NC_002929.2,Bordetella,problem,1061781,1062641,forward,861,H5_other,861,,
NC_002929.2,Bordetella,problem,1063013,1063276,reverse,264,H5_other,264,,
NC_002929.2,Bordetella,problem,1065942,1066265,forward,324,H5_other,324,,
NC_002929.2,Bordetella,problem,1078536,1079543,forward,1008,H5_other,1008,,
NC_002929.2,Bordetella,problem,1081181,1082068,reverse,888,H5_other,888,,
NC_002929.2,Bordetella,problem,1082672,1083694,reverse,1023,H5_other,1023,,
NC_002929.2,Bordetella,problem,1086056,1087072,reverse,1017,H5_other,1017,,
NC_002929.2,Bordetella,problem,1093007,1094080,reverse,1074,H5_other,1074,,
NC_002929.2,Bordetella,problem,1094238,1095674,forward,1437,H5_other,1437,,
NC_002929.2,Bordetella,problem,1095765,1096406,forward,642,H5_other,642,,
NC_002929.2,Bordetella,problem,1102575,1103291,forward,717,H5_other,717,,
NC_002929.2,Bordetella,problem,1103376,1103693,forward,318,H5_other,318,,
NC_002929.2,Bordetella,problem,1104551,1106095,reverse,1545,H5_other,1545,,
NC_002929.2,Bordetella,problem,1107044,1108198,reverse,1155,H5_other,1155,,
NC_002929.2,Bordetella,problem,1117385,1118425,reverse,1041,H5_other,1041,,
NC_002929.2,Bordetella,problem,1123676,1125034,reverse,1359,H5_other,1359,,
NC_002929.2,Bordetella,problem,1130260,1130952,forward,693,H2_nonstart,693,ATC,
NC_002929.2,Bordetella,problem,1135217,1135675,reverse,459,H5_other,459,,
NC_002929.2,Bordetella,problem,1135712,1137025,reverse,1314,H4_nested_or_alt_start,1314,,1.0
NC_002929.2,Bordetella,problem,1137411,1138874,forward,1464,H5_other,1464,,
NC_002929.2,Bordetella,problem,1142787,1143737,forward,951,H5_other,951,,
NC_002929.2,Bordetella,problem,1147635,1148450,forward,816,H5_other,816,,
NC_002929.2,Bordetella,problem,1154701,1154781,reverse,81,H1_short,81,,
NC_002929.2,Bordetella,problem,1153677,1154699,reverse,1023,H2_nonstart,1023,GAC,
NC_002929.2,Bordetella,problem,1157601,1158833,forward,1233,H5_other,1233,,
NC_002929.2,Bordetella,problem,1160664,1163894,forward,3231,H5_other,3231,,
NC_002929.2,Bordetella,problem,1164630,1168556,forward,3927,H5_other,3927,,
NC_002929.2,Bordetella,problem,1174203,1174757,forward,555,H5_other,555,,
NC_002929.2,Bordetella,problem,1176656,1178938,reverse,2283,H5_other,2283,,
NC_002929.2,Bordetella,problem,1190697,1191788,forward,1092,H5_other,1092,,
NC_002929.2,Bordetella,problem,1192647,1193549,forward,903,H5_other,903,,
NC_002929.2,Bordetella,problem,1193546,1194496,reverse,951,H5_other,951,,
NC_002929.2,Bordetella,problem,1194626,1195609,reverse,984,H5_other,984,,
NC_002929.2,Bordetella,problem,1195664,1196386,reverse,723,H5_other,723,,
NC_002929.2,Bordetella,problem,1199052,1200014,forward,963,H5_other,963,,
NC_002929.2,Bordetella,problem,1200108,1202585,forward,2478,H5_other,2478,,
NC_002929.2,Bordetella,problem,1205130,1206080,forward,951,H5_other,951,,
NC_002929.2,Bordetella,problem,1206090,1207445,forward,1356,H5_other,1356,,
NC_002929.2,Bordetella,problem,1207526,1209901,reverse,2376,H5_other,2376,,
NC_002929.2,Bordetella,problem,1212203,1213003,reverse,801,H5_other,801,,
NC_002929.2,Bordetella,problem,1214055,1214810,forward,756,H5_other,756,,
NC_002929.2,Bordetella,problem,1216623,1217360,forward,738,H5_other,738,,
NC_002929.2,Bordetella,problem,1217463,1218038,forward,576,H5_other,576,,
NC_002929.2,Bordetella,problem,1218750,1219094,forward,345,H5_other,345,,
NC_002929.2,Bordetella,problem,1219110,1219955,forward,846,H5_other,846,,
NC_002929.2,Bordetella,problem,1222431,1223381,forward,951,H5_other,951,,
NC_002929.2,Bordetella,problem,1223378,1223788,reverse,411,H5_other,411,,
NC_002929.2,Bordetella,problem,1224743,1225705,reverse,963,H5_other,963,,
NC_002929.2,Bordetella,problem,1225751,1226875,reverse,1125,H5_other,1125,,
NC_002929.2,Bordetella,problem,1227984,1228763,forward,780,H5_other,780,,
NC_002929.2,Bordetella,problem,1228917,1230338,forward,1422,H5_other,1422,,
NC_002929.2,Bordetella,problem,1232499,1232621,forward,123,H4_nested_or_alt_start,123,,1.0
NC_002929.2,Bordetella,problem,1240131,1240562,forward,432,H5_other,432,,
NC_002929.2,Bordetella,problem,1240640,1240993,reverse,354,H5_other,354,,
NC_002929.2,Bordetella,problem,1245542,1246279,reverse,738,H5_other,738,,
NC_002929.2,Bordetella,problem,1247774,1248490,reverse,717,H5_other,717,,
NC_002929.2,Bordetella,problem,1248653,1249855,reverse,1203,H5_other,1203,,
NC_002929.2,Bordetella,problem,1252065,1252283,forward,219,H5_other,219,,
NC_002929.2,Bordetella,problem,1252947,1253393,forward,447,H5_other,447,,
NC_002929.2,Bordetella,problem,1266476,1267171,reverse,696,H4_nested_or_alt_start,696,,7.0
NC_002929.2,Bordetella,problem,1267329,1268537,forward,1209,H4_nested_or_alt_start,1209,,1.0
NC_002929.2,Bordetella,problem,1268547,1269377,forward,831,H5_other,831,,
NC_002929.2,Bordetella,problem,1269905,1270867,reverse,963,H5_other,963,,
NC_002929.2,Bordetella,problem,1272465,1273421,forward,957,H5_other,957,,
NC_002929.2,Bordetella,problem,1274816,1275832,reverse,1017,H5_other,1017,,
NC_002929.2,Bordetella,problem,1276667,1277182,reverse,516,H4_nested_or_alt_start,516,,1.0
NC_002929.2,Bordetella,problem,1282106,1282969,reverse,864,H5_other,864,,
NC_002929.2,Bordetella,problem,1285209,1285925,forward,717,H4_nested_or_alt_start,717,,1.0
NC_002929.2,Bordetella,problem,1288340,1290016,reverse,1677,H5_other,1677,,
NC_002929.2,Bordetella,problem,1292798,1294204,reverse,1407,H5_other,1407,,
NC_002929.2,Bordetella,problem,1296053,1296319,reverse,267,H5_other,267,,
NC_002929.2,Bordetella,problem,1296488,1297342,reverse,855,H5_other,855,,
NC_002929.2,Bordetella,problem,1297370,1297999,reverse,630,H5_other,630,,
NC_002929.2,Bordetella,problem,1300308,1300952,forward,645,H5_other,645,,
NC_002929.2,Bordetella,problem,1303737,1304648,forward,912,H5_other,912,,
NC_002929.2,Bordetella,problem,1305600,1306688,forward,1089,H5_other,1089,,
NC_002929.2,Bordetella,problem,1317824,1318228,reverse,405,H4_nested_or_alt_start,405,,1.0
NC_002929.2,Bordetella,problem,1321887,1322723,forward,837,H4_nested_or_alt_start,837,,1.0
NC_002929.2,Bordetella,problem,1322778,1323566,forward,789,H5_other,789,,
NC_002929.2,Bordetella,problem,1334252,1335508,reverse,1257,H5_other,1257,,
NC_002929.2,Bordetella,problem,1338201,1338809,forward,609,H4_nested_or_alt_start,609,,1.0
NC_002929.2,Bordetella,problem,1343381,1344064,forward,684,H2_nonstart,684,ATA,
NC_002929.2,Bordetella,problem,1348835,1349761,reverse,927,H4_nested_or_alt_start,927,,3.0
NC_002929.2,Bordetella,problem,1349864,1350979,reverse,1116,H5_other,1116,,
NC_002929.2,Bordetella,problem,1350995,1351945,reverse,951,H5_other,951,,
NC_002929.2,Bordetella,problem,1353921,1355234,forward,1314,H5_other,1314,,
NC_002929.2,Bordetella,problem,1356312,1357163,forward,852,H5_other,852,,
NC_002929.2,Bordetella,problem,1359777,1360388,forward,612,H5_other,612,,
NC_002929.2,Bordetella,problem,1362678,1363205,forward,528,H5_other,528,,
NC_002929.2,Bordetella,problem,1367012,1367839,reverse,828,H5_other,828,,
NC_002929.2,Bordetella,problem,1368641,1368916,reverse,276,H5_other,276,,
NC_002929.2,Bordetella,problem,1370801,1371979,reverse,1179,H5_other,1179,,
NC_002929.2,Bordetella,problem,1373607,1373942,forward,336,H5_other,336,,
NC_002929.2,Bordetella,problem,1376087,1376626,reverse,540,H4_nested_or_alt_start,540,,2.0
NC_002929.2,Bordetella,problem,1379021,1379425,reverse,405,H5_other,405,,
NC_002929.2,Bordetella,problem,1382405,1382743,reverse,339,H5_other,339,,
NC_002929.2,Bordetella,problem,1392203,1393138,reverse,936,H4_nested_or_alt_start,936,,1.0
NC_002929.2,Bordetella,problem,1405785,1406735,forward,951,H5_other,951,,
NC_002929.2,Bordetella,problem,1406801,1406980,reverse,180,H5_other,180,,
NC_002929.2,Bordetella,problem,1407839,1408984,reverse,1146,H5_other,1146,,
NC_002929.2,Bordetella,problem,1409892,1410842,forward,951,H5_other,951,,
NC_002929.2,Bordetella,problem,1410833,1411033,reverse,201,H5_other,201,,
NC_002929.2,Bordetella,problem,1413111,1413323,forward,213,H5_other,213,,
NC_002929.2,Bordetella,problem,1413381,1414013,forward,633,H4_nested_or_alt_start,633,,1.0
NC_002929.2,Bordetella,problem,1422603,1423514,forward,912,H5_other,912,,
NC_002929.2,Bordetella,problem,1427481,1428278,forward,798,H4_nested_or_alt_start,798,,1.0
NC_002929.2,Bordetella,problem,1431473,1432081,reverse,609,H4_nested_or_alt_start,609,,1.0
NC_002929.2,Bordetella,problem,1433670,1434665,forward,996,H5_other,996,,
NC_002929.2,Bordetella,problem,1437896,1438666,reverse,771,H5_other,771,,
NC_002929.2,Bordetella,problem,1441767,1442921,forward,1155,H5_other,1155,,
NC_002929.2,Bordetella,problem,1447427,1447909,reverse,483,H5_other,483,,
NC_002929.2,Bordetella,problem,1450125,1450829,forward,705,H5_other,705,,
NC_002929.2,Bordetella,problem,1454640,1455773,forward,1134,H5_other,1134,,
NC_002929.2,Bordetella,problem,1466633,1467421,reverse,789,H5_other,789,,
NC_002929.2,Bordetella,problem,1469378,1470388,reverse,1011,H5_other,1011,,
NC_002929.2,Bordetella,problem,1473485,1473931,reverse,447,H5_other,447,,
NC_002929.2,Bordetella,problem,1475396,1476151,reverse,756,H5_other,756,,
NC_002929.2,Bordetella,problem,1479479,1479874,reverse,396,H5_other,396,,
NC_002929.2,Bordetella,problem,1479884,1480210,reverse,327,H5_other,327,,
NC_002929.2,Bordetella,problem,1480460,1481482,reverse,1023,H5_other,1023,,
NC_002929.2,Bordetella,problem,1486662,1487150,forward,489,H5_other,489,,
NC_002929.2,Bordetella,problem,1490036,1492633,reverse,2598,H5_other,2598,,
NC_002929.2,Bordetella,problem,1498362,1499219,forward,858,H5_other,858,,
NC_002929.2,Bordetella,problem,1501842,1504178,forward,2337,H5_other,2337,,
NC_002929.2,Bordetella,problem,1506039,1506494,forward,456,H5_other,456,,
NC_002929.2,Bordetella,problem,1506495,1507289,forward,795,H4_nested_or_alt_start,795,,8.0
NC_002929.2,Bordetella,problem,1508454,1509059,forward,606,H5_other,606,,
NC_002929.2,Bordetella,problem,1510830,1513193,forward,2364,H5_other,2364,,
NC_002929.2,Bordetella,problem,1514564,1515514,reverse,951,H5_other,951,,
NC_002929.2,Bordetella,problem,1517762,1518229,reverse,468,H5_other,468,,
NC_002929.2,Bordetella,problem,1519266,1520420,forward,1155,H5_other,1155,,
NC_002929.2,Bordetella,problem,1523073,1523762,forward,690,H5_other,690,,
NC_002929.2,Bordetella,problem,1524821,1525783,reverse,963,H5_other,963,,
NC_002929.2,Bordetella,problem,1526010,1527164,forward,1155,H5_other,1155,,
NC_002929.2,Bordetella,problem,1531439,1532083,reverse,645,H5_other,645,,
NC_002929.2,Bordetella,problem,1533041,1534126,reverse,1086,H5_other,1086,,
NC_002929.2,Bordetella,problem,1540997,1542289,reverse,1293,H5_other,1293,,
NC_002929.2,Bordetella,problem,1543032,1544129,forward,1098,H5_other,1098,,
NC_002929.2,Bordetella,problem,1544136,1544696,forward,561,H5_other,561,,
NC_002929.2,Bordetella,problem,1547484,1548113,forward,630,H5_other,630,,
NC_002929.2,Bordetella,problem,1548489,1551458,forward,2970,H5_other,2970,,
NC_002929.2,Bordetella,problem,1553927,1555042,reverse,1116,H5_other,1116,,
NC_002929.2,Bordetella,problem,1556643,1557461,forward,819,H5_other,819,,
NC_002929.2,Bordetella,problem,1559163,1559813,forward,651,H5_other,651,,
NC_002929.2,Bordetella,problem,1559895,1560971,forward,1077,H5_other,1077,,
NC_002929.2,Bordetella,problem,1561158,1562288,forward,1131,H5_other,1131,,
NC_002929.2,Bordetella,problem,1566309,1566938,forward,630,H5_other,630,,
NC_002929.2,Bordetella,problem,1569759,1570709,forward,951,H5_other,951,,
NC_002929.2,Bordetella,problem,1574769,1576718,forward,1950,H5_other,1950,,
NC_002929.2,Bordetella,problem,1576739,1577284,forward,546,H2_nonstart,546,ATC,
NC_002929.2,Bordetella,problem,1577421,1578377,forward,957,H5_other,957,,
NC_002929.2,Bordetella,problem,1579278,1580987,forward,1710,H2_nonstart,1710,CTG,
NC_002929.2,Bordetella,problem,1581152,1581376,reverse,225,H5_other,225,,
NC_002929.2,Bordetella,problem,1581975,1582925,forward,951,H4_nested_or_alt_start,951,,1.0
NC_002929.2,Bordetella,problem,1584288,1585208,forward,921,H5_other,921,,
NC_002929.2,Bordetella,problem,1585221,1585862,forward,642,H5_other,642,,
NC_002929.2,Bordetella,problem,1587396,1588346,forward,951,H5_other,951,,
NC_002929.2,Bordetella,problem,1590614,1591129,reverse,516,H4_nested_or_alt_start,516,,1.0
NC_002929.2,Bordetella,problem,1593957,1594538,forward,582,H5_other,582,,
NC_002929.2,Bordetella,problem,1596495,1597376,forward,882,H5_other,882,,
NC_002929.2,Bordetella,problem,1597431,1597682,forward,252,H2_nonstart,252,ATT,
NC_002929.2,Bordetella,problem,1598106,1598342,forward,237,H5_other,237,,
NC_002929.2,Bordetella,problem,1598979,1599494,forward,516,H5_other,516,,
NC_002929.2,Bordetella,problem,1600707,1601744,forward,1038,H5_other,1038,,
NC_002929.2,Bordetella,problem,1606484,1607236,forward,753,H2_nonstart,753,ATA,
NC_002929.2,Bordetella,problem,1610912,1612606,reverse,1695,H5_other,1695,,
NC_002929.2,Bordetella,problem,1612764,1613651,forward,888,H5_other,888,,
NC_002929.2,Bordetella,problem,1619148,1620350,forward,1203,H4_nested_or_alt_start,1203,,11.0
NC_002929.2,Bordetella,problem,1627434,1629524,forward,2091,H5_other,2091,,
NC_002929.2,Bordetella,problem,1629948,1630556,forward,609,H5_other,609,,
NC_002929.2,Bordetella,problem,1631675,1632439,reverse,765,H4_nested_or_alt_start,765,,1.0
NC_002929.2,Bordetella,problem,1633139,1633990,reverse,852,H5_other,852,,
NC_002929.2,Bordetella,problem,1635722,1636834,reverse,1113,H5_other,1113,,
NC_002929.2,Bordetella,problem,1639439,1640743,reverse,1305,H5_other,1305,,
NC_002929.2,Bordetella,problem,1640855,1641415,reverse,561,H5_other,561,,
NC_002929.2,Bordetella,problem,1643109,1645760,forward,2652,H5_other,2652,,
NC_002929.2,Bordetella,problem,1649444,1650349,reverse,906,H5_other,906,,
NC_002929.2,Bordetella,problem,1651242,1652192,forward,951,H5_other,951,,
NC_002929.2,Bordetella,problem,1653195,1653854,forward,660,H5_other,660,,
NC_002929.2,Bordetella,problem,1654592,1656871,reverse,2280,H5_other,2280,,
NC_002929.2,Bordetella,problem,1656896,1657099,reverse,204,H5_other,204,,
NC_002929.2,Bordetella,problem,1659774,1660544,forward,771,H5_other,771,,
NC_002929.2,Bordetella,problem,1663223,1663351,reverse,129,H4_nested_or_alt_start,129,,4.0
NC_002929.2,Bordetella,problem,1663364,1663519,reverse,156,H4_nested_or_alt_start,156,,1.0
NC_002929.2,Bordetella,problem,1669877,1671679,reverse,1803,H5_other,1803,,
NC_002929.2,Bordetella,problem,1677468,1678955,forward,1488,H5_other,1488,,
NC_002929.2,Bordetella,problem,1680069,1680767,forward,699,H5_other,699,,
NC_002929.2,Bordetella,problem,1682819,1683613,reverse,795,H5_other,795,,
NC_002929.2,Bordetella,problem,1686783,1687559,forward,777,H5_other,777,,
NC_002929.2,Bordetella,problem,1693317,1693703,forward,387,H5_other,387,,
NC_002929.2,Bordetella,problem,1693719,1695809,forward,2091,H2_nonstart,2091,ATC,
NC_002929.2,Bordetella,problem,1695861,1696814,forward,954,H5_other,954,,
NC_002929.2,Bordetella,problem,1696829,1697755,reverse,927,H5_other,927,,
NC_002929.2,Bordetella,problem,1699479,1699979,forward,501,H5_other,501,,
NC_002929.2,Bordetella,problem,1700303,1702288,reverse,1986,H5_other,1986,,
NC_002929.2,Bordetella,problem,1706178,1706948,forward,771,H5_other,771,,
NC_002929.2,Bordetella,problem,1711905,1713002,forward,1098,H5_other,1098,,
NC_002929.2,Bordetella,problem,1714326,1715351,forward,1026,H5_other,1026,,
NC_002929.2,Bordetella,problem,1717419,1718594,forward,1176,H5_other,1176,,
NC_002929.2,Bordetella,problem,1718676,1719626,forward,951,H5_other,951,,
NC_002929.2,Bordetella,problem,1724234,1725748,reverse,1515,H4_nested_or_alt_start,1515,,1.0
NC_002929.2,Bordetella,problem,1728173,1729141,reverse,969,H5_other,969,,
NC_002929.2,Bordetella,problem,1732863,1733621,forward,759,H5_other,759,,
NC_002929.2,Bordetella,problem,1733811,1734548,forward,738,H5_other,738,,
NC_002929.2,Bordetella,problem,1735782,1736564,forward,783,H5_other,783,,
NC_002929.2,Bordetella,problem,1742756,1743706,reverse,951,H5_other,951,,
NC_002929.2,Bordetella,problem,1750511,1750810,reverse,300,H5_other,300,,
NC_002929.2,Bordetella,problem,1750813,1751025,reverse,213,H2_nonstart,213,ATA,
NC_002929.2,Bordetella,problem,1752839,1753783,reverse,945,H5_other,945,,
NC_002929.2,Bordetella,problem,1758831,1759586,forward,756,H4_nested_or_alt_start,756,,2.0
NC_002929.2,Bordetella,problem,1759638,1760630,forward,993,H5_other,993,,
NC_002929.2,Bordetella,problem,1765554,1765745,forward,192,H5_other,192,,
NC_002929.2,Bordetella,problem,1765742,1766464,reverse,723,H5_other,723,,
NC_002929.2,Bordetella,problem,1766903,1768090,reverse,1188,H5_other,1188,,
NC_002929.2,Bordetella,problem,1768094,1768474,reverse,381,H5_other,381,,
NC_002929.2,Bordetella,problem,1771179,1771892,forward,714,H5_other,714,,
NC_002929.2,Bordetella,problem,1778358,1778702,forward,345,H5_other,345,,
NC_002929.2,Bordetella,problem,1780800,1781084,forward,285,H4_nested_or_alt_start,285,,1.0
NC_002929.2,Bordetella,problem,1783197,1784045,forward,849,H5_other,849,,
NC_002929.2,Bordetella,problem,1784541,1785542,forward,1002,H4_nested_or_alt_start,1002,,1.0
NC_002929.2,Bordetella,problem,1788296,1788919,reverse,624,H5_other,624,,
NC_002929.2,Bordetella,problem,1789046,1790170,reverse,1125,H5_other,1125,,
NC_002929.2,Bordetella,problem,1792311,1793087,forward,777,H5_other,777,,
NC_002929.2,Bordetella,problem,1793172,1794170,forward,999,H5_other,999,,
NC_002929.2,Bordetella,problem,1796913,1797500,forward,588,H5_other,588,,
NC_002929.2,Bordetella,problem,1797518,1797901,reverse,384,H5_other,384,,
NC_002929.2,Bordetella,problem,1799261,1800553,reverse,1293,H5_other,1293,,
NC_002929.2,Bordetella,problem,1801826,1802842,reverse,1017,H5_other,1017,,
NC_002929.2,Bordetella,problem,1803110,1803757,reverse,648,H5_other,648,,
NC_002929.2,Bordetella,problem,1804626,1805405,forward,780,H5_other,780,,
NC_002929.2,Bordetella,problem,1807188,1807787,forward,600,H5_other,600,,
NC_002929.2,Bordetella,problem,1808076,1808828,forward,753,H5_other,753,,
NC_002929.2,Bordetella,problem,1813565,1814428,reverse,864,H5_other,864,,
NC_002929.2,Bordetella,problem,1814441,1815190,reverse,750,H5_other,750,,
NC_002929.2,Bordetella,problem,1818813,1819763,forward,951,H5_other,951,,
NC_002929.2,Bordetella,problem,1820501,1820701,reverse,201,H5_other,201,,
NC_002929.2,Bordetella,problem,1829291,1830442,reverse,1152,H5_other,1152,,
NC_002929.2,Bordetella,problem,1831356,1832585,forward,1230,H5_other,1230,,
NC_002929.2,Bordetella,problem,1837100,1837606,reverse,507,H5_other,507,,
NC_002929.2,Bordetella,problem,1840460,1841425,reverse,966,H5_other,966,,
NC_002929.2,Bordetella,problem,1843578,1844528,forward,951,H5_other,951,,
NC_002929.2,Bordetella,problem,1844525,1844899,reverse,375,H5_other,375,,
NC_002929.2,Bordetella,problem,1848719,1851331,reverse,2613,H5_other,2613,,
NC_002929.2,Bordetella,problem,1855655,1856476,reverse,822,H5_other,822,,
NC_002929.2,Bordetella,problem,1860090,1860371,forward,282,H4_nested_or_alt_start,282,,1.0
NC_002929.2,Bordetella,problem,1865379,1866683,forward,1305,H5_other,1305,,
NC_002929.2,Bordetella,problem,1869449,1870348,reverse,900,H5_other,900,,
NC_002929.2,Bordetella,problem,1871916,1872887,forward,972,H5_other,972,,
NC_002929.2,Bordetella,problem,1872900,1873355,forward,456,H2_nonstart,456,ATC,
NC_002929.2,Bordetella,problem,1874169,1874600,forward,432,H4_nested_or_alt_start,432,,1.0
NC_002929.2,Bordetella,problem,1878765,1879433,forward,669,H5_other,669,,
NC_002929.2,Bordetella,problem,1889727,1890938,forward,1212,H4_nested_or_alt_start,1212,,1.0
NC_002929.2,Bordetella,problem,1894569,1894763,forward,195,H5_other,195,,
NC_002929.2,Bordetella,problem,1897863,1898813,forward,951,H5_other,951,,
NC_002929.2,Bordetella,problem,1901136,1902353,forward,1218,H5_other,1218,,
NC_002929.2,Bordetella,problem,1903410,1904312,forward,903,H5_other,903,,
NC_002929.2,Bordetella,problem,1908321,1909658,forward,1338,H5_other,1338,,
NC_002929.2,Bordetella,problem,1909808,1910764,reverse,957,H4_nested_or_alt_start,957,,17.0
NC_002929.2,Bordetella,problem,1912635,1914209,forward,1575,H5_other,1575,,
NC_002929.2,Bordetella,problem,1914268,1915206,forward,939,H2_nonstart,939,ATT,
NC_002929.2,Bordetella,problem,1915224,1916054,forward,831,H5_other,831,,
NC_002929.2,Bordetella,problem,1917678,1919033,forward,1356,H5_other,1356,,
NC_002929.2,Bordetella,problem,1919940,1921517,forward,1578,H5_other,1578,,
NC_002929.2,Bordetella,problem,1921521,1922795,forward,1275,H5_other,1275,,
NC_002929.2,Bordetella,problem,1924983,1926116,forward,1134,H5_other,1134,,
NC_002929.2,Bordetella,problem,1926756,1927574,forward,819,H5_other,819,,
NC_002929.2,Bordetella,problem,1930257,1930511,forward,255,H5_other,255,,
NC_002929.2,Bordetella,problem,1931463,1931723,forward,261,H5_other,261,,
NC_002929.2,Bordetella,problem,1931889,1932512,forward,624,H5_other,624,,
NC_002929.2,Bordetella,problem,1934516,1934989,reverse,474,H5_other,474,,
NC_002929.2,Bordetella,problem,1936112,1937128,reverse,1017,H5_other,1017,,
NC_002929.2,Bordetella,problem,1937307,1938341,forward,1035,H4_nested_or_alt_start,1035,,1.0
NC_002929.2,Bordetella,problem,1942731,1943474,forward,744,H5_other,744,,
NC_002929.2,Bordetella,problem,1951910,1952848,reverse,939,H4_nested_or_alt_start,939,,1.0
NC_002929.2,Bordetella,problem,1955774,1956493,reverse,720,H5_other,720,,
NC_002929.2,Bordetella,problem,1960746,1962095,forward,1350,H4_nested_or_alt_start,1350,,17.0
NC_002929.2,Bordetella,problem,1962153,1962947,forward,795,H4_nested_or_alt_start,795,,1.0
NC_002929.2,Bordetella,problem,1964000,1967716,reverse,3717,H5_other,3717,,
NC_002929.2,Bordetella,problem,1981113,1983734,forward,2622,H5_other,2622,,
NC_002929.2,Bordetella,problem,1986618,1986977,reverse,360,H2_nonstart,360,CTG,
NC_002929.2,Bordetella,problem,1987910,1988410,reverse,501,H5_other,501,,
NC_002929.2,Bordetella,problem,1988417,1989391,reverse,975,H4_nested_or_alt_start,975,,1.0
NC_002929.2,Bordetella,problem,1991453,1992418,reverse,966,H5_other,966,,
NC_002929.2,Bordetella,problem,2001581,2002339,reverse,759,H5_other,759,,
NC_002929.2,Bordetella,problem,2003711,2004487,reverse,777,H5_other,777,,
NC_002929.2,Bordetella,problem,2008955,2009464,reverse,510,H5_other,510,,
NC_002929.2,Bordetella,problem,2010516,2011976,forward,1461,H5_other,1461,,
NC_002929.2,Bordetella,problem,2013741,2014691,forward,951,H5_other,951,,
NC_002929.2,Bordetella,problem,2014821,2015786,forward,966,H5_other,966,,
NC_002929.2,Bordetella,problem,2015886,2017151,forward,1266,H5_other,1266,,
NC_002929.2,Bordetella,problem,2019447,2019761,forward,315,H4_nested_or_alt_start,315,,1.0
NC_002929.2,Bordetella,problem,2019771,2020712,forward,942,H4_nested_or_alt_start,942,,1.0
NC_002929.2,Bordetella,problem,2024319,2025122,forward,804,H5_other,804,,
NC_002929.2,Bordetella,problem,2027700,2028824,forward,1125,H5_other,1125,,
NC_002929.2,Bordetella,problem,2032086,2033177,forward,1092,H5_other,1092,,
NC_002929.2,Bordetella,problem,2035484,2037604,reverse,2121,H5_other,2121,,
NC_002929.2,Bordetella,problem,2037605,2038630,reverse,1026,H2_nonstart,1026,ATC,
NC_002929.2,Bordetella,problem,2039516,2039851,reverse,336,H5_other,336,,
NC_002929.2,Bordetella,problem,2039858,2040307,reverse,450,H5_other,450,,
NC_002929.2,Bordetella,problem,2040867,2041979,forward,1113,H5_other,1113,,
NC_002929.2,Bordetella,problem,2042603,2043862,reverse,1260,H4_nested_or_alt_start,1260,,1.0
NC_002929.2,Bordetella,problem,2043866,2045971,reverse,2106,H5_other,2106,,
NC_002929.2,Bordetella,problem,2050602,2051810,forward,1209,H5_other,1209,,
NC_002929.2,Bordetella,problem,2053848,2054624,forward,777,H4_nested_or_alt_start,777,,1.0
NC_002929.2,Bordetella,problem,2061504,2062535,forward,1032,H5_other,1032,,
NC_002929.2,Bordetella,problem,2062551,2063168,forward,618,H4_nested_or_alt_start,618,,1.0
NC_002929.2,Bordetella,problem,2067866,2069974,reverse,2109,H5_other,2109,,
NC_002929.2,Bordetella,problem,2070729,2071694,forward,966,H5_other,966,,
NC_002929.2,Bordetella,problem,2075736,2077163,forward,1428,H5_other,1428,,
NC_002929.2,Bordetella,problem,2077173,2078744,forward,1572,H4_nested_or_alt_start,1572,,1.0
NC_002929.2,Bordetella,problem,2079942,2081168,forward,1227,H5_other,1227,,
NC_002929.2,Bordetella,problem,2081181,2082005,forward,825,H5_other,825,,
NC_002929.2,Bordetella,problem,2082074,2082925,reverse,852,H5_other,852,,
NC_002929.2,Bordetella,problem,2083103,2084572,reverse,1470,H5_other,1470,,
NC_002929.2,Bordetella,problem,2087552,2088532,reverse,981,H5_other,981,,
NC_002929.2,Bordetella,problem,2088531,2090624,forward,2094,H5_other,2094,,
NC_002929.2,Bordetella,problem,2091546,2092184,forward,639,H5_other,639,,
NC_002929.2,Bordetella,problem,2092281,2094530,forward,2250,H5_other,2250,,
NC_002929.2,Bordetella,problem,2096958,2098634,forward,1677,H5_other,1677,,
NC_002929.2,Bordetella,problem,2101094,2102806,reverse,1713,H4_nested_or_alt_start,1713,,18.0
NC_002929.2,Bordetella,problem,2104179,2104355,forward,177,H5_other,177,,
NC_002929.2,Bordetella,problem,2104425,2104949,forward,525,H5_other,525,,
NC_002929.2,Bordetella,problem,2105355,2105831,forward,477,H5_other,477,,
NC_002929.2,Bordetella,problem,2106825,2108174,forward,1350,H5_other,1350,,
NC_002929.2,Bordetella,problem,2113686,2114045,forward,360,H5_other,360,,
NC_002929.2,Bordetella,problem,2120532,2120942,forward,411,H4_nested_or_alt_start,411,,1.0
NC_002929.2,Bordetella,problem,2121062,2121619,reverse,558,H5_other,558,,
NC_002929.2,Bordetella,problem,2132147,2133097,reverse,951,H5_other,951,,
NC_002929.2,Bordetella,problem,2133179,2133727,reverse,549,H5_other,549,,
NC_002929.2,Bordetella,problem,2134463,2137054,reverse,2592,H5_other,2592,,
NC_002929.2,Bordetella,problem,2138270,2138560,reverse,291,H4_nested_or_alt_start,291,,6.0
NC_002929.2,Bordetella,problem,2146841,2147803,reverse,963,H5_other,963,,
NC_002929.2,Bordetella,problem,2147892,2148140,forward,249,H5_other,249,,
NC_002929.2,Bordetella,problem,2154698,2155141,reverse,444,H2_nonstart,444,ATC,
NC_002929.2,Bordetella,problem,2155475,2156422,reverse,948,H4_nested_or_alt_start,948,,1.0
NC_002929.2,Bordetella,problem,2156604,2157998,forward,1395,H5_other,1395,,
NC_002929.2,Bordetella,problem,2164262,2165464,reverse,1203,H4_nested_or_alt_start,1203,,1.0
NC_002929.2,Bordetella,problem,2166810,2167760,forward,951,H5_other,951,,
NC_002929.2,Bordetella,problem,2170769,2171968,reverse,1200,H5_other,1200,,
NC_002929.2,Bordetella,problem,2174886,2175887,forward,1002,H5_other,1002,,
NC_002929.2,Bordetella,problem,2176914,2178176,forward,1263,H5_other,1263,,
NC_002929.2,Bordetella,problem,2180880,2181644,forward,765,H5_other,765,,
NC_002929.2,Bordetella,problem,2182893,2183699,forward,807,H5_other,807,,
NC_002929.2,Bordetella,problem,2187243,2188217,forward,975,H5_other,975,,
NC_002929.2,Bordetella,problem,2190038,2190844,reverse,807,H5_other,807,,
NC_002929.2,Bordetella,problem,2201949,2203778,forward,1830,H4_nested_or_alt_start,1830,,1.0
NC_002929.2,Bordetella,problem,2203818,2204390,forward,573,H5_other,573,,
NC_002929.2,Bordetella,problem,2205815,2206636,reverse,822,H4_nested_or_alt_start,822,,1.0
NC_002929.2,Bordetella,problem,2209232,2210182,reverse,951,H5_other,951,,
NC_002929.2,Bordetella,problem,2210264,2211049,reverse,786,H5_other,786,,
NC_002929.2,Bordetella,problem,2211053,2211925,reverse,873,H5_other,873,,
NC_002929.2,Bordetella,problem,2217189,2218337,forward,1149,H4_nested_or_alt_start,1149,,1.0
NC_002929.2,Bordetella,problem,2219240,2220559,reverse,1320,H4_nested_or_alt_start,1320,,1.0
NC_002929.2,Bordetella,problem,2220632,2221828,reverse,1197,H4_nested_or_alt_start,1197,,1.0
NC_002929.2,Bordetella,problem,2228022,2228972,forward,951,H5_other,951,,
NC_002929.2,Bordetella,problem,2233563,2235068,forward,1506,H5_other,1506,,
NC_002929.2,Bordetella,problem,2243151,2244503,forward,1353,H5_other,1353,,
NC_002929.2,Bordetella,problem,2248742,2249647,reverse,906,H5_other,906,,
NC_002929.2,Bordetella,problem,2250306,2250764,forward,459,H5_other,459,,
NC_002929.2,Bordetella,problem,2252991,2254052,forward,1062,H5_other,1062,,
NC_002929.2,Bordetella,problem,2256621,2257016,forward,396,H5_other,396,,
NC_002929.2,Bordetella,problem,2257035,2258474,forward,1440,H4_nested_or_alt_start,1440,,1.0
NC_002929.2,Bordetella,problem,2259837,2260373,forward,537,H5_other,537,,
NC_002929.2,Bordetella,problem,2264057,2264986,reverse,930,H5_other,930,,
NC_002929.2,Bordetella,problem,2265156,2265614,forward,459,H5_other,459,,
NC_002929.2,Bordetella,problem,2270177,2270656,reverse,480,H5_other,480,,
NC_002929.2,Bordetella,problem,2270799,2270978,forward,180,H5_other,180,,
NC_002929.2,Bordetella,problem,2272559,2273434,reverse,876,H5_other,876,,
NC_002929.2,Bordetella,problem,2279199,2281064,forward,1866,H5_other,1866,,
NC_002929.2,Bordetella,problem,2282248,2282967,reverse,720,H2_nonstart,720,ATC,
NC_002929.2,Bordetella,problem,2282984,2283343,reverse,360,H5_other,360,,
NC_002929.2,Bordetella,problem,2285414,2286607,reverse,1194,H4_nested_or_alt_start,1194,,1.0
NC_002929.2,Bordetella,problem,2286711,2287985,forward,1275,H5_other,1275,,
NC_002929.2,Bordetella,problem,2287982,2288932,reverse,951,H5_other,951,,
NC_002929.2,Bordetella,problem,2289099,2290073,forward,975,H4_nested_or_alt_start,975,,1.0
NC_002929.2,Bordetella,problem,2291835,2292497,forward,663,H5_other,663,,
NC_002929.2,Bordetella,problem,2295279,2295431,forward,153,H5_other,153,,
NC_002929.2,Bordetella,problem,2295780,2296523,forward,744,H5_other,744,,
NC_002929.2,Bordetella,problem,2298075,2298836,forward,762,H5_other,762,,
NC_002929.2,Bordetella,problem,2301047,2301460,reverse,414,H5_other,414,,
NC_002929.2,Bordetella,problem,2302454,2304736,reverse,2283,H5_other,2283,,
NC_002929.2,Bordetella,problem,2307962,2308501,reverse,540,H5_other,540,,
NC_002929.2,Bordetella,problem,2309987,2311144,reverse,1158,H5_other,1158,,
NC_002929.2,Bordetella,problem,2311328,2312227,reverse,900,H5_other,900,,
NC_002929.2,Bordetella,problem,2312246,2313550,reverse,1305,H5_other,1305,,
NC_002929.2,Bordetella,problem,2317541,2318701,reverse,1161,H5_other,1161,,
NC_002929.2,Bordetella,problem,2319344,2320630,reverse,1287,H4_nested_or_alt_start,1287,,1.0
NC_002929.2,Bordetella,problem,2322494,2323642,reverse,1149,H5_other,1149,,
NC_002929.2,Bordetella,problem,2323670,2324095,reverse,426,H5_other,426,,
NC_002929.2,Bordetella,problem,2324418,2327300,forward,2883,H5_other,2883,,
NC_002929.2,Bordetella,problem,2327393,2328148,reverse,756,H5_other,756,,
NC_002929.2,Bordetella,problem,2334053,2335342,reverse,1290,H5_other,1290,,
NC_002929.2,Bordetella,problem,2337297,2337761,forward,465,H5_other,465,,
NC_002929.2,Bordetella,problem,2337785,2338735,reverse,951,H5_other,951,,
NC_002929.2,Bordetella,problem,2340132,2341160,forward,1029,H4_nested_or_alt_start,1029,,1.0
NC_002929.2,Bordetella,problem,2351304,2352761,forward,1458,H5_other,1458,,
NC_002929.2,Bordetella,problem,2352758,2353108,reverse,351,H5_other,351,,
NC_002929.2,Bordetella,problem,2353764,2354927,forward,1164,H5_other,1164,,
NC_002929.2,Bordetella,problem,2354924,2357365,reverse,2442,H5_other,2442,,
NC_002929.2,Bordetella,problem,2365904,2366953,reverse,1050,H5_other,1050,,
NC_002929.2,Bordetella,problem,2368034,2368705,reverse,672,H5_other,672,,
NC_002929.2,Bordetella,problem,2370323,2370832,reverse,510,H4_nested_or_alt_start,510,,1.0
NC_002929.2,Bordetella,problem,2372171,2372809,reverse,639,H5_other,639,,
NC_002929.2,Bordetella,problem,2373434,2374258,reverse,825,H4_nested_or_alt_start,825,,2.0
NC_002929.2,Bordetella,problem,2376902,2377843,reverse,942,H5_other,942,,
NC_002929.2,Bordetella,problem,2381718,2383817,forward,2100,H5_other,2100,,
NC_002929.2,Bordetella,problem,2385135,2385434,forward,300,H5_other,300,,
NC_002929.2,Bordetella,problem,2387777,2388253,reverse,477,H5_other,477,,
NC_002929.2,Bordetella,problem,2392314,2393636,forward,1323,H5_other,1323,,
NC_002929.2,Bordetella,problem,2393633,2394583,reverse,951,H5_other,951,,
NC_002929.2,Bordetella,problem,2397011,2398708,reverse,1698,H5_other,1698,,
NC_002929.2,Bordetella,problem,2400009,2400872,forward,864,H4_nested_or_alt_start,864,,1.0
NC_002929.2,Bordetella,problem,2400903,2401472,forward,570,H5_other,570,,
NC_002929.2,Bordetella,problem,2410584,2412170,forward,1587,H4_nested_or_alt_start,1587,,1.0
NC_002929.2,Bordetella,problem,2413361,2414905,reverse,1545,H5_other,1545,,
NC_002929.2,Bordetella,problem,2417007,2418023,forward,1017,H5_other,1017,,
NC_002929.2,Bordetella,problem,2418864,2420501,forward,1638,H5_other,1638,,
NC_002929.2,Bordetella,problem,2420498,2421448,reverse,951,H5_other,951,,
NC_002929.2,Bordetella,problem,2421591,2422865,forward,1275,H5_other,1275,,
NC_002929.2,Bordetella,problem,2424291,2425553,forward,1263,H5_other,1263,,
NC_002929.2,Bordetella,problem,2427980,2428912,reverse,933,H5_other,933,,
NC_002929.2,Bordetella,problem,2429094,2430419,forward,1326,H2_nonstart,1326,CTG,
NC_002929.2,Bordetella,problem,2434344,2435684,forward,1341,H5_other,1341,,
NC_002929.2,Bordetella,problem,2435700,2436611,forward,912,H4_nested_or_alt_start,912,,1.0
NC_002929.2,Bordetella,problem,2437257,2437643,forward,387,H5_other,387,,
NC_002929.2,Bordetella,problem,2450498,2451400,reverse,903,H5_other,903,,
NC_002929.2,Bordetella,problem,2452026,2453525,forward,1500,H5_other,1500,,
NC_002929.2,Bordetella,problem,2453498,2455369,reverse,1872,H5_other,1872,,
NC_002929.2,Bordetella,problem,2457132,2457404,forward,273,H5_other,273,,
NC_002929.2,Bordetella,problem,2458658,2459383,reverse,726,H5_other,726,,
NC_002929.2,Bordetella,problem,2462450,2463202,reverse,753,H5_other,753,,
NC_002929.2,Bordetella,problem,2464043,2465146,reverse,1104,H5_other,1104,,
NC_002929.2,Bordetella,problem,2468775,2469674,forward,900,H5_other,900,,
NC_002929.2,Bordetella,problem,2469806,2473690,reverse,3885,H4_nested_or_alt_start,3885,,43.0
NC_002929.2,Bordetella,problem,2475300,2475572,forward,273,H5_other,273,,
NC_002929.2,Bordetella,problem,2482467,2483126,forward,660,H5_other,660,,
NC_002929.2,Bordetella,problem,2483855,2484211,reverse,357,H5_other,357,,
NC_002929.2,Bordetella,problem,2485925,2487052,reverse,1128,H5_other,1128,,
NC_002929.2,Bordetella,problem,2487059,2488162,reverse,1104,H5_other,1104,,
NC_002929.2,Bordetella,problem,2489018,2489443,reverse,426,H5_other,426,,
NC_002929.2,Bordetella,problem,2493702,2494979,forward,1278,H5_other,1278,,
NC_002929.2,Bordetella,problem,2496044,2496619,reverse,576,H5_other,576,,
NC_002929.2,Bordetella,problem,2510763,2512220,forward,1458,H5_other,1458,,
NC_002929.2,Bordetella,problem,2512290,2512712,forward,423,H5_other,423,,
NC_002929.2,Bordetella,problem,2515257,2516129,forward,873,H5_other,873,,
NC_002929.2,Bordetella,problem,2519505,2520257,forward,753,H5_other,753,,
NC_002929.2,Bordetella,problem,2521190,2521945,reverse,756,H4_nested_or_alt_start,756,,1.0
NC_002929.2,Bordetella,problem,2525507,2525791,reverse,285,H5_other,285,,
NC_002929.2,Bordetella,problem,2525801,2526658,reverse,858,H5_other,858,,
NC_002929.2,Bordetella,problem,2529572,2531371,reverse,1800,H5_other,1800,,
NC_002929.2,Bordetella,problem,2535266,2536819,reverse,1554,H4_nested_or_alt_start,1554,,1.0
NC_002929.2,Bordetella,problem,2538836,2539816,reverse,981,H5_other,981,,
NC_002929.2,Bordetella,problem,2540921,2541574,reverse,654,H5_other,654,,
NC_002929.2,Bordetella,problem,2542388,2542837,reverse,450,H5_other,450,,
NC_002929.2,Bordetella,problem,2542965,2544593,forward,1629,H4_nested_or_alt_start,1629,,5.0
NC_002929.2,Bordetella,problem,2545572,2546720,forward,1149,H4_nested_or_alt_start,1149,,1.0
NC_002929.2,Bordetella,problem,2552696,2553103,reverse,408,H5_other,408,,
NC_002929.2,Bordetella,problem,2560217,2561434,reverse,1218,H5_other,1218,,
NC_002929.2,Bordetella,problem,2561574,2562494,forward,921,H5_other,921,,
NC_002929.2,Bordetella,problem,2562491,2563603,reverse,1113,H5_other,1113,,
NC_002929.2,Bordetella,problem,2565174,2565629,forward,456,H5_other,456,,
NC_002929.2,Bordetella,problem,2565660,2565986,forward,327,H5_other,327,,
NC_002929.2,Bordetella,problem,2566977,2567930,forward,954,H4_nested_or_alt_start,954,,1.0
NC_002929.2,Bordetella,problem,2571986,2572573,reverse,588,H4_nested_or_alt_start,588,,1.0
NC_002929.2,Bordetella,problem,2573453,2574214,reverse,762,H5_other,762,,
NC_002929.2,Bordetella,problem,2575127,2576920,reverse,1794,H5_other,1794,,
NC_002929.2,Bordetella,problem,2580743,2581243,reverse,501,H4_nested_or_alt_start,501,,1.0
NC_002929.2,Bordetella,problem,2583086,2583838,reverse,753,H4_nested_or_alt_start,753,,1.0
NC_002929.2,Bordetella,problem,2585843,2586901,reverse,1059,H5_other,1059,,
NC_002929.2,Bordetella,problem,2588490,2589200,forward,711,H4_nested_or_alt_start,711,,1.0
NC_002929.2,Bordetella,problem,2591846,2593087,reverse,1242,H5_other,1242,,
NC_002929.2,Bordetella,problem,2594948,2595730,reverse,783,H5_other,783,,
NC_002929.2,Bordetella,problem,2601630,2602430,forward,801,H5_other,801,,
NC_002929.2,Bordetella,problem,2603706,2604680,forward,975,H5_other,975,,
NC_002929.2,Bordetella,problem,2609303,2609509,reverse,207,H5_other,207,,
NC_002929.2,Bordetella,problem,2611662,2611979,forward,318,H5_other,318,,
NC_002929.2,Bordetella,problem,2616170,2618530,reverse,2361,H5_other,2361,,
NC_002929.2,Bordetella,problem,2624629,2624718,forward,90,H1_short,90,,
NC_002929.2,Bordetella,problem,2624718,2626502,forward,1785,H5_other,1785,,
NC_002929.2,Bordetella,problem,2628702,2629301,forward,600,H5_other,600,,
NC_002929.2,Bordetella,problem,2633876,2635117,reverse,1242,H5_other,1242,,
NC_002929.2,Bordetella,problem,2642975,2643349,reverse,375,H5_other,375,,
NC_002929.2,Bordetella,problem,2647859,2649784,reverse,1926,H5_other,1926,,
NC_002929.2,Bordetella,problem,2649875,2650255,reverse,381,H5_other,381,,
NC_002929.2,Bordetella,problem,2653548,2654447,forward,900,H5_other,900,,
NC_002929.2,Bordetella,problem,2654463,2656124,forward,1662,H5_other,1662,,
NC_002929.2,Bordetella,problem,2656199,2656618,reverse,420,H5_other,420,,
NC_002929.2,Bordetella,problem,2658164,2659219,reverse,1056,H4_nested_or_alt_start,1056,,7.0
NC_002929.2,Bordetella,problem,2659538,2660329,reverse,792,H5_other,792,,
NC_002929.2,Bordetella,problem,2660342,2661778,reverse,1437,H5_other,1437,,
NC_002929.2,Bordetella,problem,2661794,2662780,reverse,987,H5_other,987,,
NC_002929.2,Bordetella,problem,2669028,2670053,forward,1026,H5_other,1026,,
NC_002929.2,Bordetella,problem,2671161,2672189,forward,1029,H5_other,1029,,
NC_002929.2,Bordetella,problem,2672195,2673046,reverse,852,H5_other,852,,
NC_002929.2,Bordetella,problem,2673074,2674027,reverse,954,H4_nested_or_alt_start,954,,1.0
NC_002929.2,Bordetella,problem,2675405,2676292,reverse,888,H5_other,888,,
NC_002929.2,Bordetella,problem,2680112,2681362,reverse,1251,H4_nested_or_alt_start,1251,,1.0
NC_002929.2,Bordetella,problem,2684177,2684713,reverse,537,H5_other,537,,
NC_002929.2,Bordetella,problem,2691296,2692177,reverse,882,H5_other,882,,
NC_002929.2,Bordetella,problem,2696631,2697560,forward,930,H5_other,930,,
NC_002929.2,Bordetella,problem,2697635,2698201,reverse,567,H5_other,567,,
NC_002929.2,Bordetella,problem,2699535,2700224,forward,690,H5_other,690,,
NC_002929.2,Bordetella,problem,2701893,2703569,forward,1677,H5_other,1677,,
NC_002929.2,Bordetella,problem,2703821,2704597,reverse,777,H5_other,777,,
NC_002929.2,Bordetella,problem,2704625,2705689,reverse,1065,H5_other,1065,,
NC_002929.2,Bordetella,problem,2707466,2708503,reverse,1038,H5_other,1038,,
NC_002929.2,Bordetella,problem,2711511,2712398,forward,888,H5_other,888,,
NC_002929.2,Bordetella,problem,2716685,2717098,reverse,414,H5_other,414,,
NC_002929.2,Bordetella,problem,2717660,2717791,reverse,132,H5_other,132,,
NC_002929.2,Bordetella,problem,2717967,2718707,forward,741,H5_other,741,,
NC_002929.2,Bordetella,problem,2719919,2720869,reverse,951,H5_other,951,,
NC_002929.2,Bordetella,problem,2723633,2724043,reverse,411,H5_other,411,,
NC_002929.2,Bordetella,problem,2724449,2726866,reverse,2418,H5_other,2418,,
NC_002929.2,Bordetella,problem,2726879,2727901,reverse,1023,H5_other,1023,,
NC_002929.2,Bordetella,problem,2731536,2732984,forward,1449,H5_other,1449,,
NC_002929.2,Bordetella,problem,2734679,2735392,reverse,714,H5_other,714,,
NC_002929.2,Bordetella,problem,2738840,2739172,forward,333,H2_nonstart,333,ATA,
NC_002929.2,Bordetella,problem,2743790,2744749,reverse,960,H4_nested_or_alt_start,960,,2.0
NC_002929.2,Bordetella,problem,2744753,2746267,reverse,1515,H5_other,1515,,
NC_002929.2,Bordetella,problem,2746304,2747308,reverse,1005,H5_other,1005,,
NC_002929.2,Bordetella,problem,2754635,2755315,reverse,681,H5_other,681,,
NC_002929.2,Bordetella,problem,2758526,2759596,reverse,1071,H5_other,1071,,
NC_002929.2,Bordetella,problem,2765777,2767012,reverse,1236,H4_nested_or_alt_start,1236,,1.0
NC_002929.2,Bordetella,problem,2767811,2768614,reverse,804,H5_other,804,,
NC_002929.2,Bordetella,problem,2769647,2771218,reverse,1572,H5_other,1572,,
NC_002929.2,Bordetella,problem,2773775,2775205,reverse,1431,H5_other,1431,,
NC_002929.2,Bordetella,problem,2777345,2777602,reverse,258,H5_other,258,,
NC_002929.2,Bordetella,problem,2790806,2792188,reverse,1383,H5_other,1383,,
NC_002929.2,Bordetella,problem,2792913,2793581,forward,669,H5_other,669,,
NC_002929.2,Bordetella,problem,2793711,2794856,forward,1146,H5_other,1146,,
NC_002929.2,Bordetella,problem,2798720,2799808,reverse,1089,H5_other,1089,,
NC_002929.2,Bordetella,problem,2803524,2804264,forward,741,H5_other,741,,
NC_002929.2,Bordetella,problem,2807570,2808430,reverse,861,H4_nested_or_alt_start,861,,1.0
NC_002929.2,Bordetella,problem,2809512,2810315,forward,804,H4_nested_or_alt_start,804,,1.0
NC_002929.2,Bordetella,problem,2815004,2815420,reverse,417,H5_other,417,,
NC_002929.2,Bordetella,problem,2816657,2817748,reverse,1092,H5_other,1092,,
NC_002929.2,Bordetella,problem,2817803,2818603,reverse,801,H5_other,801,,
NC_002929.2,Bordetella,problem,2819499,2819972,forward,474,H5_other,474,,
NC_002929.2,Bordetella,problem,2834898,2836196,forward,1299,H5_other,1299,,
NC_002929.2,Bordetella,problem,2837565,2838515,forward,951,H5_other,951,,
NC_002929.2,Bordetella,problem,2838512,2839462,reverse,951,H5_other,951,,
NC_002929.2,Bordetella,problem,2839779,2840384,forward,606,H5_other,606,,
NC_002929.2,Bordetella,problem,2840438,2841751,reverse,1314,H5_other,1314,,
NC_002929.2,Bordetella,problem,2850641,2851327,reverse,687,H5_other,687,,
NC_002929.2,Bordetella,problem,2851361,2851906,reverse,546,H5_other,546,,
NC_002929.2,Bordetella,problem,2853213,2854115,forward,903,H5_other,903,,
NC_002929.2,Bordetella,problem,2855297,2856241,reverse,945,H5_other,945,,
NC_002929.2,Bordetella,problem,2857895,2859523,reverse,1629,H5_other,1629,,
NC_002929.2,Bordetella,problem,2860773,2861000,forward,228,H5_other,228,,
NC_002929.2,Bordetella,problem,2864024,2864362,reverse,339,H5_other,339,,
NC_002929.2,Bordetella,problem,2866079,2867425,reverse,1347,H5_other,1347,,
NC_002929.2,Bordetella,problem,2870796,2871902,forward,1107,H5_other,1107,,
NC_002929.2,Bordetella,problem,2875373,2875624,reverse,252,H5_other,252,,
NC_002929.2,Bordetella,problem,2876226,2879687,forward,3462,H5_other,3462,,
NC_002929.2,Bordetella,problem,2880599,2881030,reverse,432,H5_other,432,,
NC_002929.2,Bordetella,problem,2884205,2885212,reverse,1008,H4_nested_or_alt_start,1008,,1.0
NC_002929.2,Bordetella,problem,2886857,2887873,reverse,1017,H5_other,1017,,
NC_002929.2,Bordetella,problem,2894366,2894773,reverse,408,H4_nested_or_alt_start,408,,1.0
NC_002929.2,Bordetella,problem,2935065,2935583,forward,519,H5_other,519,,
NC_002929.2,Bordetella,problem,2941959,2942579,forward,621,H4_nested_or_alt_start,621,,1.0
NC_002929.2,Bordetella,problem,2945886,2946644,forward,759,H5_other,759,,
NC_002929.2,Bordetella,problem,2948472,2949476,forward,1005,H4_nested_or_alt_start,1005,,1.0
NC_002929.2,Bordetella,problem,2951325,2952275,forward,951,H5_other,951,,
NC_002929.2,Bordetella,problem,2976765,2977775,forward,1011,H5_other,1011,,
NC_002929.2,Bordetella,problem,2977923,2979074,forward,1152,H5_other,1152,,
NC_002929.2,Bordetella,problem,2985492,2987168,forward,1677,H5_other,1677,,
NC_002929.2,Bordetella,problem,2997900,2999054,forward,1155,H5_other,1155,,
NC_002929.2,Bordetella,problem,3004170,3004574,forward,405,H4_nested_or_alt_start,405,,1.0
NC_002929.2,Bordetella,problem,3007632,3008759,forward,1128,H5_other,1128,,
NC_002929.2,Bordetella,problem,3010770,3011075,forward,306,H5_other,306,,
NC_002929.2,Bordetella,problem,3019290,3019466,forward,177,H5_other,177,,
NC_002929.2,Bordetella,problem,3024354,3025304,forward,951,H5_other,951,,
NC_002929.2,Bordetella,problem,3036925,3039414,reverse,2490,H2_nonstart,2490,ATT,
NC_002929.2,Bordetella,problem,3041217,3042143,forward,927,H5_other,927,,
NC_002929.2,Bordetella,problem,3043194,3043628,forward,435,H5_other,435,,
NC_002929.2,Bordetella,problem,3044754,3045542,forward,789,H4_nested_or_alt_start,789,,1.0
NC_002929.2,Bordetella,problem,3045552,3046334,forward,783,H5_other,783,,
NC_002929.2,Bordetella,problem,3047535,3049010,forward,1476,H5_other,1476,,
NC_002929.2,Bordetella,problem,3049152,3049700,forward,549,H5_other,549,,
NC_002929.2,Bordetella,problem,3059223,3060092,forward,870,H5_other,870,,
NC_002929.2,Bordetella,problem,3063825,3064106,forward,282,H4_nested_or_alt_start,282,,1.0
NC_002929.2,Bordetella,problem,3067005,3067616,forward,612,H5_other,612,,
NC_002929.2,Bordetella,problem,3073029,3074147,forward,1119,H4_nested_or_alt_start,1119,,4.0
NC_002929.2,Bordetella,problem,3079344,3080255,forward,912,H5_other,912,,
NC_002929.2,Bordetella,problem,3114009,3114305,forward,297,H5_other,297,,
NC_002929.2,Bordetella,problem,3130785,3131696,forward,912,H5_other,912,,
NC_002929.2,Bordetella,problem,3134715,3135665,forward,951,H5_other,951,,
NC_002929.2,Bordetella,problem,3135811,3136935,reverse,1125,H2_nonstart,1125,ATT,
NC_002929.2,Bordetella,problem,3138276,3138686,forward,411,H5_other,411,,
NC_002929.2,Bordetella,problem,3156456,3157292,forward,837,H5_other,837,,
NC_002929.2,Bordetella,problem,3166080,3167525,forward,1446,H5_other,1446,,
NC_002929.2,Bordetella,problem,3178341,3178868,forward,528,H5_other,528,,
NC_002929.2,Bordetella,problem,3179007,3179582,forward,576,H5_other,576,,
NC_002929.2,Bordetella,problem,3190725,3192095,forward,1371,H5_other,1371,,
NC_002929.2,Bordetella,problem,3192771,3194654,forward,1884,H5_other,1884,,
NC_002929.2,Bordetella,problem,3195588,3196451,forward,864,H5_other,864,,
NC_002929.2,Bordetella,problem,3201561,3202115,forward,555,H4_nested_or_alt_start,555,,1.0
NC_002929.2,Bordetella,problem,3227640,3229448,forward,1809,H4_nested_or_alt_start,1809,,1.0
NC_002929.2,Bordetella,problem,3248043,3248993,forward,951,H5_other,951,,
NC_002929.2,Bordetella,problem,3249762,3251267,forward,1506,H5_other,1506,,
NC_002929.2,Bordetella,problem,3253184,3254089,forward,906,H2_nonstart,906,ATA,
NC_002929.2,Bordetella,problem,3258354,3259613,forward,1260,H5_other,1260,,
NC_002929.2,Bordetella,problem,3265191,3266210,forward,1020,H5_other,1020,,
NC_002929.2,Bordetella,problem,3266274,3267245,forward,972,H5_other,972,,
NC_002929.2,Bordetella,problem,3275085,3275975,forward,891,H5_other,891,,
NC_002929.2,Bordetella,problem,3276018,3276929,forward,912,H5_other,912,,
NC_002929.2,Bordetella,problem,3291258,3292208,forward,951,H5_other,951,,
NC_002929.2,Bordetella,problem,3292425,3293999,forward,1575,H5_other,1575,,
NC_002929.2,Bordetella,problem,3335997,3337676,forward,1680,H5_other,1680,,
NC_002929.2,Bordetella,problem,3364209,3364646,forward,438,H5_other,438,,
NC_002929.2,Bordetella,problem,3370905,3372470,forward,1566,H5_other,1566,,
NC_002929.2,Bordetella,problem,3372516,3373457,forward,942,H5_other,942,,
NC_002929.2,Bordetella,problem,3387738,3388973,forward,1236,H5_other,1236,,
NC_002929.2,Bordetella,problem,3391443,3392639,forward,1197,H5_other,1197,,
NC_002929.2,Bordetella,problem,3409266,3409985,forward,720,H2_nonstart,720,CTG,
NC_002929.2,Bordetella,problem,3410019,3410801,forward,783,H5_other,783,,
NC_002929.2,Bordetella,problem,3410805,3411194,forward,390,H4_nested_or_alt_start,390,,1.0
NC_002929.2,Bordetella,problem,3424602,3425402,forward,801,H5_other,801,,
NC_002929.2,Bordetella,problem,3433803,3434504,forward,702,H5_other,702,,
NC_002929.2,Bordetella,problem,3438453,3440216,forward,1764,H5_other,1764,,
NC_002929.2,Bordetella,problem,3440328,3441206,forward,879,H5_other,879,,
NC_002929.2,Bordetella,problem,3461235,3462251,forward,1017,H5_other,1017,,
NC_002929.2,Bordetella,problem,3469059,3469718,forward,660,H5_other,660,,
NC_002929.2,Bordetella,problem,3472137,3472991,forward,855,H5_other,855,,
NC_002929.2,Bordetella,problem,3476161,3477318,reverse,1158,H2_nonstart,1158,CTG,
NC_002929.2,Bordetella,problem,3477822,3478811,forward,990,H5_other,990,,
NC_002929.2,Bordetella,problem,3486483,3487652,forward,1170,H5_other,1170,,
NC_002929.2,Bordetella,problem,3498540,3498956,forward,417,H5_other,417,,
NC_002929.2,Bordetella,problem,3499029,3499910,forward,882,H4_nested_or_alt_start,882,,1.0
NC_002929.2,Bordetella,problem,3506067,3506951,forward,885,H5_other,885,,
NC_002929.2,Bordetella,problem,3507027,3508103,forward,1077,H5_other,1077,,
NC_002929.2,Bordetella,problem,3508410,3510512,forward,2103,H5_other,2103,,
NC_002929.2,Bordetella,problem,3510555,3512624,forward,2070,H5_other,2070,,
NC_002929.2,Bordetella,problem,3523872,3524693,forward,822,H5_other,822,,
NC_002929.2,Bordetella,problem,3532083,3533033,forward,951,H5_other,951,,
NC_002929.2,Bordetella,problem,3545529,3545906,forward,378,H5_other,378,,
NC_002929.2,Bordetella,problem,3551010,3552569,forward,1560,H4_nested_or_alt_start,1560,,1.0
NC_002929.2,Bordetella,problem,3552594,3553391,forward,798,H4_nested_or_alt_start,798,,7.0
NC_002929.2,Bordetella,problem,3554673,3556115,forward,1443,H5_other,1443,,
NC_002929.2,Bordetella,problem,3557490,3559505,forward,2016,H5_other,2016,,
NC_002929.2,Bordetella,problem,3571524,3572096,forward,573,H5_other,573,,
NC_002929.2,Bordetella,problem,3574119,3574340,forward,222,H5_other,222,,
NC_002929.2,Bordetella,problem,3601002,3601208,forward,207,H5_other,207,,
NC_002929.2,Bordetella,problem,3607872,3608294,forward,423,H4_nested_or_alt_start,423,,1.0
NC_002929.2,Bordetella,problem,3615338,3616279,forward,942,H2_nonstart,942,ATA,
NC_002929.2,Bordetella,problem,3622653,3623678,forward,1026,H4_nested_or_alt_start,1026,,1.0
NC_002929.2,Bordetella,problem,3625617,3626165,forward,549,H5_other,549,,
NC_002929.2,Bordetella,problem,3633056,3633262,forward,207,H2_nonstart,207,ATT,
NC_002929.2,Bordetella,problem,3633396,3634046,forward,651,H5_other,651,,
NC_002929.2,Bordetella,problem,3637947,3638654,forward,708,H5_other,708,,
NC_002929.2,Bordetella,problem,3644058,3645008,forward,951,H5_other,951,,
NC_002929.2,Bordetella,problem,3646035,3646883,forward,849,H5_other,849,,
NC_002929.2,Bordetella,problem,3668328,3669299,forward,972,H5_other,972,,
NC_002929.2,Bordetella,problem,3674859,3676394,forward,1536,H5_other,1536,,
NC_002929.2,Bordetella,problem,3682188,3682574,forward,387,H5_other,387,,
NC_002929.2,Bordetella,problem,3685311,3686414,forward,1104,H5_other,1104,,
NC_002929.2,Bordetella,problem,3694701,3695876,forward,1176,H5_other,1176,,
NC_002929.2,Bordetella,problem,3698475,3699041,forward,567,H5_other,567,,
NC_002929.2,Bordetella,problem,3714933,3716678,forward,1746,H5_other,1746,,
NC_002929.2,Bordetella,problem,3720807,3721007,forward,201,H5_other,201,,
NC_002929.2,Bordetella,problem,3721089,3722039,forward,951,H5_other,951,,
NC_002929.2,Bordetella,problem,3734559,3735002,forward,444,H5_other,444,,
NC_002929.2,Bordetella,problem,3735342,3735953,forward,612,H5_other,612,,
NC_002929.2,Bordetella,problem,3736455,3738935,forward,2481,H5_other,2481,,
NC_002929.2,Bordetella,problem,3739851,3741095,forward,1245,H5_other,1245,,
NC_002929.2,Bordetella,problem,3742137,3742409,forward,273,H5_other,273,,
NC_002929.2,Bordetella,problem,3745965,3747083,forward,1119,H5_other,1119,,
NC_002929.2,Bordetella,problem,3757641,3758558,forward,918,H5_other,918,,
NC_002929.2,Bordetella,problem,3767355,3768251,forward,897,H5_other,897,,
NC_002929.2,Bordetella,problem,3773415,3774473,forward,1059,H5_other,1059,,
NC_002929.2,Bordetella,problem,3780882,3782045,forward,1164,H5_other,1164,,
NC_002929.2,Bordetella,problem,3802752,3803951,forward,1200,H5_other,1200,,
NC_002929.2,Bordetella,problem,3803955,3804812,forward,858,H5_other,858,,
NC_002929.2,Bordetella,problem,3804849,3805727,forward,879,H5_other,879,,
NC_002929.2,Bordetella,problem,3806721,3807671,forward,951,H5_other,951,,
NC_002929.2,Bordetella,problem,3819177,3820193,forward,1017,H5_other,1017,,
NC_002929.2,Bordetella,problem,3825897,3826367,forward,471,H5_other,471,,
NC_002929.2,Bordetella,problem,3828564,3829754,forward,1191,H5_other,1191,,
NC_002929.2,Bordetella,problem,3829818,3830129,forward,312,H5_other,312,,
NC_002929.2,Bordetella,problem,3830487,3831176,forward,690,H5_other,690,,
NC_002929.2,Bordetella,problem,3831795,3832091,forward,297,H5_other,297,,
NC_002929.2,Bordetella,problem,3832092,3832919,forward,828,H5_other,828,,
NC_002929.2,Bordetella,problem,3832932,3833207,forward,276,H4_nested_or_alt_start,276,,14.0
NC_002929.2,Bordetella,problem,3833211,3833540,forward,330,H5_other,330,,
NC_002929.2,Bordetella,problem,3833550,3834341,forward,792,H5_other,792,,
NC_002929.2,Bordetella,problem,3834771,3834962,forward,192,H5_other,192,,
NC_002929.2,Bordetella,problem,3839061,3839381,forward,321,H5_other,321,,
NC_002929.2,Bordetella,problem,3839394,3839933,forward,540,H5_other,540,,
NC_002929.2,Bordetella,problem,3839946,3840251,forward,306,H5_other,306,,
NC_002929.2,Bordetella,problem,3845316,3845939,forward,624,H5_other,624,,
NC_002929.2,Bordetella,problem,3846153,3847139,forward,987,H5_other,987,,
NC_002929.2,Bordetella,problem,3848631,3850568,forward,1938,H5_other,1938,,
NC_002929.2,Bordetella,problem,3853503,3854204,forward,702,H5_other,702,,
NC_002929.2,Bordetella,problem,3854325,3856418,forward,2094,H5_other,2094,,
NC_002929.2,Bordetella,problem,3856428,3857762,forward,1335,H5_other,1335,,
NC_002929.2,Bordetella,problem,3863988,3865142,forward,1155,H5_other,1155,,
NC_002929.2,Bordetella,problem,3870462,3870962,forward,501,H5_other,501,,
NC_002929.2,Bordetella,problem,3875664,3876458,forward,795,H5_other,795,,
NC_002929.2,Bordetella,problem,3880344,3881489,forward,1146,H5_other,1146,,
NC_002929.2,Bordetella,problem,3881496,3882314,forward,819,H5_other,819,,
NC_002929.2,Bordetella,problem,3883470,3884471,forward,1002,H5_other,1002,,
NC_002929.2,Bordetella,problem,3884535,3885305,forward,771,H5_other,771,,
NC_002929.2,Bordetella,problem,3896538,3897365,forward,828,H5_other,828,,
NC_002929.2,Bordetella,problem,3901428,3902327,forward,900,H5_other,900,,
NC_002929.2,Bordetella,problem,3907272,3908102,forward,831,H5_other,831,,
NC_002929.2,Bordetella,problem,3933117,3934085,forward,969,H5_other,969,,
NC_002929.2,Bordetella,problem,3943161,3943382,forward,222,H5_other,222,,
NC_002929.2,Bordetella,problem,3955986,3956798,forward,813,H5_other,813,,
NC_002929.2,Bordetella,problem,3966969,3968435,forward,1467,H5_other,1467,,
NC_002929.2,Bordetella,problem,3968727,3969365,forward,639,H5_other,639,,
NC_002929.2,Bordetella,problem,3969447,3970430,forward,984,H4_nested_or_alt_start,984,,1.0
NC_002929.2,Bordetella,problem,3971418,3972203,forward,786,H5_other,786,,
NC_002929.2,Bordetella,problem,3972216,3972722,forward,507,H4_nested_or_alt_start,507,,12.0
NC_002929.2,Bordetella,problem,3972822,3973613,forward,792,H5_other,792,,
NC_002929.2,Bordetella,problem,3973647,3974270,forward,624,H5_other,624,,
NC_002929.2,Bordetella,problem,3975186,3976001,forward,816,H5_other,816,,
NC_002929.2,Bordetella,problem,3977517,3978188,forward,672,H5_other,672,,
NC_002929.2,Bordetella,problem,3981258,3981935,forward,678,H5_other,678,,
NC_002929.2,Bordetella,problem,3981999,3982739,forward,741,H5_other,741,,
NC_002929.2,Bordetella,problem,3983943,3984290,forward,348,H5_other,348,,
NC_002929.2,Bordetella,problem,3989781,3990239,forward,459,H5_other,459,,
NC_002929.2,Bordetella,problem,3990696,3991379,forward,684,H5_other,684,,
NC_002929.2,Bordetella,problem,3992073,3994547,forward,2475,H5_other,2475,,
NC_002929.2,Bordetella,problem,3995943,3996128,forward,186,H5_other,186,,
NC_002929.2,Bordetella,problem,3998724,3999743,forward,1020,H4_nested_or_alt_start,1020,,1.0
NC_002929.2,Bordetella,problem,4001958,4002332,forward,375,H4_nested_or_alt_start,375,,1.0
NC_002929.2,Bordetella,problem,4005429,4007033,forward,1605,H5_other,1605,,
NC_002929.2,Bordetella,problem,4008093,4009019,forward,927,H5_other,927,,
NC_002929.2,Bordetella,problem,4012815,4013777,forward,963,H5_other,963,,
NC_002929.2,Bordetella,problem,4014927,4015877,forward,951,H5_other,951,,
NC_002929.2,Bordetella,problem,4027491,4028234,forward,744,H5_other,744,,
NC_002929.2,Bordetella,problem,4040658,4041566,forward,909,H5_other,909,,
NC_002929.2,Bordetella,problem,4046277,4047353,forward,1077,H5_other,1077,,
NC_002929.2,Bordetella,problem,4048263,4049036,forward,774,H4_nested_or_alt_start,774,,8.0
NC_002929.2,Bordetella,problem,4053801,4054667,forward,867,H5_other,867,,
NC_002929.2,Bordetella,problem,4055490,4056251,forward,762,H5_other,762,,
NC_002929.2,Bordetella,problem,4058196,4058975,forward,780,H5_other,780,,
NC_002929.2,Bordetella,problem,4059033,4060295,forward,1263,H5_other,1263,,
NC_002929.2,Bordetella,problem,4074171,4075523,forward,1353,H5_other,1353,,
NC_002929.2,Bordetella,problem,4077300,4077980,forward,681,H5_other,681,,
NC_002929.2,Bordetella,problem,4080660,4081097,forward,438,H5_other,438,,
NC_002677.1,M.leprae,problem,19001,20869,reverse,1869,H5_other,1869,,
NC_002677.1,M.leprae,problem,25058,26587,reverse,1530,H4_nested_or_alt_start,1530,,1.0
NC_002677.1,M.leprae,problem,27173,28639,reverse,1467,H5_other,1467,,
NC_002677.1,M.leprae,problem,56969,57118,reverse,150,H5_other,150,,
NC_002677.1,M.leprae,problem,57764,57922,reverse,159,H5_other,159,,
NC_002677.1,M.leprae,problem,59555,61315,reverse,1761,H4_nested_or_alt_start,1761,,2.0
NC_002677.1,M.leprae,problem,61406,61693,reverse,288,H5_other,288,,
NC_002677.1,M.leprae,problem,62201,63004,reverse,804,H5_other,804,,
NC_002677.1,M.leprae,problem,65186,67420,reverse,2235,H5_other,2235,,
NC_002677.1,M.leprae,problem,90521,90919,reverse,399,H5_other,399,,
NC_002677.1,M.leprae,problem,91913,92446,reverse,534,H5_other,534,,
NC_002677.1,M.leprae,problem,113153,113863,reverse,711,H5_other,711,,
NC_002677.1,M.leprae,problem,133886,134116,reverse,231,H5_other,231,,
NC_002677.1,M.leprae,problem,150128,151510,reverse,1383,H5_other,1383,,
NC_002677.1,M.leprae,problem,152783,153613,reverse,831,H5_other,831,,
NC_002677.1,M.leprae,problem,161741,162565,reverse,825,H2_nonstart,825,ATA,
NC_002677.1,M.leprae,problem,165548,165727,reverse,180,H5_other,180,,
NC_002677.1,M.leprae,problem,166949,167389,reverse,441,H5_other,441,,
NC_002677.1,M.leprae,problem,217160,218161,reverse,1002,H5_other,1002,,
NC_002677.1,M.leprae,problem,244787,245251,reverse,465,H4_nested_or_alt_start,465,,1.0
NC_002677.1,M.leprae,problem,255125,255721,reverse,597,H4_nested_or_alt_start,597,,1.0
NC_002677.1,M.leprae,problem,257035,258576,reverse,1542,H2_nonstart,1542,ATA,
NC_002677.1,M.leprae,problem,260529,260756,reverse,228,H2_nonstart,228,CTG,
NC_002677.1,M.leprae,problem,261520,261657,reverse,138,H2_nonstart,138,ATC,
NC_002677.1,M.leprae,problem,268857,270509,reverse,1653,H2_nonstart,1653,ATA,
NC_002677.1,M.leprae,problem,273290,275098,reverse,1809,H5_other,1809,,
NC_002677.1,M.leprae,problem,276707,277777,reverse,1071,H5_other,1071,,
NC_002677.1,M.leprae,problem,281543,282031,reverse,489,H5_other,489,,
NC_002677.1,M.leprae,problem,292553,292714,reverse,162,H5_other,162,,
NC_002677.1,M.leprae,problem,323462,324442,reverse,981,H5_other,981,,
NC_002677.1,M.leprae,problem,351698,352003,reverse,306,H5_other,306,,
NC_002677.1,M.leprae,problem,352475,353047,reverse,573,H5_other,573,,
NC_002677.1,M.leprae,problem,357557,358777,reverse,1221,H5_other,1221,,
NC_002677.1,M.leprae,problem,360368,360592,reverse,225,H5_other,225,,
NC_002677.1,M.leprae,problem,361297,361935,reverse,639,H2_nonstart,639,CTG,
NC_002677.1,M.leprae,problem,380645,381430,reverse,786,H5_other,786,,
NC_002677.1,M.leprae,problem,390542,390796,reverse,255,H5_other,255,,
NC_002677.1,M.leprae,problem,397046,397948,reverse,903,H5_other,903,,
NC_002677.1,M.leprae,problem,398714,398803,reverse,90,H1_short,90,,
NC_002677.1,M.leprae,problem,402942,403148,forward,207,H2_nonstart,207,ATC,
NC_002677.1,M.leprae,problem,409442,409993,reverse,552,H5_other,552,,
NC_002677.1,M.leprae,problem,425727,426488,reverse,762,H2_nonstart,762,ATC,
NC_002677.1,M.leprae,problem,426563,427471,reverse,909,H5_other,909,,
NC_002677.1,M.leprae,problem,461513,461671,reverse,159,H5_other,159,,
NC_002677.1,M.leprae,problem,461945,462796,reverse,852,H5_other,852,,
NC_002677.1,M.leprae,problem,469351,470289,forward,939,H2_nonstart,939,CTG,
NC_002677.1,M.leprae,problem,486263,488641,reverse,2379,H5_other,2379,,
NC_002677.1,M.leprae,problem,501245,501487,reverse,243,H2_nonstart,243,CTG,
NC_002677.1,M.leprae,problem,501986,502069,forward,84,H1_short,84,,
NC_002677.1,M.leprae,problem,507074,507550,reverse,477,H5_other,477,,
NC_002677.1,M.leprae,problem,518414,518878,reverse,465,H5_other,465,,
NC_002677.1,M.leprae,problem,547789,548040,forward,252,H2_nonstart,252,ATC,
NC_002677.1,M.leprae,problem,563080,563253,forward,174,H2_nonstart,174,ATA,
NC_002677.1,M.leprae,problem,572389,572472,forward,84,H1_short,84,,
NC_002677.1,M.leprae,problem,601212,601349,forward,138,H2_nonstart,138,ATC,
NC_002677.1,M.leprae,problem,608662,608808,forward,147,H2_nonstart,147,ATC,
NC_002677.1,M.leprae,problem,619732,621087,forward,1356,H2_nonstart,1356,ATT,
NC_002677.1,M.leprae,problem,671392,672090,forward,699,H2_nonstart,699,CTG,
NC_002677.1,M.leprae,problem,688484,688723,reverse,240,H2_nonstart,240,ATC,
NC_002677.1,M.leprae,problem,752041,752328,reverse,288,H2_nonstart,288,ATA,
NC_002677.1,M.leprae,problem,783982,784272,reverse,291,H2_nonstart,291,CTG,
NC_002677.1,M.leprae,problem,784158,784535,reverse,378,H2_nonstart,378,ATT,
NC_002677.1,M.leprae,problem,794297,794557,reverse,261,H2_nonstart,261,ATA,
NC_002677.1,M.leprae,problem,795753,795983,forward,231,H2_nonstart,231,ATC,
NC_002677.1,M.leprae,problem,798766,799551,reverse,786,H2_nonstart,786,ATA,
NC_002677.1,M.leprae,problem,811519,811818,forward,300,H2_nonstart,300,ATT,
NC_002677.1,M.leprae,problem,815561,816151,forward,591,H2_nonstart,591,CTG,
NC_002677.1,M.leprae,problem,863038,863112,reverse,75,H1_short,75,,
NC_002677.1,M.leprae,problem,873747,874544,forward,798,H2_nonstart,798,CTG,
NC_002677.1,M.leprae,problem,903525,903944,reverse,420,H2_nonstart,420,ATC,
NC_002677.1,M.leprae,problem,935508,936794,reverse,1287,H2_nonstart,1287,ATC,
NC_002677.1,M.leprae,problem,944553,944642,reverse,90,H1_short,90,,
NC_002677.1,M.leprae,problem,1032056,1033114,reverse,1059,H2_nonstart,1059,CTG,
NC_002677.1,M.leprae,problem,1062988,1064217,reverse,1230,H2_nonstart,1230,CTG,
NC_002677.1,M.leprae,problem,1190920,1191651,reverse,732,H2_nonstart,732,ATC,
NC_002677.1,M.leprae,problem,1198049,1198282,forward,234,H2_nonstart,234,CTG,
NC_002677.1,M.leprae,problem,1274889,1275068,reverse,180,H2_nonstart,180,ATC,
NC_002677.1,M.leprae,problem,1303216,1304091,reverse,876,H2_nonstart,876,ATT,
NC_002677.1,M.leprae,problem,1311907,1312038,reverse,132,H2_nonstart,132,ATA,
NC_002677.1,M.leprae,problem,1449351,1450208,forward,858,H2_nonstart,858,ATA,
NC_002677.1,M.leprae,problem,1462212,1465184,forward,2973,H2_nonstart,2973,ATC,
NC_002677.1,M.leprae,problem,1499590,1499817,forward,228,H2_nonstart,228,CTG,
NC_002677.1,M.leprae,problem,1502318,1503646,forward,1329,H2_nonstart,1329,CTG,
NC_002677.1,M.leprae,problem,1561374,1561607,reverse,234,H2_nonstart,234,CTG,
NC_002677.1,M.leprae,problem,1628868,1629695,forward,828,H2_nonstart,828,ATT,
NC_002677.1,M.leprae,problem,1656087,1656530,reverse,444,H2_nonstart,444,ATT,
NC_002677.1,M.leprae,problem,1671923,1675249,reverse,3327,H2_nonstart,3327,ATT,
NC_002677.1,M.leprae,problem,1675756,1676364,forward,609,H2_nonstart,609,ATC,
NC_002677.1,M.leprae,problem,1710507,1711481,reverse,975,H2_nonstart,975,ATT,
NC_002677.1,M.leprae,problem,1721212,1721289,reverse,78,H1_short,78,,
NC_002677.1,M.leprae,problem,1745341,1745817,reverse,477,H2_nonstart,477,ATT,
NC_002677.1,M.leprae,problem,1748703,1748792,forward,90,H1_short,90,,
NC_002677.1,M.leprae,problem,1781332,1782207,forward,876,H2_nonstart,876,CTG,
NC_002677.1,M.leprae,problem,1842974,1843132,forward,159,H2_nonstart,159,ATC,
NC_002677.1,M.leprae,problem,1843362,1843433,forward,72,H1_short,72,,
NC_002677.1,M.leprae,problem,1854785,1856542,reverse,1758,H2_nonstart,1758,ATA,
NC_002677.1,M.leprae,problem,2004892,2005104,forward,213,H2_nonstart,213,CTG,
NC_002677.1,M.leprae,problem,2005637,2006191,reverse,555,H2_nonstart,555,CTG,
NC_002677.1,M.leprae,problem,2053117,2054598,reverse,1482,H2_nonstart,1482,CTG,
NC_002677.1,M.leprae,problem,2075894,2077195,forward,1302,H2_nonstart,1302,CTG,
NC_002677.1,M.leprae,problem,2082421,2083299,reverse,879,H2_nonstart,879,ATC,
NC_002677.1,M.leprae,problem,2086580,2087656,forward,1077,H2_nonstart,1077,ATC,
NC_002677.1,M.leprae,problem,2111839,2111961,forward,123,H2_nonstart,123,ATT,
NC_002677.1,M.leprae,problem,2195135,2197966,forward,2832,H2_nonstart,2832,ATA,
NC_002677.1,M.leprae,problem,2263845,2263913,forward,69,H1_short,69,,
NC_002677.1,M.leprae,problem,2313499,2313690,forward,192,H2_nonstart,192,CTG,
NC_002677.1,M.leprae,problem,2343329,2344192,reverse,864,H2_nonstart,864,CTG,
NC_002677.1,M.leprae,problem,2362030,2362365,forward,336,H2_nonstart,336,CTG,
NC_002677.1,M.leprae,problem,2416412,2416762,forward,351,H2_nonstart,351,CTG,
NC_002677.1,M.leprae,problem,2421133,2421606,forward,474,H2_nonstart,474,CTG,
NC_002677.1,M.leprae,problem,2434953,2435255,forward,303,H5_other,303,,
NC_002677.1,M.leprae,problem,2435559,2436803,forward,1245,H4_nested_or_alt_start,1245,,1.0
NC_002677.1,M.leprae,problem,2447670,2447960,forward,291,H5_other,291,,
NC_002677.1,M.leprae,problem,2447973,2448191,forward,219,H5_other,219,,
NC_002677.1,M.leprae,problem,2452179,2453630,forward,1452,H5_other,1452,,
NC_002677.1,M.leprae,problem,2453700,2455136,forward,1437,H5_other,1437,,
NC_002677.1,M.leprae,problem,2457996,2460191,forward,2196,H5_other,2196,,
NC_002677.1,M.leprae,problem,2476953,2478869,forward,1917,H5_other,1917,,
NC_002677.1,M.leprae,problem,2486421,2486507,reverse,87,H1_short,87,,
NC_002677.1,M.leprae,problem,2486846,2487115,reverse,270,H2_nonstart,270,CTG,
NC_002677.1,M.leprae,problem,2489004,2489159,forward,156,H5_other,156,,
NC_002677.1,M.leprae,problem,2498718,2499077,forward,360,H5_other,360,,
NC_002677.1,M.leprae,problem,2502699,2502782,reverse,84,H1_short,84,,
NC_002677.1,M.leprae,problem,2507985,2508347,forward,363,H5_other,363,,
NC_002677.1,M.leprae,problem,2522901,2523209,forward,309,H5_other,309,,
NC_002677.1,M.leprae,problem,2524141,2524851,forward,711,H2_nonstart,711,ATA,
NC_002677.1,M.leprae,problem,2524869,2526209,forward,1341,H5_other,1341,,
NC_002677.1,M.leprae,problem,2529442,2529525,reverse,84,H1_short,84,,
NC_002677.1,M.leprae,problem,2538735,2539865,forward,1131,H5_other,1131,,
NC_002677.1,M.leprae,problem,2539983,2540738,forward,756,H5_other,756,,
NC_002677.1,M.leprae,problem,2542620,2542895,forward,276,H5_other,276,,
NC_002677.1,M.leprae,problem,2557038,2559299,forward,2262,H5_other,2262,,
NC_002677.1,M.leprae,problem,2559336,2560985,forward,1650,H5_other,1650,,
NC_002677.1,M.leprae,problem,2562911,2563114,reverse,204,H2_nonstart,204,ATC,
NC_002677.1,M.leprae,problem,2565447,2565686,forward,240,H5_other,240,,
NC_002677.1,M.leprae,problem,2575965,2577674,forward,1710,H5_other,1710,,
NC_002677.1,M.leprae,problem,2582475,2582684,forward,210,H2_nonstart,210,CTG,
NC_002677.1,M.leprae,problem,2586141,2586545,forward,405,H5_other,405,,
NC_002677.1,M.leprae,problem,2588187,2588444,forward,258,H5_other,258,,
NC_002677.1,M.leprae,problem,2610912,2611331,forward,420,H5_other,420,,
NC_002677.1,M.leprae,problem,2612061,2612894,forward,834,H5_other,834,,
NC_002677.1,M.leprae,problem,2615409,2615552,forward,144,H5_other,144,,
NC_002677.1,M.leprae,problem,2631653,2631778,forward,126,H2_nonstart,126,CTG,
NC_002677.1,M.leprae,problem,2652738,2652962,forward,225,H5_other,225,,
NC_002677.1,M.leprae,problem,2655720,2656004,forward,285,H4_nested_or_alt_start,285,,1.0
NC_002677.1,M.leprae,problem,2656446,2656850,forward,405,H5_other,405,,
NC_002677.1,M.leprae,problem,2677098,2677262,forward,165,H5_other,165,,
NC_002677.1,M.leprae,problem,2677263,2678759,forward,1497,H4_nested_or_alt_start,1497,,1.0
NC_002677.1,M.leprae,problem,2681377,2682459,reverse,1083,H2_nonstart,1083,ATC,
NC_002677.1,M.leprae,problem,2692764,2693561,forward,798,H5_other,798,,
NC_002677.1,M.leprae,problem,2693805,2695475,forward,1671,H5_other,1671,,
NC_002677.1,M.leprae,problem,2695503,2696030,forward,528,H5_other,528,,
NC_002677.1,M.leprae,problem,2710124,2710267,forward,144,H2_nonstart,144,ATT,
NC_002677.1,M.leprae,problem,2711919,2712149,forward,231,H5_other,231,,
NC_002677.1,M.leprae,problem,2726910,2727584,forward,675,H5_other,675,,
NC_002677.1,M.leprae,problem,2730213,2731358,forward,1146,H5_other,1146,,
NC_002677.1,M.leprae,problem,2732187,2734598,forward,2412,H5_other,2412,,
NC_002677.1,M.leprae,problem,2747152,2747787,reverse,636,H2_nonstart,636,ATA,
NC_002677.1,M.leprae,problem,2757741,2758976,forward,1236,H5_other,1236,,
NC_002677.1,M.leprae,problem,2763015,2764394,forward,1380,H5_other,1380,,
NC_002677.1,M.leprae,problem,2778006,2778200,forward,195,H5_other,195,,
NC_002677.1,M.leprae,problem,2778330,2778590,forward,261,H5_other,261,,
NC_002677.1,M.leprae,problem,2782763,2783092,forward,330,H2_nonstart,330,ATT,
NC_002677.1,M.leprae,problem,2785431,2785649,forward,219,H5_other,219,,
NC_002677.1,M.leprae,problem,2827569,2827916,forward,348,H5_other,348,,
NC_002677.1,M.leprae,problem,2846408,2846830,forward,423,H2_nonstart,423,CTG,
NC_002677.1,M.leprae,problem,2856018,2856176,forward,159,H5_other,159,,
NC_002677.1,M.leprae,problem,2862579,2863013,forward,435,H5_other,435,,
NC_002677.1,M.leprae,problem,2874975,2875034,forward,60,H1_short,60,,
NC_002677.1,M.leprae,problem,2889936,2890256,reverse,321,H2_nonstart,321,ATC,
NC_002677.1,M.leprae,problem,2901516,2902442,forward,927,H5_other,927,,
NC_002677.1,M.leprae,problem,2910234,2911028,forward,795,H5_other,795,,
NC_002677.1,M.leprae,problem,2924193,2924432,forward,240,H5_other,240,,
NC_002677.1,M.leprae,problem,2925480,2926499,forward,1020,H5_other,1020,,
NC_002677.1,M.leprae,problem,2930178,2930879,forward,702,H5_other,702,,
NC_002677.1,M.leprae,problem,2932062,2932949,forward,888,H5_other,888,,
NC_002677.1,M.leprae,problem,2943372,2943524,forward,153,H5_other,153,,
NC_002677.1,M.leprae,problem,2948766,2949281,forward,516,H5_other,516,,
NC_002677.1,M.leprae,problem,2955219,2955419,reverse,201,H2_nonstart,201,ATA,
NC_002677.1,M.leprae,problem,2966223,2967698,forward,1476,H5_other,1476,,
NC_002677.1,M.leprae,problem,2974620,2975279,forward,660,H5_other,660,,
NC_002677.1,M.leprae,problem,2991729,2992019,forward,291,H2_nonstart,291,ATC,
NC_002677.1,M.leprae,problem,2992830,2993207,forward,378,H5_other,378,,
NC_002677.1,M.leprae,problem,3029574,3029900,forward,327,H5_other,327,,
NC_002677.1,M.leprae,problem,3039192,3039740,forward,549,H5_other,549,,
NC_002677.1,M.leprae,problem,3048771,3048971,forward,201,H5_other,201,,
NC_002677.1,M.leprae,problem,3053954,3054103,reverse,150,H2_nonstart,150,ATT,
NC_002677.1,M.leprae,problem,3065268,3065441,forward,174,H5_other,174,,
NC_002677.1,M.leprae,problem,3072684,3074057,forward,1374,H5_other,1374,,
NC_002677.1,M.leprae,problem,3082950,3084725,forward,1776,H5_other,1776,,
NC_002677.1,M.leprae,problem,3086325,3087134,forward,810,H5_other,810,,
NC_002677.1,M.leprae,problem,3087945,3088250,forward,306,H5_other,306,,
NC_002677.1,M.leprae,problem,3093768,3094808,forward,1041,H4_nested_or_alt_start,1041,,1.0
NC_002677.1,M.leprae,problem,3097965,3099131,forward,1167,H5_other,1167,,
NC_002677.1,M.leprae,problem,3100724,3101356,forward,633,H2_nonstart,633,ATC,
NC_002677.1,M.leprae,problem,3102327,3102881,forward,555,H5_other,555,,
NC_002677.1,M.leprae,problem,3109824,3109982,forward,159,H5_other,159,,
NC_002677.1,M.leprae,problem,3110328,3110519,forward,192,H4_nested_or_alt_start,192,,1.0
NC_002677.1,M.leprae,problem,3120864,3121502,forward,639,H5_other,639,,
NC_002677.1,M.leprae,problem,3133638,3133790,forward,153,H5_other,153,,
NC_002677.1,M.leprae,problem,3137856,3137978,forward,123,H5_other,123,,
NC_002677.1,M.leprae,problem,3137991,3138140,forward,150,H5_other,150,,
NC_002677.1,M.leprae,problem,3138893,3138970,reverse,78,H1_short,78,,
NC_002677.1,M.leprae,problem,3151306,3151422,forward,117,H2_nonstart,117,CTG,
NC_002677.1,M.leprae,problem,3157362,3158822,reverse,1461,H2_nonstart,1461,CTG,
NC_002677.1,M.leprae,problem,3162864,3163217,forward,354,H5_other,354,,
NC_002677.1,M.leprae,problem,3163959,3164267,forward,309,H5_other,309,,
NC_002677.1,M.leprae,problem,3176727,3177224,forward,498,H4_nested_or_alt_start,498,,3.0
NC_002677.1,M.leprae,problem,3177813,3178814,forward,1002,H5_other,1002,,
NC_002677.1,M.leprae,problem,3216777,3216914,forward,138,H5_other,138,,
NC_002677.1,M.leprae,problem,3240798,3241340,forward,543,H5_other,543,,
NC_002677.1,M.leprae,problem,3245523,3245843,forward,321,H5_other,321,,
NC_002677.1,M.leprae,problem,3249936,3250670,forward,735,H5_other,735,,
NC_003155.5,Streptomyces,problem,605,868,reverse,264,H5_other,264,,
NC_003155.5,Streptomyces,problem,11101,13494,reverse,2394,H2_nonstart,2394,CTG,
NC_003155.5,Streptomyces,problem,13376,15523,reverse,2148,H5_other,2148,,
NC_003155.5,Streptomyces,problem,15815,17701,reverse,1887,H5_other,1887,,
NC_003155.5,Streptomyces,problem,25166,25690,reverse,525,H5_other,525,,
NC_003155.5,Streptomyces,problem,31043,31444,reverse,402,H5_other,402,,
NC_003155.5,Streptomyces,problem,32552,33121,reverse,570,H5_other,570,,
NC_003155.5,Streptomyces,problem,49694,50212,reverse,519,H5_other,519,,
NC_003155.5,Streptomyces,problem,56159,56462,reverse,304,H2_nonstart,304,CTG,
NC_003155.5,Streptomyces,problem,55687,56159,reverse,473,H2_nonstart,473,GCC,
NC_003155.5,Streptomyces,problem,66803,67546,reverse,744,H5_other,744,,
NC_003155.5,Streptomyces,problem,70718,71920,reverse,1203,H5_other,1203,,
NC_003155.5,Streptomyces,problem,82208,82954,reverse,747,H5_other,747,,
NC_003155.5,Streptomyces,problem,90422,91192,reverse,771,H5_other,771,,
NC_003155.5,Streptomyces,problem,91736,92317,reverse,582,H5_other,582,,
NC_003155.5,Streptomyces,problem,92939,94183,reverse,1245,H5_other,1245,,
NC_003155.5,Streptomyces,problem,98721,98948,forward,228,H2_nonstart,228,ATC,
NC_003155.5,Streptomyces,problem,118868,119221,reverse,354,H5_other,354,,
NC_003155.5,Streptomyces,problem,120641,121000,reverse,360,H5_other,360,,
NC_003155.5,Streptomyces,problem,128414,128680,reverse,267,H5_other,267,,
NC_003155.5,Streptomyces,problem,131278,132003,forward,726,H2_nonstart,726,CTG,
NC_003155.5,Streptomyces,problem,136682,137029,forward,348,H4_nested_or_alt_start,348,,1.0
NC_003155.5,Streptomyces,problem,137032,137490,forward,459,H2_nonstart,459,GGG,
NC_003155.5,Streptomyces,problem,150032,151414,reverse,1383,H5_other,1383,,
NC_003155.5,Streptomyces,problem,169217,169735,reverse,519,H5_other,519,,
NC_003155.5,Streptomyces,problem,180284,181426,reverse,1143,H5_other,1143,,
NC_003155.5,Streptomyces,problem,221399,222667,reverse,1269,H5_other,1269,,
NC_003155.5,Streptomyces,problem,243581,244771,reverse,1191,H4_nested_or_alt_start,1191,,1.0
NC_003155.5,Streptomyces,problem,245081,246040,reverse,960,H5_other,960,,
NC_003155.5,Streptomyces,problem,263244,264494,reverse,1251,H2_nonstart,1251,CTG,
NC_003155.5,Streptomyces,problem,264551,266317,reverse,1767,H5_other,1767,,
NC_003155.5,Streptomyces,problem,272429,273202,reverse,774,H5_other,774,,
NC_003155.5,Streptomyces,problem,279644,279901,reverse,258,H5_other,258,,
NC_003155.5,Streptomyces,problem,288173,288526,reverse,354,H5_other,354,,
NC_003155.5,Streptomyces,problem,293891,294610,forward,720,H2_nonstart,720,CTG,
NC_003155.5,Streptomyces,problem,299873,300469,reverse,597,H5_other,597,,
NC_003155.5,Streptomyces,problem,301142,302854,reverse,1713,H5_other,1713,,
NC_003155.5,Streptomyces,problem,323714,324031,reverse,318,H5_other,318,,
NC_003155.5,Streptomyces,problem,326189,326521,reverse,333,H5_other,333,,
NC_003155.5,Streptomyces,problem,343805,345154,reverse,1350,H5_other,1350,,
NC_003155.5,Streptomyces,problem,347666,348571,reverse,906,H5_other,906,,
NC_003155.5,Streptomyces,problem,351026,352264,reverse,1239,H5_other,1239,,
NC_003155.5,Streptomyces,problem,364046,364411,reverse,366,H5_other,366,,
NC_003155.5,Streptomyces,problem,371009,372637,reverse,1629,H5_other,1629,,
NC_003155.5,Streptomyces,problem,372782,373066,forward,285,H2_nonstart,285,CTG,
NC_003155.5,Streptomyces,problem,374516,374764,reverse,249,H5_other,249,,
NC_003155.5,Streptomyces,problem,375668,376606,reverse,939,H5_other,939,,
NC_003155.5,Streptomyces,problem,378281,378862,reverse,582,H5_other,582,,
NC_003155.5,Streptomyces,problem,379220,380458,reverse,1239,H5_other,1239,,
NC_003155.5,Streptomyces,problem,393683,394816,reverse,1134,H4_nested_or_alt_start,1134,,1.0
NC_003155.5,Streptomyces,problem,397379,397615,reverse,237,H5_other,237,,
NC_003155.5,Streptomyces,problem,405887,406297,reverse,411,H2_nonstart,411,ATT,
NC_003155.5,Streptomyces,problem,414329,414658,forward,330,H2_nonstart,330,CTG,
NC_003155.5,Streptomyces,problem,427214,427300,reverse,87,H1_short,87,,
NC_003155.5,Streptomyces,problem,428654,429688,reverse,1035,H4_nested_or_alt_start,1035,,1.0
NC_003155.5,Streptomyces,problem,439970,440566,reverse,597,H5_other,597,,
NC_003155.5,Streptomyces,problem,448119,448358,reverse,240,H2_nonstart,240,CTG,
NC_003155.5,Streptomyces,problem,474824,475045,reverse,222,H5_other,222,,
NC_003155.5,Streptomyces,problem,496283,497482,reverse,1200,H5_other,1200,,
NC_003155.5,Streptomyces,problem,527468,532978,reverse,5511,H4_nested_or_alt_start,5511,,1.0
NC_003155.5,Streptomyces,problem,570215,570712,reverse,498,H4_nested_or_alt_start,498,,1.0
NC_003155.5,Streptomyces,problem,574856,576046,reverse,1191,H5_other,1191,,
NC_003155.5,Streptomyces,problem,580610,581269,reverse,660,H5_other,660,,
NC_003155.5,Streptomyces,problem,590678,591778,reverse,1101,H5_other,1101,,
NC_003155.5,Streptomyces,problem,593318,593686,reverse,369,H5_other,369,,
NC_003155.5,Streptomyces,problem,597338,597934,reverse,597,H2_nonstart,597,ATC,
NC_003155.5,Streptomyces,problem,626420,627235,reverse,816,H4_nested_or_alt_start,816,,1.0
NC_003155.5,Streptomyces,problem,627377,627523,reverse,147,H5_other,147,,
NC_003155.5,Streptomyces,problem,629443,629790,forward,348,H2_nonstart,348,CTG,
NC_003155.5,Streptomyces,problem,631817,632638,reverse,822,H5_other,822,,
NC_003155.5,Streptomyces,problem,639053,639388,reverse,336,H4_nested_or_alt_start,336,,1.0
NC_003155.5,Streptomyces,problem,648107,648520,reverse,414,H5_other,414,,
NC_003155.5,Streptomyces,problem,655559,656608,reverse,1050,H5_other,1050,,
NC_003155.5,Streptomyces,problem,656762,657562,reverse,801,H5_other,801,,
NC_003155.5,Streptomyces,problem,660050,662125,reverse,2076,H5_other,2076,,
NC_003155.5,Streptomyces,problem,662516,663073,reverse,558,H5_other,558,,
NC_003155.5,Streptomyces,problem,663079,663372,reverse,294,H2_nonstart,294,CTG,
NC_003155.5,Streptomyces,problem,663296,664225,reverse,930,H5_other,930,,
NC_003155.5,Streptomyces,problem,664226,664873,reverse,648,H5_other,648,,
NC_003155.5,Streptomyces,problem,666194,667279,reverse,1086,H5_other,1086,,
NC_003155.5,Streptomyces,problem,669015,669095,forward,81,H1_short,81,,
NC_003155.5,Streptomyces,problem,670688,671113,reverse,426,H5_other,426,,
NC_003155.5,Streptomyces,problem,681371,682687,reverse,1317,H5_other,1317,,
NC_003155.5,Streptomyces,problem,690137,690814,reverse,678,H5_other,678,,
NC_003155.5,Streptomyces,problem,692180,693268,reverse,1089,H4_nested_or_alt_start,1089,,1.0
NC_003155.5,Streptomyces,problem,696920,697507,reverse,588,H5_other,588,,
NC_003155.5,Streptomyces,problem,703874,704353,forward,480,H2_nonstart,480,CTG,
NC_003155.5,Streptomyces,problem,713315,714925,reverse,1611,H5_other,1611,,
NC_003155.5,Streptomyces,problem,726776,729997,reverse,3222,H5_other,3222,,
NC_003155.5,Streptomyces,problem,734105,734434,reverse,330,H5_other,330,,
NC_003155.5,Streptomyces,problem,747446,748261,reverse,816,H5_other,816,,
NC_003155.5,Streptomyces,problem,748925,749176,reverse,252,H5_other,252,,
NC_003155.5,Streptomyces,problem,753242,754285,reverse,1044,H5_other,1044,,
NC_003155.5,Streptomyces,problem,754376,758698,reverse,4323,H5_other,4323,,
NC_003155.5,Streptomyces,problem,758996,760558,reverse,1563,H5_other,1563,,
NC_003155.5,Streptomyces,problem,761120,762010,reverse,891,H5_other,891,,
NC_003155.5,Streptomyces,problem,763424,764827,reverse,1404,H5_other,1404,,
NC_003155.5,Streptomyces,problem,765101,765853,reverse,753,H5_other,753,,
NC_003155.5,Streptomyces,problem,768752,769429,reverse,678,H4_nested_or_alt_start,678,,1.0
NC_003155.5,Streptomyces,problem,769580,770101,reverse,522,H5_other,522,,
NC_003155.5,Streptomyces,problem,792236,792523,reverse,288,H4_nested_or_alt_start,288,,1.0
NC_003155.5,Streptomyces,problem,792695,792868,reverse,174,H5_other,174,,
NC_003155.5,Streptomyces,problem,804917,805603,reverse,687,H5_other,687,,
NC_003155.5,Streptomyces,problem,808667,809251,reverse,585,H5_other,585,,
NC_003155.5,Streptomyces,problem,809624,810859,reverse,1236,H5_other,1236,,
NC_003155.5,Streptomyces,problem,811793,812788,reverse,996,H5_other,996,,
NC_003155.5,Streptomyces,problem,818939,819334,reverse,396,H5_other,396,,
NC_003155.5,Streptomyces,problem,824426,824581,reverse,156,H5_other,156,,
NC_003155.5,Streptomyces,problem,828242,829477,reverse,1236,H4_nested_or_alt_start,1236,,1.0
NC_003155.5,Streptomyces,problem,846848,847663,reverse,816,H5_other,816,,
NC_003155.5,Streptomyces,problem,849152,850117,reverse,966,H5_other,966,,
NC_003155.5,Streptomyces,problem,851975,853219,reverse,1245,H4_nested_or_alt_start,1245,,1.0
NC_003155.5,Streptomyces,problem,861137,862141,reverse,1005,H5_other,1005,,
NC_003155.5,Streptomyces,problem,862181,862798,reverse,618,H5_other,618,,
NC_003155.5,Streptomyces,problem,868691,869677,reverse,987,H5_other,987,,
NC_003155.5,Streptomyces,problem,871760,872986,reverse,1227,H5_other,1227,,
NC_003155.5,Streptomyces,problem,873611,873856,reverse,246,H5_other,246,,
NC_003155.5,Streptomyces,problem,893983,894439,reverse,457,H4_nested_or_alt_start,457,,1.0
NC_003155.5,Streptomyces,problem,893346,893983,reverse,638,H2_nonstart,638,AAG,
NC_003155.5,Streptomyces,problem,899883,900425,forward,543,H2_nonstart,543,CTG,
NC_003155.5,Streptomyces,problem,903011,903400,reverse,390,H5_other,390,,
NC_003155.5,Streptomyces,problem,906101,908071,reverse,1971,H5_other,1971,,
NC_003155.5,Streptomyces,problem,910889,911467,reverse,579,H5_other,579,,
NC_003155.5,Streptomyces,problem,919505,919888,reverse,384,H5_other,384,,
NC_003155.5,Streptomyces,problem,934229,934654,reverse,426,H5_other,426,,
NC_003155.5,Streptomyces,problem,940910,942349,reverse,1440,H4_nested_or_alt_start,1440,,1.0
NC_003155.5,Streptomyces,problem,948548,949270,reverse,723,H5_other,723,,
NC_003155.5,Streptomyces,problem,949418,950035,reverse,618,H5_other,618,,
NC_003155.5,Streptomyces,problem,955607,957277,reverse,1671,H5_other,1671,,
NC_003155.5,Streptomyces,problem,964283,964630,reverse,348,H5_other,348,,
NC_003155.5,Streptomyces,problem,966143,966421,reverse,279,H5_other,279,,
NC_003155.5,Streptomyces,problem,968219,968503,reverse,285,H5_other,285,,
NC_003155.5,Streptomyces,problem,975059,975832,reverse,774,H5_other,774,,
NC_003155.5,Streptomyces,problem,985988,986773,reverse,786,H5_other,786,,
NC_003155.5,Streptomyces,problem,988169,989326,reverse,1158,H5_other,1158,,
NC_003155.5,Streptomyces,problem,989357,990832,reverse,1476,H5_other,1476,,
NC_003155.5,Streptomyces,problem,991484,992731,reverse,1248,H5_other,1248,,
NC_003155.5,Streptomyces,problem,995480,996217,reverse,738,H4_nested_or_alt_start,738,,1.0
NC_003155.5,Streptomyces,problem,997877,999166,reverse,1290,H5_other,1290,,
NC_003155.5,Streptomyces,problem,1002287,1004011,reverse,1725,H5_other,1725,,
NC_003155.5,Streptomyces,problem,1007459,1009384,reverse,1926,H4_nested_or_alt_start,1926,,1.0
NC_003155.5,Streptomyces,problem,1013750,1013968,reverse,219,H5_other,219,,
NC_003155.5,Streptomyces,problem,1015739,1017331,reverse,1593,H5_other,1593,,
NC_003155.5,Streptomyces,problem,1052915,1053874,reverse,960,H5_other,960,,
NC_003155.5,Streptomyces,problem,1060061,1060657,reverse,597,H5_other,597,,
NC_003155.5,Streptomyces,problem,1069805,1070407,reverse,603,H5_other,603,,
NC_003155.5,Streptomyces,problem,1099967,1101631,reverse,1665,H5_other,1665,,
NC_003155.5,Streptomyces,problem,1101640,1101729,reverse,90,H1_short,90,,
NC_003155.5,Streptomyces,problem,1102907,1103317,reverse,411,H5_other,411,,
NC_003155.5,Streptomyces,problem,1104566,1105369,reverse,804,H5_other,804,,
NC_003155.5,Streptomyces,problem,1134941,1135849,reverse,909,H5_other,909,,
NC_003155.5,Streptomyces,problem,1169630,1170997,reverse,1368,H5_other,1368,,
NC_003155.5,Streptomyces,problem,1204748,1205827,reverse,1080,H5_other,1080,,
NC_003155.5,Streptomyces,problem,1207922,1208599,reverse,678,H5_other,678,,
NC_003155.5,Streptomyces,problem,1210067,1210840,reverse,774,H4_nested_or_alt_start,774,,1.0
NC_003155.5,Streptomyces,problem,1216895,1218094,reverse,1200,H5_other,1200,,
NC_003155.5,Streptomyces,problem,1224632,1225057,reverse,426,H5_other,426,,
NC_003155.5,Streptomyces,problem,1228751,1229716,reverse,966,H5_other,966,,
NC_003155.5,Streptomyces,problem,1237830,1237976,forward,147,H2_nonstart,147,CTG,
NC_003155.5,Streptomyces,problem,1237934,1238125,reverse,192,H5_other,192,,
NC_003155.5,Streptomyces,problem,1250231,1251343,reverse,1113,H4_nested_or_alt_start,1113,,1.0
NC_003155.5,Streptomyces,problem,1251356,1252792,reverse,1437,H5_other,1437,,
NC_003155.5,Streptomyces,problem,1272152,1272571,reverse,420,H4_nested_or_alt_start,420,,1.0
NC_003155.5,Streptomyces,problem,1285187,1286746,reverse,1560,H4_nested_or_alt_start,1560,,1.0
NC_003155.5,Streptomyces,problem,1287518,1288711,reverse,1194,H5_other,1194,,
NC_003155.5,Streptomyces,problem,1299830,1300786,reverse,957,H5_other,957,,
NC_003155.5,Streptomyces,problem,1306217,1307035,reverse,819,H5_other,819,,
NC_003155.5,Streptomyces,problem,1308470,1309264,reverse,795,H5_other,795,,
NC_003155.5,Streptomyces,problem,1312721,1313656,reverse,936,H4_nested_or_alt_start,936,,1.0
NC_003155.5,Streptomyces,problem,1316432,1316614,reverse,183,H5_other,183,,
NC_003155.5,Streptomyces,problem,1318574,1320019,reverse,1446,H5_other,1446,,
NC_003155.5,Streptomyces,problem,1320038,1321522,reverse,1485,H4_nested_or_alt_start,1485,,1.0
NC_003155.5,Streptomyces,problem,1321655,1322329,reverse,675,H5_other,675,,
NC_003155.5,Streptomyces,problem,1322480,1323022,reverse,543,H5_other,543,,
NC_003155.5,Streptomyces,problem,1330445,1332496,reverse,2052,H5_other,2052,,
NC_003155.5,Streptomyces,problem,1333655,1334098,reverse,444,H5_other,444,,
NC_003155.5,Streptomyces,problem,1334264,1334656,reverse,393,H5_other,393,,
NC_003155.5,Streptomyces,problem,1334840,1336405,reverse,1566,H5_other,1566,,
NC_003155.5,Streptomyces,problem,1347446,1348486,reverse,1041,H5_other,1041,,
NC_003155.5,Streptomyces,problem,1353464,1354747,reverse,1284,H5_other,1284,,
NC_003155.5,Streptomyces,problem,1357289,1359115,reverse,1827,H5_other,1827,,
NC_003155.5,Streptomyces,problem,1361096,1362439,reverse,1344,H5_other,1344,,
NC_003155.5,Streptomyces,problem,1362458,1363636,reverse,1179,H5_other,1179,,
NC_003155.5,Streptomyces,problem,1366037,1366684,reverse,648,H5_other,648,,
NC_003155.5,Streptomyces,problem,1375979,1376152,reverse,174,H4_nested_or_alt_start,174,,1.0
NC_003155.5,Streptomyces,problem,1376258,1376590,reverse,333,H4_nested_or_alt_start,333,,1.0
NC_003155.5,Streptomyces,problem,1386020,1386385,reverse,366,H5_other,366,,
NC_003155.5,Streptomyces,problem,1387223,1387393,reverse,171,H5_other,171,,
NC_003155.5,Streptomyces,problem,1391231,1392991,reverse,1761,H5_other,1761,,
NC_003155.5,Streptomyces,problem,1393073,1393291,reverse,219,H5_other,219,,
NC_003155.5,Streptomyces,problem,1397147,1397677,reverse,531,H5_other,531,,
NC_003155.5,Streptomyces,problem,1405778,1406389,reverse,612,H5_other,612,,
NC_003155.5,Streptomyces,problem,1410593,1411429,reverse,837,H5_other,837,,
NC_003155.5,Streptomyces,problem,1412969,1414465,reverse,1497,H4_nested_or_alt_start,1497,,1.0
NC_003155.5,Streptomyces,problem,1415378,1417162,reverse,1785,H4_nested_or_alt_start,1785,,11.0
NC_003155.5,Streptomyces,problem,1418522,1419580,reverse,1059,H5_other,1059,,
NC_003155.5,Streptomyces,problem,1421141,1422643,reverse,1503,H5_other,1503,,
NC_003155.5,Streptomyces,problem,1422761,1423966,reverse,1206,H5_other,1206,,
NC_003155.5,Streptomyces,problem,1427717,1428514,reverse,798,H5_other,798,,
NC_003155.5,Streptomyces,problem,1440671,1442122,reverse,1452,H5_other,1452,,
NC_003155.5,Streptomyces,problem,1442225,1442683,reverse,459,H5_other,459,,
NC_003155.5,Streptomyces,problem,1442897,1444288,reverse,1392,H5_other,1392,,
NC_003155.5,Streptomyces,problem,1446863,1447837,reverse,975,H5_other,975,,
NC_003155.5,Streptomyces,problem,1458702,1459718,forward,1017,H2_nonstart,1017,CTG,
NC_003155.5,Streptomyces,problem,1461860,1462765,reverse,906,H5_other,906,,
NC_003155.5,Streptomyces,problem,1465703,1466494,reverse,792,H5_other,792,,
NC_003155.5,Streptomyces,problem,1466876,1468402,reverse,1527,H5_other,1527,,
NC_003155.5,Streptomyces,problem,1475897,1476667,reverse,771,H5_other,771,,
NC_003155.5,Streptomyces,problem,1477301,1478626,reverse,1326,H5_other,1326,,
NC_003155.5,Streptomyces,problem,1478786,1479232,reverse,447,H5_other,447,,
NC_003155.5,Streptomyces,problem,1493561,1493815,reverse,255,H5_other,255,,
NC_003155.5,Streptomyces,problem,1495178,1496359,reverse,1182,H5_other,1182,,
NC_003155.5,Streptomyces,problem,1496417,1497601,reverse,1185,H5_other,1185,,
NC_003155.5,Streptomyces,problem,1499734,1499817,reverse,84,H1_short,84,,
NC_003155.5,Streptomyces,problem,1501220,1501387,reverse,168,H5_other,168,,
NC_003155.5,Streptomyces,problem,1504925,1506169,reverse,1245,H5_other,1245,,
NC_003155.5,Streptomyces,problem,1524392,1525240,reverse,849,H5_other,849,,
NC_003155.5,Streptomyces,problem,1539836,1539991,reverse,156,H5_other,156,,
NC_003155.5,Streptomyces,problem,1541957,1543006,reverse,1050,H5_other,1050,,
NC_003155.5,Streptomyces,problem,1564343,1565452,reverse,1110,H5_other,1110,,
NC_003155.5,Streptomyces,problem,1568444,1569073,reverse,630,H5_other,630,,
NC_003155.5,Streptomyces,problem,1575577,1575990,reverse,414,H2_nonstart,414,ATT,
NC_003155.5,Streptomyces,problem,1576268,1576669,reverse,402,H5_other,402,,
NC_003155.5,Streptomyces,problem,1582571,1583443,reverse,873,H5_other,873,,
NC_003155.5,Streptomyces,problem,1583840,1586812,reverse,2973,H5_other,2973,,
NC_003155.5,Streptomyces,problem,1589771,1590874,reverse,1104,H5_other,1104,,
NC_003155.5,Streptomyces,problem,1602176,1602994,reverse,819,H5_other,819,,
NC_003155.5,Streptomyces,problem,1604909,1605634,reverse,726,H2_nonstart,726,ATC,
NC_003155.5,Streptomyces,problem,1621832,1623214,reverse,1383,H5_other,1383,,
NC_003155.5,Streptomyces,problem,1625891,1627303,reverse,1413,H5_other,1413,,
NC_003155.5,Streptomyces,problem,1627395,1628411,reverse,1017,H2_nonstart,1017,CTG,
NC_003155.5,Streptomyces,problem,1628423,1629883,reverse,1461,H5_other,1461,,
NC_003155.5,Streptomyces,problem,1632260,1632736,reverse,477,H4_nested_or_alt_start,477,,1.0
NC_003155.5,Streptomyces,problem,1635320,1637341,reverse,2022,H5_other,2022,,
NC_003155.5,Streptomyces,problem,1644029,1644448,reverse,420,H5_other,420,,
NC_003155.5,Streptomyces,problem,1646423,1646896,reverse,474,H5_other,474,,
NC_003155.5,Streptomyces,problem,1656575,1657990,reverse,1416,H5_other,1416,,
NC_003155.5,Streptomyces,problem,1661612,1662823,reverse,1212,H5_other,1212,,
NC_003155.5,Streptomyces,problem,1664591,1665361,reverse,771,H5_other,771,,
NC_003155.5,Streptomyces,problem,1667828,1669183,reverse,1356,H5_other,1356,,
NC_003155.5,Streptomyces,problem,1674152,1674853,reverse,702,H5_other,702,,
NC_003155.5,Streptomyces,problem,1675979,1676188,reverse,210,H5_other,210,,
NC_003155.5,Streptomyces,problem,1677776,1678252,reverse,477,H5_other,477,,
NC_003155.5,Streptomyces,problem,1684007,1684810,reverse,804,H5_other,804,,
NC_003155.5,Streptomyces,problem,1694414,1695211,reverse,798,H5_other,798,,
NC_003155.5,Streptomyces,problem,1697945,1698727,reverse,783,H5_other,783,,
NC_003155.5,Streptomyces,problem,1708139,1708840,reverse,702,H4_nested_or_alt_start,702,,1.0
NC_003155.5,Streptomyces,problem,1714511,1716925,reverse,2415,H5_other,2415,,
NC_003155.5,Streptomyces,problem,1717280,1718953,reverse,1674,H5_other,1674,,
NC_003155.5,Streptomyces,problem,1732688,1733521,reverse,834,H5_other,834,,
NC_003155.5,Streptomyces,problem,1746233,1747159,reverse,927,H5_other,927,,
NC_003155.5,Streptomyces,problem,1773932,1774243,reverse,312,H5_other,312,,
NC_003155.5,Streptomyces,problem,1789418,1790134,reverse,717,H5_other,717,,
NC_003155.5,Streptomyces,problem,1793336,1794262,reverse,927,H5_other,927,,
NC_003155.5,Streptomyces,problem,1797842,1800043,reverse,2202,H4_nested_or_alt_start,2202,,23.0
NC_003155.5,Streptomyces,problem,1812317,1813522,reverse,1206,H5_other,1206,,
NC_003155.5,Streptomyces,problem,1815974,1817014,reverse,1041,H5_other,1041,,
NC_003155.5,Streptomyces,problem,1822322,1823626,reverse,1305,H5_other,1305,,
NC_003155.5,Streptomyces,problem,1826786,1827292,reverse,507,H5_other,507,,
NC_003155.5,Streptomyces,problem,1831784,1832530,reverse,747,H5_other,747,,
NC_003155.5,Streptomyces,problem,1837172,1837690,reverse,519,H4_nested_or_alt_start,519,,1.0
NC_003155.5,Streptomyces,problem,1837808,1838404,reverse,597,H5_other,597,,
NC_003155.5,Streptomyces,problem,1868444,1868764,reverse,321,H5_other,321,,
NC_003155.5,Streptomyces,problem,1873463,1875013,reverse,1551,H5_other,1551,,
NC_003155.5,Streptomyces,problem,1888040,1889299,reverse,1260,H4_nested_or_alt_start,1260,,1.0
NC_003155.5,Streptomyces,problem,1889510,1890037,reverse,528,H5_other,528,,
NC_003155.5,Streptomyces,problem,1893266,1895794,reverse,2529,H5_other,2529,,
NC_003155.5,Streptomyces,problem,1895828,1910317,reverse,14490,H5_other,14490,,
NC_003155.5,Streptomyces,problem,1910558,1912282,reverse,1725,H5_other,1725,,
NC_003155.5,Streptomyces,problem,1919909,1919977,forward,69,H1_short,69,,
NC_003155.5,Streptomyces,problem,1925174,1926019,reverse,846,H5_other,846,,
NC_003155.5,Streptomyces,problem,1937072,1937866,reverse,795,H5_other,795,,
NC_003155.5,Streptomyces,problem,1944638,1945075,reverse,438,H5_other,438,,
NC_003155.5,Streptomyces,problem,1949240,1949998,reverse,759,H5_other,759,,
NC_003155.5,Streptomyces,problem,1953419,1954480,reverse,1062,H4_nested_or_alt_start,1062,,1.0
NC_003155.5,Streptomyces,problem,1960490,1962298,reverse,1809,H5_other,1809,,
NC_003155.5,Streptomyces,problem,1978871,1979575,reverse,705,H5_other,705,,
NC_003155.5,Streptomyces,problem,1985297,1986046,reverse,750,H5_other,750,,
NC_003155.5,Streptomyces,problem,1986092,1986742,reverse,651,H5_other,651,,
NC_003155.5,Streptomyces,problem,1987073,1988569,reverse,1497,H5_other,1497,,
NC_003155.5,Streptomyces,problem,1990145,1991611,reverse,1467,H5_other,1467,,
NC_003155.5,Streptomyces,problem,1994576,1995481,reverse,906,H5_other,906,,
NC_003155.5,Streptomyces,problem,1995767,1996960,reverse,1194,H5_other,1194,,
NC_003155.5,Streptomyces,problem,1999445,1999822,reverse,378,H5_other,378,,
NC_003155.5,Streptomyces,problem,2002445,2003665,reverse,1221,H5_other,1221,,
NC_003155.5,Streptomyces,problem,2008712,2009617,reverse,906,H5_other,906,,
NC_003155.5,Streptomyces,problem,2010083,2012152,reverse,2070,H5_other,2070,,
NC_003155.5,Streptomyces,problem,2013146,2013256,reverse,111,H5_other,111,,
NC_003155.5,Streptomyces,problem,2018522,2019544,reverse,1023,H5_other,1023,,
NC_003155.5,Streptomyces,problem,2023433,2024860,reverse,1428,H5_other,1428,,
NC_003155.5,Streptomyces,problem,2025944,2026876,reverse,933,H4_nested_or_alt_start,933,,1.0
NC_003155.5,Streptomyces,problem,2027207,2027986,reverse,780,H5_other,780,,
NC_003155.5,Streptomyces,problem,2032442,2034241,reverse,1800,H2_nonstart,1800,CTG,
NC_003155.5,Streptomyces,problem,2039813,2040679,forward,867,H2_nonstart,867,CTG,
NC_003155.5,Streptomyces,problem,2047310,2048590,reverse,1281,H5_other,1281,,
NC_003155.5,Streptomyces,problem,2052998,2054461,reverse,1464,H5_other,1464,,
NC_003155.5,Streptomyces,problem,2060054,2061211,reverse,1158,H5_other,1158,,
NC_003155.5,Streptomyces,problem,2062697,2063386,reverse,690,H4_nested_or_alt_start,690,,1.0
NC_003155.5,Streptomyces,problem,2063861,2064931,reverse,1071,H5_other,1071,,
NC_003155.5,Streptomyces,problem,2070860,2071630,reverse,771,H5_other,771,,
NC_003155.5,Streptomyces,problem,2074412,2075428,reverse,1017,H5_other,1017,,
NC_003155.5,Streptomyces,problem,2077925,2078392,reverse,468,H5_other,468,,
NC_003155.5,Streptomyces,problem,2084414,2087101,reverse,2688,H5_other,2688,,
NC_003155.5,Streptomyces,problem,2091029,2091643,reverse,615,H5_other,615,,
NC_003155.5,Streptomyces,problem,2094827,2096878,reverse,2052,H5_other,2052,,
NC_003155.5,Streptomyces,problem,2097860,2098342,reverse,483,H5_other,483,,
NC_003155.5,Streptomyces,problem,2108681,2110021,reverse,1341,H5_other,1341,,
NC_003155.5,Streptomyces,problem,2111207,2111878,reverse,672,H4_nested_or_alt_start,672,,1.0
NC_003155.5,Streptomyces,problem,2111948,2112949,reverse,1002,H5_other,1002,,
NC_003155.5,Streptomyces,problem,2118719,2119918,reverse,1200,H5_other,1200,,
NC_003155.5,Streptomyces,problem,2129885,2130757,reverse,873,H5_other,873,,
NC_003155.5,Streptomyces,problem,2138564,2139901,reverse,1338,H5_other,1338,,
NC_003155.5,Streptomyces,problem,2154536,2155009,forward,474,H2_nonstart,474,ATC,
NC_003155.5,Streptomyces,problem,2171936,2173741,reverse,1806,H5_other,1806,,
NC_003155.5,Streptomyces,problem,2181020,2181445,reverse,426,H5_other,426,,
NC_003155.5,Streptomyces,problem,2182334,2183068,reverse,735,H5_other,735,,
NC_003155.5,Streptomyces,problem,2186588,2187568,reverse,981,H4_nested_or_alt_start,981,,1.0
NC_003155.5,Streptomyces,problem,2190671,2191627,reverse,957,H4_nested_or_alt_start,957,,1.0
NC_003155.5,Streptomyces,problem,2197922,2199811,reverse,1890,H5_other,1890,,
NC_003155.5,Streptomyces,problem,2200016,2201374,reverse,1359,H5_other,1359,,
NC_003155.5,Streptomyces,problem,2202269,2203267,reverse,999,H4_nested_or_alt_start,999,,1.0
NC_003155.5,Streptomyces,problem,2208269,2209414,reverse,1146,H5_other,1146,,
NC_003155.5,Streptomyces,problem,2209514,2210155,reverse,642,H5_other,642,,
NC_003155.5,Streptomyces,problem,2212064,2214322,reverse,2259,H5_other,2259,,
NC_003155.5,Streptomyces,problem,2216573,2216761,reverse,189,H5_other,189,,
NC_003155.5,Streptomyces,problem,2223614,2225155,reverse,1542,H5_other,1542,,
NC_003155.5,Streptomyces,problem,2235737,2236741,reverse,1005,H4_nested_or_alt_start,1005,,1.0
NC_003155.5,Streptomyces,problem,2236754,2237962,reverse,1209,H5_other,1209,,
NC_003155.5,Streptomyces,problem,2238014,2239063,reverse,1050,H5_other,1050,,
NC_003155.5,Streptomyces,problem,2253602,2254159,reverse,558,H5_other,558,,
NC_003155.5,Streptomyces,problem,2280251,2280856,reverse,606,H5_other,606,,
NC_003155.5,Streptomyces,problem,2290902,2291444,reverse,543,H2_nonstart,543,CTG,
NC_003155.5,Streptomyces,problem,2291726,2293825,reverse,2100,H5_other,2100,,
NC_003155.5,Streptomyces,problem,2293994,2294428,reverse,435,H5_other,435,,
NC_003155.5,Streptomyces,problem,2307611,2307895,reverse,285,H5_other,285,,
NC_003155.5,Streptomyces,problem,2308847,2309173,reverse,327,H4_nested_or_alt_start,327,,1.0
NC_003155.5,Streptomyces,problem,2310299,2310985,reverse,687,H4_nested_or_alt_start,687,,1.0
NC_003155.5,Streptomyces,problem,2311286,2312053,reverse,768,H5_other,768,,
NC_003155.5,Streptomyces,problem,2313083,2314933,reverse,1851,H5_other,1851,,
NC_003155.5,Streptomyces,problem,2316560,2317081,reverse,522,H5_other,522,,
NC_003155.5,Streptomyces,problem,2317670,2318566,reverse,897,H5_other,897,,
NC_003155.5,Streptomyces,problem,2323445,2324278,reverse,834,H5_other,834,,
NC_003155.5,Streptomyces,problem,2327906,2330284,reverse,2379,H5_other,2379,,
NC_003155.5,Streptomyces,problem,2330438,2330881,reverse,444,H5_other,444,,
NC_003155.5,Streptomyces,problem,2346527,2347678,reverse,1152,H5_other,1152,,
NC_003155.5,Streptomyces,problem,2369954,2370799,reverse,846,H5_other,846,,
NC_003155.5,Streptomyces,problem,2373980,2374402,reverse,423,H5_other,423,,
NC_003155.5,Streptomyces,problem,2374703,2375866,reverse,1164,H5_other,1164,,
NC_003155.5,Streptomyces,problem,2381561,2383087,reverse,1527,H5_other,1527,,
NC_003155.5,Streptomyces,problem,2383259,2384284,reverse,1026,H5_other,1026,,
NC_003155.5,Streptomyces,problem,2385800,2386642,reverse,843,H5_other,843,,
NC_003155.5,Streptomyces,problem,2389685,2390527,reverse,843,H5_other,843,,
NC_003155.5,Streptomyces,problem,2390738,2392366,reverse,1629,H4_nested_or_alt_start,1629,,1.0
NC_003155.5,Streptomyces,problem,2398214,2399104,reverse,891,H4_nested_or_alt_start,891,,1.0
NC_003155.5,Streptomyces,problem,2406875,2407447,reverse,573,H5_other,573,,
NC_003155.5,Streptomyces,problem,2412485,2412721,reverse,237,H5_other,237,,
NC_003155.5,Streptomyces,problem,2415389,2418265,reverse,2877,H4_nested_or_alt_start,2877,,1.0
NC_003155.5,Streptomyces,problem,2422016,2423020,reverse,1005,H5_other,1005,,
NC_003155.5,Streptomyces,problem,2425067,2425492,reverse,426,H5_other,426,,
NC_003155.5,Streptomyces,problem,2426786,2427457,reverse,672,H4_nested_or_alt_start,672,,1.0
NC_003155.5,Streptomyces,problem,2430872,2431777,reverse,906,H5_other,906,,
NC_003155.5,Streptomyces,problem,2440649,2440930,reverse,282,H5_other,282,,
NC_003155.5,Streptomyces,problem,2447531,2448169,reverse,639,H4_nested_or_alt_start,639,,1.0
NC_003155.5,Streptomyces,problem,2460041,2460988,reverse,948,H5_other,948,,
NC_003155.5,Streptomyces,problem,2460995,2461402,reverse,408,H5_other,408,,
NC_003155.5,Streptomyces,problem,2462114,2462482,reverse,369,H5_other,369,,
NC_003155.5,Streptomyces,problem,2484587,2484862,reverse,276,H5_other,276,,
NC_003155.5,Streptomyces,problem,2499563,2499997,reverse,435,H5_other,435,,
NC_003155.5,Streptomyces,problem,2500955,2501176,reverse,222,H4_nested_or_alt_start,222,,1.0
NC_003155.5,Streptomyces,problem,2501322,2502116,reverse,795,H2_nonstart,795,CTG,
NC_003155.5,Streptomyces,problem,2504984,2505988,reverse,1005,H5_other,1005,,
NC_003155.5,Streptomyces,problem,2519732,2520322,reverse,591,H5_other,591,,
NC_003155.5,Streptomyces,problem,2524283,2524558,reverse,276,H5_other,276,,
NC_003155.5,Streptomyces,problem,2529077,2529568,reverse,492,H5_other,492,,
NC_003155.5,Streptomyces,problem,2530721,2532463,reverse,1743,H5_other,1743,,
NC_003155.5,Streptomyces,problem,2532518,2534542,reverse,2025,H5_other,2025,,
NC_003155.5,Streptomyces,problem,2538571,2539986,reverse,1416,H2_nonstart,1416,ATC,
NC_003155.5,Streptomyces,problem,2572280,2573689,reverse,1410,H5_other,1410,,
NC_003155.5,Streptomyces,problem,2584640,2585353,reverse,714,H5_other,714,,
NC_003155.5,Streptomyces,problem,2585462,2586424,reverse,963,H4_nested_or_alt_start,963,,1.0
NC_003155.5,Streptomyces,problem,2587406,2588569,reverse,1164,H5_other,1164,,
NC_003155.5,Streptomyces,problem,2594347,2594430,forward,84,H1_short,84,,
NC_003155.5,Streptomyces,problem,2603984,2604580,reverse,597,H5_other,597,,
NC_003155.5,Streptomyces,problem,2611775,2612713,reverse,939,H5_other,939,,
NC_003155.5,Streptomyces,problem,2627913,2629265,reverse,1353,H2_nonstart,1353,CTG,
NC_003155.5,Streptomyces,problem,2632064,2632999,reverse,936,H5_other,936,,
NC_003155.5,Streptomyces,problem,2634707,2635048,reverse,342,H5_other,342,,
NC_003155.5,Streptomyces,problem,2635148,2635354,reverse,207,H4_nested_or_alt_start,207,,1.0
NC_003155.5,Streptomyces,problem,2635583,2637760,reverse,2178,H5_other,2178,,
NC_003155.5,Streptomyces,problem,2657225,2658352,reverse,1128,H5_other,1128,,
NC_003155.5,Streptomyces,problem,2658461,2660437,reverse,1977,H5_other,1977,,
NC_003155.5,Streptomyces,problem,2667119,2668456,reverse,1338,H5_other,1338,,
NC_003155.5,Streptomyces,problem,2672633,2673259,reverse,627,H5_other,627,,
NC_003155.5,Streptomyces,problem,2673659,2677483,reverse,3825,H5_other,3825,,
NC_003155.5,Streptomyces,problem,2684471,2685865,reverse,1395,H5_other,1395,,
NC_003155.5,Streptomyces,problem,2701820,2703286,reverse,1467,H5_other,1467,,
NC_003155.5,Streptomyces,problem,2723231,2724346,reverse,1116,H5_other,1116,,
NC_003155.5,Streptomyces,problem,2734874,2735983,reverse,1110,H5_other,1110,,
NC_003155.5,Streptomyces,problem,2738576,2739499,reverse,924,H5_other,924,,
NC_003155.5,Streptomyces,problem,2745431,2748745,reverse,3315,H5_other,3315,,
NC_003155.5,Streptomyces,problem,2749073,2750143,reverse,1071,H5_other,1071,,
NC_003155.5,Streptomyces,problem,2750900,2752438,reverse,1539,H5_other,1539,,
NC_003155.5,Streptomyces,problem,2765027,2766217,reverse,1191,H5_other,1191,,
NC_003155.5,Streptomyces,problem,2766968,2767960,reverse,993,H4_nested_or_alt_start,993,,5.0
NC_003155.5,Streptomyces,problem,2776016,2777119,reverse,1104,H5_other,1104,,
NC_003155.5,Streptomyces,problem,2784503,2784820,reverse,318,H5_other,318,,
NC_003155.5,Streptomyces,problem,2798090,2798416,reverse,327,H4_nested_or_alt_start,327,,1.0
NC_003155.5,Streptomyces,problem,2800061,2801158,reverse,1098,H5_other,1098,,
NC_003155.5,Streptomyces,problem,2801444,2801644,reverse,201,H5_other,201,,
NC_003155.5,Streptomyces,problem,2801738,2802733,reverse,996,H5_other,996,,
NC_003155.5,Streptomyces,problem,2808239,2809366,reverse,1128,H5_other,1128,,
NC_003155.5,Streptomyces,problem,2819750,2820577,reverse,828,H5_other,828,,
NC_003155.5,Streptomyces,problem,2822927,2823934,reverse,1008,H5_other,1008,,
NC_003155.5,Streptomyces,problem,2827733,2830279,reverse,2547,H5_other,2547,,
NC_003155.5,Streptomyces,problem,2833913,2835130,reverse,1218,H5_other,1218,,
NC_003155.5,Streptomyces,problem,2843585,2844349,reverse,765,H5_other,765,,
NC_003155.5,Streptomyces,problem,2844389,2844976,reverse,588,H5_other,588,,
NC_003155.5,Streptomyces,problem,2850071,2851015,reverse,945,H5_other,945,,
NC_003155.5,Streptomyces,problem,2856344,2857282,reverse,939,H2_nonstart,939,CTG,
NC_003155.5,Streptomyces,problem,2859641,2860309,reverse,669,H5_other,669,,
NC_003155.5,Streptomyces,problem,2861705,2861932,reverse,228,H5_other,228,,
NC_003155.5,Streptomyces,problem,2861936,2862751,reverse,816,H5_other,816,,
NC_003155.5,Streptomyces,problem,2863100,2864230,reverse,1131,H5_other,1131,,
NC_003155.5,Streptomyces,problem,2864237,2865367,reverse,1131,H5_other,1131,,
NC_003155.5,Streptomyces,problem,2865374,2865628,reverse,255,H5_other,255,,
NC_003155.5,Streptomyces,problem,2867801,2868622,reverse,822,H5_other,822,,
NC_003155.5,Streptomyces,problem,2873756,2875672,reverse,1917,H4_nested_or_alt_start,1917,,1.0
NC_003155.5,Streptomyces,problem,2878682,2879881,reverse,1200,H5_other,1200,,
NC_003155.5,Streptomyces,problem,2907341,2908345,reverse,1005,H5_other,1005,,
NC_003155.5,Streptomyces,problem,2908487,2909428,reverse,942,H5_other,942,,
NC_003155.5,Streptomyces,problem,2913879,2914112,forward,234,H2_nonstart,234,ATC,
NC_003155.5,Streptomyces,problem,2926016,2926780,reverse,765,H5_other,765,,
NC_003155.5,Streptomyces,problem,2927306,2927890,reverse,585,H5_other,585,,
NC_003155.5,Streptomyces,problem,2933609,2934736,reverse,1128,H5_other,1128,,
NC_003155.5,Streptomyces,problem,2939732,2940583,reverse,852,H5_other,852,,
NC_003155.5,Streptomyces,problem,2942495,2943682,reverse,1188,H5_other,1188,,
NC_003155.5,Streptomyces,problem,2944322,2947171,reverse,2850,H5_other,2850,,
NC_003155.5,Streptomyces,problem,2966252,2967067,reverse,816,H5_other,816,,
NC_003155.5,Streptomyces,problem,2969549,2970037,reverse,489,H5_other,489,,
NC_003155.5,Streptomyces,problem,2971973,2972518,reverse,546,H5_other,546,,
NC_003155.5,Streptomyces,problem,2972825,2974948,reverse,2124,H5_other,2124,,
NC_003155.5,Streptomyces,problem,2981909,2982661,reverse,753,H5_other,753,,
NC_003155.5,Streptomyces,problem,2982785,2984785,reverse,2001,H5_other,2001,,
NC_003155.5,Streptomyces,problem,2985293,2987020,reverse,1728,H5_other,1728,,
NC_003155.5,Streptomyces,problem,2995226,2996662,reverse,1437,H5_other,1437,,
NC_003155.5,Streptomyces,problem,2997383,2998288,reverse,906,H5_other,906,,
NC_003155.5,Streptomyces,problem,2998301,2998960,reverse,660,H5_other,660,,
NC_003155.5,Streptomyces,problem,3000542,3003436,reverse,2895,H5_other,2895,,
NC_003155.5,Streptomyces,problem,3017627,3019096,reverse,1470,H5_other,1470,,
NC_003155.5,Streptomyces,problem,3025529,3026248,reverse,720,H4_nested_or_alt_start,720,,1.0
NC_003155.5,Streptomyces,problem,3026318,3027844,reverse,1527,H5_other,1527,,
NC_003155.5,Streptomyces,problem,3037574,3037645,forward,72,H1_short,72,,
NC_003155.5,Streptomyces,problem,3045344,3046108,reverse,765,H5_other,765,,
NC_003155.5,Streptomyces,problem,3056006,3056551,reverse,546,H5_other,546,,
NC_003155.5,Streptomyces,problem,3062987,3063673,reverse,687,H5_other,687,,
NC_003155.5,Streptomyces,problem,3072791,3073453,reverse,663,H5_other,663,,
NC_003155.5,Streptomyces,problem,3082295,3083035,reverse,741,H5_other,741,,
NC_003155.5,Streptomyces,problem,3084239,3084691,reverse,453,H5_other,453,,
NC_003155.5,Streptomyces,problem,3089414,3089701,reverse,288,H5_other,288,,
NC_003155.5,Streptomyces,problem,3102929,3103279,reverse,351,H5_other,351,,
NC_003155.5,Streptomyces,problem,3104717,3106498,reverse,1782,H5_other,1782,,
NC_003155.5,Streptomyces,problem,3111308,3111886,reverse,579,H5_other,579,,
NC_003155.5,Streptomyces,problem,3122078,3123031,reverse,954,H5_other,954,,
NC_003155.5,Streptomyces,problem,3127064,3127969,reverse,906,H5_other,906,,
NC_003155.5,Streptomyces,problem,3128474,3128767,reverse,294,H5_other,294,,
NC_003155.5,Streptomyces,problem,3136889,3138583,reverse,1695,H5_other,1695,,
NC_003155.5,Streptomyces,problem,3139424,3140272,reverse,849,H5_other,849,,
NC_003155.5,Streptomyces,problem,3140456,3141613,reverse,1158,H5_other,1158,,
NC_003155.5,Streptomyces,problem,3141782,3143074,reverse,1293,H5_other,1293,,
NC_003155.5,Streptomyces,problem,3147845,3148213,reverse,369,H5_other,369,,
NC_003155.5,Streptomyces,problem,3148433,3150364,reverse,1932,H5_other,1932,,
NC_003155.5,Streptomyces,problem,3154862,3155575,reverse,714,H5_other,714,,
NC_003155.5,Streptomyces,problem,3159785,3162004,reverse,2220,H5_other,2220,,
NC_003155.5,Streptomyces,problem,3169298,3170743,reverse,1446,H4_nested_or_alt_start,1446,,1.0
NC_003155.5,Streptomyces,problem,3177737,3179566,reverse,1830,H5_other,1830,,
NC_003155.5,Streptomyces,problem,3179751,3180233,reverse,483,H2_nonstart,483,ATC,
NC_003155.5,Streptomyces,problem,3181199,3181999,reverse,801,H5_other,801,,
NC_003155.5,Streptomyces,problem,3182000,3182941,reverse,942,H5_other,942,,
NC_003155.5,Streptomyces,problem,3187745,3188071,reverse,327,H5_other,327,,
NC_003155.5,Streptomyces,problem,3206024,3206338,reverse,315,H5_other,315,,
NC_003155.5,Streptomyces,problem,3206678,3207868,reverse,1191,H5_other,1191,,
NC_003155.5,Streptomyces,problem,3219272,3220357,reverse,1086,H5_other,1086,,
NC_003155.5,Streptomyces,problem,3220568,3221674,reverse,1107,H5_other,1107,,
NC_003155.5,Streptomyces,problem,3221960,3222364,reverse,405,H5_other,405,,
NC_003155.5,Streptomyces,problem,3225476,3226312,reverse,837,H5_other,837,,
NC_003155.5,Streptomyces,problem,3226409,3227335,reverse,927,H5_other,927,,
NC_003155.5,Streptomyces,problem,3230270,3231415,reverse,1146,H5_other,1146,,
NC_003155.5,Streptomyces,problem,3233591,3233899,reverse,309,H5_other,309,,
NC_003155.5,Streptomyces,problem,3236204,3237286,reverse,1083,H5_other,1083,,
NC_003155.5,Streptomyces,problem,3239375,3239935,reverse,561,H5_other,561,,
NC_003155.5,Streptomyces,problem,3240044,3240283,reverse,240,H5_other,240,,
NC_003155.5,Streptomyces,problem,3248960,3250300,reverse,1341,H5_other,1341,,
NC_003155.5,Streptomyces,problem,3257219,3258631,reverse,1413,H5_other,1413,,
NC_003155.5,Streptomyces,problem,3267410,3268270,reverse,861,H5_other,861,,
NC_003155.5,Streptomyces,problem,3268331,3269161,reverse,831,H5_other,831,,
NC_003155.5,Streptomyces,problem,3269357,3270010,reverse,654,H5_other,654,,
NC_003155.5,Streptomyces,problem,3271898,3272485,reverse,588,H5_other,588,,
NC_003155.5,Streptomyces,problem,3272525,3275752,reverse,3228,H5_other,3228,,
NC_003155.5,Streptomyces,problem,3285458,3286615,reverse,1158,H5_other,1158,,
NC_003155.5,Streptomyces,problem,3289655,3290308,reverse,654,H5_other,654,,
NC_003155.5,Streptomyces,problem,3313418,3315739,reverse,2322,H5_other,2322,,
NC_003155.5,Streptomyces,problem,3332330,3333013,reverse,684,H5_other,684,,
NC_003155.5,Streptomyces,problem,3333251,3334339,reverse,1089,H5_other,1089,,
NC_003155.5,Streptomyces,problem,3338018,3338557,reverse,540,H5_other,540,,
NC_003155.5,Streptomyces,problem,3339557,3341188,reverse,1632,H5_other,1632,,
NC_003155.5,Streptomyces,problem,3343682,3345160,reverse,1479,H5_other,1479,,
NC_003155.5,Streptomyces,problem,3353885,3354412,reverse,528,H5_other,528,,
NC_003155.5,Streptomyces,problem,3367088,3367291,reverse,204,H5_other,204,,
NC_003155.5,Streptomyces,problem,3367493,3368104,reverse,612,H5_other,612,,
NC_003155.5,Streptomyces,problem,3369059,3370576,reverse,1518,H5_other,1518,,
NC_003155.5,Streptomyces,problem,3370832,3372337,reverse,1506,H5_other,1506,,
NC_003155.5,Streptomyces,problem,3372950,3375286,reverse,2337,H5_other,2337,,
NC_003155.5,Streptomyces,problem,3378845,3379543,reverse,699,H4_nested_or_alt_start,699,,1.0
NC_003155.5,Streptomyces,problem,3385700,3385966,reverse,267,H5_other,267,,
NC_003155.5,Streptomyces,problem,3386006,3386173,reverse,168,H5_other,168,,
NC_003155.5,Streptomyces,problem,3387071,3387436,reverse,366,H4_nested_or_alt_start,366,,1.0
NC_003155.5,Streptomyces,problem,3389237,3390097,reverse,861,H5_other,861,,
NC_003155.5,Streptomyces,problem,3390899,3392290,reverse,1392,H5_other,1392,,
NC_003155.5,Streptomyces,problem,3392387,3393913,reverse,1527,H5_other,1527,,
NC_003155.5,Streptomyces,problem,3401168,3401860,reverse,693,H2_nonstart,693,ATC,
NC_003155.5,Streptomyces,problem,3407939,3408601,reverse,663,H5_other,663,,
NC_003155.5,Streptomyces,problem,3409094,3410020,reverse,927,H5_other,927,,
NC_003155.5,Streptomyces,problem,3411956,3412846,reverse,891,H5_other,891,,
NC_003155.5,Streptomyces,problem,3432341,3432811,reverse,471,H5_other,471,,
NC_003155.5,Streptomyces,problem,3463140,3464033,forward,894,H2_nonstart,894,CTG,
NC_003155.5,Streptomyces,problem,3466103,3467128,reverse,1026,H5_other,1026,,
NC_003155.5,Streptomyces,problem,3479435,3479773,reverse,339,H5_other,339,,
NC_003155.5,Streptomyces,problem,3488000,3489034,reverse,1035,H5_other,1035,,
NC_003155.5,Streptomyces,problem,3490385,3491017,reverse,633,H5_other,633,,
NC_003155.5,Streptomyces,problem,3492899,3493243,reverse,345,H5_other,345,,
NC_003155.5,Streptomyces,problem,3497612,3498568,reverse,957,H5_other,957,,
NC_003155.5,Streptomyces,problem,3513017,3515560,reverse,2544,H5_other,2544,,
NC_003155.5,Streptomyces,problem,3527381,3528298,reverse,918,H5_other,918,,
NC_003155.5,Streptomyces,problem,3528320,3529909,reverse,1590,H5_other,1590,,
NC_003155.5,Streptomyces,problem,3530039,3530860,reverse,822,H5_other,822,,
NC_003155.5,Streptomyces,problem,3533486,3534433,reverse,948,H5_other,948,,
NC_003155.5,Streptomyces,problem,3536018,3536521,reverse,504,H5_other,504,,
NC_003155.5,Streptomyces,problem,3581534,3593353,reverse,11820,H5_other,11820,,
NC_003155.5,Streptomyces,problem,3607907,3626353,reverse,18447,H5_other,18447,,
NC_003155.5,Streptomyces,problem,3626534,3626872,reverse,339,H5_other,339,,
NC_003155.5,Streptomyces,problem,3639464,3640735,reverse,1272,H5_other,1272,,
NC_003155.5,Streptomyces,problem,3640880,3641545,reverse,666,H5_other,666,,
NC_003155.5,Streptomyces,problem,3642242,3643081,reverse,840,H5_other,840,,
NC_003155.5,Streptomyces,problem,3648821,3649738,reverse,918,H5_other,918,,
NC_003155.5,Streptomyces,problem,3654002,3655060,reverse,1059,H4_nested_or_alt_start,1059,,1.0
NC_003155.5,Streptomyces,problem,3655220,3655813,reverse,594,H5_other,594,,
NC_003155.5,Streptomyces,problem,3656330,3657742,reverse,1413,H4_nested_or_alt_start,1413,,9.0
NC_003155.5,Streptomyces,problem,3666731,3666895,reverse,165,H5_other,165,,
NC_003155.5,Streptomyces,problem,3666923,3669067,reverse,2145,H5_other,2145,,
NC_003155.5,Streptomyces,problem,3672836,3674863,reverse,2028,H5_other,2028,,
NC_003155.5,Streptomyces,problem,3676424,3677563,reverse,1140,H5_other,1140,,
NC_003155.5,Streptomyces,problem,3678968,3680404,reverse,1437,H5_other,1437,,
NC_003155.5,Streptomyces,problem,3680420,3681166,reverse,747,H5_other,747,,
NC_003155.5,Streptomyces,problem,3687593,3688135,reverse,543,H5_other,543,,
NC_003155.5,Streptomyces,problem,3693749,3694840,reverse,1092,H5_other,1092,,
NC_003155.5,Streptomyces,problem,3695855,3696658,reverse,804,H5_other,804,,
NC_003155.5,Streptomyces,problem,3707729,3708982,reverse,1254,H5_other,1254,,
NC_003155.5,Streptomyces,problem,3709010,3709636,reverse,627,H5_other,627,,
NC_003155.5,Streptomyces,problem,3710030,3710533,reverse,504,H5_other,504,,
NC_003155.5,Streptomyces,problem,3727917,3730868,reverse,2952,H2_nonstart,2952,ATC,
NC_003155.5,Streptomyces,problem,3737501,3738724,reverse,1224,H5_other,1224,,
NC_003155.5,Streptomyces,problem,3744875,3745384,reverse,510,H5_other,510,,
NC_003155.5,Streptomyces,problem,3759224,3759571,reverse,348,H5_other,348,,
NC_003155.5,Streptomyces,problem,3760742,3761926,reverse,1185,H5_other,1185,,
NC_003155.5,Streptomyces,problem,3765728,3767329,reverse,1602,H5_other,1602,,
NC_003155.5,Streptomyces,problem,3771944,3773410,reverse,1467,H5_other,1467,,
NC_003155.5,Streptomyces,problem,3777302,3778291,reverse,990,H5_other,990,,
NC_003155.5,Streptomyces,problem,3787379,3787585,reverse,207,H5_other,207,,
NC_003155.5,Streptomyces,problem,3792275,3793255,reverse,981,H5_other,981,,
NC_003155.5,Streptomyces,problem,3793397,3794674,reverse,1278,H2_nonstart,1278,CTG,
NC_003155.5,Streptomyces,problem,3796337,3796648,reverse,312,H5_other,312,,
NC_003155.5,Streptomyces,problem,3804695,3805603,reverse,909,H5_other,909,,
NC_003155.5,Streptomyces,problem,3808424,3809059,reverse,636,H5_other,636,,
NC_003155.5,Streptomyces,problem,3810692,3812161,reverse,1470,H5_other,1470,,
NC_003155.5,Streptomyces,problem,3813377,3815227,reverse,1851,H5_other,1851,,
NC_003155.5,Streptomyces,problem,3864711,3864803,reverse,93,H1_short,93,,
NC_003155.5,Streptomyces,problem,3892151,3892849,forward,699,H2_nonstart,699,ATC,
NC_003155.5,Streptomyces,problem,4078192,4079676,reverse,1485,H2_nonstart,1485,ATC,
NC_003155.5,Streptomyces,problem,4184578,4186242,reverse,1665,H2_nonstart,1665,ATC,
NC_003155.5,Streptomyces,problem,4216687,4217205,forward,519,H2_nonstart,519,CTG,
NC_003155.5,Streptomyces,problem,4527901,4528620,reverse,720,H2_nonstart,720,CTG,
NC_003155.5,Streptomyces,problem,4544195,4544854,reverse,660,H2_nonstart,660,CTG,
NC_003155.5,Streptomyces,problem,4616145,4617440,reverse,1296,H2_nonstart,1296,CTG,
NC_003155.5,Streptomyces,problem,4808849,4809367,forward,519,H2_nonstart,519,ATC,
NC_003155.5,Streptomyces,problem,4908187,4909467,reverse,1281,H2_nonstart,1281,CTG,
NC_003155.5,Streptomyces,problem,4956533,4956613,reverse,81,H1_short,81,,
NC_003155.5,Streptomyces,problem,5173008,5173350,reverse,343,H4_nested_or_alt_start,343,,3.0
NC_003155.5,Streptomyces,problem,5172533,5173008,reverse,476,H2_nonstart,476,AAA,
NC_003155.5,Streptomyces,problem,5561133,5561588,forward,456,H5_other,456,,
NC_003155.5,Streptomyces,problem,5565399,5565998,forward,600,H5_other,600,,
NC_003155.5,Streptomyces,problem,5570427,5571629,forward,1203,H5_other,1203,,
NC_003155.5,Streptomyces,problem,5590803,5591261,forward,459,H5_other,459,,
NC_003155.5,Streptomyces,problem,5602812,5603282,forward,471,H5_other,471,,
NC_003155.5,Streptomyces,problem,5603487,5604359,forward,873,H5_other,873,,
NC_003155.5,Streptomyces,problem,5607207,5608148,forward,942,H5_other,942,,
NC_003155.5,Streptomyces,problem,5624790,5626091,forward,1302,H5_other,1302,,
NC_003155.5,Streptomyces,problem,5627907,5628140,forward,234,H5_other,234,,
NC_003155.5,Streptomyces,problem,5628582,5629013,forward,432,H5_other,432,,
NC_003155.5,Streptomyces,problem,5632824,5635229,forward,2406,H5_other,2406,,
NC_003155.5,Streptomyces,problem,5635446,5636042,forward,597,H5_other,597,,
NC_003155.5,Streptomyces,problem,5643834,5647055,forward,3222,H5_other,3222,,
NC_003155.5,Streptomyces,problem,5657322,5657666,forward,345,H5_other,345,,
NC_003155.5,Streptomyces,problem,5665530,5666657,forward,1128,H5_other,1128,,
NC_003155.5,Streptomyces,problem,5668528,5668764,reverse,237,H2_nonstart,237,CTG,
NC_003155.5,Streptomyces,problem,5670993,5671253,forward,261,H5_other,261,,
NC_003155.5,Streptomyces,problem,5675271,5675810,forward,540,H5_other,540,,
NC_003155.5,Streptomyces,problem,5675835,5676476,forward,642,H4_nested_or_alt_start,642,,7.0
NC_003155.5,Streptomyces,problem,5677515,5678276,forward,762,H5_other,762,,
NC_003155.5,Streptomyces,problem,5681130,5681891,forward,762,H5_other,762,,
NC_003155.5,Streptomyces,problem,5685948,5687630,forward,1683,H5_other,1683,,
NC_003155.5,Streptomyces,problem,5690904,5692931,forward,2028,H4_nested_or_alt_start,2028,,1.0
NC_003155.5,Streptomyces,problem,5706510,5707715,forward,1206,H4_nested_or_alt_start,1206,,2.0
NC_003155.5,Streptomyces,problem,5710524,5710739,forward,216,H5_other,216,,
NC_003155.5,Streptomyces,problem,5712219,5713139,forward,921,H5_other,921,,
NC_003155.5,Streptomyces,problem,5715957,5716943,forward,987,H5_other,987,,
NC_003155.5,Streptomyces,problem,5716953,5717750,forward,798,H5_other,798,,
NC_003155.5,Streptomyces,problem,5719170,5719703,forward,534,H4_nested_or_alt_start,534,,9.0
NC_003155.5,Streptomyces,problem,5737083,5737886,forward,804,H5_other,804,,
NC_003155.5,Streptomyces,problem,5743833,5744765,forward,933,H5_other,933,,
NC_003155.5,Streptomyces,problem,5745243,5746067,forward,825,H5_other,825,,
NC_003155.5,Streptomyces,problem,5751675,5752259,forward,585,H5_other,585,,
NC_003155.5,Streptomyces,problem,5752401,5753033,forward,633,H5_other,633,,
NC_003155.5,Streptomyces,problem,5767338,5768510,forward,1173,H5_other,1173,,
NC_003155.5,Streptomyces,problem,5770013,5770111,forward,99,H1_short,99,,
NC_003155.5,Streptomyces,problem,5771511,5772557,forward,1047,H5_other,1047,,
NC_003155.5,Streptomyces,problem,5777808,5779517,forward,1710,H5_other,1710,,
NC_003155.5,Streptomyces,problem,5784198,5785505,forward,1308,H5_other,1308,,
NC_003155.5,Streptomyces,problem,5785614,5786516,forward,903,H5_other,903,,
NC_003155.5,Streptomyces,problem,5800956,5801834,forward,879,H5_other,879,,
NC_003155.5,Streptomyces,problem,5806041,5806769,forward,729,H5_other,729,,
NC_003155.5,Streptomyces,problem,5810436,5811143,forward,708,H5_other,708,,
NC_003155.5,Streptomyces,problem,5811144,5812799,forward,1656,H5_other,1656,,
NC_003155.5,Streptomyces,problem,5817276,5818232,forward,957,H5_other,957,,
NC_003155.5,Streptomyces,problem,5836524,5837216,forward,693,H5_other,693,,
NC_003155.5,Streptomyces,problem,5841945,5843021,forward,1077,H5_other,1077,,
NC_003155.5,Streptomyces,problem,5854065,5855228,forward,1164,H5_other,1164,,
NC_003155.5,Streptomyces,problem,5858175,5860091,forward,1917,H4_nested_or_alt_start,1917,,1.0
NC_003155.5,Streptomyces,problem,5865567,5866766,forward,1200,H5_other,1200,,
NC_003155.5,Streptomyces,problem,5868612,5869004,forward,393,H5_other,393,,
NC_003155.5,Streptomyces,problem,5873712,5876213,forward,2502,H5_other,2502,,
NC_003155.5,Streptomyces,problem,5881329,5882075,forward,747,H5_other,747,,
NC_003155.5,Streptomyces,problem,5884260,5885609,forward,1350,H5_other,1350,,
NC_003155.5,Streptomyces,problem,5890902,5891201,forward,300,H5_other,300,,
NC_003155.5,Streptomyces,problem,5893125,5894723,forward,1599,H5_other,1599,,
NC_003155.5,Streptomyces,problem,5896728,5898731,forward,2004,H5_other,2004,,
NC_003155.5,Streptomyces,problem,5907579,5908856,forward,1278,H5_other,1278,,
NC_003155.5,Streptomyces,problem,5910408,5911220,forward,813,H5_other,813,,
NC_003155.5,Streptomyces,problem,5915733,5916761,forward,1029,H5_other,1029,,
NC_003155.5,Streptomyces,problem,5918301,5919341,forward,1041,H5_other,1041,,
NC_003155.5,Streptomyces,problem,5921949,5923703,forward,1755,H5_other,1755,,
NC_003155.5,Streptomyces,problem,5935584,5936195,forward,612,H5_other,612,,
NC_003155.5,Streptomyces,problem,5938674,5939324,forward,651,H5_other,651,,
NC_003155.5,Streptomyces,problem,5940330,5942321,forward,1992,H5_other,1992,,
NC_003155.5,Streptomyces,problem,5942328,5943911,forward,1584,H5_other,1584,,
NC_003155.5,Streptomyces,problem,5946480,5946872,forward,393,H5_other,393,,
NC_003155.5,Streptomyces,problem,5946999,5947565,forward,567,H5_other,567,,
NC_003155.5,Streptomyces,problem,5953830,5954042,forward,213,H5_other,213,,
NC_003155.5,Streptomyces,problem,5957202,5957654,forward,453,H5_other,453,,
NC_003155.5,Streptomyces,problem,5958993,5960462,forward,1470,H4_nested_or_alt_start,1470,,9.0
NC_003155.5,Streptomyces,problem,5960607,5961662,forward,1056,H5_other,1056,,
NC_003155.5,Streptomyces,problem,5965077,5965940,forward,864,H4_nested_or_alt_start,864,,1.0
NC_003155.5,Streptomyces,problem,5966625,5967350,forward,726,H5_other,726,,
NC_003155.5,Streptomyces,problem,5969628,5973113,forward,3486,H5_other,3486,,
NC_003155.5,Streptomyces,problem,5978523,5978993,forward,471,H5_other,471,,
NC_003155.5,Streptomyces,problem,5979033,5981162,forward,2130,H4_nested_or_alt_start,2130,,1.0
NC_003155.5,Streptomyces,problem,5988114,5988779,forward,666,H5_other,666,,
NC_003155.5,Streptomyces,problem,5992008,5992232,forward,225,H5_other,225,,
NC_003155.5,Streptomyces,problem,5992620,5992988,forward,369,H5_other,369,,
NC_003155.5,Streptomyces,problem,5993877,5994062,forward,186,H5_other,186,,
NC_003155.5,Streptomyces,problem,5995665,5996270,forward,606,H5_other,606,,
NC_003155.5,Streptomyces,problem,5999283,6000119,forward,837,H5_other,837,,
NC_003155.5,Streptomyces,problem,6000885,6001265,forward,381,H5_other,381,,
NC_003155.5,Streptomyces,problem,6003114,6003617,forward,504,H5_other,504,,
NC_003155.5,Streptomyces,problem,6005829,6006272,forward,444,H5_other,444,,
NC_003155.5,Streptomyces,problem,6006315,6006836,forward,522,H5_other,522,,
NC_003155.5,Streptomyces,problem,6013029,6013400,forward,372,H4_nested_or_alt_start,372,,1.0
NC_003155.5,Streptomyces,problem,6016209,6017384,forward,1176,H5_other,1176,,
NC_003155.5,Streptomyces,problem,6017475,6018725,forward,1251,H5_other,1251,,
NC_003155.5,Streptomyces,problem,6021072,6021554,forward,483,H5_other,483,,
NC_003155.5,Streptomyces,problem,6022668,6022925,forward,258,H5_other,258,,
NC_003155.5,Streptomyces,problem,6023865,6024116,forward,252,H5_other,252,,
NC_003155.5,Streptomyces,problem,6038175,6039095,forward,921,H5_other,921,,
NC_003155.5,Streptomyces,problem,6040941,6042569,forward,1629,H4_nested_or_alt_start,1629,,1.0
NC_003155.5,Streptomyces,problem,6045156,6046052,forward,897,H5_other,897,,
NC_003155.5,Streptomyces,problem,6047808,6048383,forward,576,H5_other,576,,
NC_003155.5,Streptomyces,problem,6056589,6058769,forward,2181,H5_other,2181,,
NC_003155.5,Streptomyces,problem,6061947,6063581,forward,1635,H5_other,1635,,
NC_003155.5,Streptomyces,problem,6065586,6067322,forward,1737,H5_other,1737,,
NC_003155.5,Streptomyces,problem,6069909,6070397,forward,489,H5_other,489,,
NC_003155.5,Streptomyces,problem,6072117,6073748,forward,1632,H5_other,1632,,
NC_003155.5,Streptomyces,problem,6080349,6081542,forward,1194,H5_other,1194,,
NC_003155.5,Streptomyces,problem,6083724,6084881,forward,1158,H5_other,1158,,
NC_003155.5,Streptomyces,problem,6087021,6087617,forward,597,H5_other,597,,
NC_003155.5,Streptomyces,problem,6098346,6099428,forward,1083,H5_other,1083,,
NC_003155.5,Streptomyces,problem,6104412,6104675,forward,264,H5_other,264,,
NC_003155.5,Streptomyces,problem,6113505,6114872,forward,1368,H5_other,1368,,
NC_003155.5,Streptomyces,problem,6116496,6117647,forward,1152,H5_other,1152,,
NC_003155.5,Streptomyces,problem,6117765,6118748,forward,984,H4_nested_or_alt_start,984,,1.0
NC_003155.5,Streptomyces,problem,6135405,6136553,forward,1149,H5_other,1149,,
NC_003155.5,Streptomyces,problem,6139317,6141149,forward,1833,H5_other,1833,,
NC_003155.5,Streptomyces,problem,6141303,6142175,forward,873,H5_other,873,,
NC_003155.5,Streptomyces,problem,6142491,6143183,forward,693,H5_other,693,,
NC_003155.5,Streptomyces,problem,6150756,6151430,forward,675,H5_other,675,,
NC_003155.5,Streptomyces,problem,6152169,6157106,forward,4938,H5_other,4938,,
NC_003155.5,Streptomyces,problem,6157791,6159287,forward,1497,H5_other,1497,,
NC_003155.5,Streptomyces,problem,6173367,6174929,forward,1563,H5_other,1563,,
NC_003155.5,Streptomyces,problem,6193092,6194813,forward,1722,H4_nested_or_alt_start,1722,,1.0
NC_003155.5,Streptomyces,problem,6196323,6197429,forward,1107,H5_other,1107,,
NC_003155.5,Streptomyces,problem,6197736,6198566,forward,831,H5_other,831,,
NC_003155.5,Streptomyces,problem,6199908,6200825,forward,918,H5_other,918,,
NC_003155.5,Streptomyces,problem,6203529,6204158,forward,630,H4_nested_or_alt_start,630,,1.0
NC_003155.5,Streptomyces,problem,6205071,6205949,forward,879,H5_other,879,,
NC_003155.5,Streptomyces,problem,6213762,6215018,forward,1257,H5_other,1257,,
NC_003155.5,Streptomyces,problem,6221799,6222617,forward,819,H5_other,819,,
NC_003155.5,Streptomyces,problem,6227508,6227789,forward,282,H5_other,282,,
NC_003155.5,Streptomyces,problem,6230860,6232119,forward,1260,H2_nonstart,1260,CTG,
NC_003155.5,Streptomyces,problem,6236790,6238352,forward,1563,H5_other,1563,,
NC_003155.5,Streptomyces,problem,6240993,6242183,forward,1191,H5_other,1191,,
NC_003155.5,Streptomyces,problem,6244065,6244214,forward,150,H5_other,150,,
NC_003155.5,Streptomyces,problem,6248373,6248573,reverse,201,H2_nonstart,201,ATC,
NC_003155.5,Streptomyces,problem,6258237,6259847,forward,1611,H5_other,1611,,
NC_003155.5,Streptomyces,problem,6261636,6263981,forward,2346,H5_other,2346,,
NC_003155.5,Streptomyces,problem,6267279,6267596,forward,318,H5_other,318,,
NC_003155.5,Streptomyces,problem,6267609,6268214,forward,606,H5_other,606,,
NC_003155.5,Streptomyces,problem,6270681,6270782,forward,102,H5_other,102,,
NC_003155.5,Streptomyces,problem,6272994,6273746,forward,753,H4_nested_or_alt_start,753,,1.0
NC_003155.5,Streptomyces,problem,6277137,6277871,forward,735,H5_other,735,,
NC_003155.5,Streptomyces,problem,6278382,6278984,forward,603,H5_other,603,,
NC_003155.5,Streptomyces,problem,6283437,6283775,forward,339,H5_other,339,,
NC_003155.5,Streptomyces,problem,6286890,6287690,forward,801,H5_other,801,,
NC_003155.5,Streptomyces,problem,6288585,6289592,forward,1008,H5_other,1008,,
NC_003155.5,Streptomyces,problem,6289626,6290528,forward,903,H5_other,903,,
NC_003155.5,Streptomyces,problem,6301008,6301202,forward,195,H5_other,195,,
NC_003155.5,Streptomyces,problem,6314034,6314765,forward,732,H5_other,732,,
NC_003155.5,Streptomyces,problem,6323049,6324065,forward,1017,H5_other,1017,,
NC_003155.5,Streptomyces,problem,6329508,6330707,forward,1200,H5_other,1200,,
NC_003155.5,Streptomyces,problem,6333360,6335009,forward,1650,H5_other,1650,,
NC_003155.5,Streptomyces,problem,6339462,6339950,forward,489,H5_other,489,,
NC_003155.5,Streptomyces,problem,6342585,6343388,forward,804,H4_nested_or_alt_start,804,,1.0
NC_003155.5,Streptomyces,problem,6344338,6345414,forward,1077,H2_nonstart,1077,ATC,
NC_003155.5,Streptomyces,problem,6359325,6360218,forward,894,H5_other,894,,
NC_003155.5,Streptomyces,problem,6361677,6363050,forward,1374,H5_other,1374,,
NC_003155.5,Streptomyces,problem,6370230,6371285,forward,1056,H5_other,1056,,
NC_003155.5,Streptomyces,problem,6376089,6376616,forward,528,H5_other,528,,
NC_003155.5,Streptomyces,problem,6376767,6377333,forward,567,H5_other,567,,
NC_003155.5,Streptomyces,problem,6379716,6381278,forward,1563,H5_other,1563,,
NC_003155.5,Streptomyces,problem,6396435,6397025,forward,591,H5_other,591,,
NC_003155.5,Streptomyces,problem,6404409,6406094,forward,1686,H5_other,1686,,
NC_003155.5,Streptomyces,problem,6415722,6416147,forward,426,H5_other,426,,
NC_003155.5,Streptomyces,problem,6417708,6418046,forward,339,H5_other,339,,
NC_003155.5,Streptomyces,problem,6423483,6423875,forward,393,H5_other,393,,
NC_003155.5,Streptomyces,problem,6430833,6431282,forward,450,H5_other,450,,
NC_003155.5,Streptomyces,problem,6442083,6442916,forward,834,H5_other,834,,
NC_003155.5,Streptomyces,problem,6449874,6450188,forward,315,H5_other,315,,
NC_003155.5,Streptomyces,problem,6450624,6453326,forward,2703,H5_other,2703,,
NC_003155.5,Streptomyces,problem,6458679,6459968,forward,1290,H5_other,1290,,
NC_003155.5,Streptomyces,problem,6469797,6470747,forward,951,H5_other,951,,
NC_003155.5,Streptomyces,problem,6471786,6472607,forward,822,H5_other,822,,
NC_003155.5,Streptomyces,problem,6476304,6477713,forward,1410,H5_other,1410,,
NC_003155.5,Streptomyces,problem,6481986,6482243,forward,258,H5_other,258,,
NC_003155.5,Streptomyces,problem,6499929,6500495,forward,567,H5_other,567,,
NC_003155.5,Streptomyces,problem,6503577,6505673,forward,2097,H5_other,2097,,
NC_003155.5,Streptomyces,problem,6509967,6510377,forward,411,H5_other,411,,
NC_003155.5,Streptomyces,problem,6552981,6554771,forward,1791,H5_other,1791,,
NC_003155.5,Streptomyces,problem,6575679,6578006,forward,2328,H5_other,2328,,
NC_003155.5,Streptomyces,problem,6579807,6580292,forward,486,H5_other,486,,
NC_003155.5,Streptomyces,problem,6580410,6581219,forward,810,H5_other,810,,
NC_003155.5,Streptomyces,problem,6582735,6583910,forward,1176,H5_other,1176,,
NC_003155.5,Streptomyces,problem,6584175,6585122,forward,948,H5_other,948,,
NC_003155.5,Streptomyces,problem,6591459,6591863,forward,405,H5_other,405,,
NC_003155.5,Streptomyces,problem,6593223,6593546,forward,324,H5_other,324,,
NC_003155.5,Streptomyces,problem,6607698,6608303,forward,606,H5_other,606,,
NC_003155.5,Streptomyces,problem,6609255,6610541,forward,1287,H5_other,1287,,
NC_003155.5,Streptomyces,problem,6611757,6614381,forward,2625,H5_other,2625,,
NC_003155.5,Streptomyces,problem,6617502,6618521,forward,1020,H4_nested_or_alt_start,1020,,6.0
NC_003155.5,Streptomyces,problem,6624084,6625607,forward,1524,H5_other,1524,,
NC_003155.5,Streptomyces,problem,6629472,6630719,forward,1248,H5_other,1248,,
NC_003155.5,Streptomyces,problem,6631806,6635969,forward,4164,H5_other,4164,,
NC_003155.5,Streptomyces,problem,6636201,6637550,forward,1350,H5_other,1350,,
NC_003155.5,Streptomyces,problem,6637749,6638069,forward,321,H5_other,321,,
NC_003155.5,Streptomyces,problem,6638508,6639947,forward,1440,H5_other,1440,,
NC_003155.5,Streptomyces,problem,6646062,6646688,forward,627,H5_other,627,,
NC_003155.5,Streptomyces,problem,6649344,6649502,forward,159,H5_other,159,,
NC_003155.5,Streptomyces,problem,6649647,6649811,forward,165,H5_other,165,,
NC_003155.5,Streptomyces,problem,6664926,6665660,forward,735,H5_other,735,,
NC_003155.5,Streptomyces,problem,6665733,6666578,forward,846,H5_other,846,,
NC_003155.5,Streptomyces,problem,6666768,6667931,forward,1164,H5_other,1164,,
NC_003155.5,Streptomyces,problem,6671196,6671525,forward,330,H5_other,330,,
NC_003155.5,Streptomyces,problem,6708807,6708980,forward,174,H5_other,174,,
NC_003155.5,Streptomyces,problem,6722688,6722933,forward,246,H5_other,246,,
NC_003155.5,Streptomyces,problem,6723087,6724073,forward,987,H5_other,987,,
NC_003155.5,Streptomyces,problem,6734148,6736367,forward,2220,H5_other,2220,,
NC_003155.5,Streptomyces,problem,6743895,6744527,forward,633,H5_other,633,,
NC_003155.5,Streptomyces,problem,6749205,6750206,forward,1002,H5_other,1002,,
NC_003155.5,Streptomyces,problem,6755232,6756341,forward,1110,H5_other,1110,,
NC_003155.5,Streptomyces,problem,6756537,6757604,forward,1068,H4_nested_or_alt_start,1068,,1.0
NC_003155.5,Streptomyces,problem,6759432,6759791,forward,360,H5_other,360,,
NC_003155.5,Streptomyces,problem,6763077,6763556,forward,480,H5_other,480,,
NC_003155.5,Streptomyces,problem,6777171,6779249,forward,2079,H5_other,2079,,
NC_003155.5,Streptomyces,problem,6780645,6781343,forward,699,H5_other,699,,
NC_003155.5,Streptomyces,problem,6790221,6790655,forward,435,H5_other,435,,
NC_003155.5,Streptomyces,problem,6797004,6798554,forward,1551,H5_other,1551,,
NC_003155.5,Streptomyces,problem,6800400,6801986,forward,1587,H5_other,1587,,
NC_003155.5,Streptomyces,problem,6803394,6804113,forward,720,H5_other,720,,
NC_003155.5,Streptomyces,problem,6816672,6817688,forward,1017,H5_other,1017,,
NC_003155.5,Streptomyces,problem,6824343,6825134,forward,792,H5_other,792,,
NC_003155.5,Streptomyces,problem,6837828,6840578,forward,2751,H5_other,2751,,
NC_003155.5,Streptomyces,problem,6843900,6846017,forward,2118,H5_other,2118,,
NC_003155.5,Streptomyces,problem,6850413,6851195,forward,783,H5_other,783,,
NC_003155.5,Streptomyces,problem,6857871,6858284,forward,414,H5_other,414,,
NC_003155.5,Streptomyces,problem,6860373,6861293,forward,921,H5_other,921,,
NC_003155.5,Streptomyces,problem,6868185,6869516,forward,1332,H5_other,1332,,
NC_003155.5,Streptomyces,problem,6875953,6876828,reverse,876,H2_nonstart,876,CTG,
NC_003155.5,Streptomyces,problem,6884073,6884306,forward,234,H5_other,234,,
NC_003155.5,Streptomyces,problem,6885708,6887651,forward,1944,H5_other,1944,,
NC_003155.5,Streptomyces,problem,6887655,6889511,forward,1857,H5_other,1857,,
NC_003155.5,Streptomyces,problem,6899853,6900146,forward,294,H5_other,294,,
NC_003155.5,Streptomyces,problem,6900279,6900848,forward,570,H5_other,570,,
NC_003155.5,Streptomyces,problem,6903792,6904673,forward,882,H5_other,882,,
NC_003155.5,Streptomyces,problem,6926010,6926501,forward,492,H5_other,492,,
NC_003155.5,Streptomyces,problem,6941505,6942746,forward,1242,H5_other,1242,,
NC_003155.5,Streptomyces,problem,6950247,6950894,forward,648,H5_other,648,,
NC_003155.5,Streptomyces,problem,6952804,6953070,reverse,267,H2_nonstart,267,CTG,
NC_003155.5,Streptomyces,problem,6953421,6955928,forward,2508,H5_other,2508,,
NC_003155.5,Streptomyces,problem,6957927,6958385,forward,459,H5_other,459,,
NC_003155.5,Streptomyces,problem,6968103,6968936,forward,834,H4_nested_or_alt_start,834,,1.0
NC_003155.5,Streptomyces,problem,6979650,6980393,forward,744,H5_other,744,,
NC_003155.5,Streptomyces,problem,6984111,6984974,forward,864,H5_other,864,,
NC_003155.5,Streptomyces,problem,7008510,7008968,forward,459,H5_other,459,,
NC_003155.5,Streptomyces,problem,7009785,7010360,forward,576,H5_other,576,,
NC_003155.5,Streptomyces,problem,7010466,7011611,forward,1146,H4_nested_or_alt_start,1146,,1.0
NC_003155.5,Streptomyces,problem,7013655,7014818,forward,1164,H5_other,1164,,
NC_003155.5,Streptomyces,problem,7034613,7035194,forward,582,H5_other,582,,
NC_003155.5,Streptomyces,problem,7041018,7041797,forward,780,H5_other,780,,
NC_003155.5,Streptomyces,problem,7049394,7050563,forward,1170,H5_other,1170,,
NC_003155.5,Streptomyces,problem,7062249,7062482,forward,234,H5_other,234,,
NC_003155.5,Streptomyces,problem,7065054,7065800,forward,747,H5_other,747,,
NC_003155.5,Streptomyces,problem,7080294,7081151,forward,858,H5_other,858,,
NC_003155.5,Streptomyces,problem,7085244,7086107,forward,864,H5_other,864,,
NC_003155.5,Streptomyces,problem,7086104,7086847,forward,744,H2_nonstart,744,CTG,
NC_003155.5,Streptomyces,problem,7090294,7091718,forward,1425,H2_nonstart,1425,ATC,
NC_003155.5,Streptomyces,problem,7097814,7097975,forward,162,H5_other,162,,
NC_003155.5,Streptomyces,problem,7099080,7099433,forward,354,H5_other,354,,
NC_003155.5,Streptomyces,problem,7100211,7101026,forward,816,H5_other,816,,
NC_003155.5,Streptomyces,problem,7129278,7130717,forward,1440,H5_other,1440,,
NC_003155.5,Streptomyces,problem,7144755,7145828,forward,1074,H5_other,1074,,
NC_003155.5,Streptomyces,problem,7148280,7151792,forward,3513,H5_other,3513,,
NC_003155.5,Streptomyces,problem,7155444,7157036,forward,1593,H4_nested_or_alt_start,1593,,1.0
NC_003155.5,Streptomyces,problem,7170603,7171262,forward,660,H5_other,660,,
NC_003155.5,Streptomyces,problem,7187469,7190471,forward,3003,H5_other,3003,,
NC_003155.5,Streptomyces,problem,7195314,7196585,forward,1272,H5_other,1272,,
NC_003155.5,Streptomyces,problem,7198857,7200536,forward,1680,H5_other,1680,,
NC_003155.5,Streptomyces,problem,7200765,7202147,forward,1383,H5_other,1383,,
NC_003155.5,Streptomyces,problem,7202292,7207706,forward,5415,H2_nonstart,5415,CTG,
NC_003155.5,Streptomyces,problem,7216425,7216892,forward,468,H5_other,468,,
NC_003155.5,Streptomyces,problem,7226778,7227086,forward,309,H5_other,309,,
NC_003155.5,Streptomyces,problem,7237623,7239062,forward,1440,H5_other,1440,,
NC_003155.5,Streptomyces,problem,7244790,7245017,forward,228,H5_other,228,,
NC_003155.5,Streptomyces,problem,7268025,7269245,forward,1221,H5_other,1221,,
NC_003155.5,Streptomyces,problem,7283247,7283645,forward,399,H5_other,399,,
NC_003155.5,Streptomyces,problem,7283820,7285085,forward,1266,H5_other,1266,,
NC_003155.5,Streptomyces,problem,7285719,7286339,forward,621,H5_other,621,,
NC_003155.5,Streptomyces,problem,7286403,7287212,forward,810,H5_other,810,,
NC_003155.5,Streptomyces,problem,7290084,7291148,forward,1065,H5_other,1065,,
NC_003155.5,Streptomyces,problem,7294074,7294313,forward,240,H5_other,240,,
NC_003155.5,Streptomyces,problem,7296036,7297076,forward,1041,H4_nested_or_alt_start,1041,,1.0
NC_003155.5,Streptomyces,problem,7299741,7301087,forward,1347,H5_other,1347,,
NC_003155.5,Streptomyces,problem,7308543,7308986,forward,444,H5_other,444,,
NC_003155.5,Streptomyces,problem,7310940,7311893,forward,954,H5_other,954,,
NC_003155.5,Streptomyces,problem,7322358,7322414,reverse,57,H1_short,57,,
NC_003155.5,Streptomyces,problem,7322604,7323869,forward,1266,H5_other,1266,,
NC_003155.5,Streptomyces,problem,7334766,7335131,forward,366,H5_other,366,,
NC_003155.5,Streptomyces,problem,7344573,7345121,forward,549,H5_other,549,,
NC_003155.5,Streptomyces,problem,7354251,7354757,forward,507,H5_other,507,,
NC_003155.5,Streptomyces,problem,7358406,7359821,forward,1416,H5_other,1416,,
NC_003155.5,Streptomyces,problem,7367274,7368002,forward,729,H5_other,729,,
NC_003155.5,Streptomyces,problem,7368009,7368728,forward,720,H5_other,720,,
NC_003155.5,Streptomyces,problem,7380357,7381097,forward,741,H5_other,741,,
NC_003155.5,Streptomyces,problem,7393578,7394549,forward,972,H4_nested_or_alt_start,972,,1.0
NC_003155.5,Streptomyces,problem,7400715,7402040,forward,1326,H5_other,1326,,
NC_003155.5,Streptomyces,problem,7403733,7403897,forward,165,H5_other,165,,
NC_003155.5,Streptomyces,problem,7405260,7405658,forward,399,H5_other,399,,
NC_003155.5,Streptomyces,problem,7417371,7417772,forward,402,H5_other,402,,
NC_003155.5,Streptomyces,problem,7420443,7420931,forward,489,H5_other,489,,
NC_003155.5,Streptomyces,problem,7421097,7421906,forward,810,H4_nested_or_alt_start,810,,1.0
NC_003155.5,Streptomyces,problem,7422537,7423823,forward,1287,H5_other,1287,,
NC_003155.5,Streptomyces,problem,7424766,7425542,forward,777,H5_other,777,,
NC_003155.5,Streptomyces,problem,7440009,7441469,forward,1461,H5_other,1461,,
NC_003155.5,Streptomyces,problem,7444356,7444934,forward,579,H4_nested_or_alt_start,579,,1.0
NC_003155.5,Streptomyces,problem,7447071,7447862,forward,792,H5_other,792,,
NC_003155.5,Streptomyces,problem,7453206,7454036,forward,831,H5_other,831,,
NC_003155.5,Streptomyces,problem,7459188,7459577,forward,390,H5_other,390,,
NC_003155.5,Streptomyces,problem,7460355,7462895,forward,2541,H4_nested_or_alt_start,2541,,1.0
NC_003155.5,Streptomyces,problem,7464582,7466000,forward,1419,H4_nested_or_alt_start,1419,,1.0
NC_003155.5,Streptomyces,problem,7487937,7488071,forward,135,H5_other,135,,
NC_003155.5,Streptomyces,problem,7488093,7489085,forward,993,H5_other,993,,
NC_003155.5,Streptomyces,problem,7492899,7494404,forward,1506,H5_other,1506,,
NC_003155.5,Streptomyces,problem,7494729,7495667,forward,939,H5_other,939,,
NC_003155.5,Streptomyces,problem,7496391,7496771,forward,381,H5_other,381,,
NC_003155.5,Streptomyces,problem,7500537,7501331,forward,795,H5_other,795,,
NC_003155.5,Streptomyces,problem,7504680,7505135,forward,456,H4_nested_or_alt_start,456,,1.0
NC_003155.5,Streptomyces,problem,7511100,7511960,forward,861,H5_other,861,,
NC_003155.5,Streptomyces,problem,7511961,7512254,forward,294,H5_other,294,,
NC_003155.5,Streptomyces,problem,7518066,7518737,reverse,672,H2_nonstart,672,CTG,
NC_003155.5,Streptomyces,problem,7520202,7520630,forward,429,H4_nested_or_alt_start,429,,1.0
NC_003155.5,Streptomyces,problem,7522014,7522808,forward,795,H4_nested_or_alt_start,795,,1.0
NC_003155.5,Streptomyces,problem,7524795,7525223,forward,429,H5_other,429,,
NC_003155.5,Streptomyces,problem,7525326,7525688,forward,363,H5_other,363,,
NC_003155.5,Streptomyces,problem,7528431,7530572,forward,2142,H5_other,2142,,
NC_003155.5,Streptomyces,problem,7530828,7531406,forward,579,H5_other,579,,
NC_003155.5,Streptomyces,problem,7533900,7534889,forward,990,H5_other,990,,
NC_003155.5,Streptomyces,problem,7535097,7536197,forward,1101,H5_other,1101,,
NC_003155.5,Streptomyces,problem,7553304,7554317,forward,1014,H5_other,1014,,
NC_003155.5,Streptomyces,problem,7556529,7559483,forward,2955,H5_other,2955,,
NC_003155.5,Streptomyces,problem,7560846,7562057,forward,1212,H5_other,1212,,
NC_003155.5,Streptomyces,problem,7571055,7572329,forward,1275,H5_other,1275,,
NC_003155.5,Streptomyces,problem,7575555,7576913,forward,1359,H5_other,1359,,
NC_003155.5,Streptomyces,problem,7584903,7585856,forward,954,H5_other,954,,
NC_003155.5,Streptomyces,problem,7586484,7587590,forward,1107,H5_other,1107,,
NC_003155.5,Streptomyces,problem,7595100,7595420,forward,321,H5_other,321,,
NC_003155.5,Streptomyces,problem,7596207,7597463,forward,1257,H5_other,1257,,
NC_003155.5,Streptomyces,problem,7597944,7598276,forward,333,H5_other,333,,
NC_003155.5,Streptomyces,problem,7601712,7602248,forward,537,H5_other,537,,
NC_003155.5,Streptomyces,problem,7603092,7604084,forward,993,H5_other,993,,
NC_003155.5,Streptomyces,problem,7604205,7605194,forward,990,H5_other,990,,
NC_003155.5,Streptomyces,problem,7607145,7607702,forward,558,H5_other,558,,
NC_003155.5,Streptomyces,problem,7610040,7610180,forward,141,H4_nested_or_alt_start,141,,4.0
NC_003155.5,Streptomyces,problem,7611666,7612058,forward,393,H2_nonstart,393,CTG,
NC_003155.5,Streptomyces,problem,7616478,7617947,forward,1470,H5_other,1470,,
NC_003155.5,Streptomyces,problem,7618443,7620026,forward,1584,H5_other,1584,,
NC_003155.5,Streptomyces,problem,7630125,7631066,forward,942,H5_other,942,,
NC_003155.5,Streptomyces,problem,7635144,7635800,forward,657,H5_other,657,,
NC_003155.5,Streptomyces,problem,7640520,7641704,forward,1185,H5_other,1185,,
NC_003155.5,Streptomyces,problem,7642582,7643874,forward,1293,H2_nonstart,1293,CTG,
NC_003155.5,Streptomyces,problem,7645485,7646285,forward,801,H5_other,801,,
NC_003155.5,Streptomyces,problem,7666842,7667849,forward,1008,H5_other,1008,,
NC_003155.5,Streptomyces,problem,7668699,7669805,forward,1107,H5_other,1107,,
NC_003155.5,Streptomyces,problem,7675962,7676795,forward,834,H5_other,834,,
NC_003155.5,Streptomyces,problem,7677606,7678697,forward,1092,H5_other,1092,,
NC_003155.5,Streptomyces,problem,7700865,7701992,forward,1128,H5_other,1128,,
NC_003155.5,Streptomyces,problem,7707369,7707590,forward,222,H5_other,222,,
NC_003155.5,Streptomyces,problem,7711176,7711763,forward,588,H5_other,588,,
NC_003155.5,Streptomyces,problem,7722672,7723541,forward,870,H5_other,870,,
NC_003155.5,Streptomyces,problem,7731675,7732031,forward,357,H5_other,357,,
NC_003155.5,Streptomyces,problem,7736010,7736285,forward,276,H5_other,276,,
NC_003155.5,Streptomyces,problem,7741584,7742351,forward,768,H5_other,768,,
NC_003155.5,Streptomyces,problem,7745157,7745273,forward,117,H5_other,117,,
NC_003155.5,Streptomyces,problem,7750323,7752854,forward,2532,H5_other,2532,,
NC_003155.5,Streptomyces,problem,7757205,7757846,forward,642,H5_other,642,,
NC_003155.5,Streptomyces,problem,7772191,7773084,forward,894,H2_nonstart,894,ATC,
NC_003155.5,Streptomyces,problem,7777815,7778702,forward,888,H5_other,888,,
NC_003155.5,Streptomyces,problem,7779615,7780430,forward,816,H5_other,816,,
NC_003155.5,Streptomyces,problem,7783011,7784729,forward,1719,H5_other,1719,,
NC_003155.5,Streptomyces,problem,7784943,7785704,forward,762,H5_other,762,,
NC_003155.5,Streptomyces,problem,7791198,7792847,forward,1650,H4_nested_or_alt_start,1650,,1.0
NC_003155.5,Streptomyces,problem,7792932,7793558,forward,627,H5_other,627,,
NC_003155.5,Streptomyces,problem,7797504,7798631,forward,1128,H5_other,1128,,
NC_003155.5,Streptomyces,problem,7799220,7800554,forward,1335,H4_nested_or_alt_start,1335,,2.0
NC_003155.5,Streptomyces,problem,7809255,7809950,forward,696,H5_other,696,,
NC_003155.5,Streptomyces,problem,7814121,7814795,forward,675,H5_other,675,,
NC_003155.5,Streptomyces,problem,7814934,7815524,forward,591,H5_other,591,,
NC_003155.5,Streptomyces,problem,7819821,7820390,forward,570,H5_other,570,,
NC_003155.5,Streptomyces,problem,7823064,7823897,forward,834,H5_other,834,,
NC_003155.5,Streptomyces,problem,7823964,7825001,forward,1038,H5_other,1038,,
NC_003155.5,Streptomyces,problem,7833702,7834910,forward,1209,H5_other,1209,,
NC_003155.5,Streptomyces,problem,7837239,7838999,forward,1761,H5_other,1761,,
NC_003155.5,Streptomyces,problem,7844532,7845614,forward,1083,H5_other,1083,,
NC_003155.5,Streptomyces,problem,7847040,7850525,forward,3486,H4_nested_or_alt_start,3486,,1.0
NC_003155.5,Streptomyces,problem,7854738,7855199,forward,462,H5_other,462,,
NC_003155.5,Streptomyces,problem,7857660,7858028,forward,369,H5_other,369,,
NC_003155.5,Streptomyces,problem,7860147,7861568,forward,1422,H5_other,1422,,
NC_003155.5,Streptomyces,problem,7885176,7885841,forward,666,H4_nested_or_alt_start,666,,1.0
NC_003155.5,Streptomyces,problem,7890408,7891658,forward,1251,H5_other,1251,,
NC_003155.5,Streptomyces,problem,7893453,7894841,forward,1389,H5_other,1389,,
NC_003155.5,Streptomyces,problem,7903707,7904228,forward,522,H5_other,522,,
NC_003155.5,Streptomyces,problem,7905201,7907990,forward,2790,H4_nested_or_alt_start,2790,,7.0
NC_003155.5,Streptomyces,problem,7910967,7911731,forward,765,H5_other,765,,
NC_003155.5,Streptomyces,problem,7922313,7923263,forward,951,H5_other,951,,
NC_003155.5,Streptomyces,problem,7923378,7924940,forward,1563,H5_other,1563,,
NC_003155.5,Streptomyces,problem,7930737,7931438,forward,702,H5_other,702,,
NC_003155.5,Streptomyces,problem,7939230,7939463,forward,234,H5_other,234,,
NC_003155.5,Streptomyces,problem,7945089,7946144,forward,1056,H5_other,1056,,
NC_003155.5,Streptomyces,problem,7946370,7947158,forward,789,H5_other,789,,
NC_003155.5,Streptomyces,problem,7948440,7949126,forward,687,H5_other,687,,
NC_003155.5,Streptomyces,problem,7950762,7951991,forward,1230,H5_other,1230,,
NC_003155.5,Streptomyces,problem,7963977,7965008,forward,1032,H5_other,1032,,
NC_003155.5,Streptomyces,problem,7984431,7986080,forward,1650,H5_other,1650,,
NC_003155.5,Streptomyces,problem,7992894,7993739,forward,846,H5_other,846,,
NC_003155.5,Streptomyces,problem,7999599,7999973,forward,375,H5_other,375,,
NC_003155.5,Streptomyces,problem,8000193,8001170,forward,978,H5_other,978,,
NC_003155.5,Streptomyces,problem,8002344,8002604,forward,261,H5_other,261,,
NC_003155.5,Streptomyces,problem,8005386,8008244,forward,2859,H5_other,2859,,
NC_003155.5,Streptomyces,problem,8017395,8018978,forward,1584,H5_other,1584,,
NC_003155.5,Streptomyces,problem,8020473,8021933,forward,1461,H5_other,1461,,
NC_003155.5,Streptomyces,problem,8023104,8023706,forward,603,H5_other,603,,
NC_003155.5,Streptomyces,problem,8027514,8028290,forward,777,H5_other,777,,
NC_003155.5,Streptomyces,problem,8036514,8037245,forward,732,H5_other,732,,
NC_003155.5,Streptomyces,problem,8042409,8043788,forward,1380,H5_other,1380,,
NC_003155.5,Streptomyces,problem,8045901,8046833,forward,933,H5_other,933,,
NC_003155.5,Streptomyces,problem,8048817,8050241,forward,1425,H5_other,1425,,
NC_003155.5,Streptomyces,problem,8062200,8063252,forward,1053,H5_other,1053,,
NC_003155.5,Streptomyces,problem,8063589,8064929,forward,1341,H5_other,1341,,
NC_003155.5,Streptomyces,problem,8069748,8071181,forward,1434,H5_other,1434,,
NC_003155.5,Streptomyces,problem,8071818,8072402,forward,585,H5_other,585,,
NC_003155.5,Streptomyces,problem,8082048,8082962,forward,915,H5_other,915,,
NC_003155.5,Streptomyces,problem,8084178,8084714,forward,537,H4_nested_or_alt_start,537,,1.0
NC_003155.5,Streptomyces,problem,8089956,8090708,forward,753,H5_other,753,,
NC_003155.5,Streptomyces,problem,8094900,8096093,forward,1194,H5_other,1194,,
NC_003155.5,Streptomyces,problem,8098761,8099312,forward,552,H4_nested_or_alt_start,552,,1.0
NC_003155.5,Streptomyces,problem,8101953,8103134,forward,1182,H5_other,1182,,
NC_003155.5,Streptomyces,problem,8107830,8108657,forward,828,H5_other,828,,
NC_003155.5,Streptomyces,problem,8117274,8118092,forward,819,H5_other,819,,
NC_003155.5,Streptomyces,problem,8118108,8118503,forward,396,H5_other,396,,
NC_003155.5,Streptomyces,problem,8120055,8120288,forward,234,H5_other,234,,
NC_003155.5,Streptomyces,problem,8122971,8124014,forward,1044,H5_other,1044,,
NC_003155.5,Streptomyces,problem,8126556,8126999,forward,444,H5_other,444,,
NC_003155.5,Streptomyces,problem,8127180,8127332,forward,153,H5_other,153,,
NC_003155.5,Streptomyces,problem,8130180,8131466,forward,1287,H5_other,1287,,
NC_003155.5,Streptomyces,problem,8140980,8141546,forward,567,H5_other,567,,
NC_003155.5,Streptomyces,problem,8142864,8144840,forward,1977,H4_nested_or_alt_start,1977,,21.0
NC_003155.5,Streptomyces,problem,8151843,8153003,forward,1161,H5_other,1161,,
NC_003155.5,Streptomyces,problem,8154153,8155001,forward,849,H5_other,849,,
NC_003155.5,Streptomyces,problem,8155698,8156450,forward,753,H5_other,753,,
NC_003155.5,Streptomyces,problem,8156649,8157179,forward,531,H4_nested_or_alt_start,531,,1.0
NC_003155.5,Streptomyces,problem,8159193,8159696,forward,504,H5_other,504,,
NC_003155.5,Streptomyces,problem,8164005,8166542,forward,2538,H5_other,2538,,
NC_003155.5,Streptomyces,problem,8169042,8169749,forward,708,H5_other,708,,
NC_003155.5,Streptomyces,problem,8173971,8174585,forward,615,H5_other,615,,
NC_003155.5,Streptomyces,problem,8178852,8180669,forward,1818,H4_nested_or_alt_start,1818,,1.0
NC_003155.5,Streptomyces,problem,8183106,8183588,forward,483,H4_nested_or_alt_start,483,,1.0
NC_003155.5,Streptomyces,problem,8184843,8185733,forward,891,H5_other,891,,
NC_003155.5,Streptomyces,problem,8185869,8186975,forward,1107,H5_other,1107,,
NC_003155.5,Streptomyces,problem,8189574,8190152,forward,579,H4_nested_or_alt_start,579,,1.0
NC_003155.5,Streptomyces,problem,8192505,8193125,forward,621,H5_other,621,,
NC_003155.5,Streptomyces,problem,8194257,8197565,forward,3309,H5_other,3309,,
NC_003155.5,Streptomyces,problem,8197641,8198747,forward,1107,H4_nested_or_alt_start,1107,,1.0
NC_003155.5,Streptomyces,problem,8200203,8200796,forward,594,H5_other,594,,
NC_003155.5,Streptomyces,problem,8204328,8206490,forward,2163,H5_other,2163,,
NC_003155.5,Streptomyces,problem,8215365,8215742,forward,378,H5_other,378,,
NC_003155.5,Streptomyces,problem,8218131,8219609,forward,1479,H5_other,1479,,
NC_003155.5,Streptomyces,problem,8220528,8222939,forward,2412,H5_other,2412,,
NC_003155.5,Streptomyces,problem,8225124,8226821,forward,1698,H5_other,1698,,
NC_003155.5,Streptomyces,problem,8232735,8233205,forward,471,H5_other,471,,
NC_003155.5,Streptomyces,problem,8234502,8235689,forward,1188,H5_other,1188,,
NC_003155.5,Streptomyces,problem,8237151,8237735,forward,585,H4_nested_or_alt_start,585,,1.0
NC_003155.5,Streptomyces,problem,8239041,8239526,forward,486,H5_other,486,,
NC_003155.5,Streptomyces,problem,8257017,8257457,forward,441,H5_other,441,,
NC_003155.5,Streptomyces,problem,8264165,8264818,reverse,654,H2_nonstart,654,CTG,
NC_003155.5,Streptomyces,problem,8264931,8266430,forward,1500,H5_other,1500,,
NC_003155.5,Streptomyces,problem,8272104,8273312,forward,1209,H5_other,1209,,
NC_003155.5,Streptomyces,problem,8278809,8279510,forward,702,H5_other,702,,
NC_003155.5,Streptomyces,problem,8279643,8281160,forward,1518,H5_other,1518,,
NC_003155.5,Streptomyces,problem,8300184,8301425,forward,1242,H5_other,1242,,
NC_003155.5,Streptomyces,problem,8305446,8305886,forward,441,H5_other,441,,
NC_003155.5,Streptomyces,problem,8305896,8306291,forward,396,H5_other,396,,
NC_003155.5,Streptomyces,problem,8306316,8309930,forward,3615,H4_nested_or_alt_start,3615,,1.0
NC_003155.5,Streptomyces,problem,8324745,8325638,forward,894,H4_nested_or_alt_start,894,,1.0
NC_003155.5,Streptomyces,problem,8334639,8337134,forward,2496,H5_other,2496,,
NC_003155.5,Streptomyces,problem,8337294,8338130,forward,837,H5_other,837,,
NC_003155.5,Streptomyces,problem,8341986,8342621,forward,636,H5_other,636,,
NC_003155.5,Streptomyces,problem,8345232,8348117,forward,2886,H5_other,2886,,
NC_003155.5,Streptomyces,problem,8350005,8351522,forward,1518,H5_other,1518,,
NC_003155.5,Streptomyces,problem,8353599,8354378,forward,780,H5_other,780,,
NC_003155.5,Streptomyces,problem,8355603,8356247,forward,645,H5_other,645,,
NC_003155.5,Streptomyces,problem,8357775,8358782,forward,1008,H4_nested_or_alt_start,1008,,1.0
NC_003155.5,Streptomyces,problem,8363457,8364359,forward,903,H5_other,903,,
NC_003155.5,Streptomyces,problem,8367240,8367623,forward,384,H5_other,384,,
NC_003155.5,Streptomyces,problem,8367774,8368535,forward,762,H5_other,762,,
NC_003155.5,Streptomyces,problem,8372037,8372630,forward,594,H5_other,594,,
NC_003155.5,Streptomyces,problem,8377368,8378360,forward,993,H4_nested_or_alt_start,993,,1.0
NC_003155.5,Streptomyces,problem,8384136,8384900,forward,765,H5_other,765,,
NC_003155.5,Streptomyces,problem,8397699,8398349,forward,651,H5_other,651,,
NC_003155.5,Streptomyces,problem,8399834,8400691,reverse,858,H2_nonstart,858,CTG,
NC_003155.5,Streptomyces,problem,8401410,8401964,forward,555,H5_other,555,,
NC_003155.5,Streptomyces,problem,8403273,8403650,forward,378,H5_other,378,,
NC_003155.5,Streptomyces,problem,8408400,8408948,forward,549,H5_other,549,,
NC_003155.5,Streptomyces,problem,8411271,8411897,forward,627,H5_other,627,,
NC_003155.5,Streptomyces,problem,8415198,8418197,forward,3000,H5_other,3000,,
NC_003155.5,Streptomyces,problem,8438343,8438891,reverse,549,H2_nonstart,549,CTG,
NC_003155.5,Streptomyces,problem,8449521,8449760,forward,240,H5_other,240,,
NC_003155.5,Streptomyces,problem,8451756,8453981,forward,2226,H5_other,2226,,
NC_003155.5,Streptomyces,problem,8457312,8458469,forward,1158,H5_other,1158,,
NC_003155.5,Streptomyces,problem,8459835,8460293,forward,459,H5_other,459,,
NC_003155.5,Streptomyces,problem,8468250,8469008,forward,759,H5_other,759,,
NC_003155.5,Streptomyces,problem,8469147,8470742,forward,1596,H5_other,1596,,
NC_003155.5,Streptomyces,problem,8475522,8477249,forward,1728,H5_other,1728,,
NC_003155.5,Streptomyces,problem,8486898,8487458,forward,561,H5_other,561,,
NC_003155.5,Streptomyces,problem,8492685,8493359,forward,675,H5_other,675,,
NC_003155.5,Streptomyces,problem,8498889,8499866,forward,978,H5_other,978,,
NC_003155.5,Streptomyces,problem,8511099,8512118,forward,1020,H5_other,1020,,
NC_003155.5,Streptomyces,problem,8514120,8515022,forward,903,H5_other,903,,
NC_003155.5,Streptomyces,problem,8516580,8517596,forward,1017,H5_other,1017,,
NC_003155.5,Streptomyces,problem,8518266,8519195,forward,930,H5_other,930,,
NC_003155.5,Streptomyces,problem,8522760,8524415,forward,1656,H5_other,1656,,
NC_003155.5,Streptomyces,problem,8531505,8533463,forward,1959,H5_other,1959,,
NC_003155.5,Streptomyces,problem,8535405,8536415,forward,1011,H5_other,1011,,
NC_003155.5,Streptomyces,problem,8542089,8542616,forward,528,H5_other,528,,
NC_003155.5,Streptomyces,problem,8550993,8552159,forward,1167,H5_other,1167,,
NC_003155.5,Streptomyces,problem,8561946,8563319,forward,1374,H5_other,1374,,
NC_003155.5,Streptomyces,problem,8569752,8570417,forward,666,H5_other,666,,
NC_003155.5,Streptomyces,problem,8570607,8571629,forward,1023,H4_nested_or_alt_start,1023,,1.0
NC_003155.5,Streptomyces,problem,8577945,8579495,forward,1551,H5_other,1551,,
NC_003155.5,Streptomyces,problem,8589594,8590856,forward,1263,H5_other,1263,,
NC_003155.5,Streptomyces,problem,8598813,8600720,forward,1908,H5_other,1908,,
NC_003155.5,Streptomyces,problem,8603322,8604638,forward,1317,H4_nested_or_alt_start,1317,,1.0
NC_003155.5,Streptomyces,problem,8609016,8613215,forward,4200,H5_other,4200,,
NC_003155.5,Streptomyces,problem,8632110,8632721,forward,612,H5_other,612,,
NC_003155.5,Streptomyces,problem,8632728,8633681,forward,954,H5_other,954,,
NC_003155.5,Streptomyces,problem,8636712,8637158,forward,447,H5_other,447,,
NC_003155.5,Streptomyces,problem,8641032,8641742,forward,711,H5_other,711,,
NC_003155.5,Streptomyces,problem,8646408,8647133,forward,726,H5_other,726,,
NC_003155.5,Streptomyces,problem,8652210,8653553,forward,1344,H5_other,1344,,
NC_003155.5,Streptomyces,problem,8653701,8655185,forward,1485,H5_other,1485,,
NC_003155.5,Streptomyces,problem,8657466,8657642,forward,177,H5_other,177,,
NC_003155.5,Streptomyces,problem,8662827,8663702,forward,876,H5_other,876,,
NC_003155.5,Streptomyces,problem,8671422,8672714,forward,1293,H5_other,1293,,
NC_003155.5,Streptomyces,problem,8672721,8673614,forward,894,H5_other,894,,
NC_003155.5,Streptomyces,problem,8674569,8675801,forward,1233,H5_other,1233,,
NC_003155.5,Streptomyces,problem,8681784,8682830,forward,1047,H5_other,1047,,
NC_003155.5,Streptomyces,problem,8684385,8685410,forward,1026,H5_other,1026,,
NC_003155.5,Streptomyces,problem,8687550,8688536,forward,987,H4_nested_or_alt_start,987,,1.0
NC_003155.5,Streptomyces,problem,8693625,8694485,forward,861,H5_other,861,,
NC_003155.5,Streptomyces,problem,8705496,8706716,forward,1221,H5_other,1221,,
NC_003155.5,Streptomyces,problem,8709840,8710652,forward,813,H5_other,813,,
NC_003155.5,Streptomyces,problem,8717826,8718575,forward,750,H4_nested_or_alt_start,750,,1.0
NC_003155.5,Streptomyces,problem,8730975,8732147,forward,1173,H5_other,1173,,
NC_003155.5,Streptomyces,problem,8734056,8735816,forward,1761,H5_other,1761,,
NC_003155.5,Streptomyces,problem,8741916,8743166,forward,1251,H5_other,1251,,
NC_003155.5,Streptomyces,problem,8757771,8758619,forward,849,H5_other,849,,
NC_003155.5,Streptomyces,problem,8764437,8765870,forward,1434,H5_other,1434,,
NC_003155.5,Streptomyces,problem,8793195,8795051,forward,1857,H5_other,1857,,
NC_003155.5,Streptomyces,problem,8795100,8796188,forward,1089,H5_other,1089,,
NC_003155.5,Streptomyces,problem,8798637,8799305,forward,669,H5_other,669,,
NC_003155.5,Streptomyces,problem,8801424,8801975,forward,552,H5_other,552,,
NC_003155.5,Streptomyces,problem,8803563,8805929,forward,2367,H5_other,2367,,
NC_003155.5,Streptomyces,problem,8805990,8806310,forward,321,H5_other,321,,
NC_003155.5,Streptomyces,problem,8807424,8808500,forward,1077,H5_other,1077,,
NC_003155.5,Streptomyces,problem,8809992,8810519,forward,528,H5_other,528,,
NC_003155.5,Streptomyces,problem,8814519,8814695,forward,177,H5_other,177,,
NC_003155.5,Streptomyces,problem,8818521,8819549,forward,1029,H5_other,1029,,
NC_003155.5,Streptomyces,problem,8821773,8823770,forward,1998,H5_other,1998,,
NC_003155.5,Streptomyces,problem,8825547,8826941,forward,1395,H5_other,1395,,
NC_003155.5,Streptomyces,problem,8829444,8830238,forward,795,H5_other,795,,
NC_003155.5,Streptomyces,problem,8831559,8832605,forward,1047,H5_other,1047,,
NC_003155.5,Streptomyces,problem,8835636,8836307,forward,672,H5_other,672,,
NC_003155.5,Streptomyces,problem,8848059,8849099,forward,1041,H5_other,1041,,
NC_003155.5,Streptomyces,problem,8853042,8854067,forward,1026,H5_other,1026,,
NC_003155.5,Streptomyces,problem,8854194,8855498,forward,1305,H5_other,1305,,
NC_003155.5,Streptomyces,problem,8859930,8860658,forward,729,H5_other,729,,
NC_003155.5,Streptomyces,problem,8875443,8875625,forward,183,H5_other,183,,
NC_003155.5,Streptomyces,problem,8876067,8876342,forward,276,H5_other,276,,
NC_003155.5,Streptomyces,problem,8877198,8877545,forward,348,H5_other,348,,
NC_003155.5,Streptomyces,problem,8899428,8899697,forward,270,H5_other,270,,
NC_003155.5,Streptomyces,problem,8900898,8901785,forward,888,H5_other,888,,
NC_003155.5,Streptomyces,problem,8902446,8905136,forward,2691,H5_other,2691,,
NC_003155.5,Streptomyces,problem,8905145,8906404,reverse,1260,H2_nonstart,1260,CTG,
NC_003155.5,Streptomyces,problem,8909193,8912285,forward,3093,H5_other,3093,,
NC_003155.5,Streptomyces,problem,8932746,8934104,forward,1359,H5_other,1359,,
NC_003155.5,Streptomyces,problem,8946807,8947310,forward,504,H5_other,504,,
NC_003155.5,Streptomyces,problem,8974629,8975660,forward,1032,H5_other,1032,,
NC_003155.5,Streptomyces,problem,8978772,8981042,forward,2271,H5_other,2271,,
NC_003155.5,Streptomyces,problem,8997117,8998715,forward,1599,H4_nested_or_alt_start,1599,,1.0
NC_003155.5,Streptomyces,problem,9004239,9004581,forward,343,H4_nested_or_alt_start,343,,2.0
NC_003155.5,Streptomyces,problem,9004581,9005056,forward,476,H2_nonstart,476,AAA,
NC_003155.5,Streptomyces,problem,9007287,9008051,forward,765,H5_other,765,,
NC_003155.5,Streptomyces,problem,9008121,9008366,forward,246,H5_other,246,,
NC_003155.5,Streptomyces,problem,9013479,9014216,forward,738,H4_nested_or_alt_start,738,,1.0
NC_003155.5,Streptomyces,problem,9018669,9019214,forward,546,H5_other,546,,
NC_003155.5,Streptomyces,problem,9020491,9020947,reverse,457,H4_nested_or_alt_start,457,,2.0
NC_003155.5,Streptomyces,problem,9019854,9020491,reverse,638,H2_nonstart,638,AAG,
NC_003155.5,Streptomyces,problem,9023991,9024185,forward,195,H4_nested_or_alt_start,195,,7.0
NC_003030.1,Clostridium,clean,186600,187013,forward,414,H2_nonstart,414,ATT,
NC_003030.1,Clostridium,clean,242696,243526,reverse,831,H2_nonstart,831,CTG,
NC_003030.1,Clostridium,clean,717300,717656,forward,357,H2_nonstart,357,ATA,
NC_003030.1,Clostridium,clean,723503,725524,forward,2022,H2_nonstart,2022,ATA,
NC_003030.1,Clostridium,clean,795266,795901,forward,636,H2_nonstart,636,ATA,
NC_003030.1,Clostridium,clean,1207013,1207984,forward,972,H2_nonstart,972,ATA,
NC_003030.1,Clostridium,clean,1405333,1405626,forward,294,H2_nonstart,294,ATA,
NC_003030.1,Clostridium,clean,1436594,1436656,reverse,63,H1_short,63,,
NC_003030.1,Clostridium,clean,1438993,1439736,forward,744,H2_nonstart,744,CTG,
NC_003030.1,Clostridium,clean,1639076,1639502,forward,427,H4_nested_or_alt_start,427,,3.0
NC_003030.1,Clostridium,clean,1639502,1640100,forward,599,H2_nonstart,599,TAG,
NC_003030.1,Clostridium,clean,1647117,1647635,forward,519,H2_nonstart,519,ATC,
NC_003030.1,Clostridium,clean,1708612,1708833,forward,222,H2_nonstart,222,ATT,
NC_003030.1,Clostridium,clean,1789976,1790431,forward,456,H2_nonstart,456,ATA,
NC_003030.1,Clostridium,clean,1968562,1969425,forward,864,H2_nonstart,864,ATT,
NC_003030.1,Clostridium,clean,2283778,2284449,reverse,672,H2_nonstart,672,ATA,
NC_003030.1,Clostridium,clean,2484806,2485963,reverse,1158,H2_nonstart,1158,ATA,
NC_003030.1,Clostridium,clean,2533880,2534581,forward,702,H2_nonstart,702,ATA,
NC_003030.1,Clostridium,clean,2635706,2636137,reverse,432,H2_nonstart,432,ATA,
NC_003030.1,Clostridium,clean,2666645,2667022,reverse,378,H2_nonstart,378,ATA,
NC_003030.1,Clostridium,clean,2977695,2977772,reverse,78,H1_short,78,,
NC_003030.1,Clostridium,clean,2976659,2977693,reverse,1035,H2_nonstart,1035,GAC,
NC_003030.1,Clostridium,clean,3248227,3249015,reverse,789,H2_nonstart,789,ATT,
NC_003030.1,Clostridium,clean,3395707,3399207,reverse,3501,H2_nonstart,3501,ATA,
NC_003030.1,Clostridium,clean,3479944,3481260,reverse,1317,H2_nonstart,1317,ATA,
NC_003030.1,Clostridium,clean,3662555,3663262,reverse,708,H2_nonstart,708,ATA,
NC_003030.1,Clostridium,clean,3686800,3687234,forward,435,H2_nonstart,435,ATC,
NC_003030.1,Clostridium,clean,3886262,3886339,reverse,78,H1_short,78,,
NC_004350.2,Streptococcus,clean,211577,211675,reverse,99,H1_short,99,,
NC_004350.2,Streptococcus,clean,266388,266663,forward,276,H2_nonstart,276,ATA,
NC_004350.2,Streptococcus,clean,361058,362026,reverse,969,H2_nonstart,969,ATA,
NC_004350.2,Streptococcus,clean,529914,530355,reverse,442,H4_nested_or_alt_start,442,,1.0
NC_004350.2,Streptococcus,clean,529007,529914,reverse,908,H2_nonstart,908,CTA,
NC_004350.2,Streptococcus,clean,614938,615639,forward,702,H2_nonstart,702,ATA,
NC_004350.2,Streptococcus,clean,715085,715526,forward,442,H4_nested_or_alt_start,442,,1.0
NC_004350.2,Streptococcus,clean,715526,716433,forward,908,H2_nonstart,908,CTA,
NC_004350.2,Streptococcus,clean,765772,767550,forward,1779,H2_nonstart,1779,CTG,
NC_004350.2,Streptococcus,clean,769335,770192,forward,858,H2_nonstart,858,ATA,
NC_004350.2,Streptococcus,clean,817751,818494,forward,744,H2_nonstart,744,ATT,
NC_004350.2,Streptococcus,clean,984153,985043,forward,891,H2_nonstart,891,ATC,
NC_004350.2,Streptococcus,clean,1142879,1143934,reverse,1056,H2_nonstart,1056,ATA,
NC_004350.2,Streptococcus,clean,1250670,1250741,reverse,72,H1_short,72,,
NC_004350.2,Streptococcus,clean,1249646,1250668,reverse,1023,H2_nonstart,1023,GAC,
NC_004350.2,Streptococcus,clean,1307343,1307784,forward,442,H4_nested_or_alt_start,442,,1.0
NC_004350.2,Streptococcus,clean,1307784,1308691,forward,908,H2_nonstart,908,CTA,
NC_004350.2,Streptococcus,clean,1337249,1337690,reverse,442,H4_nested_or_alt_start,442,,1.0
NC_004350.2,Streptococcus,clean,1336342,1337249,reverse,908,H2_nonstart,908,CTA,
NC_004350.2,Streptococcus,clean,1434004,1434069,reverse,66,H1_short,66,,
NC_004350.2,Streptococcus,clean,1573784,1573867,reverse,84,H1_short,84,,
NC_004350.2,Streptococcus,clean,1587236,1587850,reverse,615,H2_nonstart,615,ATT,
NC_004350.2,Streptococcus,clean,1698255,1698449,reverse,195,H2_nonstart,195,ATC,
NC_004350.2,Streptococcus,clean,1782906,1783347,reverse,442,H4_nested_or_alt_start,442,,1.0
NC_004350.2,Streptococcus,clean,1781999,1782906,reverse,908,H2_nonstart,908,CTA,
