acc,label,phylum,f1,cls,stop_dist,fp_type,imm_down,codon_down,combined_down
NC_002677.1,M. leprae,Actinobacteria,41.74,TP,0,TP,-0.15142749470772235,-0.2780869612054637,-0.21475722795659302
NC_002677.1,M. leprae,Actinobacteria,41.74,TP,0,TP,-0.07881603068927727,-0.2123324093609007,-0.145574220025089
NC_002677.1,M. leprae,Actinobacteria,41.74,TP,0,TP,-0.020883766926161465,-0.13396541547881996,-0.0774245912024907
NC_002677.1,M. leprae,Actinobacteria,41.74,TP,0,TP,-0.11053354361488937,-0.17417921843397152,-0.14235638102443043
NC_002677.1,M. leprae,Actinobacteria,41.74,TP,0,TP,-0.027851750854063086,-0.24373321287183458,-0.13579248186294884
NC_002677.1,M. leprae,Actinobacteria,41.74,TP,0,TP,-0.026838956147151077,-0.20154733956487406,-0.11419314785601256
NC_002677.1,M. leprae,Actinobacteria,41.74,TP,0,TP,-0.008476914981374033,-0.1873715620258885,-0.09792423850363127
NC_002677.1,M. leprae,Actinobacteria,41.74,TP,0,TP,0.008322090247257089,-0.0966959947783252,-0.044186952265534055
NC_002677.1,M. leprae,Actinobacteria,41.74,TP,0,TP,0.028216136707391114,-0.07102659350369792,-0.0214052283981534
NC_002677.1,M. leprae,Actinobacteria,41.74,TP,0,TP,-0.045392616315823156,-0.2602352263636455,-0.15281392133973432
NC_002677.1,M. leprae,Actinobacteria,41.74,TP,0,TP,0.0489247864043764,-0.011186395269836424,0.018869195567269986
NC_002677.1,M. leprae,Actinobacteria,41.74,TP,0,TP,-0.031735286355724666,-0.12387459248730366,-0.07780493942151416
NC_002677.1,M. leprae,Actinobacteria,41.74,TP,0,TP,-0.07226299329159999,-0.2195315014610813,-0.14589724737634063
NC_002677.1,M. leprae,Actinobacteria,41.74,FP,826,intergenic,-0.13420737792515994,-0.34967663012436034,-0.24194200402476013
NC_002677.1,M. leprae,Actinobacteria,41.74,TP,0,TP,0.008874261082773671,-0.17368778811903737,-0.08240676351813185
NC_002677.1,M. leprae,Actinobacteria,41.74,TP,0,TP,-0.015284668415376738,-0.2053419472912516,-0.11031330785331417
NC_002677.1,M. leprae,Actinobacteria,41.74,TP,0,TP,-0.06352040927734137,-0.2035818845754868,-0.13355114692641407
NC_002677.1,M. leprae,Actinobacteria,41.74,FP,11,near,-0.1291423140021171,-0.2917443789018684,-0.21044334645199275
NC_002677.1,M. leprae,Actinobacteria,41.74,TP,0,TP,0.04622225771302032,-0.06970431900747301,-0.011741030647226345
NC_002677.1,M. leprae,Actinobacteria,41.74,TP,0,TP,0.06672855550062498,0.10615637048485951,0.08644246299274225
NC_002677.1,M. leprae,Actinobacteria,41.74,TP,0,TP,-0.07706537011966148,-0.037947204826455305,-0.057506287473058394
NC_002677.1,M. leprae,Actinobacteria,41.74,TP,0,TP,-0.12826707722881256,-0.19845934605990578,-0.16336321164435919
NC_002677.1,M. leprae,Actinobacteria,41.74,TP,0,TP,-0.0072411807803995035,-0.13612647102771974,-0.07168382590405963
NC_002677.1,M. leprae,Actinobacteria,41.74,TP,0,TP,-0.010784811019910735,-0.11851084427419423,-0.06464782764705249
NC_002677.1,M. leprae,Actinobacteria,41.74,TP,0,TP,-0.053953252040404465,-0.0704730811170883,-0.062213166578746384
NC_002677.1,M. leprae,Actinobacteria,41.74,TP,0,TP,0.10611131272346531,0.0910946677413456,0.09860299023240546
NC_002677.1,M. leprae,Actinobacteria,41.74,TP,0,TP,-0.010971203819725635,-0.06752871545264583,-0.03924995963618573
NC_002677.1,M. leprae,Actinobacteria,41.74,TP,0,TP,0.06554220085365377,-0.06714272631753175,-0.0008002627319389916
NC_002677.1,M. leprae,Actinobacteria,41.74,TP,0,TP,-0.022612301191236858,-0.11683470619139413,-0.0697235036913155
NC_002677.1,M. leprae,Actinobacteria,41.74,TP,0,TP,0.07361057934625208,-0.07147891262696007,0.0010658333596460026
NC_002677.1,M. leprae,Actinobacteria,41.74,FP,214,neighbor,-0.06117719512742994,-0.21261877452541925,-0.1368979848264246
NC_002677.1,M. leprae,Actinobacteria,41.74,TP,0,TP,0.0020994668369965553,-0.26348162669513897,-0.1306910799290712
NC_002677.1,M. leprae,Actinobacteria,41.74,TP,0,TP,-0.15280142690148726,-0.4201969179903379,-0.2864991724459126
NC_002677.1,M. leprae,Actinobacteria,41.74,FP,1084,intergenic,-0.12684684070867766,-0.4101689719642003,-0.268507906336439
NC_002677.1,M. leprae,Actinobacteria,41.74,TP,0,TP,0.043464901282748984,-0.2860901537019188,-0.12131262620958491
NC_002677.1,M. leprae,Actinobacteria,41.74,TP,0,TP,-0.03909654238989806,-0.09635359865205331,-0.06772507052097569
NC_002677.1,M. leprae,Actinobacteria,41.74,TP,0,TP,0.0009048595951130759,-0.035827067966345535,-0.01746110418561623
NC_002677.1,M. leprae,Actinobacteria,41.74,FP,537,intergenic,0.0004336074019292369,0.014398314003626211,0.007415960702777724
NC_002677.1,M. leprae,Actinobacteria,41.74,TP,0,TP,0.09933819314638843,-0.07442843902838661,0.012454877059000911
NC_002677.1,M. leprae,Actinobacteria,41.74,TP,0,TP,-0.06499542315099921,-0.35933125876093397,-0.2121633409559666
NC_002677.1,M. leprae,Actinobacteria,41.74,TP,0,TP,-0.05099293247214878,-0.3233770487578326,-0.18718499061499067
NC_002677.1,M. leprae,Actinobacteria,41.74,FP,172,neighbor,-0.0001515947734366326,-0.04322943881924886,-0.021690516796342745
NC_002677.1,M. leprae,Actinobacteria,41.74,TP,0,TP,0.0770765188454161,0.23092884663883737,0.15400268274212672
NC_002677.1,M. leprae,Actinobacteria,41.74,TP,0,TP,0.02321388884478234,-0.04834967316177767,-0.012567892158497665
NC_002677.1,M. leprae,Actinobacteria,41.74,TP,0,TP,-0.08173064029147217,-0.17093762711191401,-0.1263341337016931
NC_002677.1,M. leprae,Actinobacteria,41.74,TP,0,TP,0.03160531888279531,-0.09827369167595919,-0.033334186396581936
NC_002677.1,M. leprae,Actinobacteria,41.74,TP,0,TP,-0.08321461164643675,-0.3976912170252085,-0.2404529143358226
NC_002677.1,M. leprae,Actinobacteria,41.74,TP,0,TP,-0.04687507027608622,-0.149714054111179,-0.09829456219363261
NC_002677.1,M. leprae,Actinobacteria,41.74,TP,0,TP,0.022874270664146934,-0.06620203696718577,-0.021663883151519417
NC_002677.1,M. leprae,Actinobacteria,41.74,TP,0,TP,-0.018789069667207295,-0.30524776840028667,-0.16201841903374697
NC_002677.1,M. leprae,Actinobacteria,41.74,TP,0,TP,0.002239241873934835,0.03800721774215106,0.020123229808042948
NC_002677.1,M. leprae,Actinobacteria,41.74,TP,0,TP,-0.0013187179745462647,-0.20202064273538128,-0.10166968035496378
NC_002677.1,M. leprae,Actinobacteria,41.74,TP,0,TP,-0.07516281728815599,-0.25091192009878965,-0.16303736869347282
NC_002677.1,M. leprae,Actinobacteria,41.74,FP,475,intergenic,-0.03228778270267772,-0.23005118419941156,-0.13116948345104465
NC_002677.1,M. leprae,Actinobacteria,41.74,TP,0,TP,-0.019406481052243407,-0.21519586749267744,-0.11730117427246042
NC_002677.1,M. leprae,Actinobacteria,41.74,TP,0,TP,0.0520448228612949,0.0341927948284372,0.04311880884486605
NC_002677.1,M. leprae,Actinobacteria,41.74,TP,0,TP,-0.013748660308183483,-0.267845358574985,-0.14079700944158424
NC_002677.1,M. leprae,Actinobacteria,41.74,FP,562,intergenic,0.12029872253500831,-0.09258539401158287,0.013856664261712719
NC_002677.1,M. leprae,Actinobacteria,41.74,FP,485,intergenic,-0.098398978639077,-0.23317257682526032,-0.16578577773216865
NC_002677.1,M. leprae,Actinobacteria,41.74,TP,0,TP,0.01041456310991838,-0.17259147496620245,-0.08108845592814204
NC_002677.1,M. leprae,Actinobacteria,41.74,TP,0,TP,0.02596929405609719,0.05874423887489684,0.04235676646549701
NC_002677.1,M. leprae,Actinobacteria,41.74,FP,819,intergenic,0.03649462146392324,0.02569616995963244,0.03109539571177784
NC_002677.1,M. leprae,Actinobacteria,41.74,TP,0,TP,0.07989931524379751,-0.0011902535366523637,0.03935453085357257
NC_002677.1,M. leprae,Actinobacteria,41.74,TP,0,TP,0.07407390139697559,-0.2654715300762739,-0.09569881433964915
NC_002677.1,M. leprae,Actinobacteria,41.74,TP,0,TP,0.01489570284679355,-0.04403602597025156,-0.014570161561729005
NC_002677.1,M. leprae,Actinobacteria,41.74,TP,0,TP,0.02491082428680542,0.016108972171145552,0.020509898228975487
NC_002677.1,M. leprae,Actinobacteria,41.74,TP,0,TP,-0.06803698023302379,-0.19914433158898676,-0.13359065591100527
NC_002677.1,M. leprae,Actinobacteria,41.74,FP,9,near,0.0020495097352809448,-0.14386310122396112,-0.07090679574434008
NC_002677.1,M. leprae,Actinobacteria,41.74,TP,0,TP,-0.05395724152530192,-0.021375070572608477,-0.0376661560489552
NC_002677.1,M. leprae,Actinobacteria,41.74,FP,132,neighbor,-0.1527651879508909,-0.35408914446454814,-0.25342716620771955
NC_002677.1,M. leprae,Actinobacteria,41.74,FP,88,frag,-0.013056406017663372,-0.1845577858322649,-0.09880709592496413
NC_002677.1,M. leprae,Actinobacteria,41.74,FP,12,near,0.04126000241634363,0.040322636214388294,0.04079131931536596
NC_002677.1,M. leprae,Actinobacteria,41.74,FP,1001,intergenic,-0.03169986654958094,-0.2578667362662621,-0.14478330140792153
NC_002677.1,M. leprae,Actinobacteria,41.74,TP,3,TP,-0.06170852817341839,-0.19462063161841386,-0.12816457989591612
NC_002677.1,M. leprae,Actinobacteria,41.74,FP,218,neighbor,-0.0903800308306901,-0.2692174476142476,-0.17979873922246886
NC_002677.1,M. leprae,Actinobacteria,41.74,TP,0,TP,-0.07603945838705546,-0.12180964117680446,-0.09892454978192997
NC_002677.1,M. leprae,Actinobacteria,41.74,FP,94,frag,-0.13613761615998404,-0.3267379575503028,-0.23143778685514343
NC_002677.1,M. leprae,Actinobacteria,41.74,TP,0,TP,-0.09296621728752139,-0.3338303488131665,-0.21339828305034392
NC_002677.1,M. leprae,Actinobacteria,41.74,TP,0,TP,0.04741377785801859,-0.20098770452896844,-0.07678696333547493
NC_002677.1,M. leprae,Actinobacteria,41.74,FP,48,frag,-0.02254263293981751,-0.2028203468971192,-0.11268148991846835
NC_002677.1,M. leprae,Actinobacteria,41.74,FP,14,near,-0.013269899597255375,-0.26480593102746397,-0.13903791531235968
NC_002677.1,M. leprae,Actinobacteria,41.74,FP,683,intergenic,-0.022224233735421706,-0.0638016048945147,-0.0430129193149682
NC_002677.1,M. leprae,Actinobacteria,41.74,TP,0,TP,-0.05241528463689775,-0.27078831878865656,-0.16160180171277716
NC_002677.1,M. leprae,Actinobacteria,41.74,FP,157,neighbor,0.006282390843682606,-0.14407667180671738,-0.06889714048151739
NC_002677.1,M. leprae,Actinobacteria,41.74,TP,0,TP,-0.0004823689713532531,-0.04739018302519042,-0.023936275998271837
NC_002677.1,M. leprae,Actinobacteria,41.74,TP,0,TP,0.01302701721920343,-0.055460100289934644,-0.021216541535365608
NC_002677.1,M. leprae,Actinobacteria,41.74,TP,0,TP,0.012377647169714597,-0.2754720301641512,-0.1315471914972183
NC_002677.1,M. leprae,Actinobacteria,41.74,FP,631,intergenic,-0.033365001300513106,-0.13907321677473447,-0.08621910903762378
NC_002677.1,M. leprae,Actinobacteria,41.74,FP,173,neighbor,0.09810475072586039,-0.08804536717111162,0.005029691777374383
NC_002677.1,M. leprae,Actinobacteria,41.74,FP,537,intergenic,0.09588789414685527,-0.030892672963612,0.03249761059162164
NC_002677.1,M. leprae,Actinobacteria,41.74,TP,0,TP,0.0029929131602050535,-0.22198475780706417,-0.10949592232342956
NC_002677.1,M. leprae,Actinobacteria,41.74,TP,0,TP,-0.026224835480884442,-0.1350896324906124,-0.08065723398574842
NC_002677.1,M. leprae,Actinobacteria,41.74,TP,0,TP,-0.13461346659699985,-0.15163031505142968,-0.14312189082421478
NC_002677.1,M. leprae,Actinobacteria,41.74,TP,0,TP,0.008541688561235834,-0.1902896872088192,-0.09087399932379168
NC_002677.1,M. leprae,Actinobacteria,41.74,TP,0,TP,-0.08898931775245013,-0.24167261565556686,-0.1653309667040085
NC_002677.1,M. leprae,Actinobacteria,41.74,TP,0,TP,0.04547308147432124,-0.08072802341688004,-0.0176274709712794
NC_002677.1,M. leprae,Actinobacteria,41.74,FP,684,intergenic,0.028816179321790734,-0.16295732120265996,-0.06707057094043462
NC_002677.1,M. leprae,Actinobacteria,41.74,TP,0,TP,-0.028029113346503227,-0.14199332120237643,-0.08501121727443983
NC_002677.1,M. leprae,Actinobacteria,41.74,TP,0,TP,0.003607522873551498,-0.2728472779613959,-0.1346198775439222
NC_002677.1,M. leprae,Actinobacteria,41.74,TP,0,TP,0.0646164333493599,-0.05415996593220811,0.005228233708575898
NC_002677.1,M. leprae,Actinobacteria,41.74,TP,0,TP,0.07779020654652886,-0.18216702317526484,-0.05218840831436799
NC_002677.1,M. leprae,Actinobacteria,41.74,TP,0,TP,-0.0854838823943633,-0.13206789182970766,-0.10877588711203548
NC_002677.1,M. leprae,Actinobacteria,41.74,FP,181,neighbor,-0.015576437983277696,-0.16967711303722197,-0.09262677551024984
NC_002677.1,M. leprae,Actinobacteria,41.74,TP,0,TP,-0.03799147367366918,-0.2868456722025243,-0.16241857293809675
NC_002677.1,M. leprae,Actinobacteria,41.74,TP,0,TP,0.09794065859758234,0.11389834977896669,0.10591950418827452
NC_002677.1,M. leprae,Actinobacteria,41.74,TP,0,TP,-0.10683388276100464,-0.47733496676426557,-0.2920844247626351
NC_002677.1,M. leprae,Actinobacteria,41.74,FP,678,intergenic,-0.026108932845730473,-0.09727385840210871,-0.06169139562391959
NC_002677.1,M. leprae,Actinobacteria,41.74,TP,0,TP,-0.01025472620118606,0.04906540084151985,0.019405337320166895
NC_002677.1,M. leprae,Actinobacteria,41.74,FP,495,intergenic,0.002157960665598798,-0.18607059383542293,-0.09195631658491207
NC_002677.1,M. leprae,Actinobacteria,41.74,TP,0,TP,-0.009908158306845867,0.002156233529485263,-0.0038759623886803016
NC_002677.1,M. leprae,Actinobacteria,41.74,FP,95,frag,-0.03903137273593439,-0.28707679264690994,-0.16305408269142216
NC_002677.1,M. leprae,Actinobacteria,41.74,FP,49,frag,-0.028052415013546057,-0.06840935724972894,-0.04823088613163749
NC_002677.1,M. leprae,Actinobacteria,41.74,TP,0,TP,-0.07722353598202644,-0.3770172370805902,-0.22712038653130834
NC_002677.1,M. leprae,Actinobacteria,41.74,TP,0,TP,-0.2166205832396334,-0.38441215883272617,-0.3005163710361798
NC_002677.1,M. leprae,Actinobacteria,41.74,TP,0,TP,-0.009614694057178023,-0.019130420277031844,-0.014372557167104933
NC_002677.1,M. leprae,Actinobacteria,41.74,TP,0,TP,-0.05208106041530343,-0.2301792031177463,-0.14113013176652486
NC_002677.1,M. leprae,Actinobacteria,41.74,FP,202,neighbor,-0.07291055616836223,-0.043792023303176816,-0.05835128973576952
NC_002677.1,M. leprae,Actinobacteria,41.74,TP,0,TP,-0.029901121283099266,0.025180555758317524,-0.002360282762390871
NC_002677.1,M. leprae,Actinobacteria,41.74,TP,0,TP,-0.04781509850270022,-0.13277499398676654,-0.09029504624473338
NC_002677.1,M. leprae,Actinobacteria,41.74,TP,0,TP,0.022771454988929206,-0.2486558433355583,-0.11294219417331454
NC_002677.1,M. leprae,Actinobacteria,41.74,FP,308,intergenic,0.06038917313416879,0.060082857191352444,0.060236015162760614
NC_002677.1,M. leprae,Actinobacteria,41.74,TP,0,TP,-0.11670977270658417,-0.23190779780165444,-0.1743087852541193
NC_002677.1,M. leprae,Actinobacteria,41.74,TP,0,TP,-0.01026731712247108,-0.04161370673367557,-0.025940511928073326
NC_002677.1,M. leprae,Actinobacteria,41.74,TP,0,TP,-0.10738302389024194,-0.2875028367500896,-0.19744293032016577
NC_002677.1,M. leprae,Actinobacteria,41.74,TP,0,TP,-0.011643278569042792,0.08478751969489622,0.03657212056292671
NC_002677.1,M. leprae,Actinobacteria,41.74,FP,93,frag,0.0559227443194698,0.01201819192255158,0.03397046812101069
NC_002677.1,M. leprae,Actinobacteria,41.74,TP,0,TP,-0.1355375027862093,-0.1234233024918936,-0.12948040263905145
NC_002677.1,M. leprae,Actinobacteria,41.74,TP,0,TP,0.029483741783668194,-0.0921795616864685,-0.03134790995140015
NC_002677.1,M. leprae,Actinobacteria,41.74,TP,0,TP,-0.036731507923053644,-0.3108287332650761,-0.17378012059406486
NC_002677.1,M. leprae,Actinobacteria,41.74,TP,0,TP,-0.15503114101951,-0.2962212953714257,-0.22562621819546785
NC_002677.1,M. leprae,Actinobacteria,41.74,TP,0,TP,-0.12766865579463746,-0.33991565391805667,-0.23379215485634708
NC_002677.1,M. leprae,Actinobacteria,41.74,TP,0,TP,0.03487609635012466,-0.052583676109938436,-0.008853789879906888
NC_002677.1,M. leprae,Actinobacteria,41.74,TP,0,TP,-0.04753961717912579,-0.12466416901701152,-0.08610189309806865
NC_002677.1,M. leprae,Actinobacteria,41.74,FP,120,neighbor,-0.09050229239260853,-0.23196295481195078,-0.16123262360227966
NC_002677.1,M. leprae,Actinobacteria,41.74,TP,0,TP,0.00555599901352745,-0.02192172376974142,-0.008182862378106986
NC_002677.1,M. leprae,Actinobacteria,41.74,TP,0,TP,0.043924615600835416,-0.04412904289315307,-0.00010221364615882814
NC_002677.1,M. leprae,Actinobacteria,41.74,TP,0,TP,-0.16642008002114467,-0.4443992565887953,-0.30540966830496996
NC_002677.1,M. leprae,Actinobacteria,41.74,TP,0,TP,-0.07633462658032025,-0.1405576912555425,-0.10844615891793137
NC_002677.1,M. leprae,Actinobacteria,41.74,TP,0,TP,-0.03701917195914698,-0.18124259750557883,-0.1091308847323629
NC_002677.1,M. leprae,Actinobacteria,41.74,TP,0,TP,-0.11248785660126993,-0.20158145116951473,-0.15703465388539234
NC_002677.1,M. leprae,Actinobacteria,41.74,TP,0,TP,0.034322724760155646,-0.20989763563160507,-0.08778745543572472
NC_002677.1,M. leprae,Actinobacteria,41.74,FP,298,neighbor,0.01092736442406519,-0.13101237550525582,-0.060042505540595315
NC_002677.1,M. leprae,Actinobacteria,41.74,TP,0,TP,-0.03469790021525607,0.01410934886766313,-0.010294275673796469
NC_002677.1,M. leprae,Actinobacteria,41.74,TP,0,TP,0.05930399116194943,-0.06263296154886788,-0.0016644851934592246
NC_002677.1,M. leprae,Actinobacteria,41.74,TP,0,TP,0.0924534065747442,0.039288048464162985,0.0658707275194536
NC_002677.1,M. leprae,Actinobacteria,41.74,TP,0,TP,-0.006287093889241409,0.014187290140645814,0.003950098125702203
NC_002677.1,M. leprae,Actinobacteria,41.74,TP,0,TP,0.08758828713506167,0.11353716848032888,0.10056272780769528
NC_002677.1,M. leprae,Actinobacteria,41.74,TP,0,TP,-0.00708239989948325,-0.09277203098863254,-0.0499272154440579
NC_002677.1,M. leprae,Actinobacteria,41.74,TP,0,TP,0.02051151772693984,-0.1484554798832569,-0.06397198107815853
NC_002677.1,M. leprae,Actinobacteria,41.74,FP,328,intergenic,-0.016629478800471276,-0.12388175450618633,-0.0702556166533288
NC_002677.1,M. leprae,Actinobacteria,41.74,TP,0,TP,0.018366677758552184,-0.11761014170648139,-0.049621731973964606
NC_002677.1,M. leprae,Actinobacteria,41.74,TP,0,TP,0.07131676245197104,0.2362207859110484,0.15376877418150972
NC_002677.1,M. leprae,Actinobacteria,41.74,TP,0,TP,0.03036199722211587,-0.0013265030440841486,0.01451774708901586
NC_002677.1,M. leprae,Actinobacteria,41.74,TP,0,TP,-0.14655027997300085,-0.3859965631405068,-0.2662734215567538
NC_002677.1,M. leprae,Actinobacteria,41.74,TP,0,TP,-0.07080839660836205,-0.1777452631441868,-0.12427682987627442
NC_002677.1,M. leprae,Actinobacteria,41.74,TP,0,TP,0.0343031574749458,-0.030068204310664016,0.002117476582140891
NC_002677.1,M. leprae,Actinobacteria,41.74,TP,0,TP,-0.09845843688425025,-0.34555568804916276,-0.2220070624667065
NC_002677.1,M. leprae,Actinobacteria,41.74,TP,0,TP,-0.1613241270644167,-0.2759645245967285,-0.21864432583057258
NC_002677.1,M. leprae,Actinobacteria,41.74,TP,0,TP,-0.011184266662048022,-0.25735120103184883,-0.13426773384694843
NC_002677.1,M. leprae,Actinobacteria,41.74,TP,0,TP,0.13883009864049664,-0.08982681797057594,0.02450164033496035
NC_002677.1,M. leprae,Actinobacteria,41.74,TP,0,TP,0.08907914832381299,0.027288247314269397,0.05818369781904119
NC_002677.1,M. leprae,Actinobacteria,41.74,TP,0,TP,0.04708257266464955,-0.06518464478248517,-0.009051036058917813
NC_002677.1,M. leprae,Actinobacteria,41.74,TP,0,TP,-0.00040552514125001456,-0.09965137213192392,-0.05002844863658697
NC_002677.1,M. leprae,Actinobacteria,41.74,TP,0,TP,-0.05041731889495106,-0.21581643567161707,-0.13311687728328406
NC_002677.1,M. leprae,Actinobacteria,41.74,TP,0,TP,-0.0507805396870495,-0.12103201875781763,-0.08590627922243357
NC_002677.1,M. leprae,Actinobacteria,41.74,TP,0,TP,-0.0689795136081159,-0.1876778802720885,-0.1283286969401022
NC_002677.1,M. leprae,Actinobacteria,41.74,TP,0,TP,-0.0805776074097307,-0.22514704756155268,-0.15286232748564169
NC_002677.1,M. leprae,Actinobacteria,41.74,TP,0,TP,-0.11512253301441741,-0.3840685714351224,-0.24959555222476992
NC_002677.1,M. leprae,Actinobacteria,41.74,FP,18,near,0.015019264477862749,-0.20744054983126148,-0.09621064267669936
NC_002677.1,M. leprae,Actinobacteria,41.74,TP,0,TP,-0.059775585255147,-0.13322403920089343,-0.09649981222802022
NC_002677.1,M. leprae,Actinobacteria,41.74,TP,0,TP,-0.12737176671139258,-0.4034053601521371,-0.26538856343176487
NC_002677.1,M. leprae,Actinobacteria,41.74,TP,0,TP,0.058265420076767306,0.22579080414804764,0.14202811211240748
NC_002677.1,M. leprae,Actinobacteria,41.74,FP,23,near,0.041121703418310555,-0.009103454120623411,0.016009124648843572
NC_002677.1,M. leprae,Actinobacteria,41.74,TP,0,TP,-0.03337737811849427,-0.2918101381844259,-0.1625937581514601
NC_002677.1,M. leprae,Actinobacteria,41.74,TP,0,TP,0.009378433605050656,-0.20816326488587222,-0.09939241564041078
NC_002677.1,M. leprae,Actinobacteria,41.74,FP,2100,intergenic,-0.029852068612869213,-0.22404118589854818,-0.1269466272557087
NC_002677.1,M. leprae,Actinobacteria,41.74,TP,0,TP,-0.018882650633830402,-0.10158521653792078,-0.060233933585875594
NC_002677.1,M. leprae,Actinobacteria,41.74,TP,0,TP,0.12359501425569874,-0.0595050707540075,0.03204497175084562
NC_002677.1,M. leprae,Actinobacteria,41.74,TP,0,TP,-0.04694364387624172,-0.2887090070128977,-0.1678263254445697
NC_002677.1,M. leprae,Actinobacteria,41.74,TP,0,TP,-0.15248401126673272,-0.30576071806164223,-0.22912236466418748
NC_002677.1,M. leprae,Actinobacteria,41.74,TP,0,TP,-0.022355734299159973,-0.1317419594905786,-0.07704884689486928
NC_002677.1,M. leprae,Actinobacteria,41.74,FP,433,intergenic,0.01790799423988266,-0.042195892498695285,-0.012143949129406313
NC_002677.1,M. leprae,Actinobacteria,41.74,TP,0,TP,-0.11904230929224961,-0.4251911134802796,-0.2721167113862646
NC_002677.1,M. leprae,Actinobacteria,41.74,TP,0,TP,-0.07329166871325844,-0.28143049744181425,-0.17736108307753634
NC_002677.1,M. leprae,Actinobacteria,41.74,TP,0,TP,-0.029639420407075553,-0.06331496573486746,-0.046477193070971506
NC_002677.1,M. leprae,Actinobacteria,41.74,TP,0,TP,0.06628708928992827,0.052448333657339676,0.05936771147363397
NC_002677.1,M. leprae,Actinobacteria,41.74,FP,47,frag,0.05676618301193959,0.20881975289216897,0.13279296795205428
NC_002677.1,M. leprae,Actinobacteria,41.74,TP,0,TP,-0.04542516687068243,-0.3227364309373428,-0.1840807989040126
NC_002677.1,M. leprae,Actinobacteria,41.74,FP,203,neighbor,0.023107626308509547,-0.2769934664783598,-0.12694292008492514
NC_002677.1,M. leprae,Actinobacteria,41.74,TP,0,TP,0.0004498199569487345,-0.17723384198566805,-0.08839201101435966
NC_002677.1,M. leprae,Actinobacteria,41.74,FP,126,neighbor,-0.06138266218861498,-0.35926262177967205,-0.21032264198414352
NC_002677.1,M. leprae,Actinobacteria,41.74,TP,0,TP,-0.0815878054657747,-0.1909598298075707,-0.1362738176366727
NC_002677.1,M. leprae,Actinobacteria,41.74,TP,0,TP,-0.05745241940586633,-0.1986788890140339,-0.1280656542099501
NC_002677.1,M. leprae,Actinobacteria,41.74,FP,189,neighbor,-0.08498074032006049,-0.31244930806040755,-0.198715024190234
NC_002677.1,M. leprae,Actinobacteria,41.74,TP,0,TP,0.02846189907034547,-0.20032546633526777,-0.08593178363246115
NC_002677.1,M. leprae,Actinobacteria,41.74,TP,0,TP,-0.10089387858010923,-0.2507883304125009,-0.17584110449630508
NC_002677.1,M. leprae,Actinobacteria,41.74,FP,290,neighbor,-0.028880692526662935,-0.2915686721797755,-0.1602246823532192
NC_002677.1,M. leprae,Actinobacteria,41.74,TP,0,TP,0.02381759982699876,-0.2433624755058453,-0.10977243783942327
NC_002677.1,M. leprae,Actinobacteria,41.74,TP,0,TP,-0.0904555628096882,-0.1844392397080739,-0.13744740125888105
NC_002677.1,M. leprae,Actinobacteria,41.74,TP,0,TP,0.11079334683215195,0.24350433228369397,0.17714883955792296
NC_002677.1,M. leprae,Actinobacteria,41.74,FP,49,frag,-0.06080103817952036,-0.3243251922170636,-0.19256311519829197
NC_002677.1,M. leprae,Actinobacteria,41.74,TP,0,TP,0.08046258286646406,-0.051872521093461896,0.014295030886501081
NC_002677.1,M. leprae,Actinobacteria,41.74,FP,1861,intergenic,-0.07111590593911453,-0.31819163340220485,-0.1946537696706597
NC_002677.1,M. leprae,Actinobacteria,41.74,TP,0,TP,0.08427696387882762,-0.09051477673765831,-0.003118906429415348
NC_002677.1,M. leprae,Actinobacteria,41.74,TP,0,TP,-0.10955838767891872,-0.162323759892039,-0.13594107378547887
NC_002677.1,M. leprae,Actinobacteria,41.74,FP,167,neighbor,-0.14901190520489915,-0.3706003412008151,-0.2598061232028571
NC_002677.1,M. leprae,Actinobacteria,41.74,TP,0,TP,0.1070353108241297,0.1800034613966403,0.143519386110385
NC_002677.1,M. leprae,Actinobacteria,41.74,TP,0,TP,-0.10483935218846104,-0.35026327943744634,-0.22755131581295368
NC_002677.1,M. leprae,Actinobacteria,41.74,TP,0,TP,0.05868402343216227,0.07556228924543192,0.06712315633879709
NC_002677.1,M. leprae,Actinobacteria,41.74,TP,0,TP,-0.0054511574989239385,-0.044374865165879386,-0.02491301133240166
NC_002677.1,M. leprae,Actinobacteria,41.74,TP,0,TP,-0.0382376061887174,-0.07446781107643474,-0.056352708632576076
NC_002677.1,M. leprae,Actinobacteria,41.74,TP,0,TP,0.02099193441525505,-0.013511232797169726,0.0037403508090426618
NC_002677.1,M. leprae,Actinobacteria,41.74,TP,0,TP,-0.06409734836630841,-0.0790215265243411,-0.07155943744532475
NC_002677.1,M. leprae,Actinobacteria,41.74,TP,0,TP,-0.005780925610627463,-0.1554043784532432,-0.08059265203193533
NC_002677.1,M. leprae,Actinobacteria,41.74,TP,0,TP,-0.005718926064319873,-0.011727657891239574,-0.008723291977779723
NC_002677.1,M. leprae,Actinobacteria,41.74,TP,0,TP,-0.046479538813135456,-0.1558509299328314,-0.10116523437298343
NC_002677.1,M. leprae,Actinobacteria,41.74,TP,0,TP,-0.09101321011152047,-0.22282618518225233,-0.1569196976468864
NC_002677.1,M. leprae,Actinobacteria,41.74,TP,0,TP,-0.05804388212933631,-0.25297861992569537,-0.15551125102751584
NC_002677.1,M. leprae,Actinobacteria,41.74,TP,0,TP,-0.12331852133683464,-0.37486437423566554,-0.2490914477862501
NC_002677.1,M. leprae,Actinobacteria,41.74,TP,0,TP,-0.148371596685521,-0.5702043395461104,-0.3592879681158157
NC_002677.1,M. leprae,Actinobacteria,41.74,TP,0,TP,0.03480772290028682,-0.062382321385393166,-0.013787299242553175
NC_002677.1,M. leprae,Actinobacteria,41.74,TP,0,TP,0.0017672072973667241,-0.11775397563091658,-0.05799338416677493
NC_002677.1,M. leprae,Actinobacteria,41.74,TP,0,TP,-0.029484747997608453,-0.348850751720115,-0.18916774985886173
NC_002677.1,M. leprae,Actinobacteria,41.74,TP,0,TP,-0.06840865363176765,-0.22975795943175115,-0.14908330653175939
NC_002677.1,M. leprae,Actinobacteria,41.74,TP,0,TP,-0.04384142234738822,-0.18468029892535326,-0.11426086063637074
NC_002677.1,M. leprae,Actinobacteria,41.74,FP,1424,intergenic,0.06384987487689552,-0.13233595504058115,-0.03424304008184282
NC_002677.1,M. leprae,Actinobacteria,41.74,TP,0,TP,0.001467321404213114,-0.07681230184446478,-0.03767249022012583
NC_002677.1,M. leprae,Actinobacteria,41.74,TP,0,TP,-0.005907374988351203,-0.18656262621638078,-0.09623500060236599
NC_002677.1,M. leprae,Actinobacteria,41.74,FP,555,intergenic,-0.13037854594749423,-0.4113699435060916,-0.2708742447267929
NC_002677.1,M. leprae,Actinobacteria,41.74,TP,0,TP,-0.005862689726405535,-0.023642477743099022,-0.014752583734752278
NC_002677.1,M. leprae,Actinobacteria,41.74,TP,0,TP,-0.02722926450569645,-0.14743453801085452,-0.08733190125827549
NC_002677.1,M. leprae,Actinobacteria,41.74,FP,1115,intergenic,0.080910153108303,-0.11753793493860627,-0.018313890915151634
NC_002677.1,M. leprae,Actinobacteria,41.74,TP,0,TP,0.04779702871798032,0.1479292636876252,0.09786314620280276
NC_002677.1,M. leprae,Actinobacteria,41.74,TP,0,TP,-0.036529516668129244,-0.11835663469950645,-0.07744307568381785
NC_002677.1,M. leprae,Actinobacteria,41.74,TP,0,TP,-0.05365986687656796,-0.4426667965381782,-0.2481633317073731
NC_002677.1,M. leprae,Actinobacteria,41.74,TP,0,TP,-0.033485160710674935,-0.2594953029847602,-0.14649023184771756
NC_002677.1,M. leprae,Actinobacteria,41.74,TP,0,TP,-0.07840069024014582,-0.2453791698992042,-0.161889930069675
NC_002677.1,M. leprae,Actinobacteria,41.74,TP,0,TP,-0.09584533469451723,-0.19065742882505318,-0.1432513817597852
NC_002677.1,M. leprae,Actinobacteria,41.74,TP,0,TP,0.15291547493263877,0.1839565558968296,0.16843601541473419
NC_002677.1,M. leprae,Actinobacteria,41.74,TP,0,TP,0.03921893746378894,-0.09893590532070107,-0.029858483928456064
NC_002677.1,M. leprae,Actinobacteria,41.74,TP,0,TP,-0.09047254884534202,-0.4301875714610418,-0.26033006015319193
NC_002677.1,M. leprae,Actinobacteria,41.74,TP,0,TP,-0.03782335121918147,-0.3550797807564813,-0.19645156598783137
NC_002677.1,M. leprae,Actinobacteria,41.74,FP,39,frag,-0.01061827274449622,-0.02276543837232552,-0.01669185555841087
NC_002677.1,M. leprae,Actinobacteria,41.74,TP,0,TP,-0.03249233927304876,-0.10297022501860909,-0.06773128214582892
NC_002677.1,M. leprae,Actinobacteria,41.74,TP,0,TP,-0.06099817984465119,-0.04094482818129421,-0.0509715040129727
NC_002677.1,M. leprae,Actinobacteria,41.74,TP,0,TP,-0.0029487472076728713,0.008553817897054472,0.0028025353446908003
NC_002677.1,M. leprae,Actinobacteria,41.74,FP,82,frag,-0.033922095954296336,-0.23687490289007088,-0.1353984994221836
NC_002677.1,M. leprae,Actinobacteria,41.74,TP,0,TP,0.11214824692207705,0.11129226223020865,0.11172025457614285
NC_002677.1,M. leprae,Actinobacteria,41.74,FP,296,neighbor,0.08701144585226714,-0.09269553325075038,-0.0028420436992416184
NC_002677.1,M. leprae,Actinobacteria,41.74,TP,0,TP,0.052743649282020515,-0.057685482095799046,-0.0024709164068892654
NC_002677.1,M. leprae,Actinobacteria,41.74,TP,0,TP,0.03374588771797633,-0.22430778131333398,-0.09528094679767882
NC_002677.1,M. leprae,Actinobacteria,41.74,TP,0,TP,0.06285262369561077,-0.008974933673135866,0.026938845011237455
NC_002677.1,M. leprae,Actinobacteria,41.74,TP,0,TP,0.016597099143947247,-0.17204949154276364,-0.0777261961994082
NC_002677.1,M. leprae,Actinobacteria,41.74,FP,691,intergenic,-0.10309043801326728,-0.36463344524972713,-0.2338619416314972
NC_002677.1,M. leprae,Actinobacteria,41.74,TP,0,TP,0.02766636435457433,-0.04053102221944016,-0.006432328932432915
NC_002677.1,M. leprae,Actinobacteria,41.74,FP,1087,intergenic,0.06542504912386822,-0.19426303476587278,-0.06441899282100227
NC_002677.1,M. leprae,Actinobacteria,41.74,TP,0,TP,-0.02147244911896754,-0.0754973318025776,-0.04848489046077257
NC_002677.1,M. leprae,Actinobacteria,41.74,FP,504,intergenic,-0.09455157609773958,-0.3125220941097055,-0.20353683510372253
NC_002677.1,M. leprae,Actinobacteria,41.74,TP,0,TP,0.02763841380711298,-0.16426955040992794,-0.06831556830140748
NC_002677.1,M. leprae,Actinobacteria,41.74,FP,308,intergenic,0.08440040439189242,0.2476833282947851,0.16604186634333876
NC_002677.1,M. leprae,Actinobacteria,41.74,TP,0,TP,-0.04350001530378265,-0.34732326448107925,-0.19541163989243096
NC_002677.1,M. leprae,Actinobacteria,41.74,TP,0,TP,-0.10498502294263616,-0.21321205551273295,-0.15909853922768455
NC_002677.1,M. leprae,Actinobacteria,41.74,TP,0,TP,-0.03098711798956657,-0.11258819270286366,-0.07178765534621512
NC_002677.1,M. leprae,Actinobacteria,41.74,TP,0,TP,-0.1079309239449427,-0.17342246975001316,-0.14067669684747794
NC_002677.1,M. leprae,Actinobacteria,41.74,TP,0,TP,0.03466534559053353,-0.270050053231882,-0.11769235382067425
NC_002677.1,M. leprae,Actinobacteria,41.74,TP,0,TP,-0.012141818371593161,-0.22487342611888436,-0.11850762224523877
NC_002677.1,M. leprae,Actinobacteria,41.74,TP,0,TP,-0.05864587062026369,-0.25399282593682954,-0.1563193482785466
NC_002677.1,M. leprae,Actinobacteria,41.74,TP,0,TP,-0.213453302980286,-0.502969196605779,-0.3582112497930325
NC_002677.1,M. leprae,Actinobacteria,41.74,TP,0,TP,-0.11814763916713365,-0.2877572931070439,-0.20295246613708878
NC_002677.1,M. leprae,Actinobacteria,41.74,TP,0,TP,-0.046626944182761795,-0.2368759712746062,-0.141751457728684
NC_002677.1,M. leprae,Actinobacteria,41.74,TP,0,TP,-0.04510720375850094,-0.38216453463894806,-0.21363586919872452
NC_002677.1,M. leprae,Actinobacteria,41.74,TP,0,TP,-0.001657388223824796,-0.17050226371453903,-0.08607982596918191
NC_002677.1,M. leprae,Actinobacteria,41.74,TP,0,TP,-0.05045333600806288,-0.22258574758444,-0.13651954179625145
NC_002677.1,M. leprae,Actinobacteria,41.74,TP,0,TP,0.0012047747277343034,-0.17041239693259486,-0.08460381110243027
NC_002677.1,M. leprae,Actinobacteria,41.74,TP,0,TP,-0.017328050191069384,-0.3197883261862778,-0.16855818818867357
NC_002677.1,M. leprae,Actinobacteria,41.74,TP,0,TP,-0.008179656180671202,-0.07863327523563157,-0.04340646570815139
NC_002677.1,M. leprae,Actinobacteria,41.74,FP,96,frag,0.028739404998532572,-0.24781580044423207,-0.10953819772284976
NC_002677.1,M. leprae,Actinobacteria,41.74,FP,184,neighbor,-0.11020680995585247,-0.21114430472412452,-0.1606755573399885
NC_002677.1,M. leprae,Actinobacteria,41.74,TP,0,TP,0.07308976265634541,0.01839486883069199,0.0457423157435187
NC_002677.1,M. leprae,Actinobacteria,41.74,TP,0,TP,0.012784461643410102,-0.14010750969587207,-0.06366152402623099
NC_002677.1,M. leprae,Actinobacteria,41.74,FP,462,intergenic,0.020103257549174695,-0.09918027148329642,-0.03953850696706086
NC_002677.1,M. leprae,Actinobacteria,41.74,TP,0,TP,-0.025552119524613913,-0.20549585055035208,-0.115523985037483
NC_002677.1,M. leprae,Actinobacteria,41.74,TP,0,TP,0.03429686466312608,-0.1546042494139094,-0.060153692375391664
NC_002677.1,M. leprae,Actinobacteria,41.74,TP,0,TP,-0.07091510409121445,-0.07301098747552644,-0.07196304578337044
NC_002677.1,M. leprae,Actinobacteria,41.74,TP,0,TP,-0.14144775667091855,-0.2779254674500116,-0.20968661206046507
NC_002677.1,M. leprae,Actinobacteria,41.74,FP,236,neighbor,0.053051787015551355,0.05636664397525948,0.05470921549540542
NC_002677.1,M. leprae,Actinobacteria,41.74,FP,575,intergenic,0.003639586005817345,-0.11243317723448953,-0.054396795614336094
NC_002677.1,M. leprae,Actinobacteria,41.74,FP,243,neighbor,-0.03814042434045177,-0.1566944227800242,-0.097417423560238
NC_002677.1,M. leprae,Actinobacteria,41.74,FP,327,intergenic,0.17805403209464168,0.15142898276086214,0.1647415074277519
NC_002677.1,M. leprae,Actinobacteria,41.74,TP,0,TP,0.03371963306636729,-0.10135035359599129,-0.033815360264811994
NC_002677.1,M. leprae,Actinobacteria,41.74,FP,419,intergenic,-0.01930254360933598,-0.18919836487966038,-0.10425045424449818
NC_002677.1,M. leprae,Actinobacteria,41.74,TP,0,TP,-0.0310241421095571,-0.28350079358181546,-0.1572624678456863
NC_002677.1,M. leprae,Actinobacteria,41.74,TP,0,TP,-0.16589016294994016,-0.4448583849436318,-0.30537427394678596
NC_002677.1,M. leprae,Actinobacteria,41.74,TP,0,TP,0.015615252933563539,0.034277799563548685,0.02494652624855611
NC_002677.1,M. leprae,Actinobacteria,41.74,FP,57,frag,-0.24056719419063127,-0.5953332607301534,-0.41795022746039234
NC_002677.1,M. leprae,Actinobacteria,41.74,FP,84,frag,-0.05740580135040503,-0.08192938822432297,-0.069667594787364
NC_002677.1,M. leprae,Actinobacteria,41.74,TP,0,TP,-0.07982428029471743,-0.20362258386710153,-0.14172343208090948
NC_002677.1,M. leprae,Actinobacteria,41.74,TP,0,TP,6.991746414541922e-05,-0.22236531331798873,-0.11114769792692165
NC_002677.1,M. leprae,Actinobacteria,41.74,TP,0,TP,-0.1715569724974505,-0.3121318012945153,-0.2418443868959829
NC_002677.1,M. leprae,Actinobacteria,41.74,FP,40,frag,-0.07592556772248286,-0.41573265100255413,-0.2458291093625185
NC_002677.1,M. leprae,Actinobacteria,41.74,FP,91,frag,0.028681297076740955,-0.24969681713744052,-0.11050776003034979
NC_002677.1,M. leprae,Actinobacteria,41.74,TP,0,TP,0.10433426070215836,-0.04631264974011984,0.02901080548101926
NC_002677.1,M. leprae,Actinobacteria,41.74,TP,0,TP,-0.058095323721328404,-0.05008452758643287,-0.05408992565388064
NC_002677.1,M. leprae,Actinobacteria,41.74,TP,0,TP,0.011055508921106376,-0.07029307961947709,-0.029618785349185356
NC_002677.1,M. leprae,Actinobacteria,41.74,TP,0,TP,0.020989762020525878,-0.2143096423443282,-0.09665994016190116
NC_002677.1,M. leprae,Actinobacteria,41.74,FP,138,neighbor,0.04078881278384306,0.19316735580875602,0.11697808429629954
NC_002677.1,M. leprae,Actinobacteria,41.74,FP,86,frag,-0.012569321295602029,-0.10767596645903481,-0.060122643877318416
NC_002677.1,M. leprae,Actinobacteria,41.74,TP,0,TP,0.08821192242466794,-0.060771297834903495,0.013720312294882221
NC_002677.1,M. leprae,Actinobacteria,41.74,TP,0,TP,-0.048425258661899305,-0.2073635242235632,-0.12789439144273124
NC_002677.1,M. leprae,Actinobacteria,41.74,TP,0,TP,0.06459429814895307,-0.0920529799857313,-0.013729340918389114
NC_002677.1,M. leprae,Actinobacteria,41.74,TP,0,TP,-0.01767749554494576,-0.2049535662015039,-0.11131553087322484
NC_002677.1,M. leprae,Actinobacteria,41.74,FP,135,neighbor,-0.04077314438050242,-0.18449505559274115,-0.11263409998662179
NC_002677.1,M. leprae,Actinobacteria,41.74,FP,69,frag,0.06234684058773112,0.13510336808613416,0.09872510433693264
NC_002677.1,M. leprae,Actinobacteria,41.74,TP,0,TP,-0.05772672556779123,-0.27220506334344774,-0.1649658944556195
NC_002677.1,M. leprae,Actinobacteria,41.74,FP,79,frag,-0.06386116714288785,-0.2342062415094368,-0.14903370432616234
NC_002677.1,M. leprae,Actinobacteria,41.74,TP,0,TP,0.007337132920513293,0.013622180210300172,0.010479656565406732
NC_002677.1,M. leprae,Actinobacteria,41.74,TP,0,TP,-0.10684020610055901,-0.3775534954799141,-0.24219685079023656
NC_002677.1,M. leprae,Actinobacteria,41.74,FP,69,frag,-0.008616517828535801,-0.12317139307670359,-0.0658939554526197
NC_002677.1,M. leprae,Actinobacteria,41.74,FP,45,frag,0.027154812030899696,-0.1396433978374283,-0.0562442929032643
NC_002677.1,M. leprae,Actinobacteria,41.74,FP,18,near,-0.03831445926741518,-0.20068351162180917,-0.11949898544461218
NC_002677.1,M. leprae,Actinobacteria,41.74,FP,43,frag,0.01706904334503463,0.065253235526189,0.04116113943561182
NC_002677.1,M. leprae,Actinobacteria,41.74,FP,449,intergenic,-0.13623491160778348,-0.21636821623536093,-0.1763015639215722
NC_002677.1,M. leprae,Actinobacteria,41.74,TP,0,TP,0.04332326002662062,-0.12224413622278903,-0.03946043809808421
NC_002677.1,M. leprae,Actinobacteria,41.74,TP,0,TP,-0.007558512474984743,-0.08264209524579584,-0.045100303860390295
NC_002677.1,M. leprae,Actinobacteria,41.74,FP,879,intergenic,-0.10260919551511544,-0.3072538117261544,-0.20493150362063492
NC_002677.1,M. leprae,Actinobacteria,41.74,TP,0,TP,-0.050415785992844776,-0.23846620036904653,-0.14444099318094566
NC_002677.1,M. leprae,Actinobacteria,41.74,FP,21,near,0.0741005586092361,0.16895429384257382,0.12152742622590496
NC_002677.1,M. leprae,Actinobacteria,41.74,TP,0,TP,-0.08633129935705076,-0.22504550497779618,-0.15568840216742347
NC_002677.1,M. leprae,Actinobacteria,41.74,TP,0,TP,0.04349764729202974,-0.21991341222551597,-0.08820788246674312
NC_002677.1,M. leprae,Actinobacteria,41.74,FP,18,near,-0.06311296241994431,-0.32596918129030283,-0.19454107185512357
NC_002677.1,M. leprae,Actinobacteria,41.74,TP,0,TP,0.10809275897037314,-0.02422500441151243,0.041933877279430355
NC_002677.1,M. leprae,Actinobacteria,41.74,FP,15,near,-0.016110025430621278,-0.18084725112127914,-0.09847863827595021
NC_002677.1,M. leprae,Actinobacteria,41.74,TP,0,TP,-0.17880679557190055,-0.2511329216250907,-0.21496985859849563
NC_002677.1,M. leprae,Actinobacteria,41.74,FP,173,neighbor,0.09717357684231279,0.015807423948033517,0.05649050039517315
NC_002677.1,M. leprae,Actinobacteria,41.74,TP,0,TP,-0.0953839631020692,-0.09372210599078841,-0.0945530345464288
NC_002677.1,M. leprae,Actinobacteria,41.74,TP,0,TP,0.03984553329684791,-0.07288209302889186,-0.016518279866021973
NC_002677.1,M. leprae,Actinobacteria,41.74,TP,0,TP,0.04937464596886632,-0.17198870912717296,-0.06130703157915332
NC_002677.1,M. leprae,Actinobacteria,41.74,FP,228,neighbor,-0.058224423887177794,-0.23102495628138087,-0.14462469008427933
NC_002677.1,M. leprae,Actinobacteria,41.74,TP,0,TP,-0.12920945792305125,-0.5156191727049155,-0.3224143153139834
NC_002677.1,M. leprae,Actinobacteria,41.74,TP,0,TP,-0.024432817156671404,0.03974002480231746,0.007653603822823029
NC_002677.1,M. leprae,Actinobacteria,41.74,FP,84,frag,0.04308388918222642,-0.13733596261789885,-0.04712603671783622
NC_002677.1,M. leprae,Actinobacteria,41.74,TP,3,TP,-0.023050401607750595,-0.07997024043460428,-0.05151032102117744
NC_002677.1,M. leprae,Actinobacteria,41.74,FP,120,neighbor,-0.16683109831999018,-0.323171113049343,-0.2450011056846666
NC_002677.1,M. leprae,Actinobacteria,41.74,TP,0,TP,-0.08266238518105737,-0.08926356137635238,-0.08596297327870488
NC_002677.1,M. leprae,Actinobacteria,41.74,TP,0,TP,-0.12542253702383022,-0.19490625094148228,-0.16016439398265625
NC_002677.1,M. leprae,Actinobacteria,41.74,TP,0,TP,-0.06933113516769657,-0.3022866741676317,-0.18580890466766414
NC_002677.1,M. leprae,Actinobacteria,41.74,TP,0,TP,-0.005677810376684297,-0.13127445593316195,-0.06847613315492312
NC_002677.1,M. leprae,Actinobacteria,41.74,FP,9,near,0.01574586420619871,-0.12203183447929078,-0.053142985136546035
NC_002677.1,M. leprae,Actinobacteria,41.74,FP,135,neighbor,-0.0733899406565179,-0.4010831287214323,-0.2372365346889751
NC_002677.1,M. leprae,Actinobacteria,41.74,TP,0,TP,-0.029909635207260976,-0.10157164846384674,-0.06574064183555386
NC_002677.1,M. leprae,Actinobacteria,41.74,FP,126,neighbor,-0.09211861563981809,-0.3197290592735378,-0.20592383745667794
NC_002677.1,M. leprae,Actinobacteria,41.74,FP,1069,intergenic,-0.04699812060086923,-0.4737087763476282,-0.26035344847424874
NC_002677.1,M. leprae,Actinobacteria,41.74,TP,0,TP,0.024694370009463285,0.05625550992907193,0.04047493996926761
NC_002677.1,M. leprae,Actinobacteria,41.74,FP,487,intergenic,-0.07292765124784092,-0.19776222552063133,-0.1353449383842361
NC_002677.1,M. leprae,Actinobacteria,41.74,TP,0,TP,-0.12773856783348947,-0.39869524839906917,-0.2632169081162793
NC_002677.1,M. leprae,Actinobacteria,41.74,FP,155,neighbor,0.03467614401767941,-0.24081382231904627,-0.10306883915068343
NC_002677.1,M. leprae,Actinobacteria,41.74,FP,108,neighbor,-0.10241884095269001,-0.366807581999376,-0.234613211476033
NC_002677.1,M. leprae,Actinobacteria,41.74,FP,117,neighbor,-0.04798476415053254,-0.19334661153356478,-0.12066568784204866
NC_002677.1,M. leprae,Actinobacteria,41.74,FP,43,frag,0.02639141282651991,-0.09604574031457887,-0.03482716374402948
NC_002677.1,M. leprae,Actinobacteria,41.74,TP,0,TP,-0.13836142327879178,-0.34520126917546534,-0.24178134622712855
NC_002677.1,M. leprae,Actinobacteria,41.74,TP,0,TP,-0.13338203811422958,-0.31531172788494144,-0.2243468829995855
NC_002677.1,M. leprae,Actinobacteria,41.74,FP,181,neighbor,-0.08429661344922602,-0.37814291086949864,-0.23121976215936232
NC_002677.1,M. leprae,Actinobacteria,41.74,TP,0,TP,0.06502252626704816,-0.14916060814820256,-0.0420690409405772
NC_002677.1,M. leprae,Actinobacteria,41.74,FP,129,neighbor,0.0445954611657001,0.04422612270721373,0.04441079193645692
NC_002677.1,M. leprae,Actinobacteria,41.74,TP,0,TP,-0.06085983789173118,-0.3566116257373452,-0.20873573181453817
NC_002677.1,M. leprae,Actinobacteria,41.74,TP,0,TP,0.03336446993719756,-0.10607633083829242,-0.03635593045054743
NC_002677.1,M. leprae,Actinobacteria,41.74,FP,114,neighbor,0.035829736248538545,-0.05865295175133482,-0.011411607751398139
NC_002677.1,M. leprae,Actinobacteria,41.74,TP,0,TP,0.06670481270833288,0.20631399498876704,0.13650940384854995
NC_002677.1,M. leprae,Actinobacteria,41.74,TP,0,TP,0.008966992298216543,-0.09565421258677986,-0.04334361014428166
NC_002677.1,M. leprae,Actinobacteria,41.74,TP,0,TP,0.0647571379341881,0.015685864577730513,0.0402215012559593
NC_002677.1,M. leprae,Actinobacteria,41.74,TP,0,TP,-0.05085946305152191,-0.2209376893251175,-0.13589857618831971
NC_002677.1,M. leprae,Actinobacteria,41.74,TP,0,TP,-0.07054046584477855,-0.23639288400835098,-0.15346667492656477
NC_002677.1,M. leprae,Actinobacteria,41.74,FP,108,neighbor,-0.11022195247143358,-0.2800254493110984,-0.195123700891266
NC_002677.1,M. leprae,Actinobacteria,41.74,TP,0,TP,-0.02623146584581946,-0.37025501966384977,-0.19824324275483463
NC_002677.1,M. leprae,Actinobacteria,41.74,FP,12,near,0.04743734027139628,-0.08681363089500635,-0.019688145311805034
NC_002677.1,M. leprae,Actinobacteria,41.74,FP,212,neighbor,-0.11642317970862237,-0.2541325991704163,-0.18527788943951934
NC_002677.1,M. leprae,Actinobacteria,41.74,TP,0,TP,-0.020106619767953287,-0.4156764032933019,-0.2178915115306276
NC_002677.1,M. leprae,Actinobacteria,41.74,FP,378,intergenic,-0.10400613464593794,-0.09357689816228998,-0.09879151640411396
NC_002677.1,M. leprae,Actinobacteria,41.74,FP,18,near,-0.18177672537270648,-0.5713690141960314,-0.37657286978436894
NC_002677.1,M. leprae,Actinobacteria,41.74,FP,108,neighbor,0.024983990385406923,-0.055912444429137766,-0.015464227021865421
NC_002677.1,M. leprae,Actinobacteria,41.74,TP,0,TP,-0.012081237840953917,-0.07212019467503765,-0.04210071625799578
NC_002677.1,M. leprae,Actinobacteria,41.74,FP,314,intergenic,-0.023447111596419507,-0.26421680880188847,-0.14383196019915398
NC_002677.1,M. leprae,Actinobacteria,41.74,TP,0,TP,-0.128695117136904,-0.2312216599996745,-0.17995838856828927
NC_002677.1,M. leprae,Actinobacteria,41.74,FP,1560,intergenic,0.0152930796320175,-0.2301335509976674,-0.10742023568282495
NC_002677.1,M. leprae,Actinobacteria,41.74,TP,0,TP,-0.01988271382315266,0.030058258457561493,0.005087772317204416
NC_002677.1,M. leprae,Actinobacteria,41.74,TP,0,TP,-0.06989744552383878,-0.19272857347606945,-0.13131300949995411
NC_002677.1,M. leprae,Actinobacteria,41.74,FP,148,neighbor,0.0015510574611089585,-0.17974466048076607,-0.08909680150982856
NC_002677.1,M. leprae,Actinobacteria,41.74,FP,63,frag,0.00553308010907306,-0.2579661836321371,-0.12621655176153201
NC_002677.1,M. leprae,Actinobacteria,41.74,FP,316,intergenic,0.039812015655649687,-0.13528085473663154,-0.04773441954049093
NC_002677.1,M. leprae,Actinobacteria,41.74,FP,282,neighbor,-0.03825269207202027,-0.20826165212684417,-0.12325717209943221
NC_002677.1,M. leprae,Actinobacteria,41.74,TP,0,TP,-0.14254847047139993,-0.19871430910346105,-0.17063138978743048
NC_002677.1,M. leprae,Actinobacteria,41.74,TP,0,TP,-0.17542743049271034,-0.14215702046639295,-0.15879222547955163
NC_002677.1,M. leprae,Actinobacteria,41.74,TP,0,TP,-0.152090606231904,-0.40114818697079213,-0.27661939660134804
NC_002677.1,M. leprae,Actinobacteria,41.74,TP,0,TP,-0.01603307341202438,-0.05148295551653561,-0.03375801446427999
NC_002677.1,M. leprae,Actinobacteria,41.74,FP,21,near,0.05074792779022085,0.01621575277504732,0.03348184028263409
NC_002677.1,M. leprae,Actinobacteria,41.74,TP,0,TP,-0.03924992896439505,0.04798329905969325,0.004366685047649099
NC_002677.1,M. leprae,Actinobacteria,41.74,FP,45,frag,0.04522195075775575,-0.11846200247154855,-0.0366200258568964
NC_002677.1,M. leprae,Actinobacteria,41.74,FP,266,neighbor,0.07549824747247058,-0.11813478329862903,-0.021318267913079225
NC_002677.1,M. leprae,Actinobacteria,41.74,TP,0,TP,-0.034370424937685114,-0.059506136352368344,-0.046938280645026725
NC_002677.1,M. leprae,Actinobacteria,41.74,TP,0,TP,-0.0611999147835391,-0.09277796033182995,-0.07698893755768452
NC_002677.1,M. leprae,Actinobacteria,41.74,TP,0,TP,-0.02722014000665638,-0.11701571057900395,-0.07211792529283016
NC_002677.1,M. leprae,Actinobacteria,41.74,FP,189,neighbor,0.11907518299117635,0.16413162805060394,0.14160340552089015
NC_002677.1,M. leprae,Actinobacteria,41.74,TP,0,TP,0.12721633148665035,0.1367435351228572,0.13197993330475377
NC_002677.1,M. leprae,Actinobacteria,41.74,TP,0,TP,-0.07885207118093072,-0.38284469365291895,-0.23084838241692485
NC_002677.1,M. leprae,Actinobacteria,41.74,TP,0,TP,0.18581734521060014,0.23116572783503528,0.2084915365228177
NC_002677.1,M. leprae,Actinobacteria,41.74,TP,0,TP,-0.04750515402554427,-0.29381939994644385,-0.17066227698599407
NC_002677.1,M. leprae,Actinobacteria,41.74,TP,0,TP,0.0660604050998972,-0.03712132420457479,0.014469540447661206
NC_002677.1,M. leprae,Actinobacteria,41.74,TP,0,TP,-0.03238784326822189,0.009635169212869953,-0.011376337027675968
NC_002677.1,M. leprae,Actinobacteria,41.74,FP,102,neighbor,0.0713927146865873,-0.12232338356106495,-0.025465334437238828
NC_002677.1,M. leprae,Actinobacteria,41.74,FP,6,near,0.021351009033838627,-0.028219440899458447,-0.00343421593280991
NC_002677.1,M. leprae,Actinobacteria,41.74,TP,0,TP,-0.0746268138946102,-0.18247423756711853,-0.12855052573086437
NC_002677.1,M. leprae,Actinobacteria,41.74,TP,0,TP,-0.06765371065545552,-0.23578850887568023,-0.15172110976556788
NC_002677.1,M. leprae,Actinobacteria,41.74,FP,153,neighbor,-0.13495932915460998,-0.4301657443596042,-0.2825625367571071
NC_002677.1,M. leprae,Actinobacteria,41.74,FP,24,near,0.014098468034000196,-0.04880973914747742,-0.01735563555673861
NC_002677.1,M. leprae,Actinobacteria,41.74,FP,27,near,0.04136086380815319,-0.06305458409240003,-0.01084686014212342
NC_002677.1,M. leprae,Actinobacteria,41.74,FP,117,neighbor,-0.008162480731563686,-0.16398753715905415,-0.08607500894530892
NC_002677.1,M. leprae,Actinobacteria,41.74,FP,492,intergenic,-0.12367449830174403,-0.32570975974743277,-0.2246921290245884
NC_002677.1,M. leprae,Actinobacteria,41.74,FP,57,frag,-0.03547572764431403,-0.2359900934125477,-0.13573291052843087
NC_002677.1,M. leprae,Actinobacteria,41.74,TP,0,TP,0.006424346665228834,0.0032734783596779947,0.004848912512453414
NC_002677.1,M. leprae,Actinobacteria,41.74,TP,0,TP,0.04628452789595059,-0.06728663946528571,-0.010501055784667559
NC_002677.1,M. leprae,Actinobacteria,41.74,TP,0,TP,-0.076079097561252,-0.22057361342746445,-0.14832635549435824
NC_002677.1,M. leprae,Actinobacteria,41.74,TP,0,TP,0.14826480670565634,0.008493967288718807,0.07837938699718758
NC_002677.1,M. leprae,Actinobacteria,41.74,FP,12,near,-0.010485212113932127,-0.11121499668566485,-0.06085010439979849
NC_002677.1,M. leprae,Actinobacteria,41.74,TP,0,TP,-0.022691156809673173,-0.011784576930677559,-0.017237866870175367
NC_002677.1,M. leprae,Actinobacteria,41.74,FP,15,near,0.06730957700440807,-0.05016883534665908,0.008570370828874494
NC_002677.1,M. leprae,Actinobacteria,41.74,TP,0,TP,-0.07521310388692015,-0.1548163465196737,-0.11501472520329692
NC_002677.1,M. leprae,Actinobacteria,41.74,TP,0,TP,-0.0031299964113252086,-0.18296812367791518,-0.0930490600446202
NC_002677.1,M. leprae,Actinobacteria,41.74,TP,0,TP,-0.07535398929612072,-0.21784121607187573,-0.14659760268399824
NC_002677.1,M. leprae,Actinobacteria,41.74,TP,0,TP,0.12194463617837314,0.20652788632161148,0.1642362612499923
NC_002677.1,M. leprae,Actinobacteria,41.74,FP,21,near,-0.057062905770682924,-0.32692505540292416,-0.19199398058680353
NC_002677.1,M. leprae,Actinobacteria,41.74,FP,9,near,0.04074933596858254,-0.1723184056988444,-0.06578453486513093
NC_002677.1,M. leprae,Actinobacteria,41.74,FP,93,frag,0.014990777392740047,-0.09543004453749546,-0.040219633572377705
NC_002677.1,M. leprae,Actinobacteria,41.74,FP,24,near,0.07052153872231723,-0.10186021010936627,-0.015669335693524522
NC_002677.1,M. leprae,Actinobacteria,41.74,TP,0,TP,-0.10733481772065474,-0.18276717937384462,-0.14505099854724968
NC_002677.1,M. leprae,Actinobacteria,41.74,TP,0,TP,-0.04210317787329577,-0.14936822249810505,-0.0957357001857004
NC_002677.1,M. leprae,Actinobacteria,41.74,TP,0,TP,-0.05348116757569983,-0.12381412903912192,-0.08864764830741087
NC_002677.1,M. leprae,Actinobacteria,41.74,FP,201,neighbor,-0.02947711052597152,-0.1875197184984728,-0.10849841451222215
NC_002677.1,M. leprae,Actinobacteria,41.74,FP,44,frag,0.07831684159255943,0.059337726052264374,0.0688272838224119
NC_002677.1,M. leprae,Actinobacteria,41.74,TP,0,TP,0.013345149979724625,-0.14188061206348693,-0.06426773104188115
NC_002677.1,M. leprae,Actinobacteria,41.74,TP,0,TP,0.03773637031564879,-0.1441296125901644,-0.05319662113725781
NC_002677.1,M. leprae,Actinobacteria,41.74,TP,3,TP,-0.04347890523817242,-0.3034122975449371,-0.17344560139155477
NC_002677.1,M. leprae,Actinobacteria,41.74,TP,0,TP,-0.09233061997017486,-0.23333294137559832,-0.1628317806728866
NC_002677.1,M. leprae,Actinobacteria,41.74,TP,0,TP,-0.0676300280320793,-0.1309847089189148,-0.09930736847549707
NC_002677.1,M. leprae,Actinobacteria,41.74,FP,36,frag,0.049124277385669046,-0.13332057286228505,-0.042098147738308
NC_002677.1,M. leprae,Actinobacteria,41.74,TP,0,TP,-0.11716310647883409,-0.26919202195475406,-0.19317756421679408
NC_002677.1,M. leprae,Actinobacteria,41.74,FP,382,intergenic,-0.09842904174566129,-0.2153957987111518,-0.15691242022840654
NC_002677.1,M. leprae,Actinobacteria,41.74,TP,0,TP,-0.040760900682970204,-0.10895725895161804,-0.07485907981729412
NC_002677.1,M. leprae,Actinobacteria,41.74,TP,0,TP,0.10359289109638184,0.10669150619746404,0.10514219864692294
NC_002677.1,M. leprae,Actinobacteria,41.74,TP,0,TP,0.08896244740863561,0.053853506124831085,0.07140797676673336
NC_002677.1,M. leprae,Actinobacteria,41.74,TP,0,TP,0.05298538631910906,-0.47331963159993506,-0.210167122640413
NC_002677.1,M. leprae,Actinobacteria,41.74,TP,0,TP,-0.003918949411883924,-0.1246268473504685,-0.06427289838117621
NC_002677.1,M. leprae,Actinobacteria,41.74,FP,72,frag,-0.08553994468106793,-0.049755297877784696,-0.0676476212794263
NC_002677.1,M. leprae,Actinobacteria,41.74,TP,0,TP,-0.009277497372856658,-0.2850904984641652,-0.14718399791851092
NC_002677.1,M. leprae,Actinobacteria,41.74,FP,12,near,0.010689149326930191,-0.09754743249425815,-0.04342914158366398
NC_002677.1,M. leprae,Actinobacteria,41.74,TP,0,TP,0.056857944843911906,0.015549803284684315,0.03620387406429811
NC_002677.1,M. leprae,Actinobacteria,41.74,TP,0,TP,0.015370847053700724,-0.03583444665443096,-0.010231799800365118
NC_002677.1,M. leprae,Actinobacteria,41.74,FP,139,neighbor,0.0007512411833189958,-0.03529546054122932,-0.01727210967895516
NC_002677.1,M. leprae,Actinobacteria,41.74,TP,0,TP,0.0372278874520795,0.01372293784722558,0.02547541264965254
NC_002677.1,M. leprae,Actinobacteria,41.74,FP,132,neighbor,-0.043073500420667446,-0.08512219836805812,-0.06409784939436278
NC_002677.1,M. leprae,Actinobacteria,41.74,FP,245,neighbor,0.023478243719523086,0.1111232689685572,0.06730075634404015
NC_002677.1,M. leprae,Actinobacteria,41.74,FP,453,intergenic,-0.0024523622630390207,-0.16601714842274617,-0.0842347553428926
NC_002677.1,M. leprae,Actinobacteria,41.74,FP,113,neighbor,0.080112375556669,0.17893783435754357,0.12952510495710629
NC_002677.1,M. leprae,Actinobacteria,41.74,TP,0,TP,-0.06833302226297894,-0.25905861174732225,-0.1636958170051506
NC_002677.1,M. leprae,Actinobacteria,41.74,FP,679,intergenic,0.019833954510779486,-0.10306346600119483,-0.04161475574520767
NC_002677.1,M. leprae,Actinobacteria,41.74,FP,2319,intergenic,0.1412284078796006,0.11574889355459135,0.12848865071709598
NC_002677.1,M. leprae,Actinobacteria,41.74,TP,0,TP,-0.08441549164611786,-0.40387797351221977,-0.2441467325791688
NC_002677.1,M. leprae,Actinobacteria,41.74,TP,0,TP,0.03191685099840077,-0.09939940287651935,-0.03374127593905929
NC_002677.1,M. leprae,Actinobacteria,41.74,TP,0,TP,-0.0292654598088068,-0.15292135093230924,-0.09109340537055802
NC_002677.1,M. leprae,Actinobacteria,41.74,TP,0,TP,0.0644627791353076,-0.022769109490396743,0.020846834822455425
NC_002677.1,M. leprae,Actinobacteria,41.74,FP,309,intergenic,0.12401718404610046,0.16492824590249028,0.14447271497429537
NC_002677.1,M. leprae,Actinobacteria,41.74,TP,0,TP,0.026493879548658346,-0.2226612978709781,-0.09808370916115988
NC_002677.1,M. leprae,Actinobacteria,41.74,FP,396,intergenic,0.08089825933309219,-0.12950120853101907,-0.024301474598963438
NC_002677.1,M. leprae,Actinobacteria,41.74,TP,0,TP,-0.050431858474268884,-0.02160547252141427,-0.03601866549784158
NC_002677.1,M. leprae,Actinobacteria,41.74,TP,0,TP,-0.0217950349739129,-0.20044275552172763,-0.11111889524782026
NC_002677.1,M. leprae,Actinobacteria,41.74,FP,69,frag,-0.16611288432707738,-0.3296297362347481,-0.24787131028091275
NC_002677.1,M. leprae,Actinobacteria,41.74,TP,0,TP,-0.029689446925096046,-0.17926449365234873,-0.10447697028872238
NC_002677.1,M. leprae,Actinobacteria,41.74,FP,84,frag,-0.03923328641605437,-0.38126945281378044,-0.21025136961491742
NC_002677.1,M. leprae,Actinobacteria,41.74,TP,0,TP,-0.020462305720680026,-0.16026613172834914,-0.09036421872451458
NC_002677.1,M. leprae,Actinobacteria,41.74,TP,0,TP,0.0925912880700821,-0.13828811237099287,-0.022848412150455383
NC_002677.1,M. leprae,Actinobacteria,41.74,FP,159,neighbor,0.07628706343686437,0.07627444109110967,0.07628075226398702
NC_002677.1,M. leprae,Actinobacteria,41.74,TP,0,TP,0.050592868884910304,0.0437969421363313,0.047194905510620805
NC_002677.1,M. leprae,Actinobacteria,41.74,TP,0,TP,-0.05242392862512659,-0.31684020509344607,-0.18463206685928632
NC_002677.1,M. leprae,Actinobacteria,41.74,FP,135,neighbor,-0.02025139970810675,-0.22611290563246272,-0.12318215267028473
NC_002677.1,M. leprae,Actinobacteria,41.74,FP,148,neighbor,-0.06968145805182833,-0.40921348455501416,-0.23944747130342126
NC_002677.1,M. leprae,Actinobacteria,41.74,TP,0,TP,-0.11292470203301311,-0.4401643626895847,-0.2765445323612989
NC_002677.1,M. leprae,Actinobacteria,41.74,FP,9,near,0.006461525326937808,0.042222531199014667,0.024342028262976236
NC_002677.1,M. leprae,Actinobacteria,41.74,FP,223,neighbor,0.021405742568027363,0.06257951624909311,0.04199262940856024
NC_002677.1,M. leprae,Actinobacteria,41.74,TP,0,TP,-0.07295763032404755,-0.2661230762735499,-0.16954035329879874
NC_002677.1,M. leprae,Actinobacteria,41.74,TP,0,TP,-0.19154850069586735,-0.35475439490318833,-0.2731514477995278
NC_002677.1,M. leprae,Actinobacteria,41.74,FP,137,neighbor,0.09413023156365861,0.1255940299285811,0.10986213074611986
NC_002677.1,M. leprae,Actinobacteria,41.74,FP,234,neighbor,0.004790232464314196,-0.10395425295583394,-0.049582010245759874
NC_002677.1,M. leprae,Actinobacteria,41.74,TP,0,TP,-0.0035760682471973836,-0.02819450038056672,-0.015885284313882052
NC_002677.1,M. leprae,Actinobacteria,41.74,FP,67,frag,-0.0017658511032983882,-0.0868563346845029,-0.044311092893900644
NC_002677.1,M. leprae,Actinobacteria,41.74,TP,0,TP,-0.14501793971672564,-0.37344724257197015,-0.2592325911443479
NC_002677.1,M. leprae,Actinobacteria,41.74,TP,0,TP,-0.0010161515700514675,0.05534533446030423,0.027164591445126382
NC_002677.1,M. leprae,Actinobacteria,41.74,TP,0,TP,0.01707442353387473,-0.04118938018005806,-0.012057478323091666
NC_002677.1,M. leprae,Actinobacteria,41.74,TP,0,TP,0.08411435493318015,0.12757650702711915,0.10584543098014965
NC_002677.1,M. leprae,Actinobacteria,41.74,FP,743,intergenic,-0.013155554234844402,-0.17167912120007714,-0.09241733771746077
NC_002677.1,M. leprae,Actinobacteria,41.74,FP,1224,intergenic,-0.010632345499811418,-0.15834964912406804,-0.08449099731193974
NC_002677.1,M. leprae,Actinobacteria,41.74,FP,63,frag,-0.0412890762837911,-0.2661061559705509,-0.15369761612717098
NC_002677.1,M. leprae,Actinobacteria,41.74,TP,0,TP,-0.013427562132834463,-0.2858724715449874,-0.14965001683891094
NC_002677.1,M. leprae,Actinobacteria,41.74,FP,80,frag,0.027092754910065273,-0.2166923694920108,-0.09479980729097276
NC_002677.1,M. leprae,Actinobacteria,41.74,TP,0,TP,-0.17496812981072576,-0.4697247965470403,-0.32234646317888305
NC_002677.1,M. leprae,Actinobacteria,41.74,TP,0,TP,-0.05293103961617523,-0.07972898901185985,-0.06633001431401754
NC_002677.1,M. leprae,Actinobacteria,41.74,TP,0,TP,0.01945967759074184,-0.04288401748258366,-0.011712169945920909
NC_002677.1,M. leprae,Actinobacteria,41.74,FP,12,near,-0.10345504178461055,-0.3473230385327753,-0.22538904015869293
NC_002677.1,M. leprae,Actinobacteria,41.74,TP,0,TP,0.07536193189526301,-0.02553746550163538,0.024912233196813814
NC_002677.1,M. leprae,Actinobacteria,41.74,FP,544,intergenic,-0.06580805100981758,-0.1197700522675376,-0.0927890516386776
NC_002677.1,M. leprae,Actinobacteria,41.74,TP,0,TP,-0.008616025224818458,-0.21545976394298166,-0.11203789458390007
NC_002677.1,M. leprae,Actinobacteria,41.74,FP,463,intergenic,-0.08899632357649097,-0.13133427866660058,-0.11016530112154577
NC_002677.1,M. leprae,Actinobacteria,41.74,TP,0,TP,-0.03562120598737929,-0.23592747629586058,-0.13577434114161993
NC_002677.1,M. leprae,Actinobacteria,41.74,FP,114,neighbor,-0.03667766031719874,-0.3611530838033829,-0.1989153720602908
NC_002677.1,M. leprae,Actinobacteria,41.74,FP,12,near,0.010455549256648548,0.07972997172187704,0.04509276048926279
NC_002677.1,M. leprae,Actinobacteria,41.74,FP,297,neighbor,0.05787840962379652,-0.17229703958658008,-0.05720931498139178
NC_002677.1,M. leprae,Actinobacteria,41.74,FP,283,neighbor,0.024818738892023382,0.05875024329842873,0.041784491095226056
NC_002677.1,M. leprae,Actinobacteria,41.74,TP,0,TP,0.09423992790879415,0.03793263118830836,0.06608627954855126
NC_002677.1,M. leprae,Actinobacteria,41.74,TP,0,TP,-0.07603058842366436,-0.16185022338896574,-0.11894040590631505
NC_002677.1,M. leprae,Actinobacteria,41.74,FP,165,neighbor,0.04442252314374926,-0.08719603681441583,-0.021386756835333285
NC_002677.1,M. leprae,Actinobacteria,41.74,FP,51,frag,-0.054339325348148296,-0.23286152212017583,-0.14360042373416207
NC_002677.1,M. leprae,Actinobacteria,41.74,FP,198,neighbor,0.010473796806996442,-0.24648754612208137,-0.11800687465754246
NC_002677.1,M. leprae,Actinobacteria,41.74,FP,15,near,0.06672855550062498,0.10615637048485951,0.08644246299274225
NC_002677.1,M. leprae,Actinobacteria,41.74,FP,680,intergenic,-0.05709322686856453,-0.1809659362655495,-0.11902958156705701
NC_002677.1,M. leprae,Actinobacteria,41.74,TP,0,TP,-0.023193742911361188,-0.05898282914179376,-0.04108828602657747
NC_002677.1,M. leprae,Actinobacteria,41.74,FP,18,near,0.02877210652681512,0.03853650207835173,0.03365430430258343
NC_002677.1,M. leprae,Actinobacteria,41.74,TP,0,TP,-0.047237583889795806,-0.0348446689517516,-0.041041126420773705
NC_002677.1,M. leprae,Actinobacteria,41.74,TP,0,TP,0.06431918978006218,-0.045291470469104665,0.009513859655478758
NC_002677.1,M. leprae,Actinobacteria,41.74,TP,0,TP,0.06398340161096219,-0.19504441610279244,-0.06553050724591512
NC_002677.1,M. leprae,Actinobacteria,41.74,TP,0,TP,-0.07472178728112458,-0.4305522337590141,-0.2526370105200693
NC_002677.1,M. leprae,Actinobacteria,41.74,TP,0,TP,0.01705739273120462,-0.2322286205155784,-0.10758561389218689
NC_002677.1,M. leprae,Actinobacteria,41.74,TP,0,TP,0.1824583146863875,0.11780689555588494,0.15013260512113624
NC_002677.1,M. leprae,Actinobacteria,41.74,TP,0,TP,0.04862014363727217,0.02393470796608952,0.03627742580168085
NC_002677.1,M. leprae,Actinobacteria,41.74,TP,0,TP,0.13769591078713053,0.1526909872945616,0.14519344904084608
NC_002677.1,M. leprae,Actinobacteria,41.74,TP,0,TP,-0.0444637909673934,-0.29909386417713646,-0.17177882757226492
NC_002677.1,M. leprae,Actinobacteria,41.74,TP,0,TP,0.08006653556752118,-0.07702587815675414,0.0015203287053835168
NC_002677.1,M. leprae,Actinobacteria,41.74,TP,0,TP,0.03854211051440757,0.09109555384485475,0.06481883217963116
NC_002677.1,M. leprae,Actinobacteria,41.74,TP,0,TP,0.05128023927604417,-0.11070995438904632,-0.029714857556501075
NC_002677.1,M. leprae,Actinobacteria,41.74,FP,86,frag,-0.027317940421057094,-0.19068355102336482,-0.10900074572221095
NC_002677.1,M. leprae,Actinobacteria,41.74,TP,0,TP,-0.10033500422010183,-0.2581477371936948,-0.17924137070689833
NC_002677.1,M. leprae,Actinobacteria,41.74,FP,4,near,-0.00025229748590570956,-0.03184210316438367,-0.01604720032514469
NC_002677.1,M. leprae,Actinobacteria,41.74,FP,199,neighbor,0.07579495419543605,-0.09929502489018915,-0.01175003534737655
NC_002677.1,M. leprae,Actinobacteria,41.74,FP,87,frag,-0.07989212499434946,-0.2844196954283433,-0.18215591021134636
NC_002677.1,M. leprae,Actinobacteria,41.74,TP,0,TP,-0.07269933538285756,-0.10326442805835327,-0.08798188172060542
NC_002677.1,M. leprae,Actinobacteria,41.74,TP,0,TP,0.039486878970170856,0.04930451049828335,0.0443956947342271
NC_002677.1,M. leprae,Actinobacteria,41.74,FP,6,near,-0.06792486526406687,-0.2546464910610105,-0.1612856781625387
NC_002677.1,M. leprae,Actinobacteria,41.74,FP,158,neighbor,0.020850741825929713,-0.1924370316425758,-0.08579314490832304
NC_002677.1,M. leprae,Actinobacteria,41.74,TP,0,TP,0.07696144760693548,0.0016532441295339594,0.03930734586823472
NC_002677.1,M. leprae,Actinobacteria,41.74,FP,944,intergenic,0.12873954755211656,-0.09264422670179258,0.01804766042516199
NC_002677.1,M. leprae,Actinobacteria,41.74,FP,1583,intergenic,0.0606255163693632,-0.169168116773276,-0.054271300201956404
NC_002677.1,M. leprae,Actinobacteria,41.74,TP,0,TP,-0.11939925001972872,-0.13107682306491597,-0.12523803654232235
NC_002677.1,M. leprae,Actinobacteria,41.74,FP,738,intergenic,-0.08325090417564027,-0.2570961596671289,-0.17017353192138457
NC_002677.1,M. leprae,Actinobacteria,41.74,FP,142,neighbor,-0.0770738903282099,-0.15082079742578927,-0.11394734387699959
NC_002677.1,M. leprae,Actinobacteria,41.74,TP,0,TP,-0.08602060558405214,-0.2545698016145714,-0.17029520359931177
NC_002677.1,M. leprae,Actinobacteria,41.74,TP,0,TP,0.013475699149932059,-0.130875345353968,-0.05869982310201797
NC_002677.1,M. leprae,Actinobacteria,41.74,FP,289,neighbor,0.14967632260878835,-0.1490383707887048,0.00031897591004177717
NC_002677.1,M. leprae,Actinobacteria,41.74,FP,316,intergenic,-0.041416840609531866,-0.025426099707450335,-0.033421470158491104
NC_002677.1,M. leprae,Actinobacteria,41.74,TP,0,TP,-0.12036851822506639,-0.47364604930092824,-0.29700728376299734
NC_002677.1,M. leprae,Actinobacteria,41.74,FP,1156,intergenic,-0.08129033636980551,-0.19211352258947442,-0.13670192947963997
NC_002677.1,M. leprae,Actinobacteria,41.74,TP,0,TP,-0.06730527526628076,-0.31571721546090215,-0.19151124536359146
NC_002677.1,M. leprae,Actinobacteria,41.74,FP,1114,intergenic,-0.07485510806441198,-0.35774082892517,-0.216297968494791
NC_002677.1,M. leprae,Actinobacteria,41.74,TP,0,TP,-0.07086946677566695,-0.17572014389375923,-0.1232948053347131
NC_002677.1,M. leprae,Actinobacteria,41.74,TP,0,TP,-0.0355497372973294,-0.216691306999207,-0.1261205221482682
NC_002677.1,M. leprae,Actinobacteria,41.74,TP,0,TP,0.06330039578887584,0.04981936104660108,0.056559878417738456
NC_002677.1,M. leprae,Actinobacteria,41.74,FP,12,near,0.06899523839295867,-0.19087735826595562,-0.060941059936498475
NC_002677.1,M. leprae,Actinobacteria,41.74,TP,0,TP,-0.048295906212437005,-0.3260158062445747,-0.18715585622850586
NC_002677.1,M. leprae,Actinobacteria,41.74,TP,0,TP,-0.030932335818363535,-0.03186802651577594,-0.03140018116706973
NC_002677.1,M. leprae,Actinobacteria,41.74,TP,0,TP,0.021424081865002383,-0.09792063973644574,-0.03824827893572168
NC_002677.1,M. leprae,Actinobacteria,41.74,TP,0,TP,-0.1100365764885943,-0.1161724800475902,-0.11310452826809225
NC_002677.1,M. leprae,Actinobacteria,41.74,TP,0,TP,-0.03277622002276791,-0.015735633662185222,-0.024255926842476565
NC_002677.1,M. leprae,Actinobacteria,41.74,TP,0,TP,0.008397480123719703,-0.0676792556553906,-0.02964088776583545
NC_002677.1,M. leprae,Actinobacteria,41.74,FP,921,intergenic,0.03046188193152517,0.07466714895150943,0.0525645154415173
NC_002677.1,M. leprae,Actinobacteria,41.74,FP,397,intergenic,-0.08353606363828495,-0.24773085732872105,-0.165633460483503
NC_002677.1,M. leprae,Actinobacteria,41.74,FP,263,neighbor,-0.0659269741951841,-0.20445777661333367,-0.13519237540425888
NC_002677.1,M. leprae,Actinobacteria,41.74,FP,78,frag,0.06835471389472142,-0.17106715652658125,-0.051356221315929915
NC_002677.1,M. leprae,Actinobacteria,41.74,FP,51,frag,0.05153983903233386,-0.0698982545938854,-0.009179207780775772
NC_002677.1,M. leprae,Actinobacteria,41.74,TP,3,TP,0.08560604909097833,-0.24960067862454166,-0.08199731476678167
NC_002677.1,M. leprae,Actinobacteria,41.74,FP,356,intergenic,-0.0688142116492171,-0.21229061192407528,-0.14055241178664618
NC_002677.1,M. leprae,Actinobacteria,41.74,FP,69,frag,0.09191778869659378,0.1017150922612288,0.09681644047891129
NC_002677.1,M. leprae,Actinobacteria,41.74,TP,0,TP,0.12466834671299504,-0.04410427973613764,0.040282033488428695
NC_002677.1,M. leprae,Actinobacteria,41.74,FP,120,neighbor,-0.009649392354561807,-0.18950382670683794,-0.09957660953069987
NC_002677.1,M. leprae,Actinobacteria,41.74,FP,566,intergenic,0.020342103460269337,-0.01040320680696354,0.004969448326652899
NC_002929.2,B. pertussis,Proteobacteria,60.06,TP,0,TP,-0.03562326867999109,-0.27979111913053956,-0.15770719390526533
NC_002929.2,B. pertussis,Proteobacteria,60.06,FP,146,neighbor,-0.0529467702459165,-0.39963296536251464,-0.22628986780421556
NC_002929.2,B. pertussis,Proteobacteria,60.06,FP,207,neighbor,-0.07417227744224349,-0.5035032322154323,-0.2888377548288379
NC_002929.2,B. pertussis,Proteobacteria,60.06,FP,31,frag,0.0003820024459614046,0.014890966498563075,0.0076364844722622395
NC_002929.2,B. pertussis,Proteobacteria,60.06,FP,192,neighbor,0.1727049962764724,-0.06861810375530339,0.052043446260584506
NC_002929.2,B. pertussis,Proteobacteria,60.06,FP,45,frag,0.02117109920570357,-0.3412475481671322,-0.1600382244807143
NC_002929.2,B. pertussis,Proteobacteria,60.06,FP,81,frag,-0.16750132447449814,-0.38184904222804406,-0.2746751833512711
NC_002929.2,B. pertussis,Proteobacteria,60.06,FP,146,neighbor,-0.03265494018555515,-0.2735828372779139,-0.15311888873173451
NC_002929.2,B. pertussis,Proteobacteria,60.06,TP,0,TP,0.1565064315924772,0.26105949169387727,0.20878296164317722
NC_002929.2,B. pertussis,Proteobacteria,60.06,TP,0,TP,-0.15337761268420352,-0.480409637847405,-0.3168936252658042
NC_002929.2,B. pertussis,Proteobacteria,60.06,TP,0,TP,-0.04826022939112704,-0.46492166925649625,-0.25659094932381166
NC_002929.2,B. pertussis,Proteobacteria,60.06,FP,159,neighbor,-0.07636619164896838,-0.35323049133987683,-0.21479834149442262
NC_002929.2,B. pertussis,Proteobacteria,60.06,FP,366,intergenic,0.10699761494434247,0.01983755343900171,0.0634175841916721
NC_002929.2,B. pertussis,Proteobacteria,60.06,TP,0,TP,0.0907178194632851,-0.048338396660414416,0.02118971140143534
NC_002929.2,B. pertussis,Proteobacteria,60.06,FP,156,neighbor,-0.01352681497271746,-0.21550385930217572,-0.11451533713744659
NC_002929.2,B. pertussis,Proteobacteria,60.06,TP,0,TP,0.15429639796267763,-0.13538840985920117,0.009453994051738232
NC_002929.2,B. pertussis,Proteobacteria,60.06,FP,342,intergenic,0.28564394291851586,0.4773124875171206,0.3814782152178182
NC_002929.2,B. pertussis,Proteobacteria,60.06,FP,134,neighbor,0.01050615419214367,-0.12873635107745257,-0.05911509844265445
NC_002929.2,B. pertussis,Proteobacteria,60.06,FP,54,frag,0.05572627618393279,-0.061785891710979965,-0.003029807763523587
NC_002929.2,B. pertussis,Proteobacteria,60.06,TP,0,TP,-0.0638195465315564,-0.22369976583214352,-0.14375965618184997
NC_002929.2,B. pertussis,Proteobacteria,60.06,TP,0,TP,0.1368361480984966,0.23106488371917705,0.18395051590883682
NC_002929.2,B. pertussis,Proteobacteria,60.06,TP,0,TP,0.029845572917364175,-0.03136026663705209,-0.0007573468598439572
NC_002929.2,B. pertussis,Proteobacteria,60.06,TP,0,TP,-0.11929721599472434,-0.24311117428369472,-0.18120419513920955
NC_002929.2,B. pertussis,Proteobacteria,60.06,TP,0,TP,0.06914500634723855,-0.027834514876379047,0.020655245735429754
NC_002929.2,B. pertussis,Proteobacteria,60.06,FP,96,frag,-0.03955824437400466,-0.18646141518752302,-0.11300982978076383
NC_002929.2,B. pertussis,Proteobacteria,60.06,TP,0,TP,-0.00893850220975357,-0.42672853992571047,-0.21783352106773202
NC_002929.2,B. pertussis,Proteobacteria,60.06,FP,132,neighbor,-0.07419059042433224,-0.5016437635281747,-0.2879171769762535
NC_002929.2,B. pertussis,Proteobacteria,60.06,TP,0,TP,-0.07472456185031197,-0.3317720491938537,-0.20324830552208284
NC_002929.2,B. pertussis,Proteobacteria,60.06,TP,0,TP,0.23518934431047664,0.39801711478840074,0.3166032295494387
NC_002929.2,B. pertussis,Proteobacteria,60.06,TP,0,TP,0.021892318635496365,-0.07411736703069707,-0.026112524197600354
NC_002929.2,B. pertussis,Proteobacteria,60.06,FP,33,frag,0.06662329888354226,-0.07666599551025684,-0.005021348313357286
NC_002929.2,B. pertussis,Proteobacteria,60.06,FP,84,frag,-0.10348642959112814,-0.2957854914950936,-0.19963596054311086
NC_002929.2,B. pertussis,Proteobacteria,60.06,TP,0,TP,-0.07322594948242625,-0.5681397892151864,-0.3206828693488063
NC_002929.2,B. pertussis,Proteobacteria,60.06,TP,0,TP,-0.053203277662470565,-0.40240088818098274,-0.22780208292172666
NC_002929.2,B. pertussis,Proteobacteria,60.06,TP,0,TP,-0.11372642373802364,-0.43206023710469166,-0.27289333042135766
NC_002929.2,B. pertussis,Proteobacteria,60.06,TP,0,TP,0.07106179494901733,0.009400536043954588,0.04023116549648596
NC_002929.2,B. pertussis,Proteobacteria,60.06,TP,0,TP,-0.025826246085023284,-0.3701421892067998,-0.19798421764591154
NC_002929.2,B. pertussis,Proteobacteria,60.06,FP,374,intergenic,0.04266595219322156,0.1802788690758348,0.11147241063452817
NC_002929.2,B. pertussis,Proteobacteria,60.06,FP,17,near,-0.026636071321460737,-0.19024030181878687,-0.1084381865701238
NC_002929.2,B. pertussis,Proteobacteria,60.06,TP,0,TP,-0.20318602941461847,-0.6273360687244065,-0.4152610490695125
NC_002929.2,B. pertussis,Proteobacteria,60.06,TP,0,TP,-0.18214941530839396,-0.5245643125689199,-0.35335686393865695
NC_002929.2,B. pertussis,Proteobacteria,60.06,TP,0,TP,-0.0303659638758288,-0.09278120174444596,-0.061573582810137376
NC_002929.2,B. pertussis,Proteobacteria,60.06,FP,348,intergenic,-0.07434104711691394,-0.39740403844031247,-0.2358725427786132
NC_002929.2,B. pertussis,Proteobacteria,60.06,TP,0,TP,-0.2588729274986659,-0.4876951647373303,-0.37328404611799815
NC_002929.2,B. pertussis,Proteobacteria,60.06,FP,99,frag,0.013064848130676883,-0.1628974787980127,-0.07491631533366791
NC_002929.2,B. pertussis,Proteobacteria,60.06,TP,0,TP,-0.05213910510929622,-0.3784899577165568,-0.2153145314129265
NC_002929.2,B. pertussis,Proteobacteria,60.06,FP,97,frag,0.08201412200547864,-0.1030179256089518,-0.010501901801736581
NC_002929.2,B. pertussis,Proteobacteria,60.06,TP,0,TP,-0.06438319443625697,-0.4793075769816362,-0.27184538570894656
NC_002929.2,B. pertussis,Proteobacteria,60.06,TP,0,TP,0.10011638735782806,-0.05552535270060943,0.022295517328609314
NC_002929.2,B. pertussis,Proteobacteria,60.06,TP,0,TP,0.0361200373665523,-0.056602665893534264,-0.01024131426349098
NC_002929.2,B. pertussis,Proteobacteria,60.06,TP,0,TP,-0.09549609052195744,-0.5340280115108869,-0.31476205101642213
NC_002929.2,B. pertussis,Proteobacteria,60.06,TP,0,TP,-0.06009456550738458,-0.21636699737044296,-0.13823078143891376
NC_002929.2,B. pertussis,Proteobacteria,60.06,TP,0,TP,-0.13002487311047067,-0.33356511612031453,-0.2317949946153926
NC_002929.2,B. pertussis,Proteobacteria,60.06,FP,342,intergenic,-0.12805047105679132,-0.5977334496219449,-0.3628919603393681
NC_002929.2,B. pertussis,Proteobacteria,60.06,TP,0,TP,-0.07254399251449305,-0.38946812173003165,-0.23100605712226235
NC_002929.2,B. pertussis,Proteobacteria,60.06,TP,0,TP,0.07058929130681194,-0.08471406448167543,-0.007062386587431746
NC_002929.2,B. pertussis,Proteobacteria,60.06,TP,0,TP,0.012384111944610747,-0.07460676333077813,-0.031111325693083693
NC_002929.2,B. pertussis,Proteobacteria,60.06,TP,0,TP,-0.028727048104500122,-0.4412156198580341,-0.2349713339812671
NC_002929.2,B. pertussis,Proteobacteria,60.06,TP,0,TP,0.027714569075822957,0.07543721470071603,0.05157589188826949
NC_002929.2,B. pertussis,Proteobacteria,60.06,TP,0,TP,0.20834080742671665,0.3635449796033107,0.2859428935150137
NC_002929.2,B. pertussis,Proteobacteria,60.06,FP,272,neighbor,-0.029877491111849726,-0.10012884729939486,-0.0650031692056223
NC_002929.2,B. pertussis,Proteobacteria,60.06,TP,0,TP,0.1486380817808533,0.12083965145582028,0.13473886661833678
NC_002929.2,B. pertussis,Proteobacteria,60.06,FP,90,frag,0.10993401531589177,-0.20093833101250452,-0.04550215784830638
NC_002929.2,B. pertussis,Proteobacteria,60.06,TP,0,TP,-0.12954830448511434,-0.5128994010029885,-0.3212238527440514
NC_002929.2,B. pertussis,Proteobacteria,60.06,FP,90,frag,0.016922180406502462,0.008469844036817876,0.012696012221660169
NC_002929.2,B. pertussis,Proteobacteria,60.06,TP,0,TP,0.03713603452908695,-0.2803242072124867,-0.12159408634169987
NC_002929.2,B. pertussis,Proteobacteria,60.06,TP,0,TP,-0.00404688962781942,-0.306906637147555,-0.1554767633876872
NC_002929.2,B. pertussis,Proteobacteria,60.06,TP,0,TP,-0.09780719427788184,-0.5810088660617587,-0.3394080301698203
NC_002929.2,B. pertussis,Proteobacteria,60.06,FP,116,neighbor,0.005559220940060783,-0.21560064499499276,-0.10502071202746599
NC_002929.2,B. pertussis,Proteobacteria,60.06,FP,231,neighbor,0.1489837358775984,0.20254096330496196,0.17576234959128018
NC_002929.2,B. pertussis,Proteobacteria,60.06,TP,0,TP,0.029716660711237117,-0.05295619759305623,-0.011619768440909558
NC_002929.2,B. pertussis,Proteobacteria,60.06,FP,42,frag,0.04713645670715962,0.14681533624079535,0.09697589647397749
NC_002929.2,B. pertussis,Proteobacteria,60.06,FP,45,frag,-0.07199537891618206,-0.2446910321975416,-0.15834320555686182
NC_002929.2,B. pertussis,Proteobacteria,60.06,FP,24,near,0.07020785584268883,-0.026423168044979663,0.021892343898854586
NC_002929.2,B. pertussis,Proteobacteria,60.06,TP,0,TP,0.012773410739327081,-0.3119375806047067,-0.14958208493268982
NC_002929.2,B. pertussis,Proteobacteria,60.06,FP,108,neighbor,0.10108604796796263,-0.09035789853824668,0.005364074714857975
NC_002929.2,B. pertussis,Proteobacteria,60.06,TP,0,TP,-0.014206321932397733,-0.27073042806494174,-0.14246837499866974
NC_002929.2,B. pertussis,Proteobacteria,60.06,FP,17,near,0.10108604796796263,-0.09035789853824668,0.005364074714857975
NC_002929.2,B. pertussis,Proteobacteria,60.06,TP,0,TP,-0.2498855712882822,-0.818022379239283,-0.5339539752637826
NC_002929.2,B. pertussis,Proteobacteria,60.06,TP,0,TP,-0.25696542979253917,-0.4659868245031653,-0.36147612714785227
NC_002929.2,B. pertussis,Proteobacteria,60.06,FP,21,near,-0.29104167572357914,-0.713065195854876,-0.5020534357892276
NC_002929.2,B. pertussis,Proteobacteria,60.06,TP,0,TP,0.023383037200321866,-0.14235133552241166,-0.0594841491610449
NC_002929.2,B. pertussis,Proteobacteria,60.06,FP,755,intergenic,0.09441394486642642,0.04961815749530132,0.07201605118086386
NC_002929.2,B. pertussis,Proteobacteria,60.06,TP,0,TP,0.005949516416306722,-0.22886267160739565,-0.11145657759554446
NC_002929.2,B. pertussis,Proteobacteria,60.06,FP,69,frag,-0.08183435918420538,-0.3943788030431449,-0.23810658111367514
NC_002929.2,B. pertussis,Proteobacteria,60.06,TP,0,TP,-0.06475083021179226,-0.3405215557053317,-0.202636192958562
NC_002929.2,B. pertussis,Proteobacteria,60.06,TP,0,TP,-0.10646498251251041,-0.4435825308747063,-0.27502375669360835
NC_002929.2,B. pertussis,Proteobacteria,60.06,TP,0,TP,0.010504052240211099,-0.23069658483906394,-0.11009626629942643
NC_002929.2,B. pertussis,Proteobacteria,60.06,TP,0,TP,-0.12066848981936171,-0.5835726234848124,-0.3521205566520871
NC_002929.2,B. pertussis,Proteobacteria,60.06,TP,0,TP,0.2137940455350704,0.2890420507866757,0.25141804816087304
NC_002929.2,B. pertussis,Proteobacteria,60.06,TP,3,TP,-0.07166809732996952,-0.13154501892767953,-0.10160655812882452
NC_002929.2,B. pertussis,Proteobacteria,60.06,TP,0,TP,-0.03455280939589353,-0.1707790069886613,-0.10266590819227742
NC_002929.2,B. pertussis,Proteobacteria,60.06,TP,0,TP,-0.02077162592392199,-0.05642245138877584,-0.03859703865634892
NC_002929.2,B. pertussis,Proteobacteria,60.06,TP,0,TP,-0.20257992057788718,-0.4421929164707876,-0.3223864185243374
NC_002929.2,B. pertussis,Proteobacteria,60.06,FP,66,frag,-0.015914678046402977,-0.44075398183859277,-0.22833432994249786
NC_002929.2,B. pertussis,Proteobacteria,60.06,FP,45,frag,0.15602661632654058,0.281436575844009,0.2187315960852748
NC_002929.2,B. pertussis,Proteobacteria,60.06,TP,0,TP,0.01390103554306042,-0.26442945858698297,-0.12526421152196127
NC_002929.2,B. pertussis,Proteobacteria,60.06,TP,0,TP,0.066566705592993,-0.1857701796157997,-0.059601737011403345
NC_002929.2,B. pertussis,Proteobacteria,60.06,TP,0,TP,-0.04118063290460062,-0.4741466260296619,-0.2576636294671313
NC_002929.2,B. pertussis,Proteobacteria,60.06,FP,111,neighbor,-0.04125125816925082,-0.08631497832252037,-0.06378311824588559
NC_002929.2,B. pertussis,Proteobacteria,60.06,TP,0,TP,-0.11836051665015575,-0.42663393254558246,-0.2724972245978691
NC_002929.2,B. pertussis,Proteobacteria,60.06,FP,42,frag,-0.043956465235626276,-0.35856220277628736,-0.20125933400595683
NC_002929.2,B. pertussis,Proteobacteria,60.06,TP,0,TP,0.05261642910835747,-0.024568308172597142,0.014024060467880163
NC_002929.2,B. pertussis,Proteobacteria,60.06,FP,23,near,-0.20171371815275166,-0.5092384597381034,-0.35547608894542754
NC_002929.2,B. pertussis,Proteobacteria,60.06,TP,0,TP,-0.2080786447293787,-0.46707617788781375,-0.3375774113085962
NC_002929.2,B. pertussis,Proteobacteria,60.06,TP,0,TP,0.06513227813650815,-0.10176255925321272,-0.01831514055835228
NC_002929.2,B. pertussis,Proteobacteria,60.06,TP,3,TP,-0.00814755103169252,-0.10656596589733311,-0.05735675846451281
NC_002929.2,B. pertussis,Proteobacteria,60.06,FP,216,neighbor,0.01764572534398875,-0.4277869894751937,-0.2050706320656025
NC_002929.2,B. pertussis,Proteobacteria,60.06,TP,0,TP,-0.056902643817912,-0.21442752567413165,-0.13566508474602182
NC_002929.2,B. pertussis,Proteobacteria,60.06,TP,0,TP,-0.03857495627405025,-0.28058284295996855,-0.15957889961700938
NC_002929.2,B. pertussis,Proteobacteria,60.06,TP,0,TP,-0.10903831399186524,-0.44590319712749105,-0.27747075555967815
NC_002929.2,B. pertussis,Proteobacteria,60.06,FP,353,intergenic,0.06482929453428857,0.23495813847860703,0.14989371650644778
NC_002929.2,B. pertussis,Proteobacteria,60.06,TP,0,TP,0.00035512320698411295,-0.07770126067936971,-0.0386730687361928
NC_002929.2,B. pertussis,Proteobacteria,60.06,TP,0,TP,-0.22061289224359015,-0.8391388125659518,-0.529875852404771
NC_002929.2,B. pertussis,Proteobacteria,60.06,TP,0,TP,-0.1471230231958015,-0.37305772862236425,-0.2600903759090829
NC_002929.2,B. pertussis,Proteobacteria,60.06,TP,0,TP,0.09744592356852924,-0.1255812764509109,-0.014067676441190835
NC_002929.2,B. pertussis,Proteobacteria,60.06,TP,0,TP,0.1024242288724802,0.08427045370051474,0.09334734128649746
NC_002929.2,B. pertussis,Proteobacteria,60.06,FP,1248,intergenic,0.20329468735691,0.38445211789170414,0.29387340262430706
NC_002929.2,B. pertussis,Proteobacteria,60.06,FP,63,frag,-0.25921764350750726,-0.430021354263949,-0.3446194988857281
NC_002929.2,B. pertussis,Proteobacteria,60.06,TP,0,TP,-0.034595723363501446,-0.4031022117595164,-0.2188489675615089
NC_002929.2,B. pertussis,Proteobacteria,60.06,TP,0,TP,0.07377806532987587,0.17814919498364218,0.12596363015675902
NC_002929.2,B. pertussis,Proteobacteria,60.06,TP,3,TP,-0.027699551523844925,-0.2983039474997099,-0.1630017495117774
NC_002929.2,B. pertussis,Proteobacteria,60.06,FP,186,neighbor,0.10286614372145735,0.27622239395461323,0.1895442688380353
NC_002929.2,B. pertussis,Proteobacteria,60.06,TP,0,TP,0.026888304716623897,-0.30042994647344157,-0.13677082087840883
NC_002929.2,B. pertussis,Proteobacteria,60.06,TP,0,TP,-0.06577668814696148,-0.5050861353032055,-0.28543141172508346
NC_002929.2,B. pertussis,Proteobacteria,60.06,TP,0,TP,0.09418255308642334,0.07550502858311389,0.08484379083476862
NC_002929.2,B. pertussis,Proteobacteria,60.06,TP,0,TP,-0.11385679940538296,-0.28744945897325563,-0.2006531291893193
NC_002929.2,B. pertussis,Proteobacteria,60.06,FP,9,near,-0.10944102121974714,-0.39500002690742236,-0.25222052406358475
NC_002929.2,B. pertussis,Proteobacteria,60.06,TP,0,TP,-0.07253732991589956,-0.30080874839724314,-0.18667303915657135
NC_002929.2,B. pertussis,Proteobacteria,60.06,TP,0,TP,0.07607225241487683,-0.11699484920456271,-0.02046129839484294
NC_002929.2,B. pertussis,Proteobacteria,60.06,TP,0,TP,-0.0102489694825375,-0.42041234703929503,-0.21533065826091627
NC_002929.2,B. pertussis,Proteobacteria,60.06,TP,0,TP,0.15524713556065398,0.13611084401989615,0.14567898979027505
NC_002929.2,B. pertussis,Proteobacteria,60.06,TP,0,TP,-0.029642968330883927,-0.5449451292291826,-0.2872940487800333
NC_002929.2,B. pertussis,Proteobacteria,60.06,TP,0,TP,-0.07522734786218994,-0.4570529410494821,-0.266140144455836
NC_002929.2,B. pertussis,Proteobacteria,60.06,TP,0,TP,0.03216660869395914,-0.25091704112340735,-0.1093752162147241
NC_002929.2,B. pertussis,Proteobacteria,60.06,FP,45,frag,-0.01595921482874587,-0.17790509429415097,-0.09693215456144842
NC_002929.2,B. pertussis,Proteobacteria,60.06,TP,0,TP,-0.2588729274986659,-0.4876951647373303,-0.37328404611799815
NC_002929.2,B. pertussis,Proteobacteria,60.06,FP,81,frag,-0.2547271543263044,-0.731745611123354,-0.49323638272482917
NC_002929.2,B. pertussis,Proteobacteria,60.06,TP,0,TP,0.025953846732886632,-0.10220800368712588,-0.03812707847711962
NC_002929.2,B. pertussis,Proteobacteria,60.06,TP,0,TP,-0.07928690233335207,-0.3596299048103376,-0.21945840357184482
NC_002929.2,B. pertussis,Proteobacteria,60.06,TP,0,TP,-0.030962044732685476,-0.14238284843894747,-0.08667244658581646
NC_002929.2,B. pertussis,Proteobacteria,60.06,TP,0,TP,-0.00874962883547094,-0.08731368243958286,-0.0480316556375269
NC_002929.2,B. pertussis,Proteobacteria,60.06,TP,0,TP,-0.02271334674643531,-0.25950745266980774,-0.14111039970812153
NC_002929.2,B. pertussis,Proteobacteria,60.06,FP,23,near,-0.06351102833491945,-0.31881981021303646,-0.19116541927397795
NC_002929.2,B. pertussis,Proteobacteria,60.06,FP,29,near,0.18451486230404252,0.11944925879398624,0.15198206054901436
NC_002929.2,B. pertussis,Proteobacteria,60.06,TP,0,TP,-0.0959749537954302,-0.3212062373800563,-0.20859059558774326
NC_002929.2,B. pertussis,Proteobacteria,60.06,TP,0,TP,0.12017569892309296,0.18255988138800278,0.15136779015554785
NC_002929.2,B. pertussis,Proteobacteria,60.06,TP,0,TP,-0.10015797481049991,-0.3244390099031683,-0.21229849235683412
NC_002929.2,B. pertussis,Proteobacteria,60.06,TP,0,TP,0.024483972012677668,-0.015248919827104856,0.0046175260927864056
NC_002929.2,B. pertussis,Proteobacteria,60.06,TP,0,TP,0.007757896846580555,-0.4292717327748221,-0.21075691796412077
NC_002929.2,B. pertussis,Proteobacteria,60.06,TP,0,TP,0.07438820977346765,-0.016262441638758673,0.029062884067354487
NC_002929.2,B. pertussis,Proteobacteria,60.06,FP,1052,intergenic,-0.049130735377152256,-0.4660649915514405,-0.25759786346429636
NC_002929.2,B. pertussis,Proteobacteria,60.06,FP,99,frag,0.1037566874233678,0.18276181159559285,0.14325924950948032
NC_002929.2,B. pertussis,Proteobacteria,60.06,FP,153,neighbor,0.019032209672170806,-0.04535428898459557,-0.013161039656212382
NC_002929.2,B. pertussis,Proteobacteria,60.06,TP,0,TP,-0.09801013721423454,-0.6160087209419458,-0.3570094290780902
NC_002929.2,B. pertussis,Proteobacteria,60.06,TP,0,TP,0.034258376884526126,0.007521435350410855,0.02088990611746849
NC_002929.2,B. pertussis,Proteobacteria,60.06,TP,0,TP,0.12034340999521925,-0.02912890631436795,0.04560725184042565
NC_002929.2,B. pertussis,Proteobacteria,60.06,TP,0,TP,-0.07064080354797705,-0.39753835555964373,-0.23408957955381038
NC_002929.2,B. pertussis,Proteobacteria,60.06,TP,0,TP,0.0749762003963871,0.05914685395703003,0.06706152717670856
NC_002929.2,B. pertussis,Proteobacteria,60.06,TP,0,TP,-0.006015788066706543,-0.11261126475219427,-0.0593135264094504
NC_002929.2,B. pertussis,Proteobacteria,60.06,TP,0,TP,-0.16148785540124516,-0.6196685255328752,-0.3905781904670602
NC_002929.2,B. pertussis,Proteobacteria,60.06,TP,0,TP,-0.13036328031499214,-0.5704994019889768,-0.35043134115198443
NC_002929.2,B. pertussis,Proteobacteria,60.06,TP,0,TP,-0.007664498521366406,-0.34280007734949863,-0.17523228793543252
NC_002929.2,B. pertussis,Proteobacteria,60.06,TP,0,TP,-0.08753834331389616,-0.7243306141139954,-0.4059344787139458
NC_002929.2,B. pertussis,Proteobacteria,60.06,FP,18,near,-0.07214277497848963,-0.5024204110336015,-0.28728159300604555
NC_002929.2,B. pertussis,Proteobacteria,60.06,TP,0,TP,0.10341780267663007,0.2984310553898787,0.2009244290332544
NC_002929.2,B. pertussis,Proteobacteria,60.06,TP,0,TP,0.0834749853927247,0.08682249291929196,0.08514873915600833
NC_002929.2,B. pertussis,Proteobacteria,60.06,FP,210,neighbor,0.026008385884468764,-0.06812006266685558,-0.021055838391193408
NC_002929.2,B. pertussis,Proteobacteria,60.06,TP,0,TP,-0.040668500658383525,-0.25122914583560885,-0.14594882324699618
NC_002929.2,B. pertussis,Proteobacteria,60.06,TP,0,TP,-0.08400491038760714,-0.2901955662300331,-0.18710023830882014
NC_002929.2,B. pertussis,Proteobacteria,60.06,FP,258,neighbor,0.24100977587086875,0.4775621236353601,0.35928594975311445
NC_002929.2,B. pertussis,Proteobacteria,60.06,TP,0,TP,-0.08339234424223795,-0.11201436779492298,-0.09770335601858046
NC_002929.2,B. pertussis,Proteobacteria,60.06,FP,207,neighbor,0.2709215368625834,0.36170807534553406,0.3163148061040587
NC_002929.2,B. pertussis,Proteobacteria,60.06,TP,0,TP,0.008451839896580538,-0.160850732862675,-0.07619944648304723
NC_002929.2,B. pertussis,Proteobacteria,60.06,FP,192,neighbor,-0.09855500950962863,-0.5958220443340515,-0.34718852692184005
NC_002929.2,B. pertussis,Proteobacteria,60.06,TP,0,TP,0.1486362995580187,0.3217215181321791,0.2351789088450989
NC_002929.2,B. pertussis,Proteobacteria,60.06,TP,0,TP,-0.05964871869432737,-0.2550364527636333,-0.15734258572898033
NC_002929.2,B. pertussis,Proteobacteria,60.06,TP,0,TP,-0.08100934504032414,-0.4298308142077104,-0.25542007962401725
NC_002929.2,B. pertussis,Proteobacteria,60.06,TP,0,TP,-0.09886887609564354,-0.5837362449817369,-0.34130256053869024
NC_002929.2,B. pertussis,Proteobacteria,60.06,FP,400,intergenic,0.1297576263354138,0.12196568325279529,0.12586165479410455
NC_002929.2,B. pertussis,Proteobacteria,60.06,TP,0,TP,0.01185581504778644,-0.2001639775346682,-0.09415408124344088
NC_002929.2,B. pertussis,Proteobacteria,60.06,FP,74,frag,0.022904016194317003,-0.3426893608991037,-0.15989267235239335
NC_002929.2,B. pertussis,Proteobacteria,60.06,TP,0,TP,0.10684983740174517,-0.10204132367126277,0.0024042568652411986
NC_002929.2,B. pertussis,Proteobacteria,60.06,TP,0,TP,0.06950237231019993,-0.37735950816574615,-0.1539285679277731
NC_002929.2,B. pertussis,Proteobacteria,60.06,TP,0,TP,-0.09640779386907401,-0.19200459384686255,-0.1442061938579683
NC_002929.2,B. pertussis,Proteobacteria,60.06,TP,0,TP,-0.03542421166909406,-0.48401250007348223,-0.25971835587128816
NC_002929.2,B. pertussis,Proteobacteria,60.06,FP,117,neighbor,-0.08557290252331526,-0.26189408474605996,-0.1737334936346876
NC_002929.2,B. pertussis,Proteobacteria,60.06,FP,248,neighbor,0.08423365616489255,-0.16555616068998233,-0.04066125226254489
NC_002929.2,B. pertussis,Proteobacteria,60.06,TP,0,TP,0.05713653807884498,-0.1974655247524872,-0.07016449333682111
NC_002929.2,B. pertussis,Proteobacteria,60.06,FP,165,neighbor,-0.05528140854170024,-0.33281874020148267,-0.19405007437159144
NC_002929.2,B. pertussis,Proteobacteria,60.06,FP,54,frag,0.032528608549850443,-0.19440351611491663,-0.08093745378253309
NC_002929.2,B. pertussis,Proteobacteria,60.06,FP,65,frag,0.06493405873271503,-0.06101703717688665,0.0019585107779141915
NC_002929.2,B. pertussis,Proteobacteria,60.06,TP,0,TP,-0.14342140218056632,-0.5770172247128713,-0.3602193134467188
NC_002929.2,B. pertussis,Proteobacteria,60.06,TP,0,TP,-0.08496353783064639,-0.4764924762069846,-0.2807280070188155
NC_002929.2,B. pertussis,Proteobacteria,60.06,TP,0,TP,-0.10781095256193349,-0.42796459420709354,-0.26788777338451353
NC_002929.2,B. pertussis,Proteobacteria,60.06,TP,0,TP,0.14718813064549277,-0.20281409109785004,-0.027812980226178632
NC_002929.2,B. pertussis,Proteobacteria,60.06,TP,0,TP,0.03947760617294591,-0.1389008902944539,-0.049711642060754
NC_002929.2,B. pertussis,Proteobacteria,60.06,FP,33,frag,0.03612868120904669,0.024942128329544743,0.03053540476929572
NC_002929.2,B. pertussis,Proteobacteria,60.06,TP,0,TP,0.0871402595918885,-0.2144894329871903,-0.06367458669765091
NC_002929.2,B. pertussis,Proteobacteria,60.06,FP,69,frag,-0.08186465535995897,-0.444223155476859,-0.263043905418409
NC_002929.2,B. pertussis,Proteobacteria,60.06,TP,0,TP,-0.2738917647046274,-0.4453729258512169,-0.35963234527792215
NC_002929.2,B. pertussis,Proteobacteria,60.06,FP,240,neighbor,-0.04329960817335395,-0.3118383027850811,-0.17756895547921753
NC_002929.2,B. pertussis,Proteobacteria,60.06,TP,0,TP,-0.2738917647046274,-0.4453729258512169,-0.35963234527792215
NC_002929.2,B. pertussis,Proteobacteria,60.06,FP,330,intergenic,0.18800633923464716,0.348314717991321,0.2681605286129841
NC_002929.2,B. pertussis,Proteobacteria,60.06,FP,318,intergenic,0.1247597726516543,0.26884948282867993,0.1968046277401671
NC_002929.2,B. pertussis,Proteobacteria,60.06,TP,0,TP,-0.021245155510156384,-0.2018300076901241,-0.11153758160014024
NC_002929.2,B. pertussis,Proteobacteria,60.06,TP,0,TP,0.17047360868182887,0.27271351608398364,0.22159356238290626
NC_002929.2,B. pertussis,Proteobacteria,60.06,FP,194,neighbor,0.1097548655934799,-0.07076480827778227,0.019495028657848815
NC_002929.2,B. pertussis,Proteobacteria,60.06,TP,0,TP,0.18334894600648846,0.26981620617527824,0.22658257609088334
NC_002929.2,B. pertussis,Proteobacteria,60.06,TP,0,TP,-0.030451638674828984,-0.3019452555086971,-0.16619844709176304
NC_002929.2,B. pertussis,Proteobacteria,60.06,TP,0,TP,0.045740618227981616,-0.07852175355526896,-0.01639056766364367
NC_002929.2,B. pertussis,Proteobacteria,60.06,FP,36,frag,-0.022406483296366277,-0.2508492645119567,-0.1366278739041615
NC_002929.2,B. pertussis,Proteobacteria,60.06,FP,78,frag,-0.029095760303284143,-0.39128149917184984,-0.210188629737567
NC_002929.2,B. pertussis,Proteobacteria,60.06,FP,265,neighbor,0.038512850940850045,-0.004460693544448446,0.0170260786982008
NC_002929.2,B. pertussis,Proteobacteria,60.06,TP,0,TP,-0.13873769410119507,-0.5511983904766182,-0.34496804228890665
NC_002929.2,B. pertussis,Proteobacteria,60.06,FP,27,near,-0.10415616229676986,-0.45968454119367125,-0.28192035174522057
NC_002929.2,B. pertussis,Proteobacteria,60.06,TP,3,TP,-0.0902710089890024,-0.6956218093796231,-0.3929464091843128
NC_002929.2,B. pertussis,Proteobacteria,60.06,FP,99,frag,0.22888184061680902,0.21772586284547374,0.22330385173114137
NC_002929.2,B. pertussis,Proteobacteria,60.06,TP,0,TP,0.10115047405106997,-0.11414524489193027,-0.00649738542043015
NC_002929.2,B. pertussis,Proteobacteria,60.06,FP,30,frag,-0.08841302420253451,-0.2825592025244582,-0.18548611336349635
NC_002929.2,B. pertussis,Proteobacteria,60.06,FP,452,intergenic,0.10055559610846672,0.07434946158251776,0.08745252884549223
NC_002929.2,B. pertussis,Proteobacteria,60.06,FP,15,near,-0.1681138449733633,-0.5614922986656736,-0.36480307181951843
NC_002929.2,B. pertussis,Proteobacteria,60.06,FP,15,near,-0.05344379234789424,-0.34318395616112696,-0.1983138742545106
NC_002929.2,B. pertussis,Proteobacteria,60.06,FP,127,neighbor,-0.13851124413372015,-0.5337196855086859,-0.336115464821203
NC_002929.2,B. pertussis,Proteobacteria,60.06,TP,0,TP,0.18796415291048352,0.22989746991886761,0.20893081141467557
NC_002929.2,B. pertussis,Proteobacteria,60.06,FP,326,intergenic,-0.08411282792915126,-0.2746611626696961,-0.17938699529942367
NC_002929.2,B. pertussis,Proteobacteria,60.06,FP,14,near,0.048886758969415925,0.013474407425288604,0.031180583197352264
NC_002929.2,B. pertussis,Proteobacteria,60.06,TP,0,TP,0.13829525069520515,0.3306658801935164,0.23448056544436077
NC_002929.2,B. pertussis,Proteobacteria,60.06,FP,149,neighbor,-0.1218744798025386,-0.5153262735477483,-0.31860037667514346
NC_002929.2,B. pertussis,Proteobacteria,60.06,FP,51,frag,0.019549544391383476,-0.3880649726429617,-0.18425771412578912
NC_002929.2,B. pertussis,Proteobacteria,60.06,TP,0,TP,-0.00832149472765001,-0.15625197876710928,-0.08228673674737964
NC_002929.2,B. pertussis,Proteobacteria,60.06,FP,68,frag,-0.11372642373802364,-0.43206023710469166,-0.27289333042135766
NC_002929.2,B. pertussis,Proteobacteria,60.06,FP,399,intergenic,-0.1266127328868393,-0.3476813602574381,-0.2371470465721387
NC_002929.2,B. pertussis,Proteobacteria,60.06,TP,0,TP,0.17779321475511883,0.3766583787328777,0.2772257967439983
NC_002929.2,B. pertussis,Proteobacteria,60.06,FP,233,neighbor,-0.15141260428616973,-0.6266898467551044,-0.3890512255206371
NC_002929.2,B. pertussis,Proteobacteria,60.06,TP,0,TP,-0.027543751619193795,-0.29223990638827074,-0.15989182900373228
NC_002929.2,B. pertussis,Proteobacteria,60.06,FP,20,near,-0.12479256623049154,-0.2675830388503428,-0.19618780254041718
NC_002929.2,B. pertussis,Proteobacteria,60.06,TP,0,TP,-0.041199141986591074,-0.1191967225707117,-0.0801979322786514
NC_002929.2,B. pertussis,Proteobacteria,60.06,FP,65,frag,0.19449910875032425,0.35712264002594124,0.27581087438813273
NC_002929.2,B. pertussis,Proteobacteria,60.06,TP,0,TP,-0.11836051665015575,-0.42663393254558246,-0.2724972245978691
NC_002929.2,B. pertussis,Proteobacteria,60.06,TP,0,TP,-0.07776569256579435,-0.41344083443677204,-0.2456032635012832
NC_002929.2,B. pertussis,Proteobacteria,60.06,FP,36,frag,-0.12039098807332303,-0.5080489427755885,-0.3142199654244558
NC_002929.2,B. pertussis,Proteobacteria,60.06,FP,192,neighbor,0.024421969498866266,-0.09695205481239597,-0.03626504265676485
NC_002929.2,B. pertussis,Proteobacteria,60.06,FP,220,neighbor,-0.09970068978401916,-0.35543943320603477,-0.22757006149502695
NC_002929.2,B. pertussis,Proteobacteria,60.06,TP,0,TP,0.021522699019320395,-0.11847945368051853,-0.048478377330599065
NC_002929.2,B. pertussis,Proteobacteria,60.06,TP,0,TP,0.14914559854094947,0.0752567439784336,0.11220117125969153
NC_002929.2,B. pertussis,Proteobacteria,60.06,FP,77,frag,-0.0012909970271995992,-0.09769736736917523,-0.049494182198187416
NC_002929.2,B. pertussis,Proteobacteria,60.06,TP,0,TP,0.13395944048145694,0.19089254221344448,0.16242599134745073
NC_002929.2,B. pertussis,Proteobacteria,60.06,TP,0,TP,-0.06816088205336115,-0.30098876595224267,-0.1845748240028019
NC_002929.2,B. pertussis,Proteobacteria,60.06,TP,0,TP,-0.04865664484292769,-0.43617641881577496,-0.24241653182935133
NC_002929.2,B. pertussis,Proteobacteria,60.06,FP,114,neighbor,0.10108604796796263,-0.09035789853824668,0.005364074714857975
NC_002929.2,B. pertussis,Proteobacteria,60.06,TP,0,TP,-0.1537298363917171,-0.2723113885518792,-0.21302061247179815
NC_002929.2,B. pertussis,Proteobacteria,60.06,TP,0,TP,0.07276757483002853,0.01751282850617599,0.04514020166810226
NC_002929.2,B. pertussis,Proteobacteria,60.06,FP,156,neighbor,-0.08715316880226189,-0.5969692148315928,-0.34206119181692735
NC_002929.2,B. pertussis,Proteobacteria,60.06,TP,0,TP,-0.2240072822778077,-0.5402177439043158,-0.38211251309106176
NC_002929.2,B. pertussis,Proteobacteria,60.06,TP,0,TP,-0.06987176556295817,-0.1489562834234306,-0.10941402449319437
NC_002929.2,B. pertussis,Proteobacteria,60.06,TP,0,TP,0.17866547002800742,0.04200788999918217,0.1103366800135948
NC_002929.2,B. pertussis,Proteobacteria,60.06,FP,581,intergenic,-0.12943492037062634,-0.35199502492622303,-0.24071497264842467
NC_002929.2,B. pertussis,Proteobacteria,60.06,FP,66,frag,-0.0006172221636454367,-0.2530652852137898,-0.12684125368871763
NC_002929.2,B. pertussis,Proteobacteria,60.06,FP,66,frag,0.03981204879031968,-0.09253224293186194,-0.026360097070771128
NC_002929.2,B. pertussis,Proteobacteria,60.06,FP,18,near,-0.03040920282929586,-0.38682687304740926,-0.20861803793835257
NC_002929.2,B. pertussis,Proteobacteria,60.06,TP,0,TP,-0.009942446909633891,-0.28465583251260895,-0.14729913971112144
NC_002929.2,B. pertussis,Proteobacteria,60.06,TP,0,TP,-0.06245200972311906,-0.5175929592208668,-0.2900224844719929
NC_002929.2,B. pertussis,Proteobacteria,60.06,TP,0,TP,-0.10143505294134555,-0.2868532405196177,-0.19414414673048164
NC_002929.2,B. pertussis,Proteobacteria,60.06,TP,0,TP,0.05369765066696246,-0.22365589668624394,-0.08497912300964075
NC_002929.2,B. pertussis,Proteobacteria,60.06,TP,0,TP,0.10216764347745505,0.037623818359901404,0.06989573091867823
NC_002929.2,B. pertussis,Proteobacteria,60.06,TP,0,TP,0.14277041508839663,-0.013987769472188915,0.06439132280810386
NC_002929.2,B. pertussis,Proteobacteria,60.06,TP,0,TP,0.03627043051472327,-0.11780521125070749,-0.04076739036799211
NC_002929.2,B. pertussis,Proteobacteria,60.06,TP,0,TP,0.12392862639957775,-0.06778560772854121,0.028071509335518267
NC_002929.2,B. pertussis,Proteobacteria,60.06,TP,0,TP,-0.13186830147814607,-0.2620524292017009,-0.1969603653399235
NC_002929.2,B. pertussis,Proteobacteria,60.06,FP,72,frag,-0.3051565314456769,-0.7021130036352681,-0.5036347675404724
NC_002929.2,B. pertussis,Proteobacteria,60.06,TP,0,TP,-0.055590462746783705,-0.21583383405962947,-0.13571214840320658
NC_002929.2,B. pertussis,Proteobacteria,60.06,TP,0,TP,0.03782231770512183,-0.07852546242262334,-0.020351572358750757
NC_002929.2,B. pertussis,Proteobacteria,60.06,TP,0,TP,0.07504223685461871,0.004095050372043119,0.039568643613330914
NC_002929.2,B. pertussis,Proteobacteria,60.06,FP,90,frag,0.004512316358829338,-0.1741988495901076,-0.08484326661563912
NC_002929.2,B. pertussis,Proteobacteria,60.06,TP,0,TP,-0.17024004864214082,-0.6765325906290641,-0.42338631963560247
NC_002929.2,B. pertussis,Proteobacteria,60.06,FP,62,frag,0.00737052866604652,-0.1039688562051154,-0.048299163769534435
NC_002929.2,B. pertussis,Proteobacteria,60.06,FP,291,neighbor,-0.23039020893057202,-0.5186538344805861,-0.3745220217055791
NC_002929.2,B. pertussis,Proteobacteria,60.06,FP,121,neighbor,0.15676686553428354,0.3585997265430542,0.2576832960386689
NC_002929.2,B. pertussis,Proteobacteria,60.06,FP,202,neighbor,-0.006917485003558236,-0.1078109642701321,-0.05736422463684517
NC_002929.2,B. pertussis,Proteobacteria,60.06,FP,30,frag,0.01492473786960744,-0.2484706786920725,-0.11677297041123254
NC_002929.2,B. pertussis,Proteobacteria,60.06,TP,0,TP,-0.04199761774249377,-0.346429208115012,-0.19421341292875288
NC_002929.2,B. pertussis,Proteobacteria,60.06,FP,90,frag,-0.10060195192801018,-0.36653819390392,-0.2335700729159651
NC_002929.2,B. pertussis,Proteobacteria,60.06,TP,0,TP,-0.15083525897339717,-0.40365159372407505,-0.2772434263487361
NC_002929.2,B. pertussis,Proteobacteria,60.06,FP,87,frag,0.013760861608326281,-0.17169448894778938,-0.07896681366973154
NC_002929.2,B. pertussis,Proteobacteria,60.06,FP,400,intergenic,0.26250086971982206,0.11599941385495072,0.1892501417873864
NC_002929.2,B. pertussis,Proteobacteria,60.06,FP,63,frag,0.038940483230818286,-0.20147124639899233,-0.08126538158408703
NC_002929.2,B. pertussis,Proteobacteria,60.06,FP,81,frag,-0.00859262478690397,-0.1977110963949677,-0.10315186059093584
NC_002929.2,B. pertussis,Proteobacteria,60.06,FP,50,frag,0.0427006848505196,-0.11762749567898467,-0.037463405414232535
NC_002929.2,B. pertussis,Proteobacteria,60.06,TP,0,TP,-0.020396652424068407,-0.28704708805011026,-0.15372187023708933
NC_002929.2,B. pertussis,Proteobacteria,60.06,FP,69,frag,-0.05014051305060031,-0.11950149036172845,-0.08482100170616438
NC_002929.2,B. pertussis,Proteobacteria,60.06,FP,232,neighbor,0.00987347966314592,-0.08839533563685009,-0.03926092798685209
NC_002929.2,B. pertussis,Proteobacteria,60.06,FP,384,intergenic,-0.07298918553681494,-0.39394380705721443,-0.2334664962970147
NC_002929.2,B. pertussis,Proteobacteria,60.06,FP,281,neighbor,-0.014992422234771633,-0.4034779790887626,-0.20923520066176712
NC_002929.2,B. pertussis,Proteobacteria,60.06,FP,4,near,-0.03940228717055305,-0.3321360312411038,-0.18576915920582843
NC_002929.2,B. pertussis,Proteobacteria,60.06,FP,11,near,-0.15469636746936005,-0.331895045148935,-0.2432957063091475
NC_002929.2,B. pertussis,Proteobacteria,60.06,TP,0,TP,-0.0011758192533693071,-0.19397748134703505,-0.09757665030020218
NC_002929.2,B. pertussis,Proteobacteria,60.06,FP,143,neighbor,0.06975975608939204,-0.09111476049938645,-0.010677502204997205
NC_002929.2,B. pertussis,Proteobacteria,60.06,FP,160,neighbor,-0.08716296003619585,-0.4251676851924174,-0.25616532261430663
NC_002929.2,B. pertussis,Proteobacteria,60.06,FP,64,frag,0.1117954556028091,0.30137197436651064,0.20658371498465988
NC_002929.2,B. pertussis,Proteobacteria,60.06,FP,49,frag,0.001239021091585594,-0.48295284677550326,-0.24085691284195884
NC_002929.2,B. pertussis,Proteobacteria,60.06,FP,138,neighbor,-0.11049345377687914,-0.5145379757928318,-0.31251571478485546
NC_002929.2,B. pertussis,Proteobacteria,60.06,FP,256,neighbor,-0.06660815183616743,-0.27946725760068747,-0.17303770471842744
NC_002929.2,B. pertussis,Proteobacteria,60.06,FP,179,neighbor,-0.06118162764046744,-0.07267129567213929,-0.06692646165630337
NC_002929.2,B. pertussis,Proteobacteria,60.06,FP,197,neighbor,-0.0942297674356079,-0.3774153513886887,-0.2358225594121483
NC_002929.2,B. pertussis,Proteobacteria,60.06,FP,72,frag,-0.03961838449395548,-0.20918848666099876,-0.12440343557747713
NC_002929.2,B. pertussis,Proteobacteria,60.06,FP,501,intergenic,0.004691671093561685,-0.24844109671141085,-0.12187471280892458
NC_002929.2,B. pertussis,Proteobacteria,60.06,FP,142,neighbor,0.10108604796796263,-0.09035789853824668,0.005364074714857975
NC_002929.2,B. pertussis,Proteobacteria,60.06,FP,193,neighbor,-0.1792938221402648,-0.5181514625363519,-0.34872264233830835
NC_002929.2,B. pertussis,Proteobacteria,60.06,FP,455,intergenic,-0.1343365395506711,-0.3521810626802221,-0.2432588011154466
NC_002929.2,B. pertussis,Proteobacteria,60.06,FP,19,near,0.02723788260979608,-0.041322815116095056,-0.007042466253149488
NC_002929.2,B. pertussis,Proteobacteria,60.06,TP,0,TP,-0.03127726037488638,-0.23153370848672097,-0.1314054844308037
NC_002929.2,B. pertussis,Proteobacteria,60.06,FP,33,frag,0.1324814972380691,0.1210886282132904,0.12678506272567974
NC_002929.2,B. pertussis,Proteobacteria,60.06,FP,89,frag,-0.06997526385930944,-0.3204200153431245,-0.19519763960121694
NC_002929.2,B. pertussis,Proteobacteria,60.06,TP,0,TP,0.05496964119757498,-0.17013723726012203,-0.05758379803127353
NC_002929.2,B. pertussis,Proteobacteria,60.06,TP,0,TP,-0.027959690708184107,-0.27465164178496193,-0.15130566624657302
NC_002929.2,B. pertussis,Proteobacteria,60.06,TP,0,TP,-0.1338091443373943,-0.43536776953469525,-0.2845884569360448
NC_002929.2,B. pertussis,Proteobacteria,60.06,FP,142,neighbor,-0.043768705986887826,-0.37524767600101966,-0.20950819099395374
NC_002929.2,B. pertussis,Proteobacteria,60.06,TP,0,TP,-0.06372637728257616,-0.5294806431555784,-0.29660351021907727
NC_002929.2,B. pertussis,Proteobacteria,60.06,TP,0,TP,0.04171249842804367,-0.33017097550117924,-0.14422923853656777
NC_002929.2,B. pertussis,Proteobacteria,60.06,TP,0,TP,-0.14905478962558477,-0.5321930702334263,-0.3406239299295055
NC_002929.2,B. pertussis,Proteobacteria,60.06,FP,33,frag,-0.09788708081743612,-0.334071997822614,-0.21597953932002506
NC_002929.2,B. pertussis,Proteobacteria,60.06,FP,145,neighbor,-0.03517271561802247,-0.1037262286376773,-0.06944947212784988
NC_002929.2,B. pertussis,Proteobacteria,60.06,FP,105,neighbor,0.017038443534658873,-0.34077067569702846,-0.16186611608118479
NC_002929.2,B. pertussis,Proteobacteria,60.06,FP,232,neighbor,-0.08897424002759256,-0.430493733347393,-0.25973398668749276
NC_002929.2,B. pertussis,Proteobacteria,60.06,FP,111,neighbor,-0.04042039982128595,-0.37973622878949415,-0.21007831430539003
NC_002929.2,B. pertussis,Proteobacteria,60.06,TP,0,TP,-0.0974546415331505,-0.40305851901851214,-0.2502565802758313
NC_002929.2,B. pertussis,Proteobacteria,60.06,FP,114,neighbor,-0.14686273271398848,-0.6677029816130364,-0.4072828571635124
NC_002929.2,B. pertussis,Proteobacteria,60.06,FP,46,frag,0.04942750845266867,-0.11214735365526848,-0.03135992260129991
NC_002929.2,B. pertussis,Proteobacteria,60.06,FP,48,frag,0.09424732053067425,-0.018332201211305233,0.03795755965968451
NC_002929.2,B. pertussis,Proteobacteria,60.06,FP,63,frag,0.059191765730052026,-0.003446586081330594,0.027872589824360715
NC_002929.2,B. pertussis,Proteobacteria,60.06,FP,106,neighbor,-0.11624740399197293,-0.568126742309692,-0.34218707315083247
NC_002929.2,B. pertussis,Proteobacteria,60.06,FP,65,frag,-0.0023048456239555056,-0.2982833758777538,-0.15029411075085464
NC_002929.2,B. pertussis,Proteobacteria,60.06,FP,135,neighbor,0.1219774361969435,0.0284217463596562,0.07519959127829985
NC_002929.2,B. pertussis,Proteobacteria,60.06,FP,111,neighbor,-0.08541434905645508,-0.25533457794891135,-0.1703744635026832
NC_002929.2,B. pertussis,Proteobacteria,60.06,FP,12,near,-0.06652879581284239,-0.42138855505891754,-0.24395867543587996
NC_002929.2,B. pertussis,Proteobacteria,60.06,FP,16,near,-0.11797449483798701,-0.3701953606094094,-0.2440849277236982
NC_002929.2,B. pertussis,Proteobacteria,60.06,FP,75,frag,-0.07335896119330414,-0.4844443818840453,-0.27890167153867473
NC_002929.2,B. pertussis,Proteobacteria,60.06,FP,89,frag,-0.1122569747842275,-0.8130832240500581,-0.46267009941714277
NC_002929.2,B. pertussis,Proteobacteria,60.06,FP,24,near,-0.037339764161266706,-0.06941800457694569,-0.0533788843691062
NC_002929.2,B. pertussis,Proteobacteria,60.06,FP,126,neighbor,-0.14008001096164194,-0.7124938463334622,-0.4262869286475521
NC_002929.2,B. pertussis,Proteobacteria,60.06,FP,376,intergenic,-0.03825482560776976,-0.2456730881969868,-0.14196395690237829
NC_002929.2,B. pertussis,Proteobacteria,60.06,FP,72,frag,0.08644819705881446,-0.009783238027859653,0.0383324795154774
NC_002929.2,B. pertussis,Proteobacteria,60.06,FP,27,near,-0.08013101653021906,-0.5311891310629889,-0.305660073796604
NC_002929.2,B. pertussis,Proteobacteria,60.06,FP,111,neighbor,0.00014577893983703423,-0.1970738199735443,-0.09846402051685364
NC_002929.2,B. pertussis,Proteobacteria,60.06,FP,117,neighbor,-0.07947729911399316,-0.4033056050518148,-0.24139145208290397
NC_002929.2,B. pertussis,Proteobacteria,60.06,FP,51,frag,0.07361895678883054,0.08518399458312587,0.0794014756859782
NC_002929.2,B. pertussis,Proteobacteria,60.06,FP,9,near,-0.05414607243817855,-0.2583966947424635,-0.15627138359032103
NC_002929.2,B. pertussis,Proteobacteria,60.06,FP,52,frag,-0.14860581660450833,-0.5845024088375019,-0.36655411272100513
NC_002929.2,B. pertussis,Proteobacteria,60.06,FP,186,neighbor,0.033045263148111084,-0.1835635746885771,-0.07525915577023301
NC_002929.2,B. pertussis,Proteobacteria,60.06,FP,300,intergenic,0.05377433621229197,-0.20097566805838837,-0.0736006659230482
NC_002929.2,B. pertussis,Proteobacteria,60.06,FP,12,near,-0.10256873106772843,-0.4399415647931484,-0.2712551479304384
NC_002929.2,B. pertussis,Proteobacteria,60.06,TP,0,TP,0.0479476579684101,0.10051396153451506,0.07423080975146258
NC_002929.2,B. pertussis,Proteobacteria,60.06,TP,0,TP,0.06136648649341841,0.007515181774774504,0.03444083413409646
NC_002929.2,B. pertussis,Proteobacteria,60.06,TP,0,TP,0.11980490920154713,0.24352581812862367,0.1816653636650854
NC_002929.2,B. pertussis,Proteobacteria,60.06,FP,189,neighbor,-0.01792875745229144,-0.3677687664838537,-0.19284876196807257
NC_002929.2,B. pertussis,Proteobacteria,60.06,TP,0,TP,-0.09918058046092355,-0.41030897538147426,-0.25474477792119893
NC_002929.2,B. pertussis,Proteobacteria,60.06,FP,100,neighbor,0.07064096236566991,0.02001908133248804,0.04533002184907898
NC_002929.2,B. pertussis,Proteobacteria,60.06,FP,195,neighbor,0.054066604785797286,-0.10466155357111476,-0.025297474392658736
NC_002929.2,B. pertussis,Proteobacteria,60.06,TP,0,TP,0.07898249127274136,-0.04632569496283452,0.01632839815495342
NC_002929.2,B. pertussis,Proteobacteria,60.06,TP,0,TP,-0.11836051665015575,-0.42663393254558246,-0.2724972245978691
NC_002929.2,B. pertussis,Proteobacteria,60.06,TP,0,TP,-0.04087516776896341,-0.3722080866568504,-0.20654162721290692
NC_002929.2,B. pertussis,Proteobacteria,60.06,FP,132,neighbor,-0.02704649936815121,-0.3552763081769605,-0.19116140377255586
NC_002929.2,B. pertussis,Proteobacteria,60.06,FP,84,frag,-0.12294771503792225,-0.34670360039505466,-0.23482565771648845
NC_002929.2,B. pertussis,Proteobacteria,60.06,TP,0,TP,0.0792114898949779,-0.2135741567254108,-0.06718133341521645
NC_002929.2,B. pertussis,Proteobacteria,60.06,TP,0,TP,-0.020133571660074998,-0.08793214258322238,-0.05403285712164869
NC_002929.2,B. pertussis,Proteobacteria,60.06,FP,423,intergenic,0.09805405875886919,0.12943900766853317,0.11374653321370118
NC_002929.2,B. pertussis,Proteobacteria,60.06,FP,169,neighbor,-0.05884827173372002,-0.3845028383100185,-0.22167555502186928
NC_002929.2,B. pertussis,Proteobacteria,60.06,FP,114,neighbor,0.006657812933989741,-0.06328307395335457,-0.028312630509682416
NC_002929.2,B. pertussis,Proteobacteria,60.06,FP,68,frag,0.10497851693405048,0.2702690069559651,0.1876237619450078
NC_002929.2,B. pertussis,Proteobacteria,60.06,FP,15,near,-0.03205899937502442,-0.19660120228161232,-0.11433010082831838
NC_002929.2,B. pertussis,Proteobacteria,60.06,FP,126,neighbor,0.03358457182735985,-0.15170985448265312,-0.05906264132764663
NC_002929.2,B. pertussis,Proteobacteria,60.06,TP,0,TP,-0.06641541329961125,-0.2913188986072974,-0.17886715595345434
NC_002929.2,B. pertussis,Proteobacteria,60.06,FP,49,frag,-0.2692579771422601,-0.734787852208175,-0.5020229146752175
NC_002929.2,B. pertussis,Proteobacteria,60.06,TP,0,TP,-0.0298492643978084,-0.5243367618168747,-0.2770930131073416
NC_002929.2,B. pertussis,Proteobacteria,60.06,FP,285,neighbor,-0.01600434193010069,-0.2678834798058908,-0.14194391086799574
NC_002929.2,B. pertussis,Proteobacteria,60.06,FP,37,frag,-0.22547037668059008,-1.020065269756374,-0.622767823218482
NC_002929.2,B. pertussis,Proteobacteria,60.06,FP,121,neighbor,0.025675035630323844,-0.43238054965149786,-0.203352757010587
NC_002929.2,B. pertussis,Proteobacteria,60.06,FP,36,frag,0.11823587849554543,0.2387494584981525,0.17849266849684897
NC_002929.2,B. pertussis,Proteobacteria,60.06,FP,33,frag,0.06200230057264567,-0.0228708625595452,0.019565719006550235
NC_002929.2,B. pertussis,Proteobacteria,60.06,FP,87,frag,-0.03780413372323347,-0.03517921102072563,-0.03649167237197955
NC_002929.2,B. pertussis,Proteobacteria,60.06,FP,12,near,0.05783416686846934,-0.07196269205772196,-0.007064262594626312
NC_002929.2,B. pertussis,Proteobacteria,60.06,FP,90,frag,-0.0628368597748332,-0.13078242555045136,-0.09680964266264228
NC_002929.2,B. pertussis,Proteobacteria,60.06,TP,0,TP,-0.12705870909811356,-0.4050778634809234,-0.2660682862895185
NC_002929.2,B. pertussis,Proteobacteria,60.06,FP,87,frag,-0.020228442634159904,-0.02049459626238743,-0.02036151944827367
NC_002929.2,B. pertussis,Proteobacteria,60.06,FP,345,intergenic,-0.13337300830973764,-0.4274545390771983,-0.280413773693468
NC_002929.2,B. pertussis,Proteobacteria,60.06,FP,42,frag,0.006950498548172608,-0.02116196274576012,-0.007105732098793756
NC_002929.2,B. pertussis,Proteobacteria,60.06,TP,0,TP,0.04834493496846074,0.02127823637111561,0.034811585669788175
NC_002929.2,B. pertussis,Proteobacteria,60.06,TP,0,TP,-0.06943633019834673,-0.33009451441713933,-0.19976542230774302
NC_002929.2,B. pertussis,Proteobacteria,60.06,TP,0,TP,-0.07735363109419921,-0.32390632136226005,-0.20062997622822965
NC_002929.2,B. pertussis,Proteobacteria,60.06,TP,0,TP,-0.031045259703886073,-0.2449957544818723,-0.1380205070928792
NC_002929.2,B. pertussis,Proteobacteria,60.06,TP,0,TP,0.05524536841050912,-0.004823871554291514,0.025210748428108803
NC_002929.2,B. pertussis,Proteobacteria,60.06,TP,0,TP,-0.12479256623049154,-0.2675830388503428,-0.19618780254041718
NC_002929.2,B. pertussis,Proteobacteria,60.06,FP,24,near,0.1465722653880436,0.18196178308108343,0.16426702423456352
NC_002929.2,B. pertussis,Proteobacteria,60.06,TP,0,TP,-0.07321450346156742,-0.2894931430707913,-0.18135382326617938
NC_002929.2,B. pertussis,Proteobacteria,60.06,TP,0,TP,0.11425600711929888,-0.005398401745971881,0.0544288026866635
NC_002929.2,B. pertussis,Proteobacteria,60.06,TP,0,TP,-0.07753621841773845,-0.4231582850073522,-0.25034725171254535
NC_002929.2,B. pertussis,Proteobacteria,60.06,FP,402,intergenic,-0.08047461559326313,-0.32607711649459076,-0.20327586604392694
NC_002929.2,B. pertussis,Proteobacteria,60.06,TP,0,TP,-0.009053456390377098,-0.05114178133945302,-0.03009761886491506
NC_002929.2,B. pertussis,Proteobacteria,60.06,TP,0,TP,-0.13688245902442067,-0.4679565825228977,-0.3024195207736592
NC_002929.2,B. pertussis,Proteobacteria,60.06,TP,0,TP,0.07663817133538255,-0.04061858811248555,0.018009791611448497
NC_002929.2,B. pertussis,Proteobacteria,60.06,FP,99,frag,0.10625154674287837,0.007283971416280366,0.05676775907957937
NC_002929.2,B. pertussis,Proteobacteria,60.06,FP,15,near,0.021797207612238387,0.13002656223445824,0.07591188492334831
NC_002929.2,B. pertussis,Proteobacteria,60.06,TP,0,TP,-0.07880328049894109,-0.5825373710093054,-0.33067032575412325
NC_002929.2,B. pertussis,Proteobacteria,60.06,FP,84,frag,0.09847287188049354,-0.02997713803389033,0.034247866923301604
NC_002929.2,B. pertussis,Proteobacteria,60.06,TP,0,TP,0.21253716481970172,0.3985833283091722,0.305560246564437
NC_002929.2,B. pertussis,Proteobacteria,60.06,TP,0,TP,0.16449339644524652,0.4308732893338309,0.2976833428895387
NC_002929.2,B. pertussis,Proteobacteria,60.06,TP,0,TP,-0.11836051665015575,-0.42663393254558246,-0.2724972245978691
NC_002929.2,B. pertussis,Proteobacteria,60.06,TP,0,TP,-0.1683911661841608,-0.5498074748842953,-0.35909932053422805
NC_002929.2,B. pertussis,Proteobacteria,60.06,TP,0,TP,-0.08960104165060988,-0.4857808219814288,-0.28769093181601935
NC_002929.2,B. pertussis,Proteobacteria,60.06,FP,60,frag,-0.08221646609288129,-0.6034315950450171,-0.34282403056894917
NC_002929.2,B. pertussis,Proteobacteria,60.06,TP,0,TP,0.12391312106079984,0.0038880502960076057,0.06390058567840372
NC_002929.2,B. pertussis,Proteobacteria,60.06,FP,19,near,0.06855017171418136,-0.4180905701887362,-0.1747701992372774
NC_002929.2,B. pertussis,Proteobacteria,60.06,FP,22,near,-0.007476045084514501,-0.3185200345473973,-0.1629980398159559
NC_002929.2,B. pertussis,Proteobacteria,60.06,TP,0,TP,-0.016142934388759283,0.06156394514954613,0.022710505380393424
NC_002929.2,B. pertussis,Proteobacteria,60.06,TP,0,TP,-0.019829415114883866,-0.3490554704122637,-0.18444244276357377
NC_002929.2,B. pertussis,Proteobacteria,60.06,TP,0,TP,-0.19659954923046666,-0.4488108093285227,-0.32270517927949466
NC_002929.2,B. pertussis,Proteobacteria,60.06,TP,0,TP,0.0030722267887351032,-0.2446855425647662,-0.12080665788801555
NC_002929.2,B. pertussis,Proteobacteria,60.06,TP,0,TP,-0.004448758258786493,0.07609670754567546,0.03582397464344449
NC_002929.2,B. pertussis,Proteobacteria,60.06,TP,0,TP,0.037777320029719876,-0.036305187685270114,0.0007360661722248807
NC_002929.2,B. pertussis,Proteobacteria,60.06,FP,108,neighbor,-0.03974059580002134,-0.2783799763523881,-0.1590602860762047
NC_002929.2,B. pertussis,Proteobacteria,60.06,FP,73,frag,0.12863347708941955,0.042750414190394534,0.08569194563990704
NC_002929.2,B. pertussis,Proteobacteria,60.06,FP,69,frag,-0.03298278902842,-0.3404944307222678,-0.1867386098753439
NC_002929.2,B. pertussis,Proteobacteria,60.06,TP,0,TP,-0.013329039012948367,-0.07853979986671647,-0.04593441943983242
NC_002929.2,B. pertussis,Proteobacteria,60.06,FP,99,frag,0.1813572635648408,0.4768344666289643,0.32909586509690253
NC_002929.2,B. pertussis,Proteobacteria,60.06,TP,0,TP,-0.025167223946694624,0.006164866760721565,-0.00950117859298653
NC_002929.2,B. pertussis,Proteobacteria,60.06,TP,0,TP,0.019879386330017467,-0.3500953160405544,-0.16510796485526846
NC_002929.2,B. pertussis,Proteobacteria,60.06,FP,53,frag,0.017379137799963237,-0.08636964058852073,-0.034495251394278746
NC_002929.2,B. pertussis,Proteobacteria,60.06,TP,0,TP,0.0955555463024929,0.01217326292243257,0.05386440461246273
NC_002929.2,B. pertussis,Proteobacteria,60.06,FP,138,neighbor,0.11783227828894761,0.025596824137964803,0.07171455121345621
NC_002929.2,B. pertussis,Proteobacteria,60.06,FP,237,neighbor,0.1657435380399221,0.4360591313495121,0.3009013346947171
NC_002929.2,B. pertussis,Proteobacteria,60.06,FP,375,intergenic,0.049551018062934084,0.005259113055296183,0.027405065559115132
NC_002929.2,B. pertussis,Proteobacteria,60.06,TP,0,TP,-0.07818964915551518,-0.4089246533045163,-0.24355715123001573
NC_002929.2,B. pertussis,Proteobacteria,60.06,FP,30,frag,-0.08750397957725559,-0.538756107702067,-0.31313004363966135
NC_002929.2,B. pertussis,Proteobacteria,60.06,FP,89,frag,0.004558577887353484,-0.05259560247845911,-0.024018512295552814
NC_002929.2,B. pertussis,Proteobacteria,60.06,FP,34,frag,0.10867234404530517,-0.014181656716617396,0.04724534366434389
NC_002929.2,B. pertussis,Proteobacteria,60.06,TP,0,TP,0.11940062998226418,-0.22216994560317857,-0.051384657810457195
NC_002929.2,B. pertussis,Proteobacteria,60.06,FP,55,frag,0.0015093916717248135,-0.08394752981624479,-0.04121906907225999
NC_002929.2,B. pertussis,Proteobacteria,60.06,FP,548,intergenic,0.05018348151006625,0.09261928287607687,0.07140138219307156
NC_002929.2,B. pertussis,Proteobacteria,60.06,FP,216,neighbor,-0.056627867546504736,-0.2574759079465828,-0.15705188774654377
NC_002929.2,B. pertussis,Proteobacteria,60.06,TP,0,TP,0.18578782705025768,0.3576527308169403,0.271720278933599
NC_002929.2,B. pertussis,Proteobacteria,60.06,TP,0,TP,-0.09441028226817708,-0.2898244140408444,-0.19211734815451076
NC_002929.2,B. pertussis,Proteobacteria,60.06,FP,29,near,0.11404268435437145,-0.012893272652848254,0.0505747058507616
NC_002929.2,B. pertussis,Proteobacteria,60.06,FP,193,neighbor,-0.1205640434178882,-0.5551336781766188,-0.3378488607972535
NC_002929.2,B. pertussis,Proteobacteria,60.06,FP,324,intergenic,0.09422421038527726,-0.0007172932170583124,0.046753458584109474
NC_002929.2,B. pertussis,Proteobacteria,60.06,FP,90,frag,0.13112733921056902,0.06780701727740848,0.09946717824398875
NC_002929.2,B. pertussis,Proteobacteria,60.06,FP,203,neighbor,0.2782584062968804,0.2666961386876189,0.2724772724922496
NC_002929.2,B. pertussis,Proteobacteria,60.06,TP,0,TP,0.09654678299347311,-0.0008923020805355009,0.0478272404564688
NC_002929.2,B. pertussis,Proteobacteria,60.06,FP,39,frag,0.013754273346189195,0.04557790262659296,0.029666087986391077
NC_002929.2,B. pertussis,Proteobacteria,60.06,FP,235,neighbor,0.15700632659992095,0.4530389157498355,0.3050226211748782
NC_002929.2,B. pertussis,Proteobacteria,60.06,FP,258,neighbor,0.06387404465918158,0.0016325419961951582,0.032753293327688365
NC_002929.2,B. pertussis,Proteobacteria,60.06,FP,39,frag,0.020455683327857816,-0.19794359676608692,-0.08874395671911454
NC_002929.2,B. pertussis,Proteobacteria,60.06,TP,0,TP,0.08293293767823164,-0.16846256795100842,-0.04276481513638839
NC_002929.2,B. pertussis,Proteobacteria,60.06,FP,108,neighbor,-0.11836051665015575,-0.42663393254558246,-0.2724972245978691
NC_002929.2,B. pertussis,Proteobacteria,60.06,TP,0,TP,0.17344144489852908,0.33842593815935373,0.2559336915289414
NC_002929.2,B. pertussis,Proteobacteria,60.06,FP,278,neighbor,0.12854238508067203,-0.09664220448497644,0.015950090297847795
NC_002929.2,B. pertussis,Proteobacteria,60.06,TP,0,TP,0.11402352582475454,-0.16214340329069898,-0.02405993873297222
NC_002929.2,B. pertussis,Proteobacteria,60.06,FP,441,intergenic,0.029147975900673608,0.0733744534744872,0.05126121468758041
NC_002929.2,B. pertussis,Proteobacteria,60.06,FP,222,neighbor,-0.11372642373802364,-0.43206023710469166,-0.27289333042135766
NC_002929.2,B. pertussis,Proteobacteria,60.06,TP,0,TP,0.04838523723337289,0.04532584447600598,0.04685554085468943
NC_002929.2,B. pertussis,Proteobacteria,60.06,FP,510,intergenic,0.0601594489480379,-0.06435404481804526,-0.0020972979350036766
NC_002929.2,B. pertussis,Proteobacteria,60.06,FP,129,neighbor,0.02503801419355914,-0.29262540424663114,-0.13379369502653599
NC_002929.2,B. pertussis,Proteobacteria,60.06,FP,105,neighbor,-0.0791131030008015,-0.139103871629883,-0.10910848731534226
NC_002929.2,B. pertussis,Proteobacteria,60.06,FP,54,frag,-0.14000627498722693,-0.5344263564573957,-0.3372163157223113
NC_002929.2,B. pertussis,Proteobacteria,60.06,FP,133,neighbor,-0.031010747294462248,-0.11700258398803812,-0.07400666564125018
NC_002929.2,B. pertussis,Proteobacteria,60.06,FP,20,near,0.23581940834731394,0.3820660587184911,0.3089427335329025
NC_002929.2,B. pertussis,Proteobacteria,60.06,FP,167,neighbor,0.11709868836917821,-0.2621729641497936,-0.07253713789030769
NC_002929.2,B. pertussis,Proteobacteria,60.06,TP,0,TP,-0.23531326281783554,-0.42424055010591033,-0.32977690646187297
NC_002929.2,B. pertussis,Proteobacteria,60.06,FP,24,near,0.1204212358781696,-0.11242322812977079,0.003999003874199401
NC_002929.2,B. pertussis,Proteobacteria,60.06,FP,90,frag,-0.03996576802097588,-0.05944727037573401,-0.04970651919835495
NC_002929.2,B. pertussis,Proteobacteria,60.06,TP,0,TP,0.04780238656166039,-0.031242560566109745,0.008279912997775321
NC_002929.2,B. pertussis,Proteobacteria,60.06,FP,642,intergenic,-0.02256879937491547,-0.199079305686832,-0.11082405253087373
NC_002929.2,B. pertussis,Proteobacteria,60.06,FP,151,neighbor,0.000906528960157497,-0.047679471238780025,-0.023386471139311263
NC_002929.2,B. pertussis,Proteobacteria,60.06,FP,346,intergenic,-0.04824004933948819,-0.21617438684001228,-0.13220721808975022
NC_002929.2,B. pertussis,Proteobacteria,60.06,FP,36,frag,-0.08461823513960169,-0.3389432218755594,-0.21178072850758056
NC_002929.2,B. pertussis,Proteobacteria,60.06,FP,215,neighbor,0.18690387345854967,0.29979726167442705,0.24335056756648837
NC_002929.2,B. pertussis,Proteobacteria,60.06,FP,69,frag,-0.05161681119094676,0.04646499285772308,-0.00257590916661184
NC_002929.2,B. pertussis,Proteobacteria,60.06,FP,30,frag,0.1965293493842135,0.08363634574316592,0.14008284756368972
NC_002929.2,B. pertussis,Proteobacteria,60.06,FP,411,intergenic,-0.056219218695072945,-0.3695087360102221,-0.21286397735264753
NC_002929.2,B. pertussis,Proteobacteria,60.06,FP,15,near,-0.1267523562506973,-0.34345810855875597,-0.23510523240472664
NC_002929.2,B. pertussis,Proteobacteria,60.06,FP,84,frag,-0.01981554589040968,-0.07130464785193454,-0.04556009687117211
NC_002929.2,B. pertussis,Proteobacteria,60.06,FP,138,neighbor,-0.07689426632633574,-0.27496104999750487,-0.1759276581619203
NC_002929.2,B. pertussis,Proteobacteria,60.06,FP,357,intergenic,-0.11758053408279825,-0.5834562657599832,-0.3505183999213907
NC_002929.2,B. pertussis,Proteobacteria,60.06,TP,0,TP,0.15229556009114967,0.22283061659414827,0.18756308834264895
NC_002929.2,B. pertussis,Proteobacteria,60.06,TP,2,TP,-0.1305076029817653,-0.4154133608819528,-0.27296048193185907
NC_002929.2,B. pertussis,Proteobacteria,60.06,FP,163,neighbor,-0.0707296689702441,-0.35318971996209003,-0.21195969446616708
NC_002929.2,B. pertussis,Proteobacteria,60.06,FP,72,frag,0.05238454626497339,0.06495790715093933,0.05867122670795635
NC_002929.2,B. pertussis,Proteobacteria,60.06,TP,0,TP,-0.1552465537042958,-0.2837698441311197,-0.21950819891770776
NC_002929.2,B. pertussis,Proteobacteria,60.06,TP,0,TP,0.0028228051508186526,0.06599391655370965,0.03440836085226415
NC_002929.2,B. pertussis,Proteobacteria,60.06,TP,0,TP,-0.14603572297226536,-0.4069531955715526,-0.27649445927190897
NC_002929.2,B. pertussis,Proteobacteria,60.06,FP,69,frag,0.08643612482533504,0.3217884069378826,0.2041122658816088
NC_002929.2,B. pertussis,Proteobacteria,60.06,TP,0,TP,-0.05999267440461509,-0.26520265798556153,-0.1625976661950883
NC_002929.2,B. pertussis,Proteobacteria,60.06,FP,114,neighbor,-0.11338216178631129,-0.46155439655293407,-0.2874682791696227
NC_002929.2,B. pertussis,Proteobacteria,60.06,FP,205,neighbor,-0.03605694796401361,-0.2829652705832423,-0.15951110927362794
NC_002929.2,B. pertussis,Proteobacteria,60.06,FP,15,near,-0.07519471566281884,-0.23009842032007058,-0.15264656799144471
NC_002929.2,B. pertussis,Proteobacteria,60.06,FP,48,frag,0.08148385282124598,0.16446084910486078,0.12297235096305338
NC_002929.2,B. pertussis,Proteobacteria,60.06,FP,471,intergenic,0.0052621894044518076,-0.012338951015696865,-0.0035383808056225286
NC_002929.2,B. pertussis,Proteobacteria,60.06,FP,57,frag,-0.190492837213034,-0.5556324605863736,-0.3730626488997038
NC_002929.2,B. pertussis,Proteobacteria,60.06,TP,0,TP,0.05690393735460001,0.0562007823771701,0.056552359865885055
NC_002929.2,B. pertussis,Proteobacteria,60.06,FP,410,intergenic,-0.0772951154151445,-0.5083122153290326,-0.2928036653720886
NC_002929.2,B. pertussis,Proteobacteria,60.06,FP,135,neighbor,-0.013927181856692054,-0.39303168516705966,-0.20347943351187586
NC_002929.2,B. pertussis,Proteobacteria,60.06,FP,105,neighbor,-0.09042384422450808,-0.2503563078430524,-0.17039007603378026
NC_002929.2,B. pertussis,Proteobacteria,60.06,FP,126,neighbor,-0.06152504179867293,-0.3245248866346763,-0.19302496421667462
NC_002929.2,B. pertussis,Proteobacteria,60.06,TP,0,TP,-0.062478927643955726,-0.3398850724376047,-0.2011820000407802
NC_002929.2,B. pertussis,Proteobacteria,60.06,FP,90,frag,-0.002864928895929353,-0.09593338864156067,-0.04939915876874501
NC_002929.2,B. pertussis,Proteobacteria,60.06,FP,234,neighbor,0.019072155213277615,-0.06693199233321963,-0.02392991855997101
NC_002929.2,B. pertussis,Proteobacteria,60.06,TP,0,TP,0.03526361521980874,-0.18533754603375172,-0.0750369654069715
NC_002929.2,B. pertussis,Proteobacteria,60.06,FP,264,neighbor,0.0331835385516797,-0.4295355183914218,-0.19817598991987104
NC_002929.2,B. pertussis,Proteobacteria,60.06,FP,92,frag,-0.02645037500860307,-0.4471938948315241,-0.2368221349200636
NC_002929.2,B. pertussis,Proteobacteria,60.06,FP,6,near,-0.06820196669178481,-0.2228846102337158,-0.1455432884627503
NC_002929.2,B. pertussis,Proteobacteria,60.06,FP,294,neighbor,0.05170095212935285,-0.08312281628707652,-0.015710932078861834
NC_002929.2,B. pertussis,Proteobacteria,60.06,FP,473,intergenic,0.02669139403007558,-0.03423722806163596,-0.0037729170157801903
NC_002929.2,B. pertussis,Proteobacteria,60.06,TP,0,TP,-0.033770830689628654,-0.17290614827217182,-0.10333848948090024
NC_002929.2,B. pertussis,Proteobacteria,60.06,FP,15,near,0.03726995931876308,-0.05773724798153097,-0.010233644331383948
NC_002929.2,B. pertussis,Proteobacteria,60.06,FP,143,neighbor,-0.09373509976725955,-0.5956737244403577,-0.34470441210380864
NC_002929.2,B. pertussis,Proteobacteria,60.06,FP,174,neighbor,-0.07337343577497582,-0.2705094903834187,-0.17194146307919728
NC_002929.2,B. pertussis,Proteobacteria,60.06,TP,0,TP,-0.08428269540240572,-0.3610671631604312,-0.22267492928141847
NC_002929.2,B. pertussis,Proteobacteria,60.06,FP,63,frag,0.027421067048684005,-0.5315674960145416,-0.2520732144829288
NC_002929.2,B. pertussis,Proteobacteria,60.06,FP,58,frag,-0.05019382229411728,-0.36675982764899545,-0.20847682497155637
NC_002929.2,B. pertussis,Proteobacteria,60.06,FP,424,intergenic,-0.10670019337694517,-0.2419879085643899,-0.17434405097066752
NC_002929.2,B. pertussis,Proteobacteria,60.06,FP,160,neighbor,0.09824715466900572,0.10504879443690882,0.10164797455295727
NC_002929.2,B. pertussis,Proteobacteria,60.06,FP,20,near,-0.08908586254960464,-0.3908292006989235,-0.2399575316242641
NC_002929.2,B. pertussis,Proteobacteria,60.06,FP,111,neighbor,0.03217064093533229,0.09395422876389645,0.06306243484961437
NC_002929.2,B. pertussis,Proteobacteria,60.06,FP,58,frag,-0.23994735572996764,-0.4188142455468018,-0.3293808006383847
NC_002929.2,B. pertussis,Proteobacteria,60.06,FP,120,neighbor,-0.03542125210532727,-0.5210208381573217,-0.2782210451313245
NC_002929.2,B. pertussis,Proteobacteria,60.06,TP,0,TP,0.17150873316090934,0.06742994903094938,0.11946934109592935
NC_002929.2,B. pertussis,Proteobacteria,60.06,TP,0,TP,-0.11836051665015575,-0.42663393254558246,-0.2724972245978691
NC_002929.2,B. pertussis,Proteobacteria,60.06,TP,3,TP,0.08926107279791633,0.03064270919568344,0.059951890996799886
NC_002929.2,B. pertussis,Proteobacteria,60.06,FP,60,frag,-0.1455312030516545,-0.4736272745782493,-0.3095792388149519
NC_002929.2,B. pertussis,Proteobacteria,60.06,FP,347,intergenic,-0.004674970487891509,-0.313530817146885,-0.15910289381738826
NC_002929.2,B. pertussis,Proteobacteria,60.06,FP,60,frag,-0.03189808336641349,-0.12170300129165454,-0.07680054232903402
NC_002929.2,B. pertussis,Proteobacteria,60.06,TP,0,TP,-0.07680933899988555,-0.36022294257421167,-0.21851614078704862
NC_002929.2,B. pertussis,Proteobacteria,60.06,TP,0,TP,0.034309256990666864,-0.06331266937344822,-0.014501706191390677
NC_002929.2,B. pertussis,Proteobacteria,60.06,FP,18,near,-0.0930325505493343,-0.5759889050125502,-0.33451072778094226
NC_002929.2,B. pertussis,Proteobacteria,60.06,TP,0,TP,-0.0626852246551439,-0.4796294709312413,-0.2711573477931926
NC_002929.2,B. pertussis,Proteobacteria,60.06,FP,119,neighbor,0.07845161257746534,-0.14519895011326084,-0.03337366876789775
NC_002929.2,B. pertussis,Proteobacteria,60.06,TP,0,TP,-0.08445820435158283,-0.3927222379030617,-0.23859022112732226
NC_002929.2,B. pertussis,Proteobacteria,60.06,FP,168,neighbor,-0.17081481711301502,-0.5365629215787727,-0.3536888693458939
NC_002929.2,B. pertussis,Proteobacteria,60.06,FP,139,neighbor,-0.11836051665015575,-0.42663393254558246,-0.2724972245978691
NC_002929.2,B. pertussis,Proteobacteria,60.06,FP,480,intergenic,0.09490751626231221,-0.12183698712764154,-0.013464735432664666
NC_002929.2,B. pertussis,Proteobacteria,60.06,TP,0,TP,-0.10263337107389744,-0.5739396012411901,-0.3382864861575438
NC_002929.2,B. pertussis,Proteobacteria,60.06,TP,0,TP,-0.03650110041685461,-0.292197353425825,-0.1643492269213398
NC_002929.2,B. pertussis,Proteobacteria,60.06,FP,237,neighbor,0.005726555171839228,-0.476706446787545,-0.23548994580785287
NC_002929.2,B. pertussis,Proteobacteria,60.06,FP,16,near,0.00868220061632788,-0.36853179860920876,-0.17992479899644043
NC_002929.2,B. pertussis,Proteobacteria,60.06,FP,210,neighbor,-0.046642142149166926,-0.21479827896600767,-0.1307202105575873
NC_002929.2,B. pertussis,Proteobacteria,60.06,TP,0,TP,-0.03010748172803067,-0.4958611972402679,-0.2629843394841493
NC_002929.2,B. pertussis,Proteobacteria,60.06,TP,0,TP,0.005116281607413242,-0.23645218392117756,-0.11566795115688216
NC_002929.2,B. pertussis,Proteobacteria,60.06,FP,21,near,-0.00026743773371601756,-0.26378108893830615,-0.13202426333601108
NC_002929.2,B. pertussis,Proteobacteria,60.06,FP,48,frag,-0.16686414188761062,-0.6951093145825503,-0.43098672823508044
NC_002929.2,B. pertussis,Proteobacteria,60.06,TP,0,TP,0.01069719561645807,-0.35672959145103605,-0.173016197917289
NC_002929.2,B. pertussis,Proteobacteria,60.06,TP,0,TP,0.04360824436107033,0.053008304084208646,0.04830827422263949
NC_002929.2,B. pertussis,Proteobacteria,60.06,FP,549,intergenic,0.06758940718985187,0.12019638266880364,0.09389289492932776
NC_002929.2,B. pertussis,Proteobacteria,60.06,FP,300,intergenic,0.0719383985152838,-0.018513675762348924,0.026712361376467438
NC_002929.2,B. pertussis,Proteobacteria,60.06,FP,72,frag,0.026005664377346468,-0.3294632992613458,-0.15172881744199967
NC_002929.2,B. pertussis,Proteobacteria,60.06,TP,0,TP,-0.014785094970955726,-0.1891971109050999,-0.10199110293802782
NC_002929.2,B. pertussis,Proteobacteria,60.06,TP,0,TP,-0.12884432347495314,-0.6295810593648966,-0.37921269141992486
NC_002929.2,B. pertussis,Proteobacteria,60.06,TP,0,TP,0.029241237336019545,0.1862152027574851,0.10772822004675232
NC_002929.2,B. pertussis,Proteobacteria,60.06,FP,21,near,0.16959160403319254,-0.12501769687595896,0.02228695357861679
NC_008818.1,Hyperthermus,Archaea,60.88,TP,0,TP,-0.007392763930858593,-0.09083988797406306,-0.04911632595246083
NC_008818.1,Hyperthermus,Archaea,60.88,TP,0,TP,-0.06094342181576451,-0.33686181141214816,-0.19890261661395633
NC_008818.1,Hyperthermus,Archaea,60.88,TP,0,TP,0.046454301505904044,0.18249618945598556,0.1144752454809448
NC_008818.1,Hyperthermus,Archaea,60.88,TP,0,TP,-0.01870516920359435,-0.1434410889101457,-0.08107312905687003
NC_008818.1,Hyperthermus,Archaea,60.88,TP,0,TP,-0.09907134711689901,-0.4477292411473357,-0.27340029413211736
NC_008818.1,Hyperthermus,Archaea,60.88,TP,0,TP,-0.10134634936392312,-0.3340413834537685,-0.2176938664088458
NC_008818.1,Hyperthermus,Archaea,60.88,TP,0,TP,-0.061230534866070246,-0.08211899700970164,-0.07167476593788594
NC_008818.1,Hyperthermus,Archaea,60.88,TP,0,TP,-0.036148292727982326,-0.40528508409433145,-0.22071668841115688
NC_008818.1,Hyperthermus,Archaea,60.88,TP,0,TP,0.10330962213783484,-0.013015952954307863,0.04514683459176349
NC_008818.1,Hyperthermus,Archaea,60.88,TP,0,TP,0.019542625599804353,-0.03098094321930489,-0.005719158809750269
NC_008818.1,Hyperthermus,Archaea,60.88,FP,98,frag,0.0001875947363146224,-0.09109119314275275,-0.04545179920321907
NC_008818.1,Hyperthermus,Archaea,60.88,TP,0,TP,-0.07131614033785638,-0.25543798186962263,-0.1633770611037395
NC_008818.1,Hyperthermus,Archaea,60.88,TP,0,TP,0.05946798244093164,-0.12099676718897712,-0.030764392374022738
NC_008818.1,Hyperthermus,Archaea,60.88,TP,0,TP,0.06043399282902016,-0.2418179681251921,-0.09069198764808598
NC_008818.1,Hyperthermus,Archaea,60.88,TP,0,TP,-0.0631137138412806,-0.5011632580681337,-0.28213848595470714
NC_008818.1,Hyperthermus,Archaea,60.88,FP,42,frag,-0.08893155116301396,-0.15543112932424918,-0.12218134024363157
NC_008818.1,Hyperthermus,Archaea,60.88,TP,0,TP,0.04737176240957434,0.11211888894709503,0.07974532567833469
NC_008818.1,Hyperthermus,Archaea,60.88,TP,0,TP,-0.008759528079374471,-0.16328054005218035,-0.0860200340657774
NC_008818.1,Hyperthermus,Archaea,60.88,TP,0,TP,-0.0797473969704761,-0.21727170829556713,-0.14850955263302162
NC_008818.1,Hyperthermus,Archaea,60.88,TP,0,TP,0.057761848137635026,-0.027436730313925038,0.015162558911854994
NC_008818.1,Hyperthermus,Archaea,60.88,TP,0,TP,-0.05706219497826339,-0.25701931281024815,-0.15704075389425576
NC_008818.1,Hyperthermus,Archaea,60.88,TP,0,TP,-0.030403550755694415,-0.14819130633760197,-0.0892974285466482
NC_008818.1,Hyperthermus,Archaea,60.88,TP,0,TP,-0.04310708002365734,-0.3445084816983332,-0.19380778086099526
NC_008818.1,Hyperthermus,Archaea,60.88,TP,0,TP,-0.030645726137106286,-0.21702014759104102,-0.12383293686407365
NC_008818.1,Hyperthermus,Archaea,60.88,TP,0,TP,-0.21939539816109482,-0.5666138151238655,-0.39300460664248016
NC_008818.1,Hyperthermus,Archaea,60.88,TP,0,TP,-0.14945325295690565,-0.17128029487444535,-0.1603667739156755
NC_008818.1,Hyperthermus,Archaea,60.88,TP,0,TP,-0.0409686579645772,-0.4141426993551967,-0.22755567865988696
NC_008818.1,Hyperthermus,Archaea,60.88,TP,0,TP,-0.18769241931490274,-0.43889282644761207,-0.3132926228812574
NC_008818.1,Hyperthermus,Archaea,60.88,TP,0,TP,-0.09894836926631664,-0.2884127878575029,-0.1936805785619098
NC_008818.1,Hyperthermus,Archaea,60.88,TP,0,TP,-0.011950949128404413,-0.2362297809683298,-0.12409036504836711
NC_008818.1,Hyperthermus,Archaea,60.88,TP,0,TP,-0.20513509883197165,-0.24499312698429704,-0.22506411290813433
NC_008818.1,Hyperthermus,Archaea,60.88,TP,0,TP,-0.0019240025127449675,-0.4374509394891192,-0.21968747100093208
NC_008818.1,Hyperthermus,Archaea,60.88,TP,0,TP,-0.05466575232700113,-0.20333612049041888,-0.12900093640871002
NC_008818.1,Hyperthermus,Archaea,60.88,TP,0,TP,-0.10298854993767155,-0.23083756202685848,-0.16691305598226502
NC_008818.1,Hyperthermus,Archaea,60.88,TP,0,TP,0.07809158516581695,0.013720194458027635,0.04590588981192229
NC_008818.1,Hyperthermus,Archaea,60.88,TP,0,TP,0.18053873803219295,0.2297260933568886,0.20513241569454077
NC_008818.1,Hyperthermus,Archaea,60.88,TP,0,TP,0.15429889421607848,0.21438262098009275,0.1843407575980856
NC_008818.1,Hyperthermus,Archaea,60.88,TP,0,TP,-0.014851573334529888,0.0032657200088863194,-0.005792926662821784
NC_008818.1,Hyperthermus,Archaea,60.88,TP,0,TP,-0.04234557263663514,-0.36106294761143404,-0.20170426012403458
NC_008818.1,Hyperthermus,Archaea,60.88,TP,0,TP,0.0883520090579085,-0.08463704237326083,0.001857483342323836
NC_008818.1,Hyperthermus,Archaea,60.88,TP,0,TP,-0.015602236260631723,-0.09221177450571787,-0.05390700538317479
NC_008818.1,Hyperthermus,Archaea,60.88,TP,0,TP,-0.12095963162463809,-0.34933816005633817,-0.23514889584048812
NC_008818.1,Hyperthermus,Archaea,60.88,TP,0,TP,0.021012581833394724,-0.16684320873902153,-0.07291531345281341
NC_008818.1,Hyperthermus,Archaea,60.88,TP,0,TP,-0.003041538427720762,-0.13341931609181898,-0.06823042725976987
NC_008818.1,Hyperthermus,Archaea,60.88,TP,0,TP,-0.20623980835821457,-0.5272600980871822,-0.3667499532226984
NC_008818.1,Hyperthermus,Archaea,60.88,TP,0,TP,0.012752633599907881,-0.2600572920173576,-0.12365232920872486
NC_008818.1,Hyperthermus,Archaea,60.88,TP,0,TP,0.11622979616517928,0.20294683747400413,0.1595883168195917
NC_008818.1,Hyperthermus,Archaea,60.88,TP,0,TP,-0.12932050885574262,-0.4283085606894389,-0.27881453477259077
NC_008818.1,Hyperthermus,Archaea,60.88,TP,0,TP,-0.049396018582197124,-0.2820192808604638,-0.16570764972133045
NC_008818.1,Hyperthermus,Archaea,60.88,TP,0,TP,-0.08648227244186918,-0.31416090461844987,-0.20032158853015952
NC_008818.1,Hyperthermus,Archaea,60.88,TP,0,TP,-0.01756468593424145,-0.19054593825800623,-0.10405531209612384
NC_008818.1,Hyperthermus,Archaea,60.88,TP,0,TP,0.03758971002159939,-0.11097753111976232,-0.036693910549081464
NC_008818.1,Hyperthermus,Archaea,60.88,TP,0,TP,0.025160129687223788,-0.2440821449266984,-0.10946100761973732
NC_008818.1,Hyperthermus,Archaea,60.88,FP,67,frag,0.0356388151471279,-0.23709118064379098,-0.10072618274833153
NC_008818.1,Hyperthermus,Archaea,60.88,TP,0,TP,-0.011458302976403444,-0.1306320768955068,-0.07104518993595511
NC_008818.1,Hyperthermus,Archaea,60.88,TP,0,TP,-0.026602191687081243,-0.2115554722358887,-0.11907883196148497
NC_008818.1,Hyperthermus,Archaea,60.88,TP,0,TP,-0.040464216421674595,-0.36067487058080944,-0.200569543501242
NC_008818.1,Hyperthermus,Archaea,60.88,TP,0,TP,0.037750422684571086,-0.16757188434105216,-0.06491073082824053
NC_008818.1,Hyperthermus,Archaea,60.88,TP,0,TP,-0.006238163373480651,-0.27519939681400346,-0.14071878009374206
NC_008818.1,Hyperthermus,Archaea,60.88,TP,0,TP,-0.039019869324870865,-0.3249213899956217,-0.1819706296602463
NC_008818.1,Hyperthermus,Archaea,60.88,TP,0,TP,0.023571932906262087,-0.17862798389355988,-0.0775280254936489
NC_008818.1,Hyperthermus,Archaea,60.88,FP,176,neighbor,0.007101751130261154,-0.1568826283448253,-0.07489043860728208
NC_008818.1,Hyperthermus,Archaea,60.88,FP,152,neighbor,-0.11018049135376487,-0.49340017925773055,-0.3017903353057477
NC_008818.1,Hyperthermus,Archaea,60.88,TP,0,TP,-0.06152401425172135,-0.09003974028940079,-0.07578187727056107
NC_008818.1,Hyperthermus,Archaea,60.88,TP,0,TP,-0.11636158698749147,-0.33688676977972776,-0.2266241783836096
NC_008818.1,Hyperthermus,Archaea,60.88,TP,0,TP,0.01229623660362454,-0.2698825031005079,-0.12879313324844166
NC_008818.1,Hyperthermus,Archaea,60.88,FP,499,intergenic,-0.10302247190138303,-0.6158134271104203,-0.35941794950590167
NC_008818.1,Hyperthermus,Archaea,60.88,TP,0,TP,-0.10116294591505266,-0.4041278652280795,-0.25264540557156606
NC_008818.1,Hyperthermus,Archaea,60.88,TP,0,TP,0.026626635640294914,-0.1518340917880252,-0.06260372807386515
NC_008818.1,Hyperthermus,Archaea,60.88,TP,0,TP,-0.028500900502213256,-0.3886893660613261,-0.20859513328176968
NC_008818.1,Hyperthermus,Archaea,60.88,TP,0,TP,0.044775576980384105,-0.2535831663657298,-0.10440379469267286
NC_008818.1,Hyperthermus,Archaea,60.88,TP,0,TP,-0.0507053090321854,-0.22031295182916963,-0.13550913043067753
NC_008818.1,Hyperthermus,Archaea,60.88,FP,104,neighbor,-0.0023943400155256238,-0.14925822362198177,-0.0758262818187537
NC_008818.1,Hyperthermus,Archaea,60.88,TP,0,TP,-0.046475489059207814,-0.27504074554142405,-0.16075811730031592
NC_008818.1,Hyperthermus,Archaea,60.88,TP,0,TP,0.10907713313315834,0.17120964699728133,0.14014339006521984
NC_008818.1,Hyperthermus,Archaea,60.88,TP,0,TP,-0.2551083854088631,-0.28886527855854494,-0.271986831983704
NC_008818.1,Hyperthermus,Archaea,60.88,TP,0,TP,0.03792434811411146,-0.03066192065274507,0.0036312137306831957
NC_008818.1,Hyperthermus,Archaea,60.88,TP,0,TP,0.014640288705474092,-0.06928374149801897,-0.02732172639627244
NC_008818.1,Hyperthermus,Archaea,60.88,TP,0,TP,0.022125259718967765,-0.1367891119606881,-0.05733192612086017
NC_008818.1,Hyperthermus,Archaea,60.88,TP,0,TP,-0.1804712994055649,-0.41237289284777107,-0.296422096126668
NC_008818.1,Hyperthermus,Archaea,60.88,TP,0,TP,-0.06528830491052204,-0.4411369480129693,-0.2532126264617457
NC_008818.1,Hyperthermus,Archaea,60.88,TP,0,TP,-0.04724721838036198,-0.2370611689861981,-0.14215419368328006
NC_008818.1,Hyperthermus,Archaea,60.88,TP,0,TP,-0.22542069851103672,-0.5672048034872631,-0.3963127509991499
NC_008818.1,Hyperthermus,Archaea,60.88,TP,0,TP,-0.11146270020590118,-0.46933563251091426,-0.29039916635840773
NC_008818.1,Hyperthermus,Archaea,60.88,TP,0,TP,-0.05220924862560779,-0.24567514549385833,-0.14894219705973305
NC_008818.1,Hyperthermus,Archaea,60.88,TP,0,TP,-0.10401797962022623,-0.28066756172931306,-0.19234277067476965
NC_008818.1,Hyperthermus,Archaea,60.88,TP,0,TP,0.002475842554528403,-0.18059743706328818,-0.08906079725437989
NC_008818.1,Hyperthermus,Archaea,60.88,TP,0,TP,0.028095836015929146,-0.02839549793828624,-0.00014983096117854658
NC_008818.1,Hyperthermus,Archaea,60.88,FP,86,frag,0.004977318824848235,-0.21919054869577154,-0.10710661493546166
NC_008818.1,Hyperthermus,Archaea,60.88,FP,78,frag,0.023436584822069523,-0.17377778975219088,-0.07517060246506067
NC_008818.1,Hyperthermus,Archaea,60.88,TP,0,TP,-0.02927095459530567,-0.19088843740655365,-0.11007969600092966
NC_008818.1,Hyperthermus,Archaea,60.88,FP,349,intergenic,-0.02744654405124649,-0.09900915802294889,-0.06322785103709769
NC_008818.1,Hyperthermus,Archaea,60.88,TP,0,TP,-0.11361752766083792,-0.180425698075274,-0.14702161286805596
NC_008818.1,Hyperthermus,Archaea,60.88,TP,0,TP,-0.3170645724215118,-0.5158676330486536,-0.41646610273508267
NC_008818.1,Hyperthermus,Archaea,60.88,TP,0,TP,-0.005193770899976613,-0.06570371381817068,-0.035448742359073644
NC_008818.1,Hyperthermus,Archaea,60.88,TP,0,TP,-0.055741104512991295,-0.06507477983393883,-0.06040794217346507
NC_008818.1,Hyperthermus,Archaea,60.88,TP,0,TP,-0.13734792321935813,-0.39103850661963835,-0.2641932149194982
NC_008818.1,Hyperthermus,Archaea,60.88,TP,0,TP,0.023186550015127712,-0.001133534089913013,0.01102650796260735
NC_008818.1,Hyperthermus,Archaea,60.88,TP,0,TP,-0.05713942580068002,-0.08430445653532175,-0.07072194116800089
NC_008818.1,Hyperthermus,Archaea,60.88,TP,0,TP,-0.1130820929901861,-0.33486619019703523,-0.22397414159361068
NC_008818.1,Hyperthermus,Archaea,60.88,TP,0,TP,-0.05013102484683832,-0.25213692295638807,-0.1511339739016132
NC_008818.1,Hyperthermus,Archaea,60.88,TP,0,TP,-0.05713588111116508,-0.4079195441760774,-0.23252771264362124
NC_008818.1,Hyperthermus,Archaea,60.88,TP,0,TP,-0.1714400689833878,-0.6421663681789888,-0.4068032185811883
NC_008818.1,Hyperthermus,Archaea,60.88,TP,0,TP,-0.006742353681870364,-0.16991092394401336,-0.08832663881294187
NC_008818.1,Hyperthermus,Archaea,60.88,TP,0,TP,-0.1017653542365134,-0.4588342894362931,-0.28029982183640323
NC_008818.1,Hyperthermus,Archaea,60.88,FP,384,intergenic,0.05740870401860055,-0.14582248004441212,-0.04420688801290579
NC_008818.1,Hyperthermus,Archaea,60.88,FP,2043,intergenic,-0.033091298577395394,-0.2106578382018604,-0.1218745683896279
NC_008818.1,Hyperthermus,Archaea,60.88,TP,0,TP,-0.12811552358853978,-0.5489017831812106,-0.33850865338487524
NC_008818.1,Hyperthermus,Archaea,60.88,TP,0,TP,-0.06625335095124758,-0.3407853718278034,-0.20351936138952548
NC_008818.1,Hyperthermus,Archaea,60.88,TP,0,TP,0.0019275365730962335,-0.1839234053521686,-0.09099793438953618
NC_008818.1,Hyperthermus,Archaea,60.88,TP,0,TP,0.02165705771183634,-0.24822949098100794,-0.1132862166345858
NC_008818.1,Hyperthermus,Archaea,60.88,TP,0,TP,-0.015355098030979283,-0.15645178676433388,-0.08590344239765658
NC_008818.1,Hyperthermus,Archaea,60.88,TP,0,TP,0.09730098213097473,0.0742893522850018,0.08579516720798827
NC_008818.1,Hyperthermus,Archaea,60.88,TP,0,TP,-0.09422975532560211,-0.2170014215314339,-0.155615588428518
NC_008818.1,Hyperthermus,Archaea,60.88,TP,0,TP,-0.1059953911064331,-0.2664488347685527,-0.1862221129374929
NC_008818.1,Hyperthermus,Archaea,60.88,TP,0,TP,0.04131261308649646,-0.28835808630506676,-0.12352273660928514
NC_008818.1,Hyperthermus,Archaea,60.88,TP,0,TP,-0.07024530895478638,-0.1892938177795777,-0.12976956336718204
NC_008818.1,Hyperthermus,Archaea,60.88,TP,0,TP,-0.07504978880580376,-0.08004577313261123,-0.0775477809692075
NC_008818.1,Hyperthermus,Archaea,60.88,TP,0,TP,0.15353630139346114,0.16684997781737537,0.16019313960541826
NC_008818.1,Hyperthermus,Archaea,60.88,TP,0,TP,-0.03061032622983196,-0.046437459231064085,-0.038523892730448026
NC_008818.1,Hyperthermus,Archaea,60.88,FP,306,intergenic,-0.010317777470899141,-0.16283909381715844,-0.0865784356440288
NC_008818.1,Hyperthermus,Archaea,60.88,TP,0,TP,-0.042505311611342,-0.2608090428183793,-0.15165717721486066
NC_008818.1,Hyperthermus,Archaea,60.88,FP,67,frag,-0.15720966033364595,-0.336788505256186,-0.24699908279491595
NC_008818.1,Hyperthermus,Archaea,60.88,FP,31,frag,0.06743546285226713,-0.05874945416743884,0.004343004342414147
NC_008818.1,Hyperthermus,Archaea,60.88,TP,0,TP,-0.08801869493264433,-0.2444853928229726,-0.16625204387780845
NC_008818.1,Hyperthermus,Archaea,60.88,TP,0,TP,0.0023822538169146886,-0.16821965597028737,-0.08291870107668635
NC_008818.1,Hyperthermus,Archaea,60.88,TP,0,TP,-0.05788839820929562,-0.21122784330197675,-0.1345581207556362
NC_008818.1,Hyperthermus,Archaea,60.88,FP,192,neighbor,0.10464022213308724,0.10300380557500474,0.10382201385404599
NC_008818.1,Hyperthermus,Archaea,60.88,FP,392,intergenic,0.06691051275902447,-0.029684139036749,0.018613186861137734
NC_008818.1,Hyperthermus,Archaea,60.88,TP,0,TP,-0.054531232010351025,-0.2765263956659908,-0.16552881383817092
NC_008818.1,Hyperthermus,Archaea,60.88,TP,0,TP,0.06139348326174883,-0.0998258892193448,-0.019216202978797982
NC_008818.1,Hyperthermus,Archaea,60.88,FP,226,neighbor,0.0841722614801777,-0.15855227838985897,-0.037190008454840634
NC_008818.1,Hyperthermus,Archaea,60.88,TP,0,TP,-0.0017892005532300934,-0.20644354131454676,-0.10411637093388842
NC_008818.1,Hyperthermus,Archaea,60.88,TP,0,TP,-0.09217351704553281,-0.36998180549385606,-0.23107766126969442
NC_008818.1,Hyperthermus,Archaea,60.88,TP,0,TP,-0.0340266297016818,-0.21151206318682156,-0.12276934644425168
NC_008818.1,Hyperthermus,Archaea,60.88,TP,0,TP,0.02765539636664253,0.02176767418375434,0.024711535275198433
NC_008818.1,Hyperthermus,Archaea,60.88,TP,0,TP,0.026069481351463728,0.011489163307879125,0.018779322329671427
NC_008818.1,Hyperthermus,Archaea,60.88,TP,0,TP,-0.0373672348201256,-0.28784160412836357,-0.1626044194742446
NC_008818.1,Hyperthermus,Archaea,60.88,FP,464,intergenic,-0.021985616564116604,-0.13071788615391994,-0.07635175135901827
NC_008818.1,Hyperthermus,Archaea,60.88,TP,0,TP,-0.10010158698091516,-0.457602761391027,-0.2788521741859711
NC_008818.1,Hyperthermus,Archaea,60.88,TP,0,TP,-0.11693188284090776,-0.2913871955746302,-0.204159539207769
NC_008818.1,Hyperthermus,Archaea,60.88,TP,0,TP,-0.1442885805685639,-0.38043599867931943,-0.26236228962394165
NC_008818.1,Hyperthermus,Archaea,60.88,TP,0,TP,-0.11772564332824681,-0.3685514497769248,-0.2431385465525858
NC_008818.1,Hyperthermus,Archaea,60.88,TP,0,TP,-0.014438338860039816,-0.1492050285771164,-0.0818216837185781
NC_008818.1,Hyperthermus,Archaea,60.88,FP,319,intergenic,-0.02834758122294474,-0.18642493628317566,-0.1073862587530602
NC_008818.1,Hyperthermus,Archaea,60.88,TP,0,TP,-0.1034722280070343,-0.4226500645219133,-0.2630611462644738
NC_008818.1,Hyperthermus,Archaea,60.88,TP,0,TP,-0.10404284866893386,-0.24055031086740186,-0.17229657976816787
NC_008818.1,Hyperthermus,Archaea,60.88,FP,154,neighbor,0.010845832199294374,0.11086726946298739,0.06085655083114088
NC_008818.1,Hyperthermus,Archaea,60.88,TP,0,TP,-0.010537457670193363,-0.44847537339988436,-0.22950641553503887
NC_008818.1,Hyperthermus,Archaea,60.88,TP,0,TP,-0.027746581483852138,-0.21288773605006456,-0.12031715876695835
NC_008818.1,Hyperthermus,Archaea,60.88,TP,0,TP,0.16250404663387197,0.12830603025433832,0.14540503844410513
NC_008818.1,Hyperthermus,Archaea,60.88,TP,0,TP,-0.010486642207501973,-0.12924685202199768,-0.06986674711474983
NC_008818.1,Hyperthermus,Archaea,60.88,TP,0,TP,-0.025413462404080652,-0.09677563884366265,-0.06109455062387165
NC_008818.1,Hyperthermus,Archaea,60.88,TP,0,TP,-0.10309441517547906,-0.17852052261729412,-0.1408074688963866
NC_008818.1,Hyperthermus,Archaea,60.88,TP,0,TP,-0.07547087144306583,-0.42134012414989075,-0.2484054977964783
NC_008818.1,Hyperthermus,Archaea,60.88,TP,0,TP,0.01071394168084557,-0.12969579805641301,-0.059490928187783725
NC_008818.1,Hyperthermus,Archaea,60.88,TP,0,TP,-0.11038577313665669,-0.3442655360956429,-0.2273256546161498
NC_008818.1,Hyperthermus,Archaea,60.88,FP,455,intergenic,-0.0468742373702059,-0.2322829594925558,-0.13957859843138085
NC_008818.1,Hyperthermus,Archaea,60.88,TP,0,TP,0.04693214878112618,-0.2059797239090706,-0.07952378756397221
NC_008818.1,Hyperthermus,Archaea,60.88,TP,0,TP,0.12794407669871977,0.21537644126198074,0.17166025898035026
NC_008818.1,Hyperthermus,Archaea,60.88,FP,60,frag,-0.12328030528647697,-0.13114119071443966,-0.1272107480004583
NC_008818.1,Hyperthermus,Archaea,60.88,TP,0,TP,0.0950817115936637,0.012705318991643821,0.05389351529265376
NC_008818.1,Hyperthermus,Archaea,60.88,TP,0,TP,-0.12893025201953942,-0.28381187312683454,-0.206371062573187
NC_008818.1,Hyperthermus,Archaea,60.88,TP,0,TP,0.05330737747005827,-0.14663590591544917,-0.04666426422269545
NC_008818.1,Hyperthermus,Archaea,60.88,TP,0,TP,0.09539595664207402,0.02891578838214883,0.062155872512111424
NC_008818.1,Hyperthermus,Archaea,60.88,TP,0,TP,-0.020921060214523144,-0.16710044084993,-0.09401075053222657
NC_008818.1,Hyperthermus,Archaea,60.88,TP,0,TP,-0.027288169431971217,-0.1825952596065008,-0.104941714519236
NC_008818.1,Hyperthermus,Archaea,60.88,FP,133,neighbor,0.023054767355864668,-0.1426729594676573,-0.05980909605589631
NC_008818.1,Hyperthermus,Archaea,60.88,TP,0,TP,-0.15888903282799732,-0.3687219375476289,-0.2638054851878131
NC_008818.1,Hyperthermus,Archaea,60.88,TP,0,TP,-0.04224113759167783,-0.12986528115120208,-0.08605320937143995
NC_008818.1,Hyperthermus,Archaea,60.88,TP,0,TP,-0.1607789242991719,-0.5061844332736072,-0.33348167878638957
NC_008818.1,Hyperthermus,Archaea,60.88,TP,0,TP,-0.016392304691655587,-0.17608588517566162,-0.0962390949336586
NC_008818.1,Hyperthermus,Archaea,60.88,TP,0,TP,-0.038499303916973086,-0.24250148632716276,-0.1405003951220679
NC_008818.1,Hyperthermus,Archaea,60.88,TP,0,TP,-0.13032572147563806,-0.2810866698194303,-0.20570619564753417
NC_008818.1,Hyperthermus,Archaea,60.88,FP,148,neighbor,-0.02097768520937843,-0.21645987098793426,-0.11871877809865634
NC_008818.1,Hyperthermus,Archaea,60.88,TP,0,TP,0.045672089588144615,-0.1440605554147794,-0.0491942329133174
NC_008818.1,Hyperthermus,Archaea,60.88,TP,0,TP,-0.07010964090269264,-0.17067368159248772,-0.12039166124759018
NC_008818.1,Hyperthermus,Archaea,60.88,TP,0,TP,-0.006633769326000068,-0.2577428448793576,-0.13218830710267884
NC_008818.1,Hyperthermus,Archaea,60.88,TP,0,TP,0.06813625288505562,-0.1374693328145149,-0.03466653996472964
NC_008818.1,Hyperthermus,Archaea,60.88,TP,0,TP,-0.03112889437426579,-0.05826420009627,-0.04469654723526789
NC_008818.1,Hyperthermus,Archaea,60.88,TP,0,TP,-0.21362977379851125,-0.411986622020369,-0.31280819790944014
NC_008818.1,Hyperthermus,Archaea,60.88,TP,0,TP,-0.05813067527668636,-0.23191103335818325,-0.1450208543174348
NC_008818.1,Hyperthermus,Archaea,60.88,TP,0,TP,-0.06251238002910403,-0.4210407118569428,-0.24177654594302342
NC_008818.1,Hyperthermus,Archaea,60.88,TP,0,TP,-0.06697425852034418,-0.3090122645137079,-0.18799326151702603
NC_008818.1,Hyperthermus,Archaea,60.88,TP,0,TP,-0.08624403848107202,0.13305173706449266,0.02340384929171032
NC_008818.1,Hyperthermus,Archaea,60.88,TP,0,TP,-0.002765799702952639,-0.19599277017539266,-0.09937928493917264
NC_008818.1,Hyperthermus,Archaea,60.88,TP,0,TP,-0.1291594142281305,-0.23750516518140047,-0.18333228970476548
NC_008818.1,Hyperthermus,Archaea,60.88,FP,256,neighbor,-0.23225541629236185,-0.5264682347588447,-0.37936182552560327
NC_008818.1,Hyperthermus,Archaea,60.88,FP,59,frag,-0.08931985130299533,-0.24294792978474788,-0.16613389054387162
NC_008818.1,Hyperthermus,Archaea,60.88,TP,0,TP,-0.144344087919666,-0.30341900948244527,-0.22388154870105564
NC_008818.1,Hyperthermus,Archaea,60.88,TP,0,TP,-0.1979076204571882,-0.5624795365436064,-0.3801935785003973
NC_008818.1,Hyperthermus,Archaea,60.88,TP,0,TP,-0.03545138154894285,-0.2766666573571612,-0.15605901945305203
NC_008818.1,Hyperthermus,Archaea,60.88,TP,0,TP,0.013185310637179981,-0.21380034330999323,-0.10030751633640662
NC_008818.1,Hyperthermus,Archaea,60.88,TP,0,TP,-0.026168236183882244,-0.17510660798454508,-0.10063742208421367
NC_008818.1,Hyperthermus,Archaea,60.88,TP,0,TP,-0.02641615598380914,-0.08556017227664015,-0.055988164130224644
NC_008818.1,Hyperthermus,Archaea,60.88,TP,0,TP,-0.04386265337517159,-0.2885068529977467,-0.16618475318645914
NC_008818.1,Hyperthermus,Archaea,60.88,TP,0,TP,-0.16800402288679545,-0.4000696245658936,-0.28403682372634453
NC_008818.1,Hyperthermus,Archaea,60.88,TP,0,TP,-0.23763460064392822,-0.4993040952255086,-0.3684693479347184
NC_008818.1,Hyperthermus,Archaea,60.88,TP,0,TP,-0.006945014257622261,-0.21473251156282275,-0.1108387629102225
NC_008818.1,Hyperthermus,Archaea,60.88,FP,2831,intergenic,0.13152824081694375,0.01835588764733842,0.07494206423214109
NC_008818.1,Hyperthermus,Archaea,60.88,TP,0,TP,0.004837282878002943,-0.16421207857147024,-0.07968739784673365
NC_008818.1,Hyperthermus,Archaea,60.88,TP,0,TP,-0.09322394420081845,-0.3420399945637378,-0.21763196938227813
NC_008818.1,Hyperthermus,Archaea,60.88,TP,0,TP,-0.09406290807608121,-0.23375648942375732,-0.16390969874991926
NC_008818.1,Hyperthermus,Archaea,60.88,TP,0,TP,-0.14897058633162744,-0.3748094916464872,-0.2618900389890573
NC_008818.1,Hyperthermus,Archaea,60.88,TP,0,TP,-0.007121000828053307,-0.3868934824990383,-0.1970072416635458
NC_008818.1,Hyperthermus,Archaea,60.88,TP,0,TP,-0.05007089664272068,-0.15870694676905614,-0.10438892170588841
NC_008818.1,Hyperthermus,Archaea,60.88,TP,0,TP,-0.05597807164995932,-0.10434567019631516,-0.08016187092313724
NC_008818.1,Hyperthermus,Archaea,60.88,TP,0,TP,0.06079079149404407,0.005979384323034509,0.03338508790853929
NC_008818.1,Hyperthermus,Archaea,60.88,TP,0,TP,0.03367295124614647,-0.08376748148923382,-0.025047265121543677
NC_008818.1,Hyperthermus,Archaea,60.88,TP,0,TP,0.2116926696937038,0.14751704009282846,0.1796048548932661
NC_008818.1,Hyperthermus,Archaea,60.88,TP,0,TP,-0.048734434962209625,-0.34877682360252604,-0.19875562928236784
NC_008818.1,Hyperthermus,Archaea,60.88,FP,95,frag,0.025655209585587122,-0.12581776154436497,-0.050081275979388926
NC_008818.1,Hyperthermus,Archaea,60.88,TP,0,TP,-0.05337300003566223,-0.17918072279769603,-0.11627686141667913
NC_008818.1,Hyperthermus,Archaea,60.88,TP,0,TP,0.04349977804060548,-0.075462789297017,-0.015981505628205758
NC_008818.1,Hyperthermus,Archaea,60.88,TP,0,TP,-0.03454979065149857,-0.030380987121725413,-0.03246538888661199
NC_008818.1,Hyperthermus,Archaea,60.88,TP,0,TP,0.09806963369719195,0.22439584846754101,0.1612327410823665
NC_008818.1,Hyperthermus,Archaea,60.88,TP,0,TP,-0.09540817500565997,-0.34187250020871146,-0.2186403376071857
NC_008818.1,Hyperthermus,Archaea,60.88,TP,0,TP,0.006444765694227072,-0.2005679934224034,-0.09706161386408815
NC_008818.1,Hyperthermus,Archaea,60.88,FP,85,frag,0.029752146657142712,-0.28669336046941896,-0.12847060690613812
NC_008818.1,Hyperthermus,Archaea,60.88,TP,0,TP,-0.002398406687637807,-0.1261839865680315,-0.06429119662783465
NC_008818.1,Hyperthermus,Archaea,60.88,TP,0,TP,-0.2179005392846257,-0.6229990739352835,-0.4204498066099546
NC_008818.1,Hyperthermus,Archaea,60.88,TP,0,TP,0.01857822210371912,-0.09667546973686428,-0.03904862381657258
NC_008818.1,Hyperthermus,Archaea,60.88,TP,0,TP,-0.020872826787204465,-0.13963208984562386,-0.08025245831641417
NC_008818.1,Hyperthermus,Archaea,60.88,TP,0,TP,-0.16101270087582029,-0.3801059710682189,-0.2705593359720196
NC_008818.1,Hyperthermus,Archaea,60.88,TP,0,TP,-0.00274228971596339,-0.13208486831446747,-0.06741357901521543
NC_008818.1,Hyperthermus,Archaea,60.88,TP,0,TP,-0.07828424930249464,-0.39652967242452847,-0.23740696086351154
NC_008818.1,Hyperthermus,Archaea,60.88,TP,0,TP,-0.07600301637171399,-0.4383579236538623,-0.25718047001278815
NC_008818.1,Hyperthermus,Archaea,60.88,TP,0,TP,-0.037938988590204066,-0.13714515405693603,-0.08754207132357004
NC_008818.1,Hyperthermus,Archaea,60.88,TP,0,TP,-0.03552130838139884,-0.48477212016219584,-0.26014671427179736
NC_008818.1,Hyperthermus,Archaea,60.88,TP,0,TP,-0.10016576723157418,-0.44533674387076444,-0.2727512555511693
NC_008818.1,Hyperthermus,Archaea,60.88,TP,0,TP,-0.12075023978299555,-0.3573494685481357,-0.23904985416556562
NC_008818.1,Hyperthermus,Archaea,60.88,TP,0,TP,-0.010161625844220623,-0.18609988870453478,-0.0981307572743777
NC_008818.1,Hyperthermus,Archaea,60.88,TP,0,TP,0.025523429499662124,-0.35997908080710345,-0.16722782565372066
NC_008818.1,Hyperthermus,Archaea,60.88,FP,2883,intergenic,0.020059584305048853,-0.16446288260903827,-0.0722016491519947
NC_008818.1,Hyperthermus,Archaea,60.88,TP,0,TP,-0.16447323703780986,-0.3397938045728047,-0.25213352080530727
NC_008818.1,Hyperthermus,Archaea,60.88,FP,1480,intergenic,-0.10337305254770897,-0.34251449466740524,-0.2229437736075571
NC_008818.1,Hyperthermus,Archaea,60.88,TP,0,TP,-0.020177513773802027,-0.18387325700482435,-0.10202538538931319
NC_008818.1,Hyperthermus,Archaea,60.88,TP,0,TP,-0.012203950283270851,-0.13619688333025265,-0.07420041680676175
NC_008818.1,Hyperthermus,Archaea,60.88,TP,0,TP,0.03608399993057958,-0.26864708045651253,-0.11628154026296647
NC_008818.1,Hyperthermus,Archaea,60.88,TP,0,TP,0.0138846265504732,-0.10624623050636259,-0.04618080197794469
NC_008818.1,Hyperthermus,Archaea,60.88,TP,0,TP,-0.003289862648653023,-0.12300004759117371,-0.06314495511991336
NC_008818.1,Hyperthermus,Archaea,60.88,FP,349,intergenic,-0.08724830501471624,-0.2187566782100646,-0.1530024916123904
NC_008818.1,Hyperthermus,Archaea,60.88,TP,0,TP,-0.09006512842166572,-0.23082170451947662,-0.16044341647057117
NC_008818.1,Hyperthermus,Archaea,60.88,TP,0,TP,0.23304609851501917,0.22599369099460276,0.22951989475481097
NC_008818.1,Hyperthermus,Archaea,60.88,TP,0,TP,0.01317327110042991,-0.007131455400499221,0.0030209078499653444
NC_008818.1,Hyperthermus,Archaea,60.88,TP,0,TP,-0.1627909664115568,-0.6275245640614038,-0.3951577652364803
NC_008818.1,Hyperthermus,Archaea,60.88,TP,0,TP,-0.17967926392148498,-0.6211732671664911,-0.4004262655439881
NC_008818.1,Hyperthermus,Archaea,60.88,TP,0,TP,-0.03181253472491789,-0.2560798636351997,-0.1439461991800588
NC_008818.1,Hyperthermus,Archaea,60.88,TP,0,TP,-0.049716704562489396,-0.31107672291505895,-0.18039671373877417
NC_008818.1,Hyperthermus,Archaea,60.88,TP,0,TP,0.019097195498496214,0.03208126942035534,0.02558923245942578
NC_008818.1,Hyperthermus,Archaea,60.88,TP,0,TP,-0.07098531374989606,-0.30762394998618064,-0.18930463186803836
NC_008818.1,Hyperthermus,Archaea,60.88,TP,0,TP,0.032104714941403024,-0.25559622776508417,-0.11174575641184058
NC_008818.1,Hyperthermus,Archaea,60.88,TP,0,TP,-0.21920896805374948,-0.5655788990559862,-0.39239393355486785
NC_008818.1,Hyperthermus,Archaea,60.88,TP,0,TP,-0.05575496214137535,-0.33435600715969116,-0.19505548465053324
NC_008818.1,Hyperthermus,Archaea,60.88,TP,0,TP,-0.12432788475555535,-0.4641022768893997,-0.29421508082247755
NC_008818.1,Hyperthermus,Archaea,60.88,TP,0,TP,-0.0721682354206268,-0.2471689959921896,-0.1596686157064082
NC_008818.1,Hyperthermus,Archaea,60.88,TP,0,TP,-0.04865939702866129,-0.24385763085454712,-0.14625851394160422
NC_008818.1,Hyperthermus,Archaea,60.88,TP,0,TP,0.0016899056066264962,-0.2914639787136707,-0.14488703655352209
NC_008818.1,Hyperthermus,Archaea,60.88,TP,0,TP,-0.12637663630608387,-0.2957724212683928,-0.21107452878723834
NC_008818.1,Hyperthermus,Archaea,60.88,TP,0,TP,-0.21171577860355556,-0.4407816779678093,-0.3262487282856824
NC_008818.1,Hyperthermus,Archaea,60.88,TP,0,TP,-0.0710351005920567,-0.4061734676700553,-0.238604284131056
NC_008818.1,Hyperthermus,Archaea,60.88,TP,0,TP,0.0351495577146963,-0.07854526141426561,-0.021697851849784656
NC_008818.1,Hyperthermus,Archaea,60.88,TP,0,TP,-0.062097998288129945,-0.2261793164388898,-0.14413865736350986
NC_008818.1,Hyperthermus,Archaea,60.88,TP,0,TP,-0.05244216439191831,-0.32543375992421486,-0.18893796215806657
NC_008818.1,Hyperthermus,Archaea,60.88,TP,0,TP,-0.07365278820740073,-0.1600246972428586,-0.11683874272512966
NC_008818.1,Hyperthermus,Archaea,60.88,TP,0,TP,-0.039382296053873014,-0.20558124119534824,-0.12248176862461063
NC_008818.1,Hyperthermus,Archaea,60.88,TP,0,TP,0.01511649202211179,-0.23671197312594003,-0.11079774055191412
NC_008818.1,Hyperthermus,Archaea,60.88,TP,0,TP,-0.09103755975525943,-0.3744230256121369,-0.23273029268369816
NC_008818.1,Hyperthermus,Archaea,60.88,TP,0,TP,-0.0051524902973857445,-0.19845129197871003,-0.10180189113804788
NC_008818.1,Hyperthermus,Archaea,60.88,TP,0,TP,-0.093168015057829,-0.2616933626137836,-0.17743068883580632
NC_008818.1,Hyperthermus,Archaea,60.88,FP,49,frag,0.0022232007279306743,-0.32453982377814866,-0.16115831152510898
NC_008818.1,Hyperthermus,Archaea,60.88,TP,0,TP,-0.04975564145440122,-0.2718792178668387,-0.16081742966061996
NC_008818.1,Hyperthermus,Archaea,60.88,TP,0,TP,-0.21701480619494262,-0.7128908249842638,-0.4649528155896032
NC_008818.1,Hyperthermus,Archaea,60.88,FP,512,intergenic,0.11083145168099667,0.12067608897753886,0.11575377032926776
NC_008818.1,Hyperthermus,Archaea,60.88,TP,0,TP,0.014338150123353207,-0.27358861044381655,-0.12962523016023167
NC_008818.1,Hyperthermus,Archaea,60.88,TP,0,TP,0.03744456798291817,-0.03623068583011104,0.0006069410764035638
NC_008818.1,Hyperthermus,Archaea,60.88,TP,0,TP,-0.12110888296065264,-0.2203587029587247,-0.17073379295968866
NC_008818.1,Hyperthermus,Archaea,60.88,TP,0,TP,-0.2824926179101134,-0.6819215174365432,-0.48220706767332827
NC_008818.1,Hyperthermus,Archaea,60.88,TP,0,TP,-0.013956549350612827,0.03357665213699974,0.009810051393193457
NC_008818.1,Hyperthermus,Archaea,60.88,TP,0,TP,0.19512814612897766,0.26426492310751754,0.2296965346182476
NC_008818.1,Hyperthermus,Archaea,60.88,TP,0,TP,0.11762861137190915,0.15623588404265262,0.13693224770728088
NC_008818.1,Hyperthermus,Archaea,60.88,TP,0,TP,0.005939460623772656,-0.21167613181675976,-0.10286833559649355
NC_008818.1,Hyperthermus,Archaea,60.88,TP,0,TP,0.01997915801857578,-0.17943513867384198,-0.0797279903276331
NC_008818.1,Hyperthermus,Archaea,60.88,TP,0,TP,-0.14940478124738946,-0.32383407275706444,-0.23661942700222693
NC_008818.1,Hyperthermus,Archaea,60.88,TP,0,TP,-0.18774100886937126,-0.22220803881070167,-0.20497452384003645
NC_008818.1,Hyperthermus,Archaea,60.88,FP,160,neighbor,0.02245232812905158,-0.13856567994101782,-0.05805667590598312
NC_008818.1,Hyperthermus,Archaea,60.88,TP,0,TP,-0.024891803518710513,-0.06440533528624784,-0.044648569402479174
NC_008818.1,Hyperthermus,Archaea,60.88,TP,0,TP,0.05403458784657289,-0.10628353829647139,-0.026124475224949248
NC_008818.1,Hyperthermus,Archaea,60.88,TP,0,TP,-0.009692935134010601,-0.25374147520031587,-0.13171720516716323
NC_008818.1,Hyperthermus,Archaea,60.88,TP,0,TP,-0.01588214783698637,-0.2947204066917003,-0.15530127726434334
NC_008818.1,Hyperthermus,Archaea,60.88,FP,1061,intergenic,0.06433467219046207,-0.25287698762736427,-0.0942711577184511
NC_008818.1,Hyperthermus,Archaea,60.88,FP,63,frag,0.031603979568211336,-0.23176741776603435,-0.1000817190989115
NC_008818.1,Hyperthermus,Archaea,60.88,TP,0,TP,-0.11745388809380894,-0.48168422018092016,-0.29956905413736457
NC_008818.1,Hyperthermus,Archaea,60.88,TP,0,TP,-0.0907167375534146,-0.4708918710494494,-0.280804304301432
NC_008818.1,Hyperthermus,Archaea,60.88,FP,54,frag,0.0358187134921387,-0.16327941533788817,-0.06373035092287474
NC_008818.1,Hyperthermus,Archaea,60.88,TP,0,TP,-0.061123242092353064,-0.2274892218111532,-0.14430623195175313
NC_008818.1,Hyperthermus,Archaea,60.88,FP,334,intergenic,-0.1441777652889357,-0.5126653013644535,-0.3284215333266946
NC_008818.1,Hyperthermus,Archaea,60.88,TP,0,TP,-0.22677688271915056,-0.7468807473847676,-0.4868288150519591
NC_008818.1,Hyperthermus,Archaea,60.88,TP,0,TP,-0.1926842000257139,-0.4199117708056498,-0.3062979854156819
NC_008818.1,Hyperthermus,Archaea,60.88,TP,0,TP,0.010802173429654024,-0.07698045046467143,-0.03308913851750871
NC_008818.1,Hyperthermus,Archaea,60.88,TP,0,TP,-0.06933522051919425,-0.1338032406142169,-0.10156923056670557
NC_008818.1,Hyperthermus,Archaea,60.88,TP,0,TP,0.09549183785720672,0.04493113002859204,0.07021148394289937
NC_008818.1,Hyperthermus,Archaea,60.88,FP,33,frag,-0.10315784901270438,-0.5045929278799719,-0.30387538844633816
NC_008818.1,Hyperthermus,Archaea,60.88,TP,0,TP,0.06652715849008407,0.12922238845263861,0.09787477347136134
NC_008818.1,Hyperthermus,Archaea,60.88,TP,0,TP,-0.042377868441622724,-0.1882764377370499,-0.11532715308933632
NC_008818.1,Hyperthermus,Archaea,60.88,TP,0,TP,-0.007712803537760967,0.038440871280576515,0.015364033871407775
NC_008818.1,Hyperthermus,Archaea,60.88,TP,0,TP,-0.00992796202337421,0.0066714414981703385,-0.0016282602626019362
NC_008818.1,Hyperthermus,Archaea,60.88,TP,0,TP,0.0930938336841687,0.2860641125463218,0.18957897311524524
NC_008818.1,Hyperthermus,Archaea,60.88,FP,391,intergenic,-0.013716744593599846,-0.35308340771796837,-0.1834000761557841
NC_008818.1,Hyperthermus,Archaea,60.88,TP,0,TP,-0.029469862129319797,-0.44593344589332773,-0.23770165401132376
NC_008818.1,Hyperthermus,Archaea,60.88,TP,0,TP,0.006693235481028618,0.0005790324523935908,0.003636133966711104
NC_008818.1,Hyperthermus,Archaea,60.88,TP,0,TP,-0.09249026058243714,-0.3282875180601884,-0.21038888932131278
NC_008818.1,Hyperthermus,Archaea,60.88,TP,0,TP,-0.02001634559618187,-0.1519167589744285,-0.08596655228530518
NC_008818.1,Hyperthermus,Archaea,60.88,FP,57,frag,-0.06360052555871884,-0.355369229015723,-0.20948487728722093
NC_008818.1,Hyperthermus,Archaea,60.88,FP,60,frag,0.03203002728855111,-0.2894872536710871,-0.128728613191268
NC_008818.1,Hyperthermus,Archaea,60.88,TP,0,TP,-0.0740534620745514,-0.2508733066744142,-0.1624633843744828
NC_008818.1,Hyperthermus,Archaea,60.88,TP,0,TP,-0.045875125252034125,-0.18034118443888972,-0.11310815484546193
NC_008818.1,Hyperthermus,Archaea,60.88,FP,33,frag,0.019981911625526056,-0.0038515189770919277,0.008065196324217065
NC_008818.1,Hyperthermus,Archaea,60.88,TP,0,TP,-0.03703619497026646,-0.15042105694932104,-0.09372862595979375
NC_008818.1,Hyperthermus,Archaea,60.88,TP,0,TP,-0.06732601169243917,-0.2956255985412639,-0.18147580511685155
NC_008818.1,Hyperthermus,Archaea,60.88,TP,0,TP,0.052795659562795784,-0.06153085782731864,-0.004367599132261427
NC_008818.1,Hyperthermus,Archaea,60.88,FP,78,frag,0.00352727771002795,-0.1127005765408633,-0.05458664941541767
NC_008818.1,Hyperthermus,Archaea,60.88,TP,0,TP,-0.00511448702160493,-0.06012386389079651,-0.03261917545620072
NC_008818.1,Hyperthermus,Archaea,60.88,TP,0,TP,0.020549234688086435,0.046331968813585436,0.033440601750835935
NC_008818.1,Hyperthermus,Archaea,60.88,TP,0,TP,-0.017583223602723543,-0.1851480819126202,-0.10136565275767187
NC_008818.1,Hyperthermus,Archaea,60.88,TP,0,TP,0.0847127706912983,-0.09246096566093912,-0.003874097484820406
NC_008818.1,Hyperthermus,Archaea,60.88,TP,0,TP,0.0424742178418974,-0.07296530975175627,-0.015245545954929437
NC_008818.1,Hyperthermus,Archaea,60.88,TP,0,TP,0.01903795120889692,-0.10861114438864021,-0.04478659658987164
NC_008818.1,Hyperthermus,Archaea,60.88,FP,24,near,-0.13263251153168673,-0.2399719269872868,-0.18630221925948676
NC_008818.1,Hyperthermus,Archaea,60.88,TP,0,TP,-0.03667479919470225,-0.12089249832344891,-0.07878364875907558
NC_008818.1,Hyperthermus,Archaea,60.88,TP,0,TP,0.012387371114941223,-0.08492136376251339,-0.036266996323786084
NC_008818.1,Hyperthermus,Archaea,60.88,TP,0,TP,-0.12389936270098971,-0.3948694979472343,-0.259384430324112
NC_008818.1,Hyperthermus,Archaea,60.88,FP,48,frag,-0.048869504954157365,-0.33818572860363216,-0.19352761677889477
NC_008818.1,Hyperthermus,Archaea,60.88,TP,0,TP,-0.04206774233858136,-0.34148995651831343,-0.1917788494284474
NC_008818.1,Hyperthermus,Archaea,60.88,TP,0,TP,-0.012604745608602742,-0.14371580600006695,-0.07816027580433485
NC_008818.1,Hyperthermus,Archaea,60.88,TP,0,TP,-0.013837345539430857,-0.34650589439410384,-0.18017161996676734
NC_008818.1,Hyperthermus,Archaea,60.88,FP,2369,intergenic,0.004299191713435372,-0.4778006401317299,-0.23675072420914728
NC_008818.1,Hyperthermus,Archaea,60.88,FP,111,neighbor,-0.09261315588491807,-0.3472377992872701,-0.2199254775860941
NC_008818.1,Hyperthermus,Archaea,60.88,FP,15,near,0.03281071461609907,-0.10407771981993363,-0.03563350260191728
NC_008818.1,Hyperthermus,Archaea,60.88,TP,0,TP,0.21030569880655037,0.18943192877352644,0.1998688137900384
NC_008818.1,Hyperthermus,Archaea,60.88,TP,0,TP,-0.04662878652016029,-0.12860088769797073,-0.08761483710906551
NC_008818.1,Hyperthermus,Archaea,60.88,FP,41,frag,-0.00770353926364038,-0.1779069815739831,-0.09280526041881174
NC_008818.1,Hyperthermus,Archaea,60.88,FP,51,frag,0.0041694467616305055,-0.19967002112897347,-0.09775028718367149
NC_008818.1,Hyperthermus,Archaea,60.88,FP,75,frag,0.0388425455582239,-0.07589410869770603,-0.01852578156974107
NC_008818.1,Hyperthermus,Archaea,60.88,FP,126,neighbor,-0.11327112985533508,-0.24038362192052673,-0.1768273758879309
NC_008818.1,Hyperthermus,Archaea,60.88,FP,96,frag,-0.1899259342383746,-0.5572703139116186,-0.3735981240749966
NC_008818.1,Hyperthermus,Archaea,60.88,TP,0,TP,0.09315718574315615,0.12000503283185182,0.10658110928750399
NC_008818.1,Hyperthermus,Archaea,60.88,TP,0,TP,-0.026602577144750703,-0.26127346588530787,-0.1439380215150293
NC_008818.1,Hyperthermus,Archaea,60.88,FP,279,neighbor,0.03228178137244247,-0.05884954267330613,-0.013283880650431831
NC_008818.1,Hyperthermus,Archaea,60.88,TP,0,TP,-0.11290817303839873,-0.2999631404309554,-0.20643565673467706
NC_008818.1,Hyperthermus,Archaea,60.88,TP,0,TP,-0.04752062998808621,-0.24142270588139284,-0.14447166793473953
NC_008818.1,Hyperthermus,Archaea,60.88,TP,0,TP,-0.06106791761051961,-0.24191516986699924,-0.15149154373875942
NC_008818.1,Hyperthermus,Archaea,60.88,TP,0,TP,0.017396640983290013,-0.159498783905876,-0.07105107146129298
NC_008818.1,Hyperthermus,Archaea,60.88,FP,57,frag,-0.005891729979111441,-0.10291377883183941,-0.05440275440547543
NC_008818.1,Hyperthermus,Archaea,60.88,TP,0,TP,-0.02068624010999732,-0.2894157642540122,-0.15505100218200477
NC_008818.1,Hyperthermus,Archaea,60.88,TP,0,TP,0.023622506189451067,-0.1559705155932704,-0.06617400470190968
NC_008818.1,Hyperthermus,Archaea,60.88,FP,987,intergenic,-0.06248276069700983,-0.3005167658419687,-0.18149976326948924
NC_008818.1,Hyperthermus,Archaea,60.88,FP,6,near,-0.22821417986858872,-0.5968177715325076,-0.41251597570054815
NC_008818.1,Hyperthermus,Archaea,60.88,TP,0,TP,0.009926256234733918,-0.3488551958458281,-0.16946446980554708
NC_008818.1,Hyperthermus,Archaea,60.88,FP,24,near,-0.023475078153675354,-0.1990875153532592,-0.11128129675346728
NC_008818.1,Hyperthermus,Archaea,60.88,FP,57,frag,0.038930754930677595,0.09535227595721593,0.06714151544394677
NC_008818.1,Hyperthermus,Archaea,60.88,TP,0,TP,0.10138428785103741,0.14984041862911396,0.1256123532400757
NC_008818.1,Hyperthermus,Archaea,60.88,FP,21,near,0.03971354161761245,-0.23174032652919152,-0.09601339245578953
NC_008818.1,Hyperthermus,Archaea,60.88,FP,21,near,0.004957487197683718,-0.26084515287851173,-0.127943832840414
NC_008818.1,Hyperthermus,Archaea,60.88,FP,30,frag,0.015519677827350857,-0.16285697177413283,-0.07366864697339098
NC_008818.1,Hyperthermus,Archaea,60.88,TP,0,TP,-0.004706838677045037,-0.3238691766191934,-0.1642880076481192
NC_008818.1,Hyperthermus,Archaea,60.88,TP,0,TP,-0.06389236471516947,-0.21656836710294627,-0.14023036590905788
NC_008818.1,Hyperthermus,Archaea,60.88,TP,0,TP,0.04348182835086642,-0.03231756527082012,0.005582131540023148
NC_008818.1,Hyperthermus,Archaea,60.88,TP,0,TP,0.024214503918654866,-0.2108916906660724,-0.09333859337370877
NC_008818.1,Hyperthermus,Archaea,60.88,FP,9,near,-0.056012775336392435,-0.2608887587939591,-0.15845076706517577
NC_008818.1,Hyperthermus,Archaea,60.88,FP,18,near,0.006454404110885056,-0.1715266937125996,-0.08253614480085728
NC_008818.1,Hyperthermus,Archaea,60.88,TP,3,TP,-0.09949891312943511,-0.4179157307384919,-0.2587073219339635
NC_008818.1,Hyperthermus,Archaea,60.88,FP,61,frag,0.04417052203799822,-0.134979660034611,-0.045404568998306395
NC_008818.1,Hyperthermus,Archaea,60.88,TP,0,TP,-0.1002877610845303,-0.3728143986881335,-0.2365510798863319
NC_008818.1,Hyperthermus,Archaea,60.88,TP,0,TP,-0.053354209889400296,-0.36506749801985805,-0.20921085395462918
NC_008818.1,Hyperthermus,Archaea,60.88,FP,186,neighbor,-0.13127389447020665,-0.20769955991152073,-0.1694867271908637
NC_008818.1,Hyperthermus,Archaea,60.88,FP,45,frag,0.10092234867634176,0.04392174505564626,0.072422046865994
NC_008818.1,Hyperthermus,Archaea,60.88,FP,420,intergenic,-0.02016071249629571,-0.22673546776723869,-0.12344809013176719
NC_008818.1,Hyperthermus,Archaea,60.88,TP,0,TP,0.05555280261899611,-0.021173608051624625,0.017189597283685742
NC_008818.1,Hyperthermus,Archaea,60.88,FP,9,near,-0.010124564557721054,-0.04757394743402514,-0.028849255995873097
NC_008818.1,Hyperthermus,Archaea,60.88,TP,0,TP,-0.0025261624133788036,-0.08128888347080263,-0.041907522942090714
NC_008818.1,Hyperthermus,Archaea,60.88,TP,0,TP,-0.07374791172802707,-0.2031054048985112,-0.13842665831326914
NC_008818.1,Hyperthermus,Archaea,60.88,TP,0,TP,-0.07303913228873497,-0.5329070239946112,-0.30297307814167307
NC_008818.1,Hyperthermus,Archaea,60.88,TP,0,TP,0.02956220009374325,-0.0698564207228749,-0.020147110314565828
NC_008818.1,Hyperthermus,Archaea,60.88,TP,0,TP,-0.11874837264102993,-0.42438703306645637,-0.27156770285374315
NC_008818.1,Hyperthermus,Archaea,60.88,FP,81,frag,-0.10181537857909835,-0.43388915296290237,-0.26785226577100035
NC_008818.1,Hyperthermus,Archaea,60.88,TP,0,TP,-0.05740870174730451,-0.21360234518193835,-0.13550552346462144
NC_008818.1,Hyperthermus,Archaea,60.88,TP,0,TP,0.08053168690415902,0.08667338381611955,0.08360253536013929
NC_008818.1,Hyperthermus,Archaea,60.88,FP,30,frag,-0.058425514461559656,-0.2878933580842265,-0.17315943627289307
NC_008818.1,Hyperthermus,Archaea,60.88,TP,0,TP,-0.02832523203643428,-0.21367143434017777,-0.12099833318830602
NC_008818.1,Hyperthermus,Archaea,60.88,TP,0,TP,-0.01811338383277435,-0.30840986116128377,-0.16326162249702905
NC_008818.1,Hyperthermus,Archaea,60.88,TP,0,TP,-0.055193221728302905,-0.25319334972936147,-0.15419328572883217
NC_008818.1,Hyperthermus,Archaea,60.88,TP,0,TP,0.1691506312235987,0.2041957251640511,0.1866731781938249
NC_008818.1,Hyperthermus,Archaea,60.88,TP,0,TP,-0.035891354810587,-0.2838473423138616,-0.1598693485622243
NC_008818.1,Hyperthermus,Archaea,60.88,FP,150,neighbor,-0.14747320372369424,-0.34531555654378393,-0.2463943801337391
NC_008818.1,Hyperthermus,Archaea,60.88,TP,0,TP,-0.1689890971861921,-0.23735474513646224,-0.20317192116132715
NC_008818.1,Hyperthermus,Archaea,60.88,TP,0,TP,-0.08838658385272685,-0.20574054573708195,-0.1470635647949044
NC_008818.1,Hyperthermus,Archaea,60.88,TP,0,TP,-0.07583366387846789,-0.23542385079482103,-0.15562875733664447
NC_008818.1,Hyperthermus,Archaea,60.88,TP,0,TP,0.20156570860726503,0.2961508559028324,0.24885828225504872
NC_008818.1,Hyperthermus,Archaea,60.88,TP,0,TP,-0.023233752224015566,-0.34684171895486815,-0.18503773558944187
NC_008818.1,Hyperthermus,Archaea,60.88,FP,27,near,0.09891098018522086,-0.00904876944506654,0.04493110537007716
NC_008818.1,Hyperthermus,Archaea,60.88,FP,24,near,0.017881930345738796,-0.08276416933217093,-0.03244111949321607
NC_008818.1,Hyperthermus,Archaea,60.88,TP,0,TP,-0.0244376958953346,-0.238209930633338,-0.13132381326433631
NC_008818.1,Hyperthermus,Archaea,60.88,TP,0,TP,0.09449377769399685,0.004021443775200595,0.04925761073459872
NC_008818.1,Hyperthermus,Archaea,60.88,TP,0,TP,0.06420809184031243,0.1230629986048335,0.09363554522257296
NC_008818.1,Hyperthermus,Archaea,60.88,TP,0,TP,-0.0441254325611915,-0.3003312499947441,-0.1722283412779678
NC_008818.1,Hyperthermus,Archaea,60.88,TP,0,TP,0.007640983793053616,-0.12903451745623612,-0.06069676683159125
NC_008818.1,Hyperthermus,Archaea,60.88,TP,0,TP,-0.014683938710848565,-0.21522495744988035,-0.11495444808036445
NC_008818.1,Hyperthermus,Archaea,60.88,FP,432,intergenic,-0.005754350863564639,-0.25681968084317647,-0.13128701585337055
NC_008818.1,Hyperthermus,Archaea,60.88,FP,117,neighbor,-0.032280661237549184,-0.2741271074544116,-0.1532038843459804
NC_008818.1,Hyperthermus,Archaea,60.88,TP,0,TP,-0.012542614543425874,-0.16272631844995403,-0.08763446649668995
NC_008818.1,Hyperthermus,Archaea,60.88,FP,170,neighbor,0.06264428249667328,-0.11203069352782577,-0.024693205515576244
NC_008818.1,Hyperthermus,Archaea,60.88,TP,0,TP,-0.06750634577030988,-0.5347660552678569,-0.3011362005190834
NC_008818.1,Hyperthermus,Archaea,60.88,TP,0,TP,-0.006800342504045413,-0.2001170691113451,-0.10345870580769526
NC_008818.1,Hyperthermus,Archaea,60.88,FP,36,frag,0.096785277495871,0.08083690057529083,0.08881108903558091
NC_008818.1,Hyperthermus,Archaea,60.88,TP,0,TP,-0.025817879072922524,-0.2968104594870127,-0.1613141692799676
NC_008818.1,Hyperthermus,Archaea,60.88,TP,0,TP,-0.08996496950401085,-0.3507658012630522,-0.2203653853835315
NC_008818.1,Hyperthermus,Archaea,60.88,FP,12,near,-0.15658995606428405,-0.49135677530406385,-0.32397336568417395
NC_008818.1,Hyperthermus,Archaea,60.88,FP,186,neighbor,-0.10761298985970172,-0.1940089891509537,-0.1508109895053277
NC_008818.1,Hyperthermus,Archaea,60.88,TP,0,TP,-0.044273008687322604,-0.20076155044453045,-0.12251727956592653
NC_008818.1,Hyperthermus,Archaea,60.88,TP,0,TP,0.01533007638623379,-0.18263130733388805,-0.08365061547382713
NC_008818.1,Hyperthermus,Archaea,60.88,TP,0,TP,-0.10917111508275378,-0.2751326239568591,-0.19215186951980645
NC_008818.1,Hyperthermus,Archaea,60.88,FP,15,near,-0.1614212849765302,-0.5071865919743253,-0.3343039384754277
NC_008818.1,Hyperthermus,Archaea,60.88,FP,9,near,-0.05914672916814136,-0.2824424868831599,-0.17079460802565063
NC_008818.1,Hyperthermus,Archaea,60.88,FP,528,intergenic,0.027963809381082665,-0.08367487923796162,-0.027855534928439476
NC_008818.1,Hyperthermus,Archaea,60.88,TP,0,TP,-0.0012854844465169416,-0.07559922486188811,-0.038442354654202524
NC_008818.1,Hyperthermus,Archaea,60.88,FP,12,near,-0.011330560935774751,-0.26994149146579505,-0.14063602620078489
NC_008818.1,Hyperthermus,Archaea,60.88,FP,24,near,-0.12421932080420935,-0.22402039074743813,-0.17411985577582373
NC_008818.1,Hyperthermus,Archaea,60.88,TP,0,TP,-0.09633948878795971,-0.186532741877042,-0.14143611533250086
NC_008818.1,Hyperthermus,Archaea,60.88,FP,132,neighbor,-0.04768380141854938,-0.32037137040139,-0.1840275859099697
NC_008818.1,Hyperthermus,Archaea,60.88,TP,0,TP,-0.0697041273604744,-0.42497431249009454,-0.24733921992528446
NC_008818.1,Hyperthermus,Archaea,60.88,TP,0,TP,0.07469482178514682,0.18524440504312664,0.12996961341413674
NC_008818.1,Hyperthermus,Archaea,60.88,TP,0,TP,0.007065733592538237,0.00293270390890612,0.004999218750722179
NC_008818.1,Hyperthermus,Archaea,60.88,TP,0,TP,-0.026044663094441964,-0.2531602305560618,-0.13960244682525189
NC_008818.1,Hyperthermus,Archaea,60.88,TP,0,TP,-0.062378217459749405,-0.32827048479419574,-0.19532435112697258
NC_008818.1,Hyperthermus,Archaea,60.88,FP,9,near,-0.08801732532709726,-0.23987219471051163,-0.16394476001880445
NC_008818.1,Hyperthermus,Archaea,60.88,TP,0,TP,-0.09954849772384312,-0.11106244116606376,-0.10530546944495345
NC_008818.1,Hyperthermus,Archaea,60.88,TP,0,TP,0.1948588860045516,0.3425404839841136,0.2686996849943326
NC_008818.1,Hyperthermus,Archaea,60.88,TP,0,TP,-0.03947808496769648,-0.26121692333756386,-0.15034750415263018
NC_008818.1,Hyperthermus,Archaea,60.88,FP,21,near,0.04457912505138424,-0.1047206885850109,-0.030070781766813326
NC_008818.1,Hyperthermus,Archaea,60.88,FP,51,frag,-0.009134734604907399,-0.24778423521062792,-0.12845948490776765
NC_008818.1,Hyperthermus,Archaea,60.88,FP,54,frag,0.16316561053044817,0.24187194529249964,0.2025187779114739
NC_008818.1,Hyperthermus,Archaea,60.88,FP,63,frag,-0.10141664596509373,-0.32685735483958284,-0.2141370004023383
NC_008818.1,Hyperthermus,Archaea,60.88,FP,18,near,-0.12060393146281617,-0.37755489306269824,-0.2490794122627572
NC_008818.1,Hyperthermus,Archaea,60.88,TP,0,TP,-0.17628167669018188,-0.3491264220260518,-0.26270404935811686
NC_008818.1,Hyperthermus,Archaea,60.88,TP,0,TP,-0.06360106798671125,-0.2085740895048282,-0.1360875787457697
NC_008818.1,Hyperthermus,Archaea,60.88,TP,0,TP,-0.05030180652392507,-0.021612081598197365,-0.035956944061061216
NC_008818.1,Hyperthermus,Archaea,60.88,TP,0,TP,-0.17220590441809497,-0.3192642100195947,-0.24573505721884484
NC_008818.1,Hyperthermus,Archaea,60.88,TP,0,TP,0.09382302951315562,-0.10384874287532071,-0.0050128566810825476
NC_008818.1,Hyperthermus,Archaea,60.88,TP,0,TP,0.014859994740969048,-0.10502208069966698,-0.045081042979348965
NC_008818.1,Hyperthermus,Archaea,60.88,TP,0,TP,-0.042583874090457385,-0.024233319837715327,-0.03340859696408636
NC_008818.1,Hyperthermus,Archaea,60.88,TP,0,TP,-0.11183951502704398,-0.3571032057126864,-0.23447136036986518
NC_008818.1,Hyperthermus,Archaea,60.88,TP,0,TP,-0.03387980569632016,-0.1624375012352381,-0.09815865346577912
NC_008818.1,Hyperthermus,Archaea,60.88,FP,253,neighbor,-0.03738106677271962,-0.1915623941612985,-0.11447173046700906
NC_008818.1,Hyperthermus,Archaea,60.88,TP,0,TP,-0.09960133466946507,-0.48831633243467965,-0.29395883355207236
NC_008818.1,Hyperthermus,Archaea,60.88,TP,0,TP,-0.036798361347791325,-0.3012480010875251,-0.1690231812176582
NC_008818.1,Hyperthermus,Archaea,60.88,TP,0,TP,-0.07828581188663056,-0.3955905975694861,-0.23693820472805832
NC_008818.1,Hyperthermus,Archaea,60.88,TP,0,TP,-0.03409158723990776,-0.1878186348276408,-0.11095511103377428
NC_008818.1,Hyperthermus,Archaea,60.88,TP,0,TP,-0.056711392206971564,-0.3535508826025676,-0.2051311374047696
NC_008818.1,Hyperthermus,Archaea,60.88,FP,12,near,0.008834979527548843,-0.12413282062975242,-0.05764892055110179
NC_008818.1,Hyperthermus,Archaea,60.88,TP,0,TP,-0.0148959294375004,-0.2657237473678961,-0.14030983840269826
NC_008818.1,Hyperthermus,Archaea,60.88,TP,0,TP,-0.09459660576809743,-0.40680829358340775,-0.2507024496757526
NC_008818.1,Hyperthermus,Archaea,60.88,TP,0,TP,-0.05514790814585169,-0.2827944186840071,-0.1689711634149294
NC_008818.1,Hyperthermus,Archaea,60.88,TP,0,TP,0.06416819261290835,-0.010877169067843084,0.026645511772532632
NC_008818.1,Hyperthermus,Archaea,60.88,FP,30,frag,0.00014048748578640395,-0.022560030037757174,-0.011209771275985386
NC_008818.1,Hyperthermus,Archaea,60.88,TP,0,TP,-0.1126971667722593,-0.18378788967460338,-0.14824252822343134
NC_008818.1,Hyperthermus,Archaea,60.88,FP,30,frag,-0.1725556034615387,-0.4025853741432819,-0.2875704888024103
NC_008818.1,Hyperthermus,Archaea,60.88,TP,0,TP,-0.0854853443817613,-0.22113896669104988,-0.1533121555364056
NC_008818.1,Hyperthermus,Archaea,60.88,TP,0,TP,-0.022134340699913223,-0.3332918675418334,-0.1777131041208733
NC_008818.1,Hyperthermus,Archaea,60.88,TP,0,TP,-0.1677570493763478,-0.44239001666462985,-0.30507353302048884
NC_008818.1,Hyperthermus,Archaea,60.88,FP,9,near,0.00425273619369572,-0.14901624938855348,-0.07238175659742888
NC_008818.1,Hyperthermus,Archaea,60.88,FP,122,neighbor,-0.09679761829138395,-0.2737084923125238,-0.18525305530195388
NC_008818.1,Hyperthermus,Archaea,60.88,FP,18,near,0.09730339048556023,-0.11940540668657959,-0.011051008100509678
NC_008818.1,Hyperthermus,Archaea,60.88,TP,0,TP,0.05944328919025495,0.054290050009251446,0.0568666695997532
NC_008818.1,Hyperthermus,Archaea,60.88,TP,0,TP,0.00035181798403366806,-0.424452334475334,-0.21205025824565016
NC_008818.1,Hyperthermus,Archaea,60.88,TP,0,TP,0.022172105863734495,-0.32886231733113147,-0.1533451057336985
NC_008818.1,Hyperthermus,Archaea,60.88,TP,0,TP,-0.011419286444592084,-0.1388947899311269,-0.07515703818785949
NC_008818.1,Hyperthermus,Archaea,60.88,TP,0,TP,-0.005756333964653256,-0.16664382783456447,-0.08620008089960886
NC_008818.1,Hyperthermus,Archaea,60.88,TP,0,TP,-0.015486675440506066,-0.22722939325688501,-0.12135803434869553
NC_008818.1,Hyperthermus,Archaea,60.88,TP,0,TP,0.10438896713947561,0.026837057791772877,0.06561301246562425
NC_008818.1,Hyperthermus,Archaea,60.88,FP,39,frag,-0.06103257892324242,-0.08483401226725036,-0.07293329559524639
NC_008818.1,Hyperthermus,Archaea,60.88,TP,0,TP,0.13367580279623018,0.07732057679771884,0.1054981897969745
NC_008818.1,Hyperthermus,Archaea,60.88,FP,15,near,-0.14782612618517657,-0.32325317753473326,-0.2355396518599549
NC_008818.1,Hyperthermus,Archaea,60.88,TP,0,TP,-0.09450840737747607,-0.5147529945339322,-0.3046307009557041
NC_008818.1,Hyperthermus,Archaea,60.88,FP,54,frag,-0.057983146899579195,-0.3472409016977416,-0.20261202429866038
NC_008818.1,Hyperthermus,Archaea,60.88,TP,0,TP,0.034693155905169706,0.1103379321723196,0.07251554403874466
NC_008818.1,Hyperthermus,Archaea,60.88,FP,336,intergenic,-0.05872935052686827,-0.18641749260819793,-0.12257342156753309
NC_008818.1,Hyperthermus,Archaea,60.88,FP,9,near,-0.031116963719735935,-0.3719041393271311,-0.20151055152343353
NC_008818.1,Hyperthermus,Archaea,60.88,FP,24,near,-0.057913645460101054,-0.2774644904087943,-0.16768906793444766
NC_008818.1,Hyperthermus,Archaea,60.88,FP,33,frag,-0.061315307021683904,-0.2409376725335747,-0.1511264897776293
NC_008818.1,Hyperthermus,Archaea,60.88,TP,0,TP,-0.11787335004602657,-0.17531731436389322,-0.1465953322049599
NC_008818.1,Hyperthermus,Archaea,60.88,FP,60,frag,-0.06884941042776778,-0.3914489399936755,-0.23014917521072165
NC_008818.1,Hyperthermus,Archaea,60.88,TP,0,TP,0.017498315729333313,-0.17709496193731908,-0.07979832310399289
NC_008818.1,Hyperthermus,Archaea,60.88,TP,0,TP,-0.03812242842537425,-0.10585696484317567,-0.07198969663427496
NC_008818.1,Hyperthermus,Archaea,60.88,FP,21,near,-0.04074878585958762,-0.2618413757893336,-0.1512950808244606
NC_008818.1,Hyperthermus,Archaea,60.88,TP,0,TP,0.07219694036464049,-0.10353731545947795,-0.01567018754741873
NC_008818.1,Hyperthermus,Archaea,60.88,TP,0,TP,-0.02406209705267699,-0.12314823736567604,-0.07360516720917651
NC_008818.1,Hyperthermus,Archaea,60.88,FP,84,frag,-0.0847759157964191,-0.1420130679416367,-0.1133944918690279
NC_008818.1,Hyperthermus,Archaea,60.88,TP,0,TP,0.02537815970764091,-0.120127703505986,-0.04737477189917255
NC_008818.1,Hyperthermus,Archaea,60.88,TP,0,TP,-0.22907041120760355,-0.523575980031864,-0.37632319561973376
NC_008818.1,Hyperthermus,Archaea,60.88,FP,129,neighbor,-0.11811707653267595,-0.3790154442551653,-0.24856626039392063
NC_008818.1,Hyperthermus,Archaea,60.88,TP,0,TP,-0.019838034763108206,-0.30340409063585766,-0.16162106269948293
NC_008818.1,Hyperthermus,Archaea,60.88,TP,0,TP,0.04499457323391335,-0.12925888995742413,-0.04213215836175539
NC_008818.1,Hyperthermus,Archaea,60.88,TP,0,TP,-0.18983647472962345,-0.3962748289785722,-0.2930556518540978
NC_008818.1,Hyperthermus,Archaea,60.88,TP,0,TP,-0.11104016842584982,-0.26140547901210454,-0.1862228237189772
NC_008818.1,Hyperthermus,Archaea,60.88,TP,0,TP,-0.08637922121523213,-0.3267831087908661,-0.2065811650030491
NC_008818.1,Hyperthermus,Archaea,60.88,TP,0,TP,0.00282416801683425,-0.12046041401317922,-0.05881812299817249
NC_008818.1,Hyperthermus,Archaea,60.88,TP,0,TP,-0.0766118156842803,-0.22351561993638214,-0.15006371781033123
NC_008818.1,Hyperthermus,Archaea,60.88,TP,0,TP,0.0201817704134965,-0.08211912857958055,-0.030968679083042024
NC_008818.1,Hyperthermus,Archaea,60.88,TP,0,TP,0.050758141870277974,-0.0689550675577955,-0.009098462843758762
NC_008818.1,Hyperthermus,Archaea,60.88,TP,0,TP,0.056105915599587775,0.0889544480173882,0.07253018180848798
NC_008818.1,Hyperthermus,Archaea,60.88,TP,0,TP,-0.07744047686403685,-0.20870275852547734,-0.1430716176947571
NC_008818.1,Hyperthermus,Archaea,60.88,TP,0,TP,-0.05064817919345496,-0.22683531021102113,-0.13874174470223805
NC_008818.1,Hyperthermus,Archaea,60.88,TP,0,TP,-0.014091931518236104,-0.3712086415228093,-0.1926502865205227
NC_008818.1,Hyperthermus,Archaea,60.88,TP,0,TP,-0.08243652283425576,-0.20165451966350503,-0.1420455212488804
NC_008818.1,Hyperthermus,Archaea,60.88,TP,0,TP,0.06714744137534817,-0.08965783312205389,-0.011255195873352858
NC_008818.1,Hyperthermus,Archaea,60.88,FP,455,intergenic,0.07488568192820325,-0.16607488494949152,-0.04559460151064414
NC_008818.1,Hyperthermus,Archaea,60.88,TP,0,TP,-0.026413106807812406,-0.2231997199953561,-0.12480641340158424
NC_008818.1,Hyperthermus,Archaea,60.88,FP,240,neighbor,-0.020336939011234043,-0.21264771006895272,-0.11649232454009338
NC_008818.1,Hyperthermus,Archaea,60.88,TP,0,TP,-0.04778632524054463,-0.32484860015035577,-0.1863174626954502
NC_008818.1,Hyperthermus,Archaea,60.88,TP,0,TP,-0.005376333422395637,-0.037276939087094264,-0.02132663625474495
NC_008818.1,Hyperthermus,Archaea,60.88,TP,0,TP,-0.046632745666762315,-0.10293424120550583,-0.07478349343613408
NC_008818.1,Hyperthermus,Archaea,60.88,FP,137,neighbor,-0.03906356110775822,-0.4733707177155736,-0.2562171394116659
NC_008818.1,Hyperthermus,Archaea,60.88,FP,27,near,0.1254150633602985,0.15301697497774924,0.13921601916902387
NC_008818.1,Hyperthermus,Archaea,60.88,TP,0,TP,-0.051307549721025934,-0.3622780435718077,-0.2067927966464168
NC_008818.1,Hyperthermus,Archaea,60.88,TP,0,TP,-0.03617337660739442,-0.1327960435100451,-0.08448471005871976
NC_008818.1,Hyperthermus,Archaea,60.88,TP,0,TP,0.15694743358145993,-0.21704494263399993,-0.030048754526269997
NC_008818.1,Hyperthermus,Archaea,60.88,FP,66,frag,-0.18217238980566156,-0.47531456671772787,-0.3287434782616947
NC_008818.1,Hyperthermus,Archaea,60.88,TP,0,TP,0.008502887405338081,-0.11158164405779872,-0.05153937832623032
NC_008818.1,Hyperthermus,Archaea,60.88,TP,0,TP,-0.11030072973759199,-0.2952871571834109,-0.20279394346050145
NC_008818.1,Hyperthermus,Archaea,60.88,TP,0,TP,-0.09676888367652078,-0.41934708173223145,-0.25805798270437613
NC_008818.1,Hyperthermus,Archaea,60.88,TP,0,TP,-0.06515691882752109,-0.4495357602773815,-0.2573463395524513
NC_008818.1,Hyperthermus,Archaea,60.88,TP,0,TP,-0.1198665466734783,-0.547194829967529,-0.33353068832050364
NC_008818.1,Hyperthermus,Archaea,60.88,TP,0,TP,-0.031262266743213495,-0.27184295218132704,-0.15155260946227025
NC_008818.1,Hyperthermus,Archaea,60.88,FP,24,near,0.063480468620723,-0.16336640119667295,-0.049942966287974976
NC_008818.1,Hyperthermus,Archaea,60.88,TP,0,TP,-0.14471048593248242,-0.4927623710970721,-0.31873642851477724
NC_008818.1,Hyperthermus,Archaea,60.88,TP,0,TP,0.08481545400754081,-0.02506287829490219,0.029876287856319312
NC_008818.1,Hyperthermus,Archaea,60.88,TP,0,TP,-0.0907549721303982,-0.26239826528767696,-0.17657661870903757
NC_008818.1,Hyperthermus,Archaea,60.88,FP,39,frag,-0.05480942126107375,-0.3216026632421524,-0.18820604225161308
NC_008818.1,Hyperthermus,Archaea,60.88,FP,18,near,-0.00762394848961326,-0.25353011736536785,-0.13057703292749057
NC_008818.1,Hyperthermus,Archaea,60.88,TP,0,TP,-0.08466541739461396,-0.18124848423658904,-0.1329569508156015
NC_008818.1,Hyperthermus,Archaea,60.88,TP,0,TP,0.0011366663974387828,0.026296143899449474,0.013716405148444128
NC_008818.1,Hyperthermus,Archaea,60.88,TP,0,TP,0.02189857017537733,-0.1631414853853194,-0.07062145760497103
NC_008818.1,Hyperthermus,Archaea,60.88,FP,131,neighbor,-0.018790231197830565,-0.28104076843047776,-0.14991549981415417
NC_008818.1,Hyperthermus,Archaea,60.88,TP,0,TP,0.21815217972888637,0.28990587646532406,0.2540290280971052
NC_008818.1,Hyperthermus,Archaea,60.88,FP,6,near,-0.0708439211973212,-0.22786941282782108,-0.14935666701257114
NC_008818.1,Hyperthermus,Archaea,60.88,FP,69,frag,0.12453014256085547,-0.015524379326624427,0.05450288161711552
NC_008818.1,Hyperthermus,Archaea,60.88,TP,0,TP,-0.07989262498485464,-0.20894307530333264,-0.14441785014409364
NC_008818.1,Hyperthermus,Archaea,60.88,TP,0,TP,-0.17192039491313976,-0.2756020073865869,-0.22376120114986334
NC_008818.1,Hyperthermus,Archaea,60.88,FP,81,frag,-0.023256023197597623,-0.41283826344899166,-0.21804714332329464
NC_008818.1,Hyperthermus,Archaea,60.88,TP,0,TP,-0.1698572509786454,-0.5623423712111162,-0.36609981109488077
NC_008818.1,Hyperthermus,Archaea,60.88,TP,0,TP,0.06937396938589326,-0.030312826589930352,0.01953057139798145
NC_008268.1,Rhodococcus,Actinobacteria,65.34,TP,0,TP,-0.04892547551628136,-0.27557269710681565,-0.1622490863115485
NC_008268.1,Rhodococcus,Actinobacteria,65.34,TP,0,TP,0.02509193285052973,-0.2412822075360225,-0.10809513734274638
NC_008268.1,Rhodococcus,Actinobacteria,65.34,TP,0,TP,0.01290016622150958,-0.1372150783830719,-0.06215745608078116
NC_008268.1,Rhodococcus,Actinobacteria,65.34,TP,0,TP,-0.014270760820098378,-0.34429253033918955,-0.17928164557964396
NC_008268.1,Rhodococcus,Actinobacteria,65.34,TP,0,TP,0.06080340705993142,-0.13197386669138353,-0.03558522981572605
NC_008268.1,Rhodococcus,Actinobacteria,65.34,TP,0,TP,0.01680310108854428,-0.04520274144401597,-0.014199820177735844
NC_008268.1,Rhodococcus,Actinobacteria,65.34,TP,0,TP,-0.03313291278551915,-0.18818869098355223,-0.1106608018845357
NC_008268.1,Rhodococcus,Actinobacteria,65.34,TP,0,TP,-0.021485393288577844,-0.26623792457258944,-0.14386165893058364
NC_008268.1,Rhodococcus,Actinobacteria,65.34,TP,0,TP,0.004049781130941691,-0.11914170225165321,-0.05754596056035576
NC_008268.1,Rhodococcus,Actinobacteria,65.34,TP,0,TP,0.15964401051729524,0.07370321157166586,0.11667361104448054
NC_008268.1,Rhodococcus,Actinobacteria,65.34,TP,0,TP,0.12585653530023275,0.222621864440751,0.17423919987049186
NC_008268.1,Rhodococcus,Actinobacteria,65.34,FP,79,frag,-0.05662608228437804,-0.39517938343548165,-0.22590273285992984
NC_008268.1,Rhodococcus,Actinobacteria,65.34,TP,0,TP,0.026631468383838335,-0.1271502336774944,-0.05025938264682803
NC_008268.1,Rhodococcus,Actinobacteria,65.34,TP,0,TP,0.11325879845897001,0.01994302330308102,0.06660091088102552
NC_008268.1,Rhodococcus,Actinobacteria,65.34,TP,0,TP,0.056224239668596236,0.1921474285107827,0.12418583408968947
NC_008268.1,Rhodococcus,Actinobacteria,65.34,TP,0,TP,-0.07315480174855722,-0.45285178294224054,-0.2630032923453989
NC_008268.1,Rhodococcus,Actinobacteria,65.34,TP,0,TP,0.0281308604060996,-0.12482490560841697,-0.04834702260115868
NC_008268.1,Rhodococcus,Actinobacteria,65.34,FP,84,frag,-0.021404526441306377,-0.20731061063209494,-0.11435756853670066
NC_008268.1,Rhodococcus,Actinobacteria,65.34,TP,0,TP,-0.07090614214406657,-0.5372159439920182,-0.3040610430680424
NC_008268.1,Rhodococcus,Actinobacteria,65.34,TP,0,TP,-0.05204666795477972,-0.22921724065513233,-0.140631954304956
NC_008268.1,Rhodococcus,Actinobacteria,65.34,TP,0,TP,-0.09381051557434716,-0.3796162744400675,-0.23671339500720734
NC_008268.1,Rhodococcus,Actinobacteria,65.34,TP,0,TP,-0.012175339456629075,-0.15989837618742228,-0.08603685782202568
NC_008268.1,Rhodococcus,Actinobacteria,65.34,TP,0,TP,0.10698403558484391,0.09913143964669757,0.10305773761577075
NC_008268.1,Rhodococcus,Actinobacteria,65.34,TP,0,TP,0.09843191907504428,0.029982061429560503,0.06420699025230239
NC_008268.1,Rhodococcus,Actinobacteria,65.34,TP,0,TP,0.06979161164711462,-0.04273303410689735,0.013529288770108634
NC_008268.1,Rhodococcus,Actinobacteria,65.34,FP,90,frag,-0.08363084886321157,-0.41898669477854894,-0.25130877182088024
NC_008268.1,Rhodococcus,Actinobacteria,65.34,FP,168,neighbor,0.0032633507122802998,-0.058774411839892335,-0.027755530563806016
NC_008268.1,Rhodococcus,Actinobacteria,65.34,TP,0,TP,0.016844963648951723,-0.022012447225043273,-0.002583741788045775
NC_008268.1,Rhodococcus,Actinobacteria,65.34,TP,0,TP,-0.07845897456069034,-0.47405861285340406,-0.2762587937070472
NC_008268.1,Rhodococcus,Actinobacteria,65.34,TP,0,TP,-0.07398680297026085,-0.2878030995208,-0.18089495124553043
NC_008268.1,Rhodococcus,Actinobacteria,65.34,TP,0,TP,0.01849611615858843,-0.08592080231329077,-0.03371234307735117
NC_008268.1,Rhodococcus,Actinobacteria,65.34,TP,0,TP,-0.030846656775176957,-0.15552163894870646,-0.09318414786194171
NC_008268.1,Rhodococcus,Actinobacteria,65.34,TP,0,TP,-3.855461693783961e-06,-0.31016498071758675,-0.15508441808964027
NC_008268.1,Rhodococcus,Actinobacteria,65.34,TP,0,TP,-0.1602640312027397,-0.5149662961211086,-0.3376151636619241
NC_008268.1,Rhodococcus,Actinobacteria,65.34,TP,0,TP,0.12306675234869502,0.02914560149076024,0.07610617691972762
NC_008268.1,Rhodococcus,Actinobacteria,65.34,TP,0,TP,-0.05238394294100151,-0.3134485693174291,-0.1829162561292153
NC_008268.1,Rhodococcus,Actinobacteria,65.34,FP,217,neighbor,-0.029866776887785797,-0.03758121363000413,-0.03372399525889496
NC_008268.1,Rhodococcus,Actinobacteria,65.34,TP,0,TP,-0.08990463650737084,-0.38687680700444316,-0.238390721755907
NC_008268.1,Rhodococcus,Actinobacteria,65.34,TP,0,TP,0.05660859614778957,-0.12444101348435907,-0.03391620866828475
NC_008268.1,Rhodococcus,Actinobacteria,65.34,TP,0,TP,0.066890978350537,-0.2228863279049243,-0.07799767477719365
NC_008268.1,Rhodococcus,Actinobacteria,65.34,TP,0,TP,-0.0584995630143915,-0.3510338437336145,-0.20476670337400302
NC_008268.1,Rhodococcus,Actinobacteria,65.34,TP,0,TP,-0.07143622444477274,-0.2057968183297639,-0.13861652138726832
NC_008268.1,Rhodococcus,Actinobacteria,65.34,TP,0,TP,0.037198976157324634,-0.07448054241465626,-0.018640783128665815
NC_008268.1,Rhodococcus,Actinobacteria,65.34,TP,0,TP,0.015790625463640375,-0.24902695881964404,-0.11661816667800183
NC_008268.1,Rhodococcus,Actinobacteria,65.34,FP,135,neighbor,-0.03488498737711628,-0.39145933057845,-0.21317215897778313
NC_008268.1,Rhodococcus,Actinobacteria,65.34,TP,0,TP,0.03320345562753886,-0.15890293273555045,-0.0628497385540058
NC_008268.1,Rhodococcus,Actinobacteria,65.34,TP,0,TP,-0.04580937525840601,-0.4148766867905046,-0.2303430310244553
NC_008268.1,Rhodococcus,Actinobacteria,65.34,TP,0,TP,-0.13739791096183065,-0.44345393968761326,-0.29042592532472195
NC_008268.1,Rhodococcus,Actinobacteria,65.34,TP,0,TP,0.05315495362697078,-0.03521109888844336,0.008971927369263711
NC_008268.1,Rhodococcus,Actinobacteria,65.34,TP,0,TP,-0.00033573601682306274,-0.5236192692599808,-0.2619775026384019
NC_008268.1,Rhodococcus,Actinobacteria,65.34,TP,0,TP,-0.041484744580739155,-0.33133382326576283,-0.18640928392325098
NC_008268.1,Rhodococcus,Actinobacteria,65.34,TP,0,TP,-0.08891928475867962,-0.4600808225652543,-0.27450005366196695
NC_008268.1,Rhodococcus,Actinobacteria,65.34,FP,99,frag,-0.0459704638972435,-0.42072170292134314,-0.23334608340929333
NC_008268.1,Rhodococcus,Actinobacteria,65.34,FP,123,neighbor,0.042718287968848995,0.07753177242727034,0.06012503019805967
NC_008268.1,Rhodococcus,Actinobacteria,65.34,TP,0,TP,0.0442929132673477,-0.183094204852798,-0.06940064579272515
NC_008268.1,Rhodococcus,Actinobacteria,65.34,FP,48,frag,-0.10799188827916074,-0.25044402173692787,-0.1792179550080443
NC_008268.1,Rhodococcus,Actinobacteria,65.34,TP,0,TP,-0.055923916287157975,-0.3300106895369382,-0.19296730291204808
NC_008268.1,Rhodococcus,Actinobacteria,65.34,FP,241,neighbor,-0.01390464275469417,-0.3405673884184843,-0.17723601558658922
NC_008268.1,Rhodococcus,Actinobacteria,65.34,TP,0,TP,-0.08454799857398237,-0.4212963250462579,-0.25292216181012017
NC_008268.1,Rhodococcus,Actinobacteria,65.34,TP,0,TP,-0.055728492836026315,-0.2760738846909227,-0.1659011887634745
NC_008268.1,Rhodococcus,Actinobacteria,65.34,TP,0,TP,-0.02685742390191995,-0.26587161484040395,-0.14636451937116196
NC_008268.1,Rhodococcus,Actinobacteria,65.34,FP,391,intergenic,0.0758558470174331,-0.1580816866352123,-0.0411129198088896
NC_008268.1,Rhodococcus,Actinobacteria,65.34,TP,0,TP,0.021322882371031207,-0.13815723623124326,-0.05841717693010603
NC_008268.1,Rhodococcus,Actinobacteria,65.34,FP,25,near,-0.08380850224520818,-0.45558091324722555,-0.26969470774621684
NC_008268.1,Rhodococcus,Actinobacteria,65.34,TP,0,TP,0.013450455551222974,-0.1665610441814728,-0.07655529431512491
NC_008268.1,Rhodococcus,Actinobacteria,65.34,TP,0,TP,-0.08436232506863135,-0.2869295246163233,-0.18564592484247733
NC_008268.1,Rhodococcus,Actinobacteria,65.34,TP,0,TP,0.016479105536129877,-0.16939056699684088,-0.0764557307303555
NC_008268.1,Rhodococcus,Actinobacteria,65.34,FP,4,near,-0.06615791046528444,-0.22559651043751786,-0.14587721045140115
NC_008268.1,Rhodococcus,Actinobacteria,65.34,FP,192,neighbor,-0.08992356297883883,-0.3535377164808054,-0.2217306397298221
NC_008268.1,Rhodococcus,Actinobacteria,65.34,TP,0,TP,-0.00198615354903211,-0.4639637562357741,-0.2329749548924031
NC_008268.1,Rhodococcus,Actinobacteria,65.34,TP,0,TP,-0.021401276480633176,-0.15393953705001168,-0.08767040676532242
NC_008268.1,Rhodococcus,Actinobacteria,65.34,TP,0,TP,-0.07823000912111719,-0.3823572647035867,-0.23029363691235194
NC_008268.1,Rhodococcus,Actinobacteria,65.34,TP,0,TP,-0.04842473276464408,-0.4022360574482512,-0.22533039510644765
NC_008268.1,Rhodococcus,Actinobacteria,65.34,TP,0,TP,-0.13672392849799214,-0.5692754335019977,-0.3529996809999949
NC_008268.1,Rhodococcus,Actinobacteria,65.34,TP,0,TP,-0.0301334630791672,-0.4189662186275811,-0.22454984085337415
NC_008268.1,Rhodococcus,Actinobacteria,65.34,FP,762,intergenic,-0.00860866060976259,-0.19643067228632774,-0.10251966644804517
NC_008268.1,Rhodococcus,Actinobacteria,65.34,TP,0,TP,0.027631727813402545,-0.2639903168379618,-0.11817929451227964
NC_008268.1,Rhodococcus,Actinobacteria,65.34,TP,0,TP,-0.09860864601858926,-0.2369942685276719,-0.16780145727313056
NC_008268.1,Rhodococcus,Actinobacteria,65.34,TP,0,TP,0.006070261275746702,-0.05695625083757676,-0.025442994780915027
NC_008268.1,Rhodococcus,Actinobacteria,65.34,TP,0,TP,0.0545412002625253,-0.06412334865986366,-0.004791074198669181
NC_008268.1,Rhodococcus,Actinobacteria,65.34,TP,0,TP,-0.1356632801116928,-0.4954996896948579,-0.31558148490327537
NC_008268.1,Rhodococcus,Actinobacteria,65.34,TP,0,TP,-0.07296289619585702,-0.3629876318309428,-0.2179752640133999
NC_008268.1,Rhodococcus,Actinobacteria,65.34,FP,126,neighbor,-0.017276250918700005,-0.42371112820094015,-0.22049368955982007
NC_008268.1,Rhodococcus,Actinobacteria,65.34,TP,0,TP,0.07561946681871229,0.09455365022941749,0.08508655852406488
NC_008268.1,Rhodococcus,Actinobacteria,65.34,TP,0,TP,-0.03113324192995369,-0.24412742067252752,-0.1376303313012406
NC_008268.1,Rhodococcus,Actinobacteria,65.34,FP,57,frag,-0.08381723818544866,-0.3096419525459531,-0.1967295953657009
NC_008268.1,Rhodococcus,Actinobacteria,65.34,TP,0,TP,-0.14232575863781374,-0.6705100574526881,-0.4064179080452509
NC_008268.1,Rhodococcus,Actinobacteria,65.34,TP,0,TP,0.07537577574702871,-0.025245524583883138,0.025065125581572784
NC_008268.1,Rhodococcus,Actinobacteria,65.34,TP,0,TP,-0.01381350922332582,-0.23801288860990297,-0.1259131989166144
NC_008268.1,Rhodococcus,Actinobacteria,65.34,TP,0,TP,-0.1956273165286504,-0.5833066380337761,-0.38946697728121327
NC_008268.1,Rhodococcus,Actinobacteria,65.34,TP,0,TP,-0.07339631045052902,-0.43440391963935454,-0.2539001150449418
NC_008268.1,Rhodococcus,Actinobacteria,65.34,TP,0,TP,-0.07952348865094265,-0.559729047942399,-0.3196262682966708
NC_008268.1,Rhodococcus,Actinobacteria,65.34,TP,0,TP,-0.01213967722933494,-0.24406309756621383,-0.12810138739777438
NC_008268.1,Rhodococcus,Actinobacteria,65.34,TP,0,TP,0.14980617049830514,0.23929045689817913,0.19454831369824213
NC_008268.1,Rhodococcus,Actinobacteria,65.34,TP,0,TP,-0.059031119003883484,-0.18388258396729212,-0.1214568514855878
NC_008268.1,Rhodococcus,Actinobacteria,65.34,TP,0,TP,-0.011142153783693232,-0.026709571243532793,-0.01892586251361301
NC_008268.1,Rhodococcus,Actinobacteria,65.34,TP,0,TP,0.02438445111217054,-0.24920032210861082,-0.11240793549822013
NC_008268.1,Rhodococcus,Actinobacteria,65.34,TP,0,TP,0.08052990311059886,-0.041824070400907944,0.01935291635484546
NC_008268.1,Rhodococcus,Actinobacteria,65.34,FP,138,neighbor,0.015442128730355857,-0.26470403165606415,-0.12463095146285415
NC_008268.1,Rhodococcus,Actinobacteria,65.34,TP,0,TP,-0.03547759131095158,-0.29268861145567227,-0.16408310138331192
NC_008268.1,Rhodococcus,Actinobacteria,65.34,FP,17,near,-0.007703900521427916,-0.2831629413820259,-0.14543342095172693
NC_008268.1,Rhodococcus,Actinobacteria,65.34,TP,0,TP,-0.036148615451736296,-0.16415334033784817,-0.10015097789479224
NC_008268.1,Rhodococcus,Actinobacteria,65.34,FP,396,intergenic,0.03908443513400949,-0.10312297307520098,-0.032019268970595746
NC_008268.1,Rhodococcus,Actinobacteria,65.34,FP,33,frag,-0.1111200667579709,-0.19105644987431844,-0.15108825831614467
NC_008268.1,Rhodococcus,Actinobacteria,65.34,TP,0,TP,-0.05477138029977979,-0.06012810125765711,-0.05744974077871845
NC_008268.1,Rhodococcus,Actinobacteria,65.34,TP,0,TP,-0.043662787626405714,-0.29939504140423595,-0.17152891451532082
NC_008268.1,Rhodococcus,Actinobacteria,65.34,FP,111,neighbor,-0.04167541131930221,-0.28490971959955547,-0.16329256545942883
NC_008268.1,Rhodococcus,Actinobacteria,65.34,FP,708,intergenic,0.10882270193772405,0.09053161531101069,0.09967715862436737
NC_008268.1,Rhodococcus,Actinobacteria,65.34,FP,102,neighbor,0.0015643695816393687,-0.2919907390312808,-0.14521318472482073
NC_008268.1,Rhodococcus,Actinobacteria,65.34,TP,0,TP,-0.04407343701816231,-0.23752450754772667,-0.1407989722829445
NC_008268.1,Rhodococcus,Actinobacteria,65.34,TP,0,TP,-0.01985692369161806,-0.22380774920490368,-0.12183233644826087
NC_008268.1,Rhodococcus,Actinobacteria,65.34,TP,0,TP,0.06607038105931361,-0.13883087458545446,-0.036380246763070424
NC_008268.1,Rhodococcus,Actinobacteria,65.34,TP,0,TP,0.0061271356614886,-0.23414832538011227,-0.11401059485931184
NC_008268.1,Rhodococcus,Actinobacteria,65.34,TP,0,TP,0.09210952036102829,0.056750538508928375,0.07443002943497834
NC_008268.1,Rhodococcus,Actinobacteria,65.34,FP,36,frag,-0.04064480623444998,-0.3588276291967709,-0.19973621771561045
NC_008268.1,Rhodococcus,Actinobacteria,65.34,TP,0,TP,0.031234252732714178,-0.16461590427729506,-0.06669082577229044
NC_008268.1,Rhodococcus,Actinobacteria,65.34,FP,128,neighbor,0.03128512052824253,-0.0940228649525551,-0.031368872212156285
NC_008268.1,Rhodococcus,Actinobacteria,65.34,TP,0,TP,0.12308211786988181,0.19721104301909237,0.1601465804444871
NC_008268.1,Rhodococcus,Actinobacteria,65.34,TP,0,TP,0.10561588290817643,0.15514954353126598,0.1303827132197212
NC_008268.1,Rhodococcus,Actinobacteria,65.34,TP,0,TP,-0.09364196706114049,-0.4676847309966263,-0.2806633490288834
NC_008268.1,Rhodococcus,Actinobacteria,65.34,FP,24,near,0.0669103973980872,-0.05031112332579113,0.008299637036148035
NC_008268.1,Rhodococcus,Actinobacteria,65.34,FP,27,near,-0.040158038857253095,-0.452896798561229,-0.24652741870924105
NC_008268.1,Rhodococcus,Actinobacteria,65.34,FP,226,neighbor,0.007267504104645658,-0.3823028612497644,-0.18751767857255938
NC_008268.1,Rhodococcus,Actinobacteria,65.34,FP,183,neighbor,0.04797571914750544,-0.08996825848836779,-0.020996269670431174
NC_008268.1,Rhodococcus,Actinobacteria,65.34,TP,0,TP,0.0766768815273719,0.03439208429834437,0.05553448291285813
NC_008268.1,Rhodococcus,Actinobacteria,65.34,TP,0,TP,-0.05784424434716418,-0.23608116738378726,-0.14696270586547572
NC_008268.1,Rhodococcus,Actinobacteria,65.34,FP,120,neighbor,-0.10635884722322472,-0.2703198732649902,-0.18833936024410747
NC_008268.1,Rhodococcus,Actinobacteria,65.34,FP,26,near,0.0002852725894859039,-0.2315618072624943,-0.1156382673365042
NC_008268.1,Rhodococcus,Actinobacteria,65.34,TP,0,TP,-0.003540228032303124,-0.4483154140898648,-0.22592782106108397
NC_008268.1,Rhodococcus,Actinobacteria,65.34,TP,0,TP,0.025204302080276384,-0.1342006409316731,-0.054498169425698365
NC_008268.1,Rhodococcus,Actinobacteria,65.34,FP,6,near,0.02721265710618018,-0.14929865800314418,-0.061043000448482
NC_008268.1,Rhodococcus,Actinobacteria,65.34,TP,0,TP,-0.050966451135081074,-0.21632133461312222,-0.13364389287410164
NC_008268.1,Rhodococcus,Actinobacteria,65.34,TP,0,TP,-0.09733633277971142,-0.19189761776132172,-0.14461697527051656
NC_008268.1,Rhodococcus,Actinobacteria,65.34,TP,0,TP,-0.005704469705451487,-0.26252912872587614,-0.1341167992156638
NC_008268.1,Rhodococcus,Actinobacteria,65.34,TP,0,TP,0.009136461178728439,-0.3447931929353061,-0.1678283658782888
NC_008268.1,Rhodococcus,Actinobacteria,65.34,TP,0,TP,-0.03822333576907747,-0.1697030131462526,-0.10396317445766504
NC_008268.1,Rhodococcus,Actinobacteria,65.34,TP,0,TP,-0.03623355841294398,-0.42502588405878894,-0.23062972123586645
NC_008268.1,Rhodococcus,Actinobacteria,65.34,TP,0,TP,0.04900067738701897,-0.22338326417003812,-0.08719129339150958
NC_008268.1,Rhodococcus,Actinobacteria,65.34,TP,0,TP,-0.05368742768364309,-0.3179510968712812,-0.18581926227746215
NC_008268.1,Rhodococcus,Actinobacteria,65.34,FP,51,frag,-0.1606898891211036,-0.3709280058625687,-0.26580894749183615
NC_008268.1,Rhodococcus,Actinobacteria,65.34,TP,0,TP,-0.09562712772426636,-0.446679245429668,-0.2711531865769672
NC_008268.1,Rhodococcus,Actinobacteria,65.34,TP,0,TP,-0.08460591655481717,-0.3879896857034296,-0.2362978011291234
NC_008268.1,Rhodococcus,Actinobacteria,65.34,TP,0,TP,-0.019069492866226532,-0.23670136430589536,-0.12788542858606095
NC_008268.1,Rhodococcus,Actinobacteria,65.34,TP,0,TP,-0.053205624193829945,-0.23750038419359357,-0.14535300419371175
NC_008268.1,Rhodococcus,Actinobacteria,65.34,FP,32,frag,-0.08364776193878143,-0.5765458521521175,-0.33009680704544947
NC_008268.1,Rhodococcus,Actinobacteria,65.34,TP,0,TP,-0.06416103572961376,-0.3664018483001179,-0.21528144201486582
NC_008268.1,Rhodococcus,Actinobacteria,65.34,TP,0,TP,0.06376929695663094,0.037131051047361294,0.05045017400199612
NC_008268.1,Rhodococcus,Actinobacteria,65.34,TP,0,TP,-0.0519925508027247,-0.2060619740734964,-0.12902726243811055
NC_008268.1,Rhodococcus,Actinobacteria,65.34,FP,51,frag,-0.06589602812909613,-0.3965324092225565,-0.2312142186758263
NC_008268.1,Rhodococcus,Actinobacteria,65.34,TP,0,TP,0.014187233485175218,-0.28365830820564214,-0.13473553736023347
NC_008268.1,Rhodococcus,Actinobacteria,65.34,TP,0,TP,0.05245724726699308,0.05423591940770507,0.053346583337349075
NC_008268.1,Rhodococcus,Actinobacteria,65.34,FP,198,neighbor,0.09339686504754331,0.06231341588201644,0.07785514046477987
NC_008268.1,Rhodococcus,Actinobacteria,65.34,FP,9,near,-0.05836078961717774,-0.25196679570262714,-0.15516379265990243
NC_008268.1,Rhodococcus,Actinobacteria,65.34,TP,0,TP,0.0971416147005191,-0.05140336806829282,0.02286912331611314
NC_008268.1,Rhodococcus,Actinobacteria,65.34,FP,560,intergenic,0.04282842282605633,-0.05355358845789908,-0.005362582815921373
NC_008268.1,Rhodococcus,Actinobacteria,65.34,TP,0,TP,-0.1197728858247018,-0.3892497377778753,-0.25451131180128855
NC_008268.1,Rhodococcus,Actinobacteria,65.34,FP,96,frag,0.016542469331028067,-0.09685392377881855,-0.04015572722389524
NC_008268.1,Rhodococcus,Actinobacteria,65.34,TP,0,TP,0.01917140206912388,-0.24105957001128003,-0.11094408397107808
NC_008268.1,Rhodococcus,Actinobacteria,65.34,TP,0,TP,-0.13256790802451376,-0.6198691058127821,-0.37621850691864794
NC_008268.1,Rhodococcus,Actinobacteria,65.34,TP,0,TP,-0.03701648418702538,-0.3141188832799685,-0.17556768373349693
NC_008268.1,Rhodococcus,Actinobacteria,65.34,TP,0,TP,-0.11534587758504694,-0.39369713682742075,-0.25452150720623384
NC_008268.1,Rhodococcus,Actinobacteria,65.34,FP,234,neighbor,0.02188510810780476,-0.18297176936002799,-0.08054333062611162
NC_008268.1,Rhodococcus,Actinobacteria,65.34,TP,0,TP,-0.05748356345987347,-0.3090688363917934,-0.18327619992583344
NC_008268.1,Rhodococcus,Actinobacteria,65.34,TP,0,TP,0.012544752361170926,-0.2911713777929698,-0.13931331271589945
NC_008268.1,Rhodococcus,Actinobacteria,65.34,TP,0,TP,0.09473086654573493,0.18651642700461862,0.14062364677517677
NC_008268.1,Rhodococcus,Actinobacteria,65.34,TP,0,TP,-0.027666718760509922,-0.5096134738101021,-0.26864009628530605
NC_008268.1,Rhodococcus,Actinobacteria,65.34,TP,0,TP,0.03348727329032546,-0.1306871163487358,-0.04859992152920517
NC_008268.1,Rhodococcus,Actinobacteria,65.34,TP,0,TP,-0.019896741333965906,-0.29347088876791927,-0.1566838150509426
NC_008268.1,Rhodococcus,Actinobacteria,65.34,FP,57,frag,-0.03807245063027551,-0.5780909252053178,-0.30808168791779666
NC_008268.1,Rhodococcus,Actinobacteria,65.34,TP,0,TP,0.07127823375941157,0.07478334798853581,0.07303079087397368
NC_008268.1,Rhodococcus,Actinobacteria,65.34,TP,0,TP,-0.1372987217836119,-0.6079998337179404,-0.37264927775077616
NC_008268.1,Rhodococcus,Actinobacteria,65.34,FP,111,neighbor,0.06545158295546306,-0.012451679411426397,0.026499951772018332
NC_008268.1,Rhodococcus,Actinobacteria,65.34,TP,0,TP,-0.1043721634266781,-0.44977482612099706,-0.2770734947738376
NC_008268.1,Rhodococcus,Actinobacteria,65.34,TP,0,TP,-0.03627916452722791,-0.40997899434402996,-0.22312907943562893
NC_008268.1,Rhodococcus,Actinobacteria,65.34,TP,0,TP,0.026716947714946333,-0.12670769224219924,-0.04999537226362646
NC_008268.1,Rhodococcus,Actinobacteria,65.34,TP,0,TP,-0.08038071882555377,-0.2677836226244473,-0.17408217072500054
NC_008268.1,Rhodococcus,Actinobacteria,65.34,FP,27,near,0.013660548595273289,-0.14848051455554484,-0.06740998298013577
NC_008268.1,Rhodococcus,Actinobacteria,65.34,TP,0,TP,0.008015763961793472,-0.09443500168648526,-0.043209618862345894
NC_008268.1,Rhodococcus,Actinobacteria,65.34,TP,0,TP,0.01002225412095162,-0.16329401579762787,-0.07663588083833812
NC_008268.1,Rhodococcus,Actinobacteria,65.34,TP,0,TP,-0.039802883699080145,-0.5342125246816544,-0.28700770419036725
NC_008268.1,Rhodococcus,Actinobacteria,65.34,TP,0,TP,0.07049105738605187,0.04858712176836448,0.059539089577208174
NC_008268.1,Rhodococcus,Actinobacteria,65.34,FP,123,neighbor,-0.00844226560018934,-0.13845934555495987,-0.07345080557757461
NC_008268.1,Rhodococcus,Actinobacteria,65.34,TP,0,TP,0.05420481579594778,-0.09130760817835792,-0.01855139619120507
NC_008268.1,Rhodococcus,Actinobacteria,65.34,TP,0,TP,0.07404820516623735,-0.14137453769427566,-0.033663166264019155
NC_008268.1,Rhodococcus,Actinobacteria,65.34,TP,0,TP,-0.0012071709811967443,-0.05459000664566958,-0.02789858881343316
NC_008268.1,Rhodococcus,Actinobacteria,65.34,TP,0,TP,-0.07854110709661792,-0.49475689824912694,-0.2866490026728724
NC_008268.1,Rhodococcus,Actinobacteria,65.34,TP,0,TP,-0.008939620833922864,-0.3422230108939395,-0.1755813158639312
NC_008268.1,Rhodococcus,Actinobacteria,65.34,TP,0,TP,0.13034128675062415,0.21484533719493726,0.17259331197278072
NC_008268.1,Rhodococcus,Actinobacteria,65.34,TP,0,TP,0.10770529437428161,0.12505287125298423,0.11637908281363292
NC_008268.1,Rhodococcus,Actinobacteria,65.34,FP,553,intergenic,-0.03645087874440378,-0.34821225828295965,-0.19233156851368172
NC_008268.1,Rhodococcus,Actinobacteria,65.34,TP,0,TP,-0.12078140784071488,-0.3199548179146937,-0.2203681128777043
NC_008268.1,Rhodococcus,Actinobacteria,65.34,TP,0,TP,0.02464951246055686,-0.049133431997201174,-0.012241959768322158
NC_008268.1,Rhodococcus,Actinobacteria,65.34,TP,0,TP,0.02644764805652097,-0.1645741140674346,-0.06906323300545682
NC_008268.1,Rhodococcus,Actinobacteria,65.34,TP,0,TP,-0.10301047962162854,-0.47904140338662204,-0.2910259415041253
NC_008268.1,Rhodococcus,Actinobacteria,65.34,TP,0,TP,-0.025388546246490524,-0.25043821265376565,-0.13791337945012808
NC_008268.1,Rhodococcus,Actinobacteria,65.34,TP,0,TP,-0.12359948275324797,-0.34876810512591805,-0.236183793939583
NC_008268.1,Rhodococcus,Actinobacteria,65.34,TP,0,TP,0.1385205991647536,-0.07947092852424831,0.029524835320252643
NC_008268.1,Rhodococcus,Actinobacteria,65.34,TP,0,TP,-0.005752042043014664,-0.42912544383976226,-0.21743874294138846
NC_008268.1,Rhodococcus,Actinobacteria,65.34,TP,0,TP,0.005134686703219889,-0.29931775694885376,-0.14709153512281695
NC_008268.1,Rhodococcus,Actinobacteria,65.34,TP,0,TP,-0.04487256529037798,-0.3898988631623034,-0.21738571422634068
NC_008268.1,Rhodococcus,Actinobacteria,65.34,TP,0,TP,0.008022157626503438,-0.02625594167168188,-0.009116892022589222
NC_008268.1,Rhodococcus,Actinobacteria,65.34,TP,0,TP,0.03828149300804403,-0.06448078122678638,-0.013099644109371176
NC_008268.1,Rhodococcus,Actinobacteria,65.34,TP,0,TP,-0.07055029899309062,-0.24936494737415132,-0.15995762318362097
NC_008268.1,Rhodococcus,Actinobacteria,65.34,TP,0,TP,-0.07264920185288991,-0.43288329399753633,-0.25276624792521313
NC_008268.1,Rhodococcus,Actinobacteria,65.34,TP,0,TP,-0.011256956649257195,-0.30500289274917025,-0.15812992469921372
NC_008268.1,Rhodococcus,Actinobacteria,65.34,FP,78,frag,-0.043214066075521154,-0.06344452454029578,-0.05332929530790847
NC_008268.1,Rhodococcus,Actinobacteria,65.34,FP,114,neighbor,0.12825069047612678,0.09165822362973017,0.10995445705292847
NC_008268.1,Rhodococcus,Actinobacteria,65.34,FP,144,neighbor,0.060317395562770076,-0.10108525069859198,-0.02038392756791095
NC_008268.1,Rhodococcus,Actinobacteria,65.34,FP,60,frag,0.08181733525392663,-0.007279573324520072,0.03726888096470328
NC_008268.1,Rhodococcus,Actinobacteria,65.34,FP,1228,intergenic,0.0475897271940525,0.18207195871603546,0.11483084295504398
NC_008268.1,Rhodococcus,Actinobacteria,65.34,FP,93,frag,0.1019564120157232,0.03044705417719982,0.0662017330964615
NC_008268.1,Rhodococcus,Actinobacteria,65.34,TP,0,TP,-0.0998370083552236,-0.34620603938184613,-0.22302152386853485
NC_008268.1,Rhodococcus,Actinobacteria,65.34,TP,0,TP,-0.010893016043113827,-0.3159344322739095,-0.16341372415851166
NC_008268.1,Rhodococcus,Actinobacteria,65.34,TP,0,TP,0.07906163945726424,0.047911746138719735,0.06348669279799199
NC_008268.1,Rhodococcus,Actinobacteria,65.34,TP,0,TP,0.005749469547142639,-0.40098428716156886,-0.19761740880721312
NC_008268.1,Rhodococcus,Actinobacteria,65.34,TP,0,TP,0.0442929132673477,-0.183094204852798,-0.06940064579272515
NC_008268.1,Rhodococcus,Actinobacteria,65.34,TP,0,TP,-0.13148396961662764,-0.47894631164133655,-0.3052151406289821
NC_008268.1,Rhodococcus,Actinobacteria,65.34,TP,0,TP,-0.011243515497617788,-0.36416905242206565,-0.1877062839598417
NC_008268.1,Rhodococcus,Actinobacteria,65.34,FP,6,near,0.0053033957858701795,-0.11343343317525409,-0.054065018694691956
NC_008268.1,Rhodococcus,Actinobacteria,65.34,TP,0,TP,-0.07780457642812616,-0.144259936774705,-0.11103225660141558
NC_008268.1,Rhodococcus,Actinobacteria,65.34,FP,19,near,-0.162436932516155,-0.8197992063239752,-0.4911180694200651
NC_008268.1,Rhodococcus,Actinobacteria,65.34,FP,25,near,-0.0386942822920048,-0.13700991128889797,-0.08785209679045139
NC_008268.1,Rhodococcus,Actinobacteria,65.34,FP,63,frag,-0.09203368033146499,-0.46818745209090834,-0.2801105662111867
NC_008268.1,Rhodococcus,Actinobacteria,65.34,FP,373,intergenic,-0.08298613400135982,-0.38082554141029307,-0.23190583770582646
NC_008268.1,Rhodococcus,Actinobacteria,65.34,TP,0,TP,0.13918768305715973,0.2000523242859252,0.16962000367154245
NC_008268.1,Rhodococcus,Actinobacteria,65.34,TP,0,TP,-0.047843207622754846,-0.49216481800488837,-0.2700040128138216
NC_008268.1,Rhodococcus,Actinobacteria,65.34,TP,0,TP,-0.0001863276520592668,-0.11731148706918333,-0.0587489073606213
NC_008268.1,Rhodococcus,Actinobacteria,65.34,FP,201,neighbor,0.07047240040162185,-0.23506852457097197,-0.08229806208467505
NC_008268.1,Rhodococcus,Actinobacteria,65.34,TP,0,TP,0.03849551217731175,0.03605150649468882,0.037273509336000286
NC_008268.1,Rhodococcus,Actinobacteria,65.34,FP,969,intergenic,0.05808513319341155,0.23792034343125223,0.1480027383123319
NC_008268.1,Rhodococcus,Actinobacteria,65.34,FP,9,near,-0.0020103396198791756,-0.26832122410335446,-0.13516578186161682
NC_008268.1,Rhodococcus,Actinobacteria,65.34,TP,0,TP,-0.010505664785595078,-0.06511946671118948,-0.03781256574839228
NC_008268.1,Rhodococcus,Actinobacteria,65.34,FP,99,frag,0.060053290218425086,-0.003236065292312418,0.028408612463056333
NC_008268.1,Rhodococcus,Actinobacteria,65.34,TP,0,TP,-0.05676194623106312,-0.47955854415207283,-0.268160245191568
NC_008268.1,Rhodococcus,Actinobacteria,65.34,TP,0,TP,-0.08348071597887478,-0.3117888180000669,-0.19763476698947086
NC_008268.1,Rhodococcus,Actinobacteria,65.34,FP,138,neighbor,-0.07639596706064135,-0.40348114412398955,-0.23993855559231544
NC_008268.1,Rhodococcus,Actinobacteria,65.34,TP,0,TP,0.02466532428732672,0.007057415177622062,0.01586136973247439
NC_008268.1,Rhodococcus,Actinobacteria,65.34,FP,122,neighbor,-0.020782993504248518,-0.03640336192359968,-0.028593177713924098
NC_008268.1,Rhodococcus,Actinobacteria,65.34,FP,621,intergenic,-0.08906730669594912,-0.2898497168861162,-0.18945851179103268
NC_008268.1,Rhodococcus,Actinobacteria,65.34,TP,0,TP,-0.07644427875161407,-0.45307547904071155,-0.2647598788961628
NC_008268.1,Rhodococcus,Actinobacteria,65.34,TP,0,TP,0.08992025320333993,0.15384548015631197,0.12188286667982595
NC_008268.1,Rhodococcus,Actinobacteria,65.34,FP,96,frag,0.012376249667318007,-0.18090399379673272,-0.08426387206470735
NC_008268.1,Rhodococcus,Actinobacteria,65.34,FP,69,frag,-0.055109408015931886,-0.4066022671597416,-0.23085583758783676
NC_008268.1,Rhodococcus,Actinobacteria,65.34,FP,51,frag,0.06925512113834008,-0.060260514696634,0.004497303220853038
NC_008268.1,Rhodococcus,Actinobacteria,65.34,TP,0,TP,0.0738641558625486,-0.11874718423188071,-0.022441514184666056
NC_008268.1,Rhodococcus,Actinobacteria,65.34,TP,0,TP,0.007439600621708327,-0.0533353085200595,-0.022947853949175586
NC_008268.1,Rhodococcus,Actinobacteria,65.34,FP,8,near,-0.08130437654812468,-0.5120514301012286,-0.29667790332467664
NC_008268.1,Rhodococcus,Actinobacteria,65.34,FP,51,frag,-0.025950214233687537,-0.26250118702836145,-0.1442257006310245
NC_008268.1,Rhodococcus,Actinobacteria,65.34,TP,0,TP,-0.06376580831025318,-0.4677065750524349,-0.26573619168134405
NC_008268.1,Rhodococcus,Actinobacteria,65.34,TP,0,TP,-0.010712018248675292,-0.019878226603501758,-0.015295122426088525
NC_008268.1,Rhodococcus,Actinobacteria,65.34,TP,0,TP,-0.15061149572815963,-0.31371066617909377,-0.2321610809536267
NC_008268.1,Rhodococcus,Actinobacteria,65.34,TP,0,TP,-0.0875224881142491,-0.45723346714757296,-0.27237797763091104
NC_008268.1,Rhodococcus,Actinobacteria,65.34,FP,78,frag,0.06009948054478968,-0.06977317983067266,-0.004836849642941489
NC_008268.1,Rhodococcus,Actinobacteria,65.34,TP,0,TP,-0.07530940428264637,-0.08523275740967477,-0.08027108084616058
NC_008268.1,Rhodococcus,Actinobacteria,65.34,FP,115,neighbor,-0.06973933903014284,-0.5285911835898041,-0.29916526130997345
NC_008268.1,Rhodococcus,Actinobacteria,65.34,TP,0,TP,-0.12281521127464903,-0.16735212437270378,-0.1450836678236764
NC_008268.1,Rhodococcus,Actinobacteria,65.34,TP,0,TP,0.03079940284810097,-0.13586479620072467,-0.05253269667631185
NC_008268.1,Rhodococcus,Actinobacteria,65.34,TP,0,TP,-0.11737590637315212,-0.4807185817876892,-0.29904724408042066
NC_008268.1,Rhodococcus,Actinobacteria,65.34,FP,477,intergenic,-0.012641778636069507,-0.3546910524723323,-0.1836664155542009
NC_008268.1,Rhodococcus,Actinobacteria,65.34,FP,652,intergenic,0.09162037323924181,0.08710726488696637,0.08936381906310409
NC_008268.1,Rhodococcus,Actinobacteria,65.34,TP,0,TP,0.0464639113889298,-0.1702661092537916,-0.0619010989324309
NC_008268.1,Rhodococcus,Actinobacteria,65.34,FP,354,intergenic,0.029076359421088445,-0.11112386015873951,-0.04102375036882554
NC_008268.1,Rhodococcus,Actinobacteria,65.34,FP,160,neighbor,0.07196080681837173,-0.18773542386933711,-0.05788730852548269
NC_008268.1,Rhodococcus,Actinobacteria,65.34,TP,0,TP,-0.06853748306022614,-0.41340072729092936,-0.24096910517557774
NC_008268.1,Rhodococcus,Actinobacteria,65.34,FP,108,neighbor,-0.04707932167319792,-0.2745839608435624,-0.16083164125838018
NC_008268.1,Rhodococcus,Actinobacteria,65.34,TP,0,TP,0.052945864862613705,-0.14920340368229787,-0.04812876940984208
NC_008268.1,Rhodococcus,Actinobacteria,65.34,FP,102,neighbor,-0.1594837574105443,-0.4116236391039102,-0.28555369825722726
NC_008268.1,Rhodococcus,Actinobacteria,65.34,FP,40,frag,-0.056950533442876386,-0.3802753518767972,-0.21861294265983677
NC_008268.1,Rhodococcus,Actinobacteria,65.34,TP,0,TP,0.03565412133531041,-0.002562988941821942,0.016545566196744233
NC_008268.1,Rhodococcus,Actinobacteria,65.34,FP,105,neighbor,-0.021982554116337146,-0.5636379418033279,-0.2928102479598325
NC_008268.1,Rhodococcus,Actinobacteria,65.34,FP,319,intergenic,0.09009929422854554,-0.03611753185446034,0.0269908811870426
NC_008268.1,Rhodococcus,Actinobacteria,65.34,FP,5,near,-0.0014170146030217268,-0.2290176270228848,-0.11521732081295327
NC_008268.1,Rhodococcus,Actinobacteria,65.34,TP,0,TP,0.0005764613579013182,-0.2728626505014624,-0.13614309457178056
NC_008268.1,Rhodococcus,Actinobacteria,65.34,FP,393,intergenic,0.0638369602739426,0.06618892233813156,0.06501294130603708
NC_008268.1,Rhodococcus,Actinobacteria,65.34,FP,1017,intergenic,0.014824803036651464,-0.23549672081645098,-0.11033595888989976
NC_008268.1,Rhodococcus,Actinobacteria,65.34,TP,0,TP,0.047259097092169355,-0.12113913838471504,-0.036940020646272845
NC_008268.1,Rhodococcus,Actinobacteria,65.34,FP,88,frag,0.0623867576270006,-0.10351415480562878,-0.020563698589314092
NC_008268.1,Rhodococcus,Actinobacteria,65.34,FP,306,intergenic,-0.016968829772320504,-0.26258776524854355,-0.13977829751043203
NC_008268.1,Rhodococcus,Actinobacteria,65.34,FP,81,frag,0.029820475175935238,-0.08313249379072615,-0.026656009307395458
NC_008268.1,Rhodococcus,Actinobacteria,65.34,FP,234,neighbor,0.08863944699667409,-0.14672809929344838,-0.029044326148387145
NC_008268.1,Rhodococcus,Actinobacteria,65.34,FP,12,near,-0.005759224019535717,-0.10565726267711781,-0.05570824334832676
NC_008268.1,Rhodococcus,Actinobacteria,65.34,TP,0,TP,0.0055308678505094615,-0.13461405261996262,-0.06454159238472658
NC_008268.1,Rhodococcus,Actinobacteria,65.34,TP,0,TP,-0.03451397694875903,-0.21922252438142423,-0.12686825066509164
NC_008268.1,Rhodococcus,Actinobacteria,65.34,FP,46,frag,-0.05261601433594786,-0.4138765596560582,-0.23324628699600303
NC_008268.1,Rhodococcus,Actinobacteria,65.34,FP,388,intergenic,0.03930042997457974,0.006762096859438316,0.023031263417009028
NC_008268.1,Rhodococcus,Actinobacteria,65.34,TP,0,TP,-0.04049007716539919,-0.36216077315078293,-0.20132542515809107
NC_008268.1,Rhodococcus,Actinobacteria,65.34,FP,126,neighbor,0.15436124715185737,0.1534962824165696,0.15392876478421347
NC_008268.1,Rhodococcus,Actinobacteria,65.34,FP,596,intergenic,0.11443063789644725,0.1662661133319503,0.14034837561419877
NC_008268.1,Rhodococcus,Actinobacteria,65.34,FP,12,near,0.09301450949594355,0.054810894389358114,0.07391270194265083
NC_008268.1,Rhodococcus,Actinobacteria,65.34,TP,0,TP,-0.08696651580394743,-0.28779403122974684,-0.18738027351684713
NC_008268.1,Rhodococcus,Actinobacteria,65.34,FP,83,frag,-0.04782862121591762,-0.37093486893222477,-0.2093817450740712
NC_008268.1,Rhodococcus,Actinobacteria,65.34,FP,408,intergenic,-0.04623102570304714,-0.31307599255530505,-0.1796535091291761
NC_008268.1,Rhodococcus,Actinobacteria,65.34,TP,0,TP,-0.04256724685249533,-0.23061026697910733,-0.13658875691580133
NC_008268.1,Rhodococcus,Actinobacteria,65.34,FP,259,neighbor,0.1072382496297685,0.03056518151228218,0.06890171557102534
NC_008268.1,Rhodococcus,Actinobacteria,65.34,FP,105,neighbor,-0.09027203727436325,-0.4432190650734036,-0.26674555117388343
NC_008268.1,Rhodococcus,Actinobacteria,65.34,TP,0,TP,0.10790893955099344,-0.004905309296194815,0.05150181512739931
NC_008268.1,Rhodococcus,Actinobacteria,65.34,FP,364,intergenic,-0.08618493547064622,-0.3104359020548394,-0.1983104187627428
NC_008268.1,Rhodococcus,Actinobacteria,65.34,TP,0,TP,0.08019678498663249,0.18838286190411752,0.134289823445375
NC_008268.1,Rhodococcus,Actinobacteria,65.34,FP,556,intergenic,-0.1535115410059035,-0.3748821505703141,-0.2641968457881088
NC_008268.1,Rhodococcus,Actinobacteria,65.34,TP,0,TP,-0.10021883986550151,-0.4577404285703125,-0.278979634217907
NC_008268.1,Rhodococcus,Actinobacteria,65.34,TP,0,TP,-0.008735275903355462,-0.4045901172351137,-0.20666269656923458
NC_008268.1,Rhodococcus,Actinobacteria,65.34,FP,156,neighbor,-0.022574221809852447,-0.19341392423908985,-0.10799407302447114
NC_008268.1,Rhodococcus,Actinobacteria,65.34,TP,0,TP,-0.10376696411821106,-0.45173901120666854,-0.2777529876624398
NC_008268.1,Rhodococcus,Actinobacteria,65.34,FP,66,frag,-0.10145717554695419,-0.30793464452662106,-0.2046959100367876
NC_008268.1,Rhodococcus,Actinobacteria,65.34,TP,0,TP,0.10184611285441605,0.020317448651073277,0.06108178075274467
NC_008268.1,Rhodococcus,Actinobacteria,65.34,FP,180,neighbor,0.03637916637401612,-0.17476036643044351,-0.0691906000282137
NC_008268.1,Rhodococcus,Actinobacteria,65.34,FP,210,neighbor,0.010425168589123738,-0.027887073311171663,-0.008730952361023963
NC_008268.1,Rhodococcus,Actinobacteria,65.34,TP,0,TP,0.06685326880112896,-0.01636555110231157,0.025243858849408697
NC_008268.1,Rhodococcus,Actinobacteria,65.34,TP,0,TP,-0.1120932248638392,-0.4353025745788933,-0.27369789972136627
NC_008268.1,Rhodococcus,Actinobacteria,65.34,TP,0,TP,0.10497098556779108,0.22955972993346166,0.16726535775062637
NC_008268.1,Rhodococcus,Actinobacteria,65.34,FP,570,intergenic,-0.053153074323744914,-0.5235868999350473,-0.2883699871293961
NC_008268.1,Rhodococcus,Actinobacteria,65.34,TP,0,TP,0.09049931079274552,-0.013875596693934966,0.038311857049405276
NC_008268.1,Rhodococcus,Actinobacteria,65.34,FP,87,frag,0.04092420391448855,-0.15986173618526464,-0.05946876613538805
NC_008268.1,Rhodococcus,Actinobacteria,65.34,FP,194,neighbor,0.042048481177537886,-0.33445113852435926,-0.14620132867341068
NC_008268.1,Rhodococcus,Actinobacteria,65.34,FP,186,neighbor,0.0022719817981534146,-0.20343342444330545,-0.10058072132257602
NC_008268.1,Rhodococcus,Actinobacteria,65.34,FP,42,frag,-0.07960765937396488,-0.5969751152526264,-0.3382913873132956
NC_008268.1,Rhodococcus,Actinobacteria,65.34,TP,0,TP,-0.049996096151504806,-0.1560487772619787,-0.10302243670674174
NC_008268.1,Rhodococcus,Actinobacteria,65.34,TP,0,TP,0.10458972278762128,0.0779871254453326,0.09128842411647695
NC_008268.1,Rhodococcus,Actinobacteria,65.34,TP,0,TP,0.10566499722534459,-0.2424102860769814,-0.0683726444258184
NC_008268.1,Rhodococcus,Actinobacteria,65.34,FP,171,neighbor,0.09597466509724602,-0.22575359745612075,-0.06488946617943736
NC_008268.1,Rhodococcus,Actinobacteria,65.34,TP,0,TP,-0.07805377712305343,-0.320838816026194,-0.19944629657462373
NC_008268.1,Rhodococcus,Actinobacteria,65.34,FP,36,frag,0.013662212593963592,-0.3552106392679484,-0.1707742133369924
NC_008268.1,Rhodococcus,Actinobacteria,65.34,TP,0,TP,-0.09339567337069331,-0.36630251861568797,-0.22984909599319064
NC_008268.1,Rhodococcus,Actinobacteria,65.34,FP,211,neighbor,-0.05086722759419639,-0.31257197915017654,-0.18171960337218646
NC_008268.1,Rhodococcus,Actinobacteria,65.34,FP,42,frag,-0.006873486196981323,-0.2504358940864087,-0.128654690141695
NC_008268.1,Rhodococcus,Actinobacteria,65.34,FP,78,frag,0.03904305777540624,0.15612559786135732,0.09758432781838178
NC_008268.1,Rhodococcus,Actinobacteria,65.34,FP,12,near,-0.011922663085324577,-0.3992711768628965,-0.20559691997411053
NC_008268.1,Rhodococcus,Actinobacteria,65.34,FP,195,neighbor,-0.13443911792898813,-0.41501278615955217,-0.27472595204427014
NC_008268.1,Rhodococcus,Actinobacteria,65.34,FP,66,frag,-0.048863741460889544,-0.2712882485646794,-0.1600759950127845
NC_008268.1,Rhodococcus,Actinobacteria,65.34,TP,0,TP,-0.142976006945707,-0.5176826352621184,-0.3303293211039127
NC_008268.1,Rhodococcus,Actinobacteria,65.34,TP,0,TP,-0.06820190473560928,-0.5158500319257087,-0.29202596833065897
NC_008268.1,Rhodococcus,Actinobacteria,65.34,FP,174,neighbor,-0.10605419252405947,-0.37795246587120274,-0.2420033291976311
NC_008268.1,Rhodococcus,Actinobacteria,65.34,FP,45,frag,-0.02220916330976408,-0.02217313339580045,-0.022191148352782263
NC_008268.1,Rhodococcus,Actinobacteria,65.34,FP,118,neighbor,0.05971850848209428,-0.09248840911828396,-0.01638495031809484
NC_008268.1,Rhodococcus,Actinobacteria,65.34,TP,0,TP,0.09589204004944847,-0.18147068330328367,-0.0427893216269176
NC_008268.1,Rhodococcus,Actinobacteria,65.34,TP,0,TP,-0.056076508068150586,-0.3972671243105907,-0.22667181618937063
NC_008268.1,Rhodococcus,Actinobacteria,65.34,TP,0,TP,-0.056960019086290954,-0.43182086802698194,-0.24439044355663644
NC_008268.1,Rhodococcus,Actinobacteria,65.34,FP,359,intergenic,-0.11944856839332564,-0.46628769970202344,-0.29286813404767453
NC_008268.1,Rhodococcus,Actinobacteria,65.34,FP,135,neighbor,-0.07210100736485714,-0.3373703150034267,-0.2047356611841419
NC_008268.1,Rhodococcus,Actinobacteria,65.34,TP,0,TP,-0.004170099475698426,-0.19884894754248136,-0.1015095235090899
NC_008268.1,Rhodococcus,Actinobacteria,65.34,FP,66,frag,-0.07003439800672216,-0.43200744881772407,-0.2510209234122231
NC_008268.1,Rhodococcus,Actinobacteria,65.34,FP,31,frag,-0.03110487144618356,-0.30784072960677167,-0.16947280052647762
NC_008268.1,Rhodococcus,Actinobacteria,65.34,FP,240,neighbor,0.04193661065310816,-0.20706868158927705,-0.08256603546808444
NC_008268.1,Rhodococcus,Actinobacteria,65.34,FP,75,frag,-0.009495383617219251,-0.25648902601569007,-0.13299220481645466
NC_008268.1,Rhodococcus,Actinobacteria,65.34,TP,0,TP,0.03570615220859755,-0.19529934969119153,-0.07979659874129699
NC_008268.1,Rhodococcus,Actinobacteria,65.34,FP,265,neighbor,0.09757625233118503,0.07951860097268977,0.0885474266519374
NC_008268.1,Rhodococcus,Actinobacteria,65.34,FP,315,intergenic,0.020933217065645476,-0.017838586924386845,0.0015473150706293154
NC_008268.1,Rhodococcus,Actinobacteria,65.34,FP,57,frag,0.04371391152636003,-0.3672142993059623,-0.1617501938898011
NC_008268.1,Rhodococcus,Actinobacteria,65.34,TP,0,TP,0.08310380837149887,0.03654474581532341,0.05982427709341114
NC_008268.1,Rhodococcus,Actinobacteria,65.34,FP,138,neighbor,0.007976258375379313,-0.24796986180267594,-0.11999680171364831
NC_008268.1,Rhodococcus,Actinobacteria,65.34,TP,0,TP,-0.011947897125840257,-0.3350120141158676,-0.17347995562085394
NC_008268.1,Rhodococcus,Actinobacteria,65.34,FP,18,near,-0.025862361455280335,0.040920176363504625,0.007528907454112145
NC_008268.1,Rhodococcus,Actinobacteria,65.34,TP,0,TP,-0.061225282513853806,-0.2973440750805672,-0.1792846787972105
NC_008268.1,Rhodococcus,Actinobacteria,65.34,FP,507,intergenic,-0.009445196647333157,-0.07757274706560935,-0.043508971856471255
NC_008268.1,Rhodococcus,Actinobacteria,65.34,FP,293,neighbor,0.11319954828656288,-0.06525384258247727,0.023972852852042807
NC_008268.1,Rhodococcus,Actinobacteria,65.34,FP,271,neighbor,-0.15648517227978048,-0.31719229314881686,-0.23683873271429867
NC_008268.1,Rhodococcus,Actinobacteria,65.34,TP,0,TP,0.09964873678232612,-0.2611602267438272,-0.08075574498075055
NC_008268.1,Rhodococcus,Actinobacteria,65.34,FP,18,near,-0.009668218245415024,-0.34800902585036725,-0.17883862204789114
NC_008268.1,Rhodococcus,Actinobacteria,65.34,TP,0,TP,-0.1111200667579709,-0.19105644987431844,-0.15108825831614467
NC_008268.1,Rhodococcus,Actinobacteria,65.34,TP,0,TP,-0.12746618964037376,-0.33848085434591085,-0.2329735219931423
NC_008268.1,Rhodococcus,Actinobacteria,65.34,TP,0,TP,-0.0594261596468165,-0.2837827199945394,-0.17160443982067797
NC_008268.1,Rhodococcus,Actinobacteria,65.34,TP,0,TP,0.06859280238716134,0.18144767171578877,0.12502023705147505
NC_008268.1,Rhodococcus,Actinobacteria,65.34,FP,315,intergenic,0.05114445419184198,-0.21129421549412086,-0.08007488065113944
NC_008268.1,Rhodococcus,Actinobacteria,65.34,FP,47,frag,0.044205546969074305,-0.1173057634305735,-0.0365501082307496
NC_008268.1,Rhodococcus,Actinobacteria,65.34,FP,234,neighbor,0.05209279683958717,0.005396214756113693,0.02874450579785043
NC_008268.1,Rhodococcus,Actinobacteria,65.34,TP,0,TP,-0.10347095564361884,-0.3730368467137481,-0.23825390117868347
NC_008268.1,Rhodococcus,Actinobacteria,65.34,FP,21,near,-0.03437282913806475,-0.3744837968145937,-0.20442831297632924
NC_008268.1,Rhodococcus,Actinobacteria,65.34,FP,42,frag,0.10019871487861588,-0.15884071235189764,-0.02932099873664088
NC_008268.1,Rhodococcus,Actinobacteria,65.34,TP,0,TP,-0.17911606423915932,-0.4069789477555716,-0.29304750599736545
NC_008268.1,Rhodococcus,Actinobacteria,65.34,TP,0,TP,0.01970555751267895,-0.2101315145165806,-0.09521297850195083
NC_008268.1,Rhodococcus,Actinobacteria,65.34,FP,91,frag,-0.024581817844102242,-0.22382006594753606,-0.12420094189581915
NC_008268.1,Rhodococcus,Actinobacteria,65.34,FP,168,neighbor,-0.09669659271138281,-0.23736643322798584,-0.16703151296968433
NC_008268.1,Rhodococcus,Actinobacteria,65.34,TP,0,TP,-0.049244361618652734,-0.3422126065958011,-0.19572848410722693
NC_008268.1,Rhodococcus,Actinobacteria,65.34,FP,93,frag,-0.0772597393995395,-0.5092412514515047,-0.29325049542552206
NC_008268.1,Rhodococcus,Actinobacteria,65.34,TP,0,TP,0.030927621909264975,-0.010512034304822037,0.01020779380222147
NC_008268.1,Rhodococcus,Actinobacteria,65.34,FP,69,frag,0.021239261916382427,-0.1206684307651507,-0.04971458442438414
NC_008268.1,Rhodococcus,Actinobacteria,65.34,FP,303,intergenic,-0.07733895872625354,-0.2611783435058257,-0.1692586511160396
NC_008268.1,Rhodococcus,Actinobacteria,65.34,TP,0,TP,-0.020104273396926685,-0.23353097206047266,-0.12681762272869967
NC_008268.1,Rhodococcus,Actinobacteria,65.34,FP,596,intergenic,0.09972001362207976,0.04397973399457271,0.07184987380832623
NC_008268.1,Rhodococcus,Actinobacteria,65.34,TP,0,TP,-0.11246750504331876,-0.5964641209546165,-0.3544658129989676
NC_008268.1,Rhodococcus,Actinobacteria,65.34,FP,15,near,0.03146537326641289,-0.047774957647780524,-0.008154792190683817
NC_008268.1,Rhodococcus,Actinobacteria,65.34,FP,453,intergenic,-0.03833299007871555,-0.3416879196792621,-0.19001045487898882
NC_008268.1,Rhodococcus,Actinobacteria,65.34,TP,0,TP,0.010967283340412356,0.1725085498293538,0.09173791658488308
NC_008268.1,Rhodococcus,Actinobacteria,65.34,TP,0,TP,0.0666292548223114,-0.05663684584992197,0.004996204486194714
NC_008268.1,Rhodococcus,Actinobacteria,65.34,TP,3,TP,0.0566716909862753,-0.4509374639244356,-0.19713288646908017
NC_008268.1,Rhodococcus,Actinobacteria,65.34,FP,69,frag,-0.028331491118619566,-0.3341260896922392,-0.18122879040542939
NC_008268.1,Rhodococcus,Actinobacteria,65.34,TP,0,TP,-0.01641485385662615,-0.15480400099751038,-0.08560942742706826
NC_008268.1,Rhodococcus,Actinobacteria,65.34,FP,337,intergenic,0.15674189519016532,0.2773263465382634,0.21703412086421436
NC_008268.1,Rhodococcus,Actinobacteria,65.34,TP,0,TP,-0.09713894678114816,-0.6315827746119027,-0.36436086069652546
NC_008268.1,Rhodococcus,Actinobacteria,65.34,TP,0,TP,0.03541209088292708,-0.0772540765667955,-0.020920992841934213
NC_008268.1,Rhodococcus,Actinobacteria,65.34,TP,0,TP,-0.03904141630938725,-0.30792833700631234,-0.17348487665784978
NC_008268.1,Rhodococcus,Actinobacteria,65.34,TP,0,TP,-0.07630503545191823,-0.40366425933471817,-0.2399846473933182
NC_008268.1,Rhodococcus,Actinobacteria,65.34,TP,0,TP,-0.03347586917582627,-0.283005503725299,-0.15824068645056263
NC_008268.1,Rhodococcus,Actinobacteria,65.34,TP,0,TP,-0.0578658592568227,-0.4021874501622406,-0.23002665470953165
NC_008268.1,Rhodococcus,Actinobacteria,65.34,FP,66,frag,-0.05295745125593617,-0.2649746455898502,-0.15896604842289316
NC_008268.1,Rhodococcus,Actinobacteria,65.34,TP,0,TP,0.07359578291601636,0.10188302049838001,0.08773940170719818
NC_008268.1,Rhodococcus,Actinobacteria,65.34,FP,498,intergenic,0.0824560794707042,0.04607437423703473,0.06426522685386947
NC_008268.1,Rhodococcus,Actinobacteria,65.34,FP,18,near,-0.0539046995143958,-0.34493859133720195,-0.19942164542579888
NC_008268.1,Rhodococcus,Actinobacteria,65.34,FP,156,neighbor,-0.053039598631774015,-0.30086444949792435,-0.17695202406484917
NC_008268.1,Rhodococcus,Actinobacteria,65.34,TP,0,TP,-0.03073755551935946,-0.2631513718121994,-0.14694446366577943
NC_008268.1,Rhodococcus,Actinobacteria,65.34,FP,161,neighbor,0.09684526299532123,0.10708195876922985,0.10196361088227554
NC_008268.1,Rhodococcus,Actinobacteria,65.34,TP,0,TP,0.005671850605888314,-0.015872145111012516,-0.005100147252562101
NC_008268.1,Rhodococcus,Actinobacteria,65.34,FP,6,near,0.014172647475862969,-0.29093504518251906,-0.13838119885332806
NC_008268.1,Rhodococcus,Actinobacteria,65.34,FP,109,neighbor,0.027321480255461238,-0.2700803590868226,-0.12137943941568068
NC_008268.1,Rhodococcus,Actinobacteria,65.34,TP,0,TP,0.06857043997292772,0.18163016437893803,0.12510030217593288
NC_008268.1,Rhodococcus,Actinobacteria,65.34,TP,0,TP,0.037751876807712866,0.02551835986151616,0.03163511833461451
NC_008268.1,Rhodococcus,Actinobacteria,65.34,TP,0,TP,0.010971571788739946,-0.1399695701941873,-0.06449899920272367
NC_008268.1,Rhodococcus,Actinobacteria,65.34,TP,0,TP,0.06670609929867956,-0.07895991106911779,-0.006126905885219115
NC_008268.1,Rhodococcus,Actinobacteria,65.34,FP,65,frag,-0.1339599866032882,-0.44957379979548123,-0.2917668931993847
NC_008268.1,Rhodococcus,Actinobacteria,65.34,FP,135,neighbor,0.017093379146365113,-0.049482064634717916,-0.0161943427441764
NC_008268.1,Rhodococcus,Actinobacteria,65.34,FP,114,neighbor,0.014352951281351523,-0.2853896210086063,-0.1355183348636274
NC_008268.1,Rhodococcus,Actinobacteria,65.34,FP,282,neighbor,-0.01698056069214715,-0.2901263678138569,-0.15355346425300204
NC_008268.1,Rhodococcus,Actinobacteria,65.34,TP,0,TP,0.0066386901115542685,-0.1608937346063705,-0.07712752224740811
NC_008268.1,Rhodococcus,Actinobacteria,65.34,FP,161,neighbor,-0.01987084214140893,0.03038041409575527,0.00525478597717317
NC_008268.1,Rhodococcus,Actinobacteria,65.34,FP,96,frag,-0.08903588989596779,-0.17882496321346722,-0.1339304265547175
NC_008268.1,Rhodococcus,Actinobacteria,65.34,FP,24,near,-0.0014394290346061212,-0.1994548125509951,-0.1004471207928006
NC_008268.1,Rhodococcus,Actinobacteria,65.34,FP,24,near,0.0018584617593139304,-0.09378442410722201,-0.04596298117395404
NC_008268.1,Rhodococcus,Actinobacteria,65.34,FP,143,neighbor,-0.06103304111391239,-0.3293180741060674,-0.1951755576099899
NC_008268.1,Rhodococcus,Actinobacteria,65.34,TP,0,TP,0.0005587280405184932,-0.27763662109255877,-0.13853894652602014
NC_008268.1,Rhodococcus,Actinobacteria,65.34,FP,73,frag,0.07245610293542602,0.009918371325876762,0.041187237130651394
NC_008268.1,Rhodococcus,Actinobacteria,65.34,TP,0,TP,0.152739947646662,0.13805056643936808,0.14539525704301504
NC_008268.1,Rhodococcus,Actinobacteria,65.34,TP,0,TP,-0.04068918220262887,-0.44368575182734277,-0.2421874670149858
NC_008268.1,Rhodococcus,Actinobacteria,65.34,TP,0,TP,-0.061854061514857034,-0.24129134360257254,-0.1515727025587148
NC_008268.1,Rhodococcus,Actinobacteria,65.34,TP,0,TP,0.1051513085334752,-0.06857436816365023,0.018288470184912482
NC_008268.1,Rhodococcus,Actinobacteria,65.34,FP,756,intergenic,0.12394973523766263,-0.006037621832707884,0.058956056702477375
NC_008268.1,Rhodococcus,Actinobacteria,65.34,TP,0,TP,-0.08593133594963925,-0.1422292711197585,-0.11408030353469888
NC_008268.1,Rhodococcus,Actinobacteria,65.34,FP,93,frag,-0.07631747993019526,-0.32255950906992015,-0.1994384945000577
NC_008268.1,Rhodococcus,Actinobacteria,65.34,FP,42,frag,0.09490218744040485,0.1520244101444966,0.12346329879245073
NC_008268.1,Rhodococcus,Actinobacteria,65.34,TP,0,TP,-0.13486488347845196,-0.3193564468109983,-0.2271106651447251
NC_008268.1,Rhodococcus,Actinobacteria,65.34,FP,24,near,-0.049346554558749985,-0.2772196264413765,-0.16328309050006323
NC_008268.1,Rhodococcus,Actinobacteria,65.34,FP,99,frag,-0.055415052207748755,-0.3908732973140793,-0.22314417476091403
NC_008268.1,Rhodococcus,Actinobacteria,65.34,TP,0,TP,-0.09819579743365144,-0.5217542429195816,-0.30997502017661654
NC_008268.1,Rhodococcus,Actinobacteria,65.34,FP,444,intergenic,0.12191633495050216,0.12297370617632027,0.12244502056341122
NC_008268.1,Rhodococcus,Actinobacteria,65.34,FP,138,neighbor,-0.017962715091041068,0.030818122327920604,0.006427703618439768
NC_008268.1,Rhodococcus,Actinobacteria,65.34,TP,0,TP,0.11124566038284106,-0.07634679980845718,0.01744943028719194
NC_008268.1,Rhodococcus,Actinobacteria,65.34,TP,0,TP,0.008860345592068814,0.10194899421147027,0.055404669901769545
NC_008268.1,Rhodococcus,Actinobacteria,65.34,TP,0,TP,0.09934480013434926,0.05506264126477376,0.07720372069956151
NC_008268.1,Rhodococcus,Actinobacteria,65.34,FP,138,neighbor,0.07427258646966782,-0.21874757009565968,-0.07223749181299594
NC_008268.1,Rhodococcus,Actinobacteria,65.34,TP,0,TP,-0.04143690815428371,-0.1229289042487693,-0.0821829062015265
NC_008268.1,Rhodococcus,Actinobacteria,65.34,TP,0,TP,0.08618083509313076,-0.10221911942833799,-0.008019142167603611
NC_008268.1,Rhodococcus,Actinobacteria,65.34,FP,92,frag,-0.13386295919030122,-0.5543044631462457,-0.34408371116827347
NC_008268.1,Rhodococcus,Actinobacteria,65.34,TP,0,TP,0.08233765997835932,-0.3584915033831422,-0.13807692170239144
NC_008268.1,Rhodococcus,Actinobacteria,65.34,FP,225,neighbor,0.039675262285269734,-0.07243165042631147,-0.01637819407052087
NC_008268.1,Rhodococcus,Actinobacteria,65.34,TP,0,TP,0.08885457749604248,0.0041054176243662255,0.04647999756020435
NC_008268.1,Rhodococcus,Actinobacteria,65.34,TP,0,TP,0.05359939414730827,0.16453158485880337,0.10906548950305582
NC_008268.1,Rhodococcus,Actinobacteria,65.34,FP,78,frag,-0.014257641894807686,-0.26785359438005185,-0.14105561813742976
NC_008268.1,Rhodococcus,Actinobacteria,65.34,FP,76,frag,-0.01243503153730335,0.031739169466534635,0.009652068964615642
NC_008268.1,Rhodococcus,Actinobacteria,65.34,FP,444,intergenic,0.019096582950287436,0.004702805352687278,0.011899694151487356
NC_008268.1,Rhodococcus,Actinobacteria,65.34,FP,118,neighbor,-0.04661104373397838,-0.42905272109937087,-0.23783188241667463
NC_008268.1,Rhodococcus,Actinobacteria,65.34,TP,0,TP,0.046726863947224,-0.06339925486652262,-0.00833619545964931
NC_008268.1,Rhodococcus,Actinobacteria,65.34,TP,0,TP,0.03987823835656504,-0.25572635845223246,-0.10792406004783371
NC_008268.1,Rhodococcus,Actinobacteria,65.34,TP,0,TP,-0.14261894823954696,-0.5305428089289244,-0.3365808785842357
NC_008268.1,Rhodococcus,Actinobacteria,65.34,TP,0,TP,-0.00833965009569179,-0.16348949852613046,-0.08591457431091112
NC_008268.1,Rhodococcus,Actinobacteria,65.34,FP,133,neighbor,-0.044871253892012436,-0.2196893695312788,-0.13228031171164562
NC_008268.1,Rhodococcus,Actinobacteria,65.34,TP,0,TP,0.012533944198481351,-0.3542346566791913,-0.17085035624035497
NC_008268.1,Rhodococcus,Actinobacteria,65.34,FP,78,frag,0.006900796828282315,0.0002911690998267602,0.0035959829640545378
NC_008268.1,Rhodococcus,Actinobacteria,65.34,FP,447,intergenic,0.06812969060739675,-0.006960542801162007,0.030584573903117373
NC_008268.1,Rhodococcus,Actinobacteria,65.34,FP,12,near,0.0547247947895381,-0.31978845597642974,-0.1325318305934458
NC_008268.1,Rhodococcus,Actinobacteria,65.34,TP,0,TP,0.10423197105454941,0.11428260215760488,0.10925728660607714
NC_008268.1,Rhodococcus,Actinobacteria,65.34,TP,0,TP,-0.08598742401005428,-0.25986949064950055,-0.1729284573297774
NC_008268.1,Rhodococcus,Actinobacteria,65.34,FP,11,near,0.04104170256381536,-0.18973987851836113,-0.07434908797727288
NC_008268.1,Rhodococcus,Actinobacteria,65.34,TP,0,TP,0.01605745895926347,-0.07403542168625492,-0.028988981363495724
NC_008268.1,Rhodococcus,Actinobacteria,65.34,FP,129,neighbor,0.043597742719919334,-0.0259574510171106,0.008820145851404367
NC_008268.1,Rhodococcus,Actinobacteria,65.34,TP,0,TP,0.05344290663930309,0.01255721974001105,0.03300006318965707
NC_008268.1,Rhodococcus,Actinobacteria,65.34,FP,75,frag,0.07583659948970549,-0.16836274748021793,-0.04626307399525622
NC_008268.1,Rhodococcus,Actinobacteria,65.34,FP,193,neighbor,-0.12224711156905385,-0.24614614162050258,-0.1841966265947782
NC_008268.1,Rhodococcus,Actinobacteria,65.34,FP,331,intergenic,0.08016227779719619,0.09215155157311514,0.08615691468515566
NC_008268.1,Rhodococcus,Actinobacteria,65.34,FP,225,neighbor,-0.014633392156714583,-0.05902792249975306,-0.036830657328233825
NC_008268.1,Rhodococcus,Actinobacteria,65.34,FP,1344,intergenic,0.07400698536825771,-0.11223982478231705,-0.019116419707029667
NC_008268.1,Rhodococcus,Actinobacteria,65.34,FP,36,frag,0.029648016336260952,-0.08430613664598355,-0.0273290601548613
NC_008268.1,Rhodococcus,Actinobacteria,65.34,FP,218,neighbor,-0.12373156863338981,-0.44980098199911894,-0.28676627531625437
NC_008268.1,Rhodococcus,Actinobacteria,65.34,FP,135,neighbor,0.08883423960044658,-0.04698600313800938,0.0209241182312186
NC_008268.1,Rhodococcus,Actinobacteria,65.34,FP,442,intergenic,0.0675547933800163,0.005588189642940477,0.036571491511478385
NC_008268.1,Rhodococcus,Actinobacteria,65.34,TP,0,TP,-0.0020580278503895028,-0.2637331942965531,-0.1328956110734713
NC_008268.1,Rhodococcus,Actinobacteria,65.34,TP,0,TP,0.09327486359714948,0.1115618573575837,0.10241836047736659
NC_008268.1,Rhodococcus,Actinobacteria,65.34,FP,75,frag,0.055188816864616304,-0.09056056307181634,-0.01768587310360002
NC_008268.1,Rhodococcus,Actinobacteria,65.34,TP,0,TP,-0.023958135066718237,-0.37891235924816014,-0.20143524715743918
NC_008268.1,Rhodococcus,Actinobacteria,65.34,FP,132,neighbor,0.07875778553425643,0.14558196173462717,0.11216987363444181
NC_008268.1,Rhodococcus,Actinobacteria,65.34,FP,21,near,-0.02226966227032913,-0.14803799750542196,-0.08515382988787554
NC_008268.1,Rhodococcus,Actinobacteria,65.34,TP,0,TP,0.09141373111874505,0.03695536733926304,0.06418454922900405
NC_008268.1,Rhodococcus,Actinobacteria,65.34,FP,22,near,-0.060944872459251086,-0.32475743235346355,-0.1928511524063573
NC_008268.1,Rhodococcus,Actinobacteria,65.34,TP,0,TP,-0.1014987164924347,-0.5263986717959106,-0.31394869414417265
NC_008268.1,Rhodococcus,Actinobacteria,65.34,FP,195,neighbor,-0.042550918461131695,-0.33425622623687873,-0.1884035723490052
NC_008268.1,Rhodococcus,Actinobacteria,65.34,FP,24,near,-0.018494338020052698,-0.098436808819541,-0.05846557341979685
NC_008268.1,Rhodococcus,Actinobacteria,65.34,TP,0,TP,-0.06838881930888879,-0.2569536526269154,-0.1626712359679021
NC_008268.1,Rhodococcus,Actinobacteria,65.34,FP,324,intergenic,0.012387526531950025,-0.1709878230856205,-0.07930014827683524
NC_008268.1,Rhodococcus,Actinobacteria,65.34,FP,192,neighbor,0.07745791082205902,-0.09636182961972324,-0.009451959398832109
NC_008268.1,Rhodococcus,Actinobacteria,65.34,FP,507,intergenic,-0.04086789202506533,-0.15720406774236864,-0.09903597988371698
NC_008268.1,Rhodococcus,Actinobacteria,65.34,FP,63,frag,0.07186783861949829,-0.36890625584048137,-0.14851920861049153
NC_008268.1,Rhodococcus,Actinobacteria,65.34,FP,39,frag,-0.0713474945122042,-0.2541351631919184,-0.1627413288520613
NC_008268.1,Rhodococcus,Actinobacteria,65.34,FP,57,frag,-0.03451256522645162,-0.3485694059115175,-0.19154098556898458
NC_008268.1,Rhodococcus,Actinobacteria,65.34,FP,228,neighbor,-0.1061534611811221,-0.4024744438685559,-0.254313952524839
NC_008268.1,Rhodococcus,Actinobacteria,65.34,FP,76,frag,0.060584525486426816,-0.10395744385923536,-0.021686459186404272
NC_008268.1,Rhodococcus,Actinobacteria,65.34,TP,0,TP,0.04808140245619465,-0.01887080372585217,0.01460529936517124
NC_008268.1,Rhodococcus,Actinobacteria,65.34,TP,0,TP,-0.04960391138712481,-0.46007411141696936,-0.25483901140204707
NC_008268.1,Rhodococcus,Actinobacteria,65.34,TP,0,TP,-0.05946308824420825,-0.31566126845409953,-0.1875621783491539
NC_008268.1,Rhodococcus,Actinobacteria,65.34,TP,0,TP,0.037542314749282234,-0.26935816108306837,-0.11590792316689306
NC_008268.1,Rhodococcus,Actinobacteria,65.34,FP,12,near,0.04162685952660515,0.14766972332240869,0.09464829142450693
NC_008268.1,Rhodococcus,Actinobacteria,65.34,FP,71,frag,0.02381235401616474,-0.06740406531845836,-0.021795855651146806
NC_008268.1,Rhodococcus,Actinobacteria,65.34,FP,33,frag,0.14127659911233106,0.18367502167977676,0.1624758103960539
NC_008268.1,Rhodococcus,Actinobacteria,65.34,TP,0,TP,-0.03543031183610736,-0.4779483062865445,-0.2566893090613259
NC_008268.1,Rhodococcus,Actinobacteria,65.34,FP,37,frag,-0.05879676373961781,-0.46170361901714757,-0.2602501913783827
NC_008268.1,Rhodococcus,Actinobacteria,65.34,TP,0,TP,-0.014151799367691826,-0.2437762545205288,-0.12896402694411033
NC_008268.1,Rhodococcus,Actinobacteria,65.34,TP,0,TP,-0.027417215005795727,-0.12968312676468302,-0.07855017088523937
NC_008268.1,Rhodococcus,Actinobacteria,65.34,TP,0,TP,-0.0408510772441718,-0.4033587279365136,-0.2221049025903427
NC_008268.1,Rhodococcus,Actinobacteria,65.34,FP,259,neighbor,-0.09492895719396657,-0.3928829009070462,-0.2439059290505064
NC_008268.1,Rhodococcus,Actinobacteria,65.34,FP,84,frag,-0.08411361460223526,-0.22487099279936232,-0.1544923037007988
NC_008268.1,Rhodococcus,Actinobacteria,65.34,FP,162,neighbor,-0.04837786313666589,-0.2427141592258991,-0.1455460111812825
NC_008268.1,Rhodococcus,Actinobacteria,65.34,FP,124,neighbor,-0.02674492279229857,-0.32317549905984466,-0.1749602109260716
NC_008268.1,Rhodococcus,Actinobacteria,65.34,FP,438,intergenic,0.02957827723627749,-0.03568020897341029,-0.0030509658685663986
NC_008268.1,Rhodococcus,Actinobacteria,65.34,FP,63,frag,-0.14289444080304226,-0.4759888129320565,-0.3094416268675494
NC_008268.1,Rhodococcus,Actinobacteria,65.34,TP,0,TP,0.09431937921770293,0.10670945155057084,0.10051441538413688
NC_008268.1,Rhodococcus,Actinobacteria,65.34,FP,156,neighbor,0.05653059106244693,-0.10786793213163648,-0.025668670534594776
NC_008268.1,Rhodococcus,Actinobacteria,65.34,TP,0,TP,0.04989912309145007,0.04971404777457593,0.049806585433013
NC_008268.1,Rhodococcus,Actinobacteria,65.34,TP,0,TP,0.0064092211022718,-0.04049746359538346,-0.01704412124655583
NC_008268.1,Rhodococcus,Actinobacteria,65.34,FP,78,frag,-0.050283917001269884,-0.2646652403409611,-0.1574745786711155
NC_008268.1,Rhodococcus,Actinobacteria,65.34,FP,216,neighbor,0.04182648060550467,-0.06452183837436891,-0.011347678884432118
NC_008268.1,Rhodococcus,Actinobacteria,65.34,TP,0,TP,0.0892346754487022,0.04756432438017697,0.06839949991443958
NC_008268.1,Rhodococcus,Actinobacteria,65.34,TP,0,TP,-0.07833101243041748,-0.33864404418344163,-0.20848752830692957
NC_008268.1,Rhodococcus,Actinobacteria,65.34,TP,0,TP,-0.04978010950211195,-0.5411677034588791,-0.29547390648049554
NC_008268.1,Rhodococcus,Actinobacteria,65.34,TP,0,TP,0.02864005659853722,-0.19706970533166554,-0.08421482436656416
NC_003155.5,S. avermitilis,Actinobacteria,66.34,TP,0,TP,-0.04010991071303636,-0.24786525190017555,-0.14398758130660597
NC_003155.5,S. avermitilis,Actinobacteria,66.34,TP,0,TP,0.13528756838722888,-0.42875456977409954,-0.14673350069343533
NC_003155.5,S. avermitilis,Actinobacteria,66.34,TP,0,TP,0.10254883786709049,0.043089575696297545,0.07281920678169401
NC_003155.5,S. avermitilis,Actinobacteria,66.34,FP,270,neighbor,0.009784380735247329,0.005325735109165919,0.007555057922206624
NC_003155.5,S. avermitilis,Actinobacteria,66.34,TP,0,TP,0.14523769798482392,0.2723081727123372,0.20877293534858055
NC_003155.5,S. avermitilis,Actinobacteria,66.34,FP,437,intergenic,0.035602242714345304,-0.09011467449413076,-0.027256215889892726
NC_003155.5,S. avermitilis,Actinobacteria,66.34,TP,0,TP,0.1166284261116535,-0.005935343248893332,0.055346541431380084
NC_003155.5,S. avermitilis,Actinobacteria,66.34,FP,448,intergenic,0.08062722996685352,-0.17357487939472166,-0.04647382471393407
NC_003155.5,S. avermitilis,Actinobacteria,66.34,TP,0,TP,0.09705126032509549,-0.05136492727346962,0.022843166525812936
NC_003155.5,S. avermitilis,Actinobacteria,66.34,TP,0,TP,0.018565708093105114,-0.32795561071802054,-0.15469495131245772
NC_003155.5,S. avermitilis,Actinobacteria,66.34,TP,0,TP,0.08615894279022314,-0.13432797440905375,-0.024084515809415306
NC_003155.5,S. avermitilis,Actinobacteria,66.34,TP,0,TP,-0.07123350217862333,-0.4164533018109978,-0.24384340199481058
NC_003155.5,S. avermitilis,Actinobacteria,66.34,TP,0,TP,0.14218114747212976,0.0807440171028631,0.11146258228749642
NC_003155.5,S. avermitilis,Actinobacteria,66.34,TP,0,TP,0.0467798898077163,-0.28780159886290735,-0.12051085452759552
NC_003155.5,S. avermitilis,Actinobacteria,66.34,FP,47,frag,0.030116114711599806,-0.039668061400102775,-0.004775973344251484
NC_003155.5,S. avermitilis,Actinobacteria,66.34,FP,102,neighbor,0.08616450914325427,-0.1821535367352503,-0.04799451379599802
NC_003155.5,S. avermitilis,Actinobacteria,66.34,TP,0,TP,0.11859460051992485,-0.13757031039873907,-0.009487854939407112
NC_003155.5,S. avermitilis,Actinobacteria,66.34,TP,0,TP,0.058171373310765044,-0.3000105083644634,-0.12091956752684918
NC_003155.5,S. avermitilis,Actinobacteria,66.34,TP,0,TP,0.0886361030947403,0.12721784683033519,0.10792697496253775
NC_003155.5,S. avermitilis,Actinobacteria,66.34,TP,0,TP,0.2167588216619542,0.31065635448939233,0.2637075880756733
NC_003155.5,S. avermitilis,Actinobacteria,66.34,TP,0,TP,0.0702108756863429,0.13151134920193924,0.10086111244414107
NC_003155.5,S. avermitilis,Actinobacteria,66.34,FP,180,neighbor,-0.033106994918041956,-0.1450079216427973,-0.08905745828041962
NC_003155.5,S. avermitilis,Actinobacteria,66.34,TP,0,TP,0.12669267011615493,-0.07579524396120121,0.025448713077476856
NC_003155.5,S. avermitilis,Actinobacteria,66.34,TP,0,TP,0.08163195763693215,0.12494148684063404,0.1032867222387831
NC_003155.5,S. avermitilis,Actinobacteria,66.34,TP,0,TP,0.004525689965597716,-0.31657853223654087,-0.15602642113547158
NC_003155.5,S. avermitilis,Actinobacteria,66.34,TP,0,TP,0.0850014671613169,-0.012535784136008487,0.036232841512654206
NC_003155.5,S. avermitilis,Actinobacteria,66.34,FP,432,intergenic,0.19081265740840175,-0.0919210801970138,0.04944578860569398
NC_003155.5,S. avermitilis,Actinobacteria,66.34,FP,324,intergenic,-0.03552375094469629,-0.4207636615722201,-0.2281437062584582
NC_003155.5,S. avermitilis,Actinobacteria,66.34,TP,0,TP,-0.05461691824096964,-0.31210547471872657,-0.1833611964798481
NC_003155.5,S. avermitilis,Actinobacteria,66.34,TP,3,TP,0.10740066023230573,-0.0018737903604034046,0.05276343493595116
NC_003155.5,S. avermitilis,Actinobacteria,66.34,FP,96,frag,-0.05486632687662833,-0.3440496855320568,-0.19945800620434256
NC_003155.5,S. avermitilis,Actinobacteria,66.34,FP,63,frag,0.028338494594182133,-0.19672676558660881,-0.08419413549621334
NC_003155.5,S. avermitilis,Actinobacteria,66.34,FP,87,frag,-0.06871517225864045,-0.18587769399282691,-0.1272964331257337
NC_003155.5,S. avermitilis,Actinobacteria,66.34,TP,0,TP,0.21141551081406243,0.3677707111256737,0.28959311096986806
NC_003155.5,S. avermitilis,Actinobacteria,66.34,FP,168,neighbor,-0.0448309009412777,-0.11964611376913012,-0.08223850735520391
NC_003155.5,S. avermitilis,Actinobacteria,66.34,FP,63,frag,-0.020085207971942274,-0.40979253710273866,-0.21493887253734048
NC_003155.5,S. avermitilis,Actinobacteria,66.34,TP,0,TP,0.03062975145372988,-0.24188622553541633,-0.10562823704084323
NC_003155.5,S. avermitilis,Actinobacteria,66.34,FP,417,intergenic,0.17314077572690298,-0.07618758378181241,0.048476595972545285
NC_003155.5,S. avermitilis,Actinobacteria,66.34,FP,18,near,-0.00810597181559416,-0.05625102076771569,-0.03217849629165492
NC_003155.5,S. avermitilis,Actinobacteria,66.34,TP,0,TP,-0.01790574463064587,-0.21892429347096395,-0.11841501905080491
NC_003155.5,S. avermitilis,Actinobacteria,66.34,TP,0,TP,0.057732674938354475,-0.09049522203706317,-0.01638127354935435
NC_003155.5,S. avermitilis,Actinobacteria,66.34,TP,0,TP,0.0773522273205027,-0.056564893209293386,0.010393667055604659
NC_003155.5,S. avermitilis,Actinobacteria,66.34,FP,294,neighbor,-0.0016100225848468598,-0.45957449781834114,-0.230592260201594
NC_003155.5,S. avermitilis,Actinobacteria,66.34,FP,217,neighbor,-0.02268270617256055,-0.37604825656161295,-0.19936548136708676
NC_003155.5,S. avermitilis,Actinobacteria,66.34,FP,140,neighbor,0.004219005287317401,-0.0874859747411442,-0.041633484726913396
NC_003155.5,S. avermitilis,Actinobacteria,66.34,FP,39,frag,-0.15713715950686147,-0.3325299616912275,-0.2448335605990445
NC_003155.5,S. avermitilis,Actinobacteria,66.34,FP,120,neighbor,-0.12251209517940491,-0.5789618239045993,-0.35073695954200207
NC_003155.5,S. avermitilis,Actinobacteria,66.34,TP,0,TP,-0.043549548039623666,-0.5363811375390342,-0.2899653427893289
NC_003155.5,S. avermitilis,Actinobacteria,66.34,FP,469,intergenic,0.1336822055922492,-0.045302823078712605,0.04418969125676829
NC_003155.5,S. avermitilis,Actinobacteria,66.34,TP,0,TP,0.1461629385349499,0.11184762995022339,0.12900528424258664
NC_003155.5,S. avermitilis,Actinobacteria,66.34,FP,264,neighbor,-0.06223398100183601,-0.22520024902067776,-0.1437171150112569
NC_003155.5,S. avermitilis,Actinobacteria,66.34,FP,658,intergenic,0.045494183767244324,-0.05111318441434065,-0.0028095003235481635
NC_003155.5,S. avermitilis,Actinobacteria,66.34,FP,582,intergenic,-0.017212730754167894,-0.24829251657022552,-0.1327526236621967
NC_003155.5,S. avermitilis,Actinobacteria,66.34,TP,0,TP,0.14396852934445428,-0.1565708283741422,-0.006301149514843965
NC_003155.5,S. avermitilis,Actinobacteria,66.34,FP,117,neighbor,0.07468007571313606,0.12727404888370658,0.10097706229842132
NC_003155.5,S. avermitilis,Actinobacteria,66.34,FP,128,neighbor,0.0014038613316823027,-0.11067556467127204,-0.05463585166979487
NC_003155.5,S. avermitilis,Actinobacteria,66.34,TP,0,TP,-0.062187463099976505,-0.11693709706628823,-0.08956228008313237
NC_003155.5,S. avermitilis,Actinobacteria,66.34,TP,0,TP,0.03509657865980102,0.04218822068679344,0.03864239967329723
NC_003155.5,S. avermitilis,Actinobacteria,66.34,TP,0,TP,0.1193076224880348,-0.37703602443096357,-0.1288642009714644
NC_003155.5,S. avermitilis,Actinobacteria,66.34,TP,0,TP,0.020141510892846763,-0.17785759592485134,-0.07885804251600229
NC_003155.5,S. avermitilis,Actinobacteria,66.34,FP,450,intergenic,0.1753207422740078,0.03085537193189438,0.10308805710295109
NC_003155.5,S. avermitilis,Actinobacteria,66.34,TP,0,TP,-0.03691369565061938,-0.2934645559709175,-0.16518912581076842
NC_003155.5,S. avermitilis,Actinobacteria,66.34,TP,0,TP,0.2131035439191256,-0.01627975205867429,0.09841189593022565
NC_003155.5,S. avermitilis,Actinobacteria,66.34,TP,0,TP,0.15370254799233743,-0.08100707654165404,0.036347735725341696
NC_003155.5,S. avermitilis,Actinobacteria,66.34,TP,0,TP,0.046414801045076594,-0.23795334573278454,-0.09576927234385398
NC_003155.5,S. avermitilis,Actinobacteria,66.34,TP,0,TP,0.08184917584514105,-0.27267655877976227,-0.0954136914673106
NC_003155.5,S. avermitilis,Actinobacteria,66.34,TP,0,TP,0.11627559260167383,0.10035814306384268,0.10831686783275826
NC_003155.5,S. avermitilis,Actinobacteria,66.34,TP,0,TP,-0.03601640960543098,-0.5439651786797569,-0.28999079414259393
NC_003155.5,S. avermitilis,Actinobacteria,66.34,TP,0,TP,0.003482474077878332,-0.09017087356501108,-0.043344199743566375
NC_003155.5,S. avermitilis,Actinobacteria,66.34,FP,38,frag,0.09140268834569862,-0.17781067167686543,-0.043203991665583405
NC_003155.5,S. avermitilis,Actinobacteria,66.34,TP,0,TP,0.02930712931638008,-0.2206264356586111,-0.09565965317111551
NC_003155.5,S. avermitilis,Actinobacteria,66.34,TP,0,TP,0.0514593135337923,-0.3557072564754066,-0.15212397147080714
NC_003155.5,S. avermitilis,Actinobacteria,66.34,FP,33,frag,0.09073521468589263,0.11071697194362998,0.1007260933147613
NC_003155.5,S. avermitilis,Actinobacteria,66.34,TP,0,TP,0.05120828817016327,-0.0857624228939791,-0.017277067361907917
NC_003155.5,S. avermitilis,Actinobacteria,66.34,TP,0,TP,-0.05721161906965264,-0.44851233127656653,-0.2528619751731096
NC_003155.5,S. avermitilis,Actinobacteria,66.34,FP,585,intergenic,0.22183523185682194,0.1929362956872879,0.20738576377205492
NC_003155.5,S. avermitilis,Actinobacteria,66.34,TP,0,TP,0.17827469344219365,0.17755204687695142,0.17791337015957254
NC_003155.5,S. avermitilis,Actinobacteria,66.34,TP,0,TP,0.06840169075001867,-0.3405033226596494,-0.13605081595481536
NC_003155.5,S. avermitilis,Actinobacteria,66.34,TP,0,TP,0.14614501393171628,0.2388056888193894,0.19247535137555283
NC_003155.5,S. avermitilis,Actinobacteria,66.34,TP,0,TP,0.034389880497029186,-0.05963912413785266,-0.012624621820411738
NC_003155.5,S. avermitilis,Actinobacteria,66.34,TP,0,TP,0.05033740022040689,-0.1327214349038009,-0.041192017341697
NC_003155.5,S. avermitilis,Actinobacteria,66.34,TP,0,TP,0.12481581486140006,-0.10208886077892672,0.01136347704123667
NC_003155.5,S. avermitilis,Actinobacteria,66.34,TP,0,TP,0.012638990482899714,-0.1554110229363978,-0.07138601622674905
NC_003155.5,S. avermitilis,Actinobacteria,66.34,FP,283,neighbor,0.06469089797882527,-0.2577785644574092,-0.09654383323929197
NC_003155.5,S. avermitilis,Actinobacteria,66.34,FP,417,intergenic,-0.02526619953088082,-0.26646480023166036,-0.1458654998812706
NC_003155.5,S. avermitilis,Actinobacteria,66.34,FP,28,near,0.003461458828178839,-0.2252896658488311,-0.11091410351032613
NC_003155.5,S. avermitilis,Actinobacteria,66.34,TP,0,TP,0.23213882757665658,0.14270472773957935,0.18742177765811796
NC_003155.5,S. avermitilis,Actinobacteria,66.34,TP,0,TP,0.02944873480106196,-0.24673712369296724,-0.10864419444595264
NC_003155.5,S. avermitilis,Actinobacteria,66.34,TP,0,TP,0.16531838855587253,0.12071628651887423,0.1430173375373734
NC_003155.5,S. avermitilis,Actinobacteria,66.34,TP,0,TP,-0.0605066802025154,-0.4763470907559956,-0.2684268854792555
NC_003155.5,S. avermitilis,Actinobacteria,66.34,TP,0,TP,0.09571300768370036,-0.06790184955140362,0.013905579066148373
NC_003155.5,S. avermitilis,Actinobacteria,66.34,FP,294,neighbor,0.13153999739224057,-0.31959743695238385,-0.09402871978007164
NC_003155.5,S. avermitilis,Actinobacteria,66.34,FP,234,neighbor,-0.09328339555212134,-0.5439029919536587,-0.31859319375288997
NC_003155.5,S. avermitilis,Actinobacteria,66.34,FP,471,intergenic,0.03127063591659175,-0.16907516762317557,-0.0689022658532919
NC_003155.5,S. avermitilis,Actinobacteria,66.34,TP,0,TP,0.13027400933914562,0.00011244651174493469,0.06519322792544528
NC_003155.5,S. avermitilis,Actinobacteria,66.34,TP,0,TP,0.05367293002745891,-0.18491758762120228,-0.06562232879687169
NC_003155.5,S. avermitilis,Actinobacteria,66.34,FP,66,frag,0.10435300401396622,-0.06221596641248937,0.021068518800738425
NC_003155.5,S. avermitilis,Actinobacteria,66.34,FP,369,intergenic,0.13684648260488572,-0.18384574256486488,-0.023499629979989584
NC_003155.5,S. avermitilis,Actinobacteria,66.34,TP,0,TP,0.09356690319235597,0.06379267716743371,0.07867979017989485
NC_003155.5,S. avermitilis,Actinobacteria,66.34,FP,69,frag,0.13202785143309417,0.05992130231822301,0.0959745768756586
NC_003155.5,S. avermitilis,Actinobacteria,66.34,FP,42,frag,0.07878636189281162,-0.2364489678907681,-0.07883130299897825
NC_003155.5,S. avermitilis,Actinobacteria,66.34,FP,123,neighbor,-0.04429455429706834,-0.6169989864783538,-0.33064677038771106
NC_003155.5,S. avermitilis,Actinobacteria,66.34,TP,0,TP,0.07375710526263456,0.15033418436182727,0.11204564481223092
NC_003155.5,S. avermitilis,Actinobacteria,66.34,TP,0,TP,0.19558062693549824,0.27472909045215843,0.23515485869382835
NC_003155.5,S. avermitilis,Actinobacteria,66.34,TP,0,TP,0.1550147451734124,0.32414007660306365,0.23957741088823803
NC_003155.5,S. avermitilis,Actinobacteria,66.34,TP,0,TP,0.06839612226589722,-0.11175570617215272,-0.021679791953127747
NC_003155.5,S. avermitilis,Actinobacteria,66.34,FP,356,intergenic,0.12469623121736931,-0.32091739450883383,-0.09811058164573226
NC_003155.5,S. avermitilis,Actinobacteria,66.34,FP,98,frag,0.006560156113486215,-0.15908722895530758,-0.07626353642091069
NC_003155.5,S. avermitilis,Actinobacteria,66.34,FP,245,neighbor,-0.01059171468955545,-0.4424607441941163,-0.22652622944183587
NC_003155.5,S. avermitilis,Actinobacteria,66.34,TP,0,TP,0.10562598498281375,-0.015952123202375646,0.044836930890219055
NC_003155.5,S. avermitilis,Actinobacteria,66.34,TP,0,TP,0.07625165998180729,0.03340489849037383,0.05482827923609056
NC_003155.5,S. avermitilis,Actinobacteria,66.34,FP,912,intergenic,0.08772726230945622,0.22296344529289627,0.15534535380117626
NC_003155.5,S. avermitilis,Actinobacteria,66.34,TP,0,TP,0.10330043549678318,0.05960246105224058,0.08145144827451188
NC_003155.5,S. avermitilis,Actinobacteria,66.34,TP,0,TP,0.05808801976609838,-0.12437761132998588,-0.03314479578194375
NC_003155.5,S. avermitilis,Actinobacteria,66.34,TP,0,TP,0.1377602422396175,-0.010167641469741539,0.06379630038493798
NC_003155.5,S. avermitilis,Actinobacteria,66.34,TP,0,TP,0.0894009813632998,0.19438409850505778,0.14189253993417877
NC_003155.5,S. avermitilis,Actinobacteria,66.34,TP,0,TP,0.058179988185113746,-0.17129082425967468,-0.05655541803728047
NC_003155.5,S. avermitilis,Actinobacteria,66.34,FP,33,frag,0.16868154586602818,0.004830634165879389,0.08675609001595379
NC_003155.5,S. avermitilis,Actinobacteria,66.34,FP,207,neighbor,0.1821730724688962,0.2809889339021666,0.2315810031855314
NC_003155.5,S. avermitilis,Actinobacteria,66.34,TP,0,TP,0.07907876351411881,0.0014325590458931004,0.040255661280005954
NC_003155.5,S. avermitilis,Actinobacteria,66.34,FP,33,frag,-0.1435729164787022,-0.4894977384364715,-0.31653532745758683
NC_003155.5,S. avermitilis,Actinobacteria,66.34,FP,1266,intergenic,0.20041184856854363,0.4228338619177968,0.31162285524317024
NC_003155.5,S. avermitilis,Actinobacteria,66.34,TP,0,TP,0.1456416121240056,0.20066359238503323,0.1731526022545194
NC_003155.5,S. avermitilis,Actinobacteria,66.34,FP,2247,intergenic,0.22455488833057657,0.30441801982208716,0.26448645407633187
NC_003155.5,S. avermitilis,Actinobacteria,66.34,FP,189,neighbor,-0.05667731189756348,-0.46027808312705504,-0.25847769751230926
NC_003155.5,S. avermitilis,Actinobacteria,66.34,TP,3,TP,-0.17057876833309654,-0.44161499238786134,-0.30609688036047894
NC_003155.5,S. avermitilis,Actinobacteria,66.34,FP,237,neighbor,-0.024186000959220168,-0.5050840508469208,-0.2646350259030705
NC_003155.5,S. avermitilis,Actinobacteria,66.34,FP,93,frag,-0.050366984819638104,-0.44850833773727244,-0.24943766127845526
NC_003155.5,S. avermitilis,Actinobacteria,66.34,FP,204,neighbor,-0.11931638626750593,-0.4522084158319622,-0.28576240104973405
NC_003155.5,S. avermitilis,Actinobacteria,66.34,TP,0,TP,-0.05634801876610591,-0.5755862647617505,-0.3159671417639282
NC_003155.5,S. avermitilis,Actinobacteria,66.34,TP,0,TP,0.0868426255828588,-0.1435707875299613,-0.028364080973551253
NC_003155.5,S. avermitilis,Actinobacteria,66.34,TP,0,TP,0.0021590903450227,-0.18358257139470097,-0.09071174052483913
NC_003155.5,S. avermitilis,Actinobacteria,66.34,FP,101,neighbor,0.15086923402528143,0.23445016290118872,0.19265969846323508
NC_003155.5,S. avermitilis,Actinobacteria,66.34,FP,4,near,0.07618584600845844,-0.404896664033771,-0.16435540901265627
NC_003155.5,S. avermitilis,Actinobacteria,66.34,FP,27,near,0.018331459743932754,-0.12076043896625066,-0.05121448961115895
NC_003155.5,S. avermitilis,Actinobacteria,66.34,TP,0,TP,-0.0663528764394132,-0.1525164865040054,-0.1094346814717093
NC_003155.5,S. avermitilis,Actinobacteria,66.34,FP,20,near,-0.025164519420697456,-0.3659004243810827,-0.1955324719008901
NC_003155.5,S. avermitilis,Actinobacteria,66.34,TP,0,TP,0.07726105241193722,-0.13555017135749664,-0.02914455947277971
NC_003155.5,S. avermitilis,Actinobacteria,66.34,TP,0,TP,-0.05899577997075293,-0.5914064256864642,-0.32520110282860853
NC_003155.5,S. avermitilis,Actinobacteria,66.34,FP,48,frag,-0.041395157085010466,-0.4709616121457344,-0.25617838461537246
NC_003155.5,S. avermitilis,Actinobacteria,66.34,TP,0,TP,0.07346974122819058,-0.17208196322242558,-0.0493061109971175
NC_003155.5,S. avermitilis,Actinobacteria,66.34,TP,0,TP,0.057389612541801444,0.1124875041046515,0.08493855832322647
NC_003155.5,S. avermitilis,Actinobacteria,66.34,TP,0,TP,-0.029793129977818467,-0.09655520156575079,-0.06317416577178463
NC_003155.5,S. avermitilis,Actinobacteria,66.34,FP,18,near,0.03776409672637537,-0.27207305031375667,-0.11715447679369065
NC_003155.5,S. avermitilis,Actinobacteria,66.34,TP,0,TP,-0.09980316178646285,-0.5481672309063299,-0.3239851963463964
NC_003155.5,S. avermitilis,Actinobacteria,66.34,TP,0,TP,0.09532056989007648,-0.3468717064882753,-0.12577556829909942
NC_003155.5,S. avermitilis,Actinobacteria,66.34,FP,453,intergenic,0.13177617410723505,0.20276369882629694,0.167269936466766
NC_003155.5,S. avermitilis,Actinobacteria,66.34,FP,93,frag,-0.06337972280291382,-0.36866198081193247,-0.21602085180742314
NC_003155.5,S. avermitilis,Actinobacteria,66.34,TP,0,TP,0.15152659209831068,0.19568352664312058,0.17360505937071563
NC_003155.5,S. avermitilis,Actinobacteria,66.34,TP,0,TP,0.014050143574402795,-0.15893206279631827,-0.07244095961095774
NC_003155.5,S. avermitilis,Actinobacteria,66.34,TP,0,TP,0.14195415641681397,-0.08797631987325402,0.026988918271779974
NC_003155.5,S. avermitilis,Actinobacteria,66.34,TP,0,TP,0.11157555815195035,0.148395549294586,0.12998555372326817
NC_003155.5,S. avermitilis,Actinobacteria,66.34,FP,204,neighbor,0.08332525798074168,-0.12487036829083493,-0.020772555155046626
NC_003155.5,S. avermitilis,Actinobacteria,66.34,FP,141,neighbor,0.0975827478250307,0.06762330034021105,0.08260302408262088
NC_003155.5,S. avermitilis,Actinobacteria,66.34,FP,44,frag,0.03501886738037238,-0.12260461308013718,-0.0437928728498824
NC_003155.5,S. avermitilis,Actinobacteria,66.34,TP,0,TP,-0.09115131889201819,-0.36434680890607324,-0.2277490638990457
NC_003155.5,S. avermitilis,Actinobacteria,66.34,FP,40,frag,-0.0141931064069162,-0.0263301549234086,-0.0202616306651624
NC_003155.5,S. avermitilis,Actinobacteria,66.34,FP,72,frag,0.05035930477377614,-0.16712399524331828,-0.058382345234771066
NC_003155.5,S. avermitilis,Actinobacteria,66.34,TP,0,TP,0.030021246743120143,-0.15966610639074474,-0.0648224298238123
NC_003155.5,S. avermitilis,Actinobacteria,66.34,TP,0,TP,0.08325735590477569,-0.10350120006202346,-0.010121922078623884
NC_003155.5,S. avermitilis,Actinobacteria,66.34,FP,87,frag,-0.0773800189139744,-0.37502660585985553,-0.22620331238691496
NC_003155.5,S. avermitilis,Actinobacteria,66.34,TP,0,TP,0.06300475534761768,-0.08638051452425018,-0.011687879588316248
NC_003155.5,S. avermitilis,Actinobacteria,66.34,TP,0,TP,0.06777455654846279,-0.21031018998627288,-0.07126781671890504
NC_003155.5,S. avermitilis,Actinobacteria,66.34,TP,0,TP,-0.005146224508000803,-0.20677128722649557,-0.10595875586724819
NC_003155.5,S. avermitilis,Actinobacteria,66.34,TP,0,TP,0.041642598250395464,-0.13567371178029433,-0.04701555676494944
NC_003155.5,S. avermitilis,Actinobacteria,66.34,FP,305,intergenic,0.03626355910727407,-0.2950427471499296,-0.12938959402132777
NC_003155.5,S. avermitilis,Actinobacteria,66.34,TP,0,TP,0.20187232124164395,0.22439408545922107,0.2131332033504325
NC_003155.5,S. avermitilis,Actinobacteria,66.34,FP,21,near,0.20996255008965647,0.16692045424835628,0.18844150216900638
NC_003155.5,S. avermitilis,Actinobacteria,66.34,FP,85,frag,0.08694492542297425,-0.2860096012431178,-0.09953233791007178
NC_003155.5,S. avermitilis,Actinobacteria,66.34,FP,135,neighbor,-0.0503438590566212,-0.274198037078483,-0.1622709480675521
NC_003155.5,S. avermitilis,Actinobacteria,66.34,TP,0,TP,0.0672173146480463,-0.08569674473926411,-0.009239715045608908
NC_003155.5,S. avermitilis,Actinobacteria,66.34,TP,0,TP,-0.02017887180312267,-0.21316847671177186,-0.11667367425744726
NC_003155.5,S. avermitilis,Actinobacteria,66.34,TP,0,TP,-0.030800708279590576,-0.03241237787197306,-0.03160654307578182
NC_003155.5,S. avermitilis,Actinobacteria,66.34,TP,0,TP,0.22291853504047646,0.21174190162114143,0.21733021833080896
NC_003155.5,S. avermitilis,Actinobacteria,66.34,TP,0,TP,0.13933523878135692,0.31437461479512335,0.22685492678824015
NC_003155.5,S. avermitilis,Actinobacteria,66.34,FP,161,neighbor,-0.054610227688407065,-0.12598941219028675,-0.09029981993934691
NC_003155.5,S. avermitilis,Actinobacteria,66.34,TP,0,TP,0.2963208395124584,0.36085310532964743,0.32858697242105295
NC_003155.5,S. avermitilis,Actinobacteria,66.34,FP,311,intergenic,0.16610506337285477,0.11196169774905158,0.13903338056095318
NC_003155.5,S. avermitilis,Actinobacteria,66.34,FP,48,frag,0.03212865418008235,-0.08308265478068719,-0.025477000300302418
NC_003155.5,S. avermitilis,Actinobacteria,66.34,TP,0,TP,0.07129050133783348,-0.13232889703124756,-0.030519197846707043
NC_003155.5,S. avermitilis,Actinobacteria,66.34,TP,0,TP,0.15344238119558018,0.18903648017421518,0.17123943068489766
NC_003155.5,S. avermitilis,Actinobacteria,66.34,FP,161,neighbor,0.19701797489025263,-0.04182418040515614,0.07759689724254824
NC_003155.5,S. avermitilis,Actinobacteria,66.34,TP,0,TP,0.0148219931739078,-0.2901552240735811,-0.13766661544983663
NC_003155.5,S. avermitilis,Actinobacteria,66.34,TP,0,TP,0.207141853614741,0.22682804885300883,0.2169849512338749
NC_003155.5,S. avermitilis,Actinobacteria,66.34,TP,0,TP,0.04431749713360584,0.09075141879127742,0.06753445796244163
NC_003155.5,S. avermitilis,Actinobacteria,66.34,TP,0,TP,0.041778701543508844,0.023309852201352753,0.0325442768724308
NC_003155.5,S. avermitilis,Actinobacteria,66.34,TP,0,TP,-0.03807514795749896,-0.23255912486241642,-0.13531713640995768
NC_003155.5,S. avermitilis,Actinobacteria,66.34,TP,0,TP,-0.030211917421476404,-0.3311642876912352,-0.18068810255635578
NC_003155.5,S. avermitilis,Actinobacteria,66.34,TP,0,TP,0.128036997308174,0.1532921345130646,0.1406645659106193
NC_003155.5,S. avermitilis,Actinobacteria,66.34,TP,0,TP,0.06717024290159751,-0.1443058007870711,-0.03856777894273679
NC_003155.5,S. avermitilis,Actinobacteria,66.34,TP,0,TP,0.12419490306136112,0.1159397175876741,0.12006731032451762
NC_003155.5,S. avermitilis,Actinobacteria,66.34,TP,0,TP,0.07647926587065398,-0.08411787910859374,-0.003819306618969877
NC_003155.5,S. avermitilis,Actinobacteria,66.34,TP,0,TP,0.011878156475525021,-0.2776214672596787,-0.13287165539207682
NC_003155.5,S. avermitilis,Actinobacteria,66.34,TP,0,TP,0.07081392426605788,-0.08213699528095546,-0.005661535507448787
NC_003155.5,S. avermitilis,Actinobacteria,66.34,TP,0,TP,0.09598387037570694,0.1299920939511928,0.11298798216344987
NC_003155.5,S. avermitilis,Actinobacteria,66.34,FP,215,neighbor,0.048960927353414264,-0.13806501290790507,-0.04455204277724541
NC_003155.5,S. avermitilis,Actinobacteria,66.34,TP,0,TP,-0.02053934098844176,-0.15175395560760946,-0.08614664829802561
NC_003155.5,S. avermitilis,Actinobacteria,66.34,FP,33,frag,0.0088028324321814,-0.11079080259501595,-0.050993985081417274
NC_003155.5,S. avermitilis,Actinobacteria,66.34,TP,0,TP,0.1384112802967877,-0.207192619315272,-0.03439066950924215
NC_003155.5,S. avermitilis,Actinobacteria,66.34,TP,0,TP,0.10612766070547532,-0.2973067756151558,-0.09558955745484024
NC_003155.5,S. avermitilis,Actinobacteria,66.34,TP,0,TP,0.08250180767790667,0.09665572794664712,0.08957876781227689
NC_003155.5,S. avermitilis,Actinobacteria,66.34,TP,0,TP,0.12224408158949203,0.10727386124933247,0.11475897141941224
NC_003155.5,S. avermitilis,Actinobacteria,66.34,TP,0,TP,0.028488387551892203,-0.3131809284108151,-0.14234627042946144
NC_003155.5,S. avermitilis,Actinobacteria,66.34,TP,0,TP,-0.044862392243261225,-0.2924610240738801,-0.16866170815857065
NC_003155.5,S. avermitilis,Actinobacteria,66.34,FP,62,frag,0.011091374233319583,-0.023682094460200885,-0.006295360113440651
NC_003155.5,S. avermitilis,Actinobacteria,66.34,FP,152,neighbor,0.24206769285185412,0.17814941887740118,0.21010855586462765
NC_003155.5,S. avermitilis,Actinobacteria,66.34,FP,574,intergenic,0.013393901628974447,-0.10851455148856175,-0.04756032492979365
NC_003155.5,S. avermitilis,Actinobacteria,66.34,TP,0,TP,0.04341487790275333,-0.2064555837970133,-0.08152035294712998
NC_003155.5,S. avermitilis,Actinobacteria,66.34,TP,0,TP,0.17504696172117135,0.20728337642211372,0.19116516907164255
NC_003155.5,S. avermitilis,Actinobacteria,66.34,FP,78,frag,0.03436343007423588,-0.05516807301410367,-0.010402321469933893
NC_003155.5,S. avermitilis,Actinobacteria,66.34,TP,0,TP,0.21344212093367598,0.2913259936399264,0.2523840572868012
NC_003155.5,S. avermitilis,Actinobacteria,66.34,FP,238,neighbor,0.03354675914894471,-0.2979869000673901,-0.13222007045922268
NC_003155.5,S. avermitilis,Actinobacteria,66.34,TP,0,TP,0.1633053806306999,-0.05970480708314696,0.051800286773776474
NC_003155.5,S. avermitilis,Actinobacteria,66.34,FP,240,neighbor,0.07758412584624684,-0.30163673092919224,-0.1120263025414727
NC_003155.5,S. avermitilis,Actinobacteria,66.34,FP,204,neighbor,0.128445055485187,0.0261961197114843,0.07732058759833565
NC_003155.5,S. avermitilis,Actinobacteria,66.34,FP,294,neighbor,0.1031249625020358,-0.003604733727797793,0.049760114387119005
NC_003155.5,S. avermitilis,Actinobacteria,66.34,FP,102,neighbor,0.10256530434252298,-0.1928903671384262,-0.04516253139795161
NC_003155.5,S. avermitilis,Actinobacteria,66.34,FP,21,near,-0.0054871383831650656,-0.26903131025777827,-0.13725922432047166
NC_003155.5,S. avermitilis,Actinobacteria,66.34,FP,213,neighbor,0.14842174721761955,-0.015604983506578662,0.06640838185552045
NC_003155.5,S. avermitilis,Actinobacteria,66.34,FP,9,near,0.18389158264651778,0.006343542371257627,0.0951175625088877
NC_003155.5,S. avermitilis,Actinobacteria,66.34,TP,0,TP,-0.0068790884624135625,-0.13436957298111948,-0.07062433072176652
NC_003155.5,S. avermitilis,Actinobacteria,66.34,FP,542,intergenic,0.0783491751012915,-0.029665551979592662,0.024341811560849417
NC_003155.5,S. avermitilis,Actinobacteria,66.34,TP,0,TP,-0.09718223769475856,-0.5730774798115682,-0.33512985875316337
NC_003155.5,S. avermitilis,Actinobacteria,66.34,TP,0,TP,-0.14522112370510765,-0.1795776885026356,-0.16239940610387163
NC_003155.5,S. avermitilis,Actinobacteria,66.34,TP,0,TP,-0.043757727742739165,-0.46890296265541453,-0.2563303451990768
NC_003155.5,S. avermitilis,Actinobacteria,66.34,FP,366,intergenic,0.1447754374004764,0.031774950632487274,0.08827519401648184
NC_003155.5,S. avermitilis,Actinobacteria,66.34,FP,186,neighbor,-0.017448311658965092,-0.45042678427952937,-0.23393754796924723
NC_003155.5,S. avermitilis,Actinobacteria,66.34,FP,69,frag,-0.0035299765702478205,-0.31722933706044004,-0.16037965681534394
NC_003155.5,S. avermitilis,Actinobacteria,66.34,FP,221,neighbor,0.06721423119525767,0.13849710132020263,0.10285566625773016
NC_003155.5,S. avermitilis,Actinobacteria,66.34,TP,0,TP,0.08774309238369185,-0.1622859350094849,-0.03727142131289653
NC_003155.5,S. avermitilis,Actinobacteria,66.34,TP,0,TP,-0.018431253224251994,-0.3113565486790769,-0.16489390095166445
NC_003155.5,S. avermitilis,Actinobacteria,66.34,TP,0,TP,0.1484077474866453,0.17453848180042114,0.1614731146435332
NC_003155.5,S. avermitilis,Actinobacteria,66.34,FP,279,neighbor,0.039305303278707036,-0.47657416941286995,-0.21863443306708147
NC_003155.5,S. avermitilis,Actinobacteria,66.34,TP,0,TP,0.08226765844221168,0.14577863471275662,0.11402314657748415
NC_003155.5,S. avermitilis,Actinobacteria,66.34,TP,0,TP,0.029861205111609716,-0.21534856332859037,-0.09274367910849032
NC_003155.5,S. avermitilis,Actinobacteria,66.34,FP,92,frag,0.0020333962252408353,-0.2783899726777115,-0.13817828822623532
NC_003155.5,S. avermitilis,Actinobacteria,66.34,FP,72,frag,0.03925696228679906,-0.09519375003926242,-0.02796839387623168
NC_003155.5,S. avermitilis,Actinobacteria,66.34,FP,252,neighbor,0.11318539072160878,-0.23967142758669624,-0.06324301843254374
NC_003155.5,S. avermitilis,Actinobacteria,66.34,FP,114,neighbor,0.026828981571297088,-0.20464574244669081,-0.08890838043769686
NC_003155.5,S. avermitilis,Actinobacteria,66.34,FP,36,frag,-0.15936656567454885,-0.3611636460491582,-0.26026510586185353
NC_003155.5,S. avermitilis,Actinobacteria,66.34,FP,199,neighbor,0.18947070858071366,0.1304633506943766,0.1599670296375451
NC_003155.5,S. avermitilis,Actinobacteria,66.34,FP,27,near,0.05571993482035798,-0.18342020838707285,-0.06385013678335744
NC_003155.5,S. avermitilis,Actinobacteria,66.34,FP,282,neighbor,0.14197427766052872,-0.07418067807146755,0.033896799794530585
NC_003155.5,S. avermitilis,Actinobacteria,66.34,FP,447,intergenic,0.058105856257939334,-0.16888498656451958,-0.055389565153290125
NC_003155.5,S. avermitilis,Actinobacteria,66.34,TP,0,TP,-0.029665430328292313,-0.30796000147298275,-0.16881271590063754
NC_003155.5,S. avermitilis,Actinobacteria,66.34,FP,505,intergenic,0.020787431958240177,-0.4287766717286445,-0.20399461988520215
NC_003155.5,S. avermitilis,Actinobacteria,66.34,FP,123,neighbor,-0.13944335199774852,-0.5594380450527161,-0.3494406985252323
NC_003155.5,S. avermitilis,Actinobacteria,66.34,FP,600,intergenic,-0.056837781538594354,-0.13426137254074605,-0.09554957703967021
NC_003155.5,S. avermitilis,Actinobacteria,66.34,FP,111,neighbor,0.03183370346511841,-0.019233632726385962,0.006300035369366222
NC_003155.5,S. avermitilis,Actinobacteria,66.34,FP,165,neighbor,-0.02989808051525505,-0.5812129932262821,-0.30555553687076853
NC_003155.5,S. avermitilis,Actinobacteria,66.34,FP,6,near,-0.22417435742932929,-0.8335307898738634,-0.5288525736515963
NC_003155.5,S. avermitilis,Actinobacteria,66.34,FP,282,neighbor,0.16442169126882408,0.10710235930601612,0.1357620252874201
NC_003155.5,S. avermitilis,Actinobacteria,66.34,FP,6,near,0.1368091725382051,-0.11847293841331066,0.009168117062447217
NC_003155.5,S. avermitilis,Actinobacteria,66.34,FP,288,neighbor,0.06805682513975336,-0.08600783050120882,-0.008975502680727727
NC_003155.5,S. avermitilis,Actinobacteria,66.34,FP,46,frag,0.15529691107033894,0.1645957704304358,0.15994634075038738
NC_003155.5,S. avermitilis,Actinobacteria,66.34,FP,322,intergenic,0.1345608427862622,0.17053195445664143,0.1525463986214518
NC_003155.5,S. avermitilis,Actinobacteria,66.34,FP,111,neighbor,-0.12325323139090662,-0.43003740280545133,-0.27664531709817897
NC_003155.5,S. avermitilis,Actinobacteria,66.34,TP,0,TP,0.02537755063026547,-0.3238841765000842,-0.14925331293490937
NC_003155.5,S. avermitilis,Actinobacteria,66.34,FP,9,near,-0.10090460050032869,-0.35402887540404393,-0.2274667379521863
NC_003155.5,S. avermitilis,Actinobacteria,66.34,TP,0,TP,0.07982644374824423,-0.11755669363760787,-0.018865124944681823
NC_003155.5,S. avermitilis,Actinobacteria,66.34,TP,0,TP,-0.09512836812492864,-0.40535587522985994,-0.2502421216773943
NC_003155.5,S. avermitilis,Actinobacteria,66.34,FP,41,frag,0.04454598380150638,-0.3918537506407652,-0.17365388341962942
NC_003155.5,S. avermitilis,Actinobacteria,66.34,FP,123,neighbor,0.07505179718641321,-0.03414521202354308,0.020453292581435065
NC_003155.5,S. avermitilis,Actinobacteria,66.34,TP,0,TP,0.13119044904006927,0.0633969816572197,0.09729371534864448
NC_003155.5,S. avermitilis,Actinobacteria,66.34,FP,219,neighbor,0.21261140309342347,-0.009898803858036587,0.10135629961769343
NC_003155.5,S. avermitilis,Actinobacteria,66.34,TP,0,TP,0.04375391439527997,0.029483486991613718,0.036618700693446846
NC_003155.5,S. avermitilis,Actinobacteria,66.34,FP,387,intergenic,0.01795910073135308,-0.2741997936400068,-0.12812034645432685
NC_003155.5,S. avermitilis,Actinobacteria,66.34,FP,105,neighbor,0.04758528512387983,-0.1046452354232656,-0.02852997514969289
NC_003155.5,S. avermitilis,Actinobacteria,66.34,FP,27,near,0.027761790655660215,-0.09440170156262653,-0.03331995545348316
NC_003155.5,S. avermitilis,Actinobacteria,66.34,TP,0,TP,0.05712891989094875,-0.4622956781648909,-0.20258337913697108
NC_003155.5,S. avermitilis,Actinobacteria,66.34,FP,45,frag,0.06534878236264254,-0.051380617829921246,0.0069840822663606444
NC_003155.5,S. avermitilis,Actinobacteria,66.34,FP,356,intergenic,-0.031851004748643656,-0.20367737121571777,-0.11776418798218072
NC_003155.5,S. avermitilis,Actinobacteria,66.34,FP,51,frag,0.07165557626293809,-0.021169965226650333,0.025242805518143875
NC_003155.5,S. avermitilis,Actinobacteria,66.34,TP,0,TP,0.05974140808810351,-0.1492374262812099,-0.04474800909655319
NC_003155.5,S. avermitilis,Actinobacteria,66.34,FP,159,neighbor,0.09794285748822039,-0.20514693833605335,-0.05360204042391648
NC_003155.5,S. avermitilis,Actinobacteria,66.34,TP,0,TP,0.14444461634893482,-0.03551052057583348,0.05446704788655067
NC_003155.5,S. avermitilis,Actinobacteria,66.34,TP,0,TP,0.009627041383850354,-0.07577893867678114,-0.03307594864646539
NC_003155.5,S. avermitilis,Actinobacteria,66.34,TP,0,TP,0.08725225737655293,0.19236516301906761,0.13980871019781027
NC_003155.5,S. avermitilis,Actinobacteria,66.34,TP,0,TP,-0.05296111831657981,-0.32361656531152505,-0.18828884181405242
NC_003155.5,S. avermitilis,Actinobacteria,66.34,TP,0,TP,-0.1541580067959451,-0.49898268968925025,-0.3265703482425977
NC_003155.5,S. avermitilis,Actinobacteria,66.34,TP,0,TP,-0.0882790582712758,-0.3501915826108274,-0.2192353204410516
NC_003155.5,S. avermitilis,Actinobacteria,66.34,FP,18,near,0.0050575222563909485,-0.43884307261284405,-0.21689277517822655
NC_003155.5,S. avermitilis,Actinobacteria,66.34,FP,51,frag,0.1703723192088397,-0.14736113013514895,0.011505594536845368
NC_003155.5,S. avermitilis,Actinobacteria,66.34,FP,60,frag,0.0075569623687949655,-0.422643193362223,-0.20754311549671403
NC_003155.5,S. avermitilis,Actinobacteria,66.34,TP,0,TP,0.07934027300595001,0.05721105352204532,0.06827566326399767
NC_003155.5,S. avermitilis,Actinobacteria,66.34,FP,105,neighbor,0.10588368334327854,0.0049442437588091085,0.055413963551043825
NC_003155.5,S. avermitilis,Actinobacteria,66.34,TP,0,TP,-0.13826429956209813,-0.435595196828389,-0.28692974819524353
NC_003155.5,S. avermitilis,Actinobacteria,66.34,FP,21,near,-0.17251589267093786,-0.5905497487942923,-0.3815328207326151
NC_003155.5,S. avermitilis,Actinobacteria,66.34,FP,579,intergenic,0.009052211057611241,-0.10489722677278479,-0.047922507857586776
NC_003155.5,S. avermitilis,Actinobacteria,66.34,TP,0,TP,0.09552918930519377,-0.08258121534020262,0.006473986982495579
NC_003155.5,S. avermitilis,Actinobacteria,66.34,TP,0,TP,-0.009995363998886831,-0.529844596546473,-0.2699199802726799
NC_003155.5,S. avermitilis,Actinobacteria,66.34,TP,0,TP,0.02574319750654747,-0.48519080399648973,-0.22972380324497113
NC_003155.5,S. avermitilis,Actinobacteria,66.34,TP,0,TP,-0.005129386106170367,-0.057067845338132625,-0.031098615722151494
NC_003155.5,S. avermitilis,Actinobacteria,66.34,FP,207,neighbor,-0.12076174637201381,-0.6155864503095735,-0.3681740983407936
NC_003155.5,S. avermitilis,Actinobacteria,66.34,TP,0,TP,0.07263059614438751,-0.11199841259215262,-0.01968390822388256
NC_003155.5,S. avermitilis,Actinobacteria,66.34,FP,51,frag,0.1410876653022361,0.17577993345825504,0.15843379938024557
NC_003155.5,S. avermitilis,Actinobacteria,66.34,TP,0,TP,0.18715201253269526,0.30415042169098216,0.2456512171118387
NC_003155.5,S. avermitilis,Actinobacteria,66.34,FP,42,frag,0.08808535232804574,-0.008572771554530335,0.0397562903867577
NC_003155.5,S. avermitilis,Actinobacteria,66.34,TP,0,TP,0.05350986320271929,-0.24429733390390282,-0.09539373535059176
NC_003155.5,S. avermitilis,Actinobacteria,66.34,FP,12,near,0.03986949118143197,-0.11560154638898083,-0.03786602760377443
NC_003155.5,S. avermitilis,Actinobacteria,66.34,TP,0,TP,0.14519782058490638,-0.03563009833291488,0.054783861125995745
NC_003155.5,S. avermitilis,Actinobacteria,66.34,TP,0,TP,0.1790460814454858,-0.09634129553690088,0.041352392954292466
NC_003155.5,S. avermitilis,Actinobacteria,66.34,TP,0,TP,0.13075146021618309,-0.04045354444842815,0.04514895788387747
NC_003155.5,S. avermitilis,Actinobacteria,66.34,TP,0,TP,0.15907599296940494,-0.06964536965043422,0.04471531165948536
NC_003155.5,S. avermitilis,Actinobacteria,66.34,FP,61,frag,0.16148710650458042,0.010011183079280528,0.08574914479193048
NC_003155.5,S. avermitilis,Actinobacteria,66.34,FP,24,near,0.17443261881124741,0.05810293085746565,0.11626777483435653
NC_003155.5,S. avermitilis,Actinobacteria,66.34,FP,472,intergenic,-0.0392865431676429,-0.5037034408573021,-0.2714949920124725
NC_003155.5,S. avermitilis,Actinobacteria,66.34,FP,294,neighbor,0.09049460154701852,0.06509214865894464,0.07779337510298158
NC_003155.5,S. avermitilis,Actinobacteria,66.34,FP,336,intergenic,0.20376300759235236,0.2735841449759661,0.23867357628415925
NC_003155.5,S. avermitilis,Actinobacteria,66.34,TP,0,TP,0.13423043554890293,0.09092276726768347,0.1125766014082932
NC_003155.5,S. avermitilis,Actinobacteria,66.34,TP,0,TP,-0.0757160518608065,-0.2984916019210736,-0.18710382689094004
NC_003155.5,S. avermitilis,Actinobacteria,66.34,FP,75,frag,0.11020813593531548,-0.04237658631769037,0.033915774808812554
NC_003155.5,S. avermitilis,Actinobacteria,66.34,FP,246,neighbor,0.3347849785477675,0.06579885805346493,0.2002919183006162
NC_003155.5,S. avermitilis,Actinobacteria,66.34,FP,33,frag,-0.017269154150763674,-0.24759017229323418,-0.13242966322199892
NC_003155.5,S. avermitilis,Actinobacteria,66.34,FP,45,frag,0.14326201872726355,-0.08894915639329212,0.02715643116698571
NC_003155.5,S. avermitilis,Actinobacteria,66.34,TP,0,TP,-0.04108162936624708,-0.3812499543254454,-0.21116579184584625
NC_003155.5,S. avermitilis,Actinobacteria,66.34,TP,0,TP,0.0015942189390154718,-0.2921722474568661,-0.14528901425892532
NC_003155.5,S. avermitilis,Actinobacteria,66.34,FP,351,intergenic,0.03173239168689269,-0.1643455633312108,-0.06630658582215906
NC_003155.5,S. avermitilis,Actinobacteria,66.34,TP,0,TP,-0.0701429707507792,-0.42834546712310984,-0.2492442189369445
NC_003155.5,S. avermitilis,Actinobacteria,66.34,FP,427,intergenic,0.12971488033822165,-0.07846764784656912,0.025623616245826264
NC_003155.5,S. avermitilis,Actinobacteria,66.34,FP,270,neighbor,0.11513622476640771,-0.11683049492581929,-0.0008471350797057894
NC_003155.5,S. avermitilis,Actinobacteria,66.34,FP,506,intergenic,0.0434996950925895,-0.2040499819766552,-0.08027514344203285
NC_003155.5,S. avermitilis,Actinobacteria,66.34,FP,31,frag,0.12603439460232715,0.2575588364955756,0.1917966155489514
NC_003155.5,S. avermitilis,Actinobacteria,66.34,FP,108,neighbor,0.12259058867960466,-0.0616072334882027,0.030491677595700983
NC_003155.5,S. avermitilis,Actinobacteria,66.34,FP,162,neighbor,0.005852152198907372,-0.21183343073660196,-0.1029906392688473
NC_003155.5,S. avermitilis,Actinobacteria,66.34,TP,0,TP,-0.1016063762713171,-0.5782733511371916,-0.33993986370425433
NC_003155.5,S. avermitilis,Actinobacteria,66.34,TP,0,TP,0.13744137467600456,0.1223582450827763,0.12989980987939043
NC_003155.5,S. avermitilis,Actinobacteria,66.34,TP,0,TP,0.019494444700260752,-0.20375757206519723,-0.09213156368246825
NC_003155.5,S. avermitilis,Actinobacteria,66.34,FP,225,neighbor,-0.06499013690202797,-0.5864718011209356,-0.32573096901148174
NC_003155.5,S. avermitilis,Actinobacteria,66.34,FP,156,neighbor,0.10320504169900246,-0.03293689920349294,0.035134071247754764
NC_003155.5,S. avermitilis,Actinobacteria,66.34,TP,0,TP,0.06773407017293706,-0.021076998577669315,0.023328535797633873
NC_003155.5,S. avermitilis,Actinobacteria,66.34,FP,90,frag,0.09081465520007417,-0.28154723812256466,-0.09536629146124524
NC_003155.5,S. avermitilis,Actinobacteria,66.34,FP,25,near,-0.027035084897473638,-0.2646882629932982,-0.1458616739453859
NC_003155.5,S. avermitilis,Actinobacteria,66.34,FP,6,near,0.05843241555158372,-0.24377117328653597,-0.09266937886747613
NC_003155.5,S. avermitilis,Actinobacteria,66.34,TP,0,TP,0.09024712177775171,-0.010405026925324279,0.03992104742621372
NC_003155.5,S. avermitilis,Actinobacteria,66.34,TP,0,TP,0.10554555991052013,0.02104290475750119,0.06329423233401066
NC_003155.5,S. avermitilis,Actinobacteria,66.34,FP,184,neighbor,0.11395753747477737,-0.20080356515654785,-0.04342301384088524
NC_003155.5,S. avermitilis,Actinobacteria,66.34,FP,36,frag,0.06927208816760928,-0.31190394246228126,-0.121315927147336
NC_003155.5,S. avermitilis,Actinobacteria,66.34,FP,237,neighbor,0.0752565865426997,0.09465143863389755,0.08495401258829863
NC_003155.5,S. avermitilis,Actinobacteria,66.34,FP,77,frag,0.11568336454298703,0.14114695152080614,0.12841515803189657
NC_003155.5,S. avermitilis,Actinobacteria,66.34,FP,66,frag,0.09819021439010835,0.04356669617984181,0.07087845528497508
NC_003155.5,S. avermitilis,Actinobacteria,66.34,FP,372,intergenic,-0.056147689928528165,-0.3052182377176763,-0.18068296382310223
NC_003155.5,S. avermitilis,Actinobacteria,66.34,TP,0,TP,0.15606229249719425,-0.07353969959383093,0.04126129645168166
NC_003155.5,S. avermitilis,Actinobacteria,66.34,TP,0,TP,-0.013686707631027417,-0.17815602400948122,-0.09592136582025432
NC_003155.5,S. avermitilis,Actinobacteria,66.34,FP,63,frag,0.1933462050903967,0.26884022779255473,0.23109321644147574
NC_003155.5,S. avermitilis,Actinobacteria,66.34,TP,0,TP,0.03120212702467787,-0.3372126815786096,-0.15300527727696586
NC_003155.5,S. avermitilis,Actinobacteria,66.34,TP,0,TP,-0.0024005496906542114,-0.22574243547848666,-0.11407149258457043
NC_003155.5,S. avermitilis,Actinobacteria,66.34,FP,177,neighbor,0.07626838072603234,-0.05809692575797385,0.009085727484029246
NC_003155.5,S. avermitilis,Actinobacteria,66.34,FP,250,neighbor,-0.0062648391820452785,-0.47261531043628435,-0.23944007480916482
NC_003155.5,S. avermitilis,Actinobacteria,66.34,FP,6,near,-0.04774912749315068,-0.3707608828205565,-0.2092550051568536
NC_003155.5,S. avermitilis,Actinobacteria,66.34,FP,144,neighbor,0.02014976198055578,-0.16030964661078712,-0.07007994231511566
NC_003155.5,S. avermitilis,Actinobacteria,66.34,FP,21,near,0.056801949284813705,-0.11415961233615875,-0.02867883152567252
NC_003155.5,S. avermitilis,Actinobacteria,66.34,TP,0,TP,-0.17252740805114614,-0.5707661758710352,-0.37164679196109063
NC_003155.5,S. avermitilis,Actinobacteria,66.34,FP,58,frag,0.08396496959214043,-0.09849431519817956,-0.00726467280301956
NC_003155.5,S. avermitilis,Actinobacteria,66.34,FP,9,near,0.05526250415368613,-0.15671370445932026,-0.05072560015281706
NC_003155.5,S. avermitilis,Actinobacteria,66.34,TP,3,TP,0.11133022005150224,0.049155072234974284,0.08024264614323826
NC_003155.5,S. avermitilis,Actinobacteria,66.34,TP,0,TP,0.12504703727601787,0.4289821736687756,0.27701460547239676
NC_003155.5,S. avermitilis,Actinobacteria,66.34,FP,19,near,0.12493724676113942,0.0006902698804339025,0.06281375832078666
NC_003155.5,S. avermitilis,Actinobacteria,66.34,FP,539,intergenic,0.10932933197371521,-0.2177681403061243,-0.05421940416620454
NC_003155.5,S. avermitilis,Actinobacteria,66.34,FP,273,neighbor,0.16229378669930555,0.09669344228006978,0.12949361448968766
NC_003155.5,S. avermitilis,Actinobacteria,66.34,TP,0,TP,-0.03921657124596223,-0.23356076533775508,-0.13638866829185864
NC_003155.5,S. avermitilis,Actinobacteria,66.34,FP,118,neighbor,0.1615495592022865,0.028422481402690637,0.09498602030248857
NC_003155.5,S. avermitilis,Actinobacteria,66.34,FP,6,near,0.05916058529837116,-0.00932710251833484,0.024916741390018163
NC_003155.5,S. avermitilis,Actinobacteria,66.34,FP,465,intergenic,0.06250539499404392,-0.06518057296597916,-0.0013375889859676207
NC_003155.5,S. avermitilis,Actinobacteria,66.34,FP,262,neighbor,-0.02900594260513453,-0.37500395979798284,-0.20200495120155867
NC_003155.5,S. avermitilis,Actinobacteria,66.34,FP,252,neighbor,-0.0328394597283418,-0.3428578424582369,-0.18784865109328935
NC_003155.5,S. avermitilis,Actinobacteria,66.34,FP,138,neighbor,0.09307485390348541,-0.04174619154622476,0.025664331178630324
NC_003155.5,S. avermitilis,Actinobacteria,66.34,FP,132,neighbor,0.11304441236093841,0.1344278202274694,0.12373611629420392
NC_003155.5,S. avermitilis,Actinobacteria,66.34,TP,0,TP,0.11396013722062932,-0.03243815282065654,0.04076099219998639
NC_003155.5,S. avermitilis,Actinobacteria,66.34,FP,145,neighbor,0.08304044341289323,0.17033180163075698,0.1266861225218251
NC_003155.5,S. avermitilis,Actinobacteria,66.34,FP,282,neighbor,0.03188076184723414,-0.27618397497625297,-0.12215160656450941
NC_003155.5,S. avermitilis,Actinobacteria,66.34,TP,0,TP,-0.020444952544196347,-0.2612992967670813,-0.14087212465563884
NC_003155.5,S. avermitilis,Actinobacteria,66.34,FP,270,neighbor,0.007719837769365038,-0.26138472510028665,-0.12683244366546081
NC_003155.5,S. avermitilis,Actinobacteria,66.34,FP,432,intergenic,0.1548235293599646,0.2332388130335133,0.19403117119673896
NC_003155.5,S. avermitilis,Actinobacteria,66.34,FP,117,neighbor,-0.022159443273384483,-0.3498531030860711,-0.1860062731797278
NC_003155.5,S. avermitilis,Actinobacteria,66.34,TP,0,TP,-0.017584960530082582,-0.09625175112927593,-0.05691835582967926
NC_003155.5,S. avermitilis,Actinobacteria,66.34,TP,0,TP,0.013007186997436549,-0.15318435334416733,-0.07008858317336539
NC_003155.5,S. avermitilis,Actinobacteria,66.34,TP,0,TP,0.057893486262099,0.041223590196439376,0.049558538229269186
NC_003155.5,S. avermitilis,Actinobacteria,66.34,TP,0,TP,-0.0025657386969707356,-0.31899366656375816,-0.16077970263036445
NC_003155.5,S. avermitilis,Actinobacteria,66.34,TP,0,TP,0.09569114886938432,0.024845109513927356,0.060268129191655834
NC_003155.5,S. avermitilis,Actinobacteria,66.34,FP,28,near,0.22305679690067873,0.3272450063248186,0.2751509016127487
NC_003155.5,S. avermitilis,Actinobacteria,66.34,FP,237,neighbor,-0.0177181147308346,-0.4713022562006287,-0.24451018546573167
NC_003155.5,S. avermitilis,Actinobacteria,66.34,TP,0,TP,-0.06674007447552437,-0.17882394324328388,-0.12278200885940413
NC_003155.5,S. avermitilis,Actinobacteria,66.34,TP,0,TP,-0.048547340252480115,-0.6737840147651653,-0.36116567750882267
NC_003155.5,S. avermitilis,Actinobacteria,66.34,FP,6,near,0.07580732425046577,-0.1259198484816217,-0.02505626211557796
NC_003155.5,S. avermitilis,Actinobacteria,66.34,TP,0,TP,0.24607541389721893,0.1769696693237897,0.21152254161050432
NC_003155.5,S. avermitilis,Actinobacteria,66.34,FP,712,intergenic,0.08980954314681687,-0.24936043120383075,-0.07977544402850695
NC_003155.5,S. avermitilis,Actinobacteria,66.34,TP,0,TP,0.11297011397149864,-0.12220104447165028,-0.00461546525007582
NC_003155.5,S. avermitilis,Actinobacteria,66.34,FP,667,intergenic,0.1369704300602296,0.09585457142901106,0.11641250074462034
NC_003155.5,S. avermitilis,Actinobacteria,66.34,FP,246,neighbor,-0.06702087984272063,-0.3918543359683319,-0.22943760790552628
NC_003155.5,S. avermitilis,Actinobacteria,66.34,TP,0,TP,-0.152829821442689,-0.5813093878880572,-0.3670696046653731
NC_003155.5,S. avermitilis,Actinobacteria,66.34,FP,60,frag,0.04952220904657404,-0.1569888079323178,-0.053733299442871876
NC_003155.5,S. avermitilis,Actinobacteria,66.34,FP,105,neighbor,0.04047039311482147,0.06697236942629274,0.0537213812705571
NC_003155.5,S. avermitilis,Actinobacteria,66.34,TP,0,TP,0.11284855636918441,-0.06516108565929102,0.023843735354946695
NC_003155.5,S. avermitilis,Actinobacteria,66.34,FP,78,frag,-0.21693296792387404,-0.5153804920383778,-0.3661567299811259
NC_003155.5,S. avermitilis,Actinobacteria,66.34,FP,79,frag,0.09462947937244763,-0.17642978529660808,-0.04090015296208022
NC_003155.5,S. avermitilis,Actinobacteria,66.34,TP,0,TP,0.021085381859490583,-0.040937941911167994,-0.009926280025838705
NC_003155.5,S. avermitilis,Actinobacteria,66.34,TP,0,TP,0.12390426353279244,0.05657260971606348,0.09023843662442796
NC_003155.5,S. avermitilis,Actinobacteria,66.34,FP,511,intergenic,0.025849645891287784,-0.24101666734596777,-0.10758351072733999
NC_003155.5,S. avermitilis,Actinobacteria,66.34,TP,0,TP,0.11561815539937091,-0.10585926342924949,0.00487944598506071
NC_003155.5,S. avermitilis,Actinobacteria,66.34,FP,320,intergenic,0.004161289639288649,-0.09685303820250937,-0.04634587428161036
NC_003155.5,S. avermitilis,Actinobacteria,66.34,FP,220,neighbor,-0.01783351361594588,-0.3311262795479465,-0.17447989658194618
NC_003155.5,S. avermitilis,Actinobacteria,66.34,TP,0,TP,0.06201967277941331,-0.11095707284510255,-0.02446870003284462
NC_003155.5,S. avermitilis,Actinobacteria,66.34,FP,72,frag,0.055987682756291214,-0.009052662350971019,0.023467510202660097
NC_003155.5,S. avermitilis,Actinobacteria,66.34,TP,0,TP,0.2045568049529391,0.2846707271219813,0.2446137660374602
NC_003155.5,S. avermitilis,Actinobacteria,66.34,TP,0,TP,0.07692991074928439,0.05642050611225287,0.06667520843076863
NC_003155.5,S. avermitilis,Actinobacteria,66.34,FP,213,neighbor,0.25914269246847943,0.11261753078603647,0.18588011162725795
NC_003155.5,S. avermitilis,Actinobacteria,66.34,FP,264,neighbor,0.055117185929696194,-0.00515250959205531,0.024982338168820444
NC_003155.5,S. avermitilis,Actinobacteria,66.34,FP,36,frag,0.051725343812180094,-0.19165506652527,-0.06996486135654495
NC_003155.5,S. avermitilis,Actinobacteria,66.34,FP,48,frag,0.09468615697948338,-0.0827000307720965,0.005993063103693436
NC_003155.5,S. avermitilis,Actinobacteria,66.34,FP,271,neighbor,0.13585448970050323,0.3374109159784332,0.23663270283946822
NC_003155.5,S. avermitilis,Actinobacteria,66.34,TP,0,TP,0.045066080264659074,-0.20532754167328449,-0.0801307307043127
NC_003155.5,S. avermitilis,Actinobacteria,66.34,FP,375,intergenic,-0.0484702875837705,-0.4461071757754375,-0.247288731679604
NC_003155.5,S. avermitilis,Actinobacteria,66.34,TP,0,TP,0.03819649751150086,-0.14245380338543398,-0.05212865293696656
NC_003155.5,S. avermitilis,Actinobacteria,66.34,FP,361,intergenic,0.09449886689310508,0.1612273307664843,0.12786309882979469
NC_003155.5,S. avermitilis,Actinobacteria,66.34,FP,86,frag,0.030486121113476847,-0.33503559000272604,-0.15227473444462458
NC_003155.5,S. avermitilis,Actinobacteria,66.34,FP,409,intergenic,0.033841752589879565,-0.19230220219765926,-0.07923022480388985
NC_003155.5,S. avermitilis,Actinobacteria,66.34,TP,0,TP,0.08623880356620503,-0.2347177481233814,-0.07423947227858818
NC_003155.5,S. avermitilis,Actinobacteria,66.34,FP,21,near,0.1365747504055489,0.105111077838977,0.12084291412226295
NC_003155.5,S. avermitilis,Actinobacteria,66.34,TP,0,TP,0.20055058206932136,0.08500205124196754,0.14277631665564444
NC_003155.5,S. avermitilis,Actinobacteria,66.34,TP,0,TP,0.16937093897375607,0.0586611542963162,0.11401604663503614
NC_003155.5,S. avermitilis,Actinobacteria,66.34,TP,0,TP,0.04951773238790859,-0.18347882629817888,-0.06698054695513514
NC_003155.5,S. avermitilis,Actinobacteria,66.34,FP,108,neighbor,0.09802968600865304,-0.1064554441056977,-0.004212879048522328
NC_003155.5,S. avermitilis,Actinobacteria,66.34,TP,0,TP,0.055038171736934774,-0.12593075050878894,-0.03544628938592708
NC_003155.5,S. avermitilis,Actinobacteria,66.34,FP,37,frag,-0.03364845135234281,-0.11633915813280708,-0.07499380474257494
NC_003155.5,S. avermitilis,Actinobacteria,66.34,FP,15,near,0.16742027586770902,0.04440881696774639,0.10591454641772771
NC_003155.5,S. avermitilis,Actinobacteria,66.34,FP,564,intergenic,0.05756742386835469,-0.17216885858933537,-0.05730071736049033
NC_003155.5,S. avermitilis,Actinobacteria,66.34,FP,69,frag,0.09028103783500706,0.15812467716942535,0.12420285750221621
NC_003155.5,S. avermitilis,Actinobacteria,66.34,FP,18,near,-0.017757638110814846,-0.0040158959644948315,-0.01088676703765484
NC_003155.5,S. avermitilis,Actinobacteria,66.34,FP,9,near,0.03882468515251839,-0.08128885348998054,-0.021232084168731073
NC_003155.5,S. avermitilis,Actinobacteria,66.34,TP,0,TP,0.16338509147060948,0.3944591402422155,0.27892211585641247
NC_003155.5,S. avermitilis,Actinobacteria,66.34,TP,0,TP,-0.12100744236760713,-0.3604071190361303,-0.24070728070186873
NC_003155.5,S. avermitilis,Actinobacteria,66.34,FP,60,frag,0.1779394092939486,0.2420179909495026,0.2099787001217256
NC_003155.5,S. avermitilis,Actinobacteria,66.34,FP,193,neighbor,0.1088807988353923,-0.2440994968181812,-0.06760934899139445
NC_003155.5,S. avermitilis,Actinobacteria,66.34,TP,0,TP,-0.0643149322827142,-0.34274343897353177,-0.203529185628123
NC_003155.5,S. avermitilis,Actinobacteria,66.34,FP,936,intergenic,0.07868018806807935,-0.026799108959578887,0.025940539554250228
NC_003155.5,S. avermitilis,Actinobacteria,66.34,FP,108,neighbor,0.014004786175568048,-0.31270182325482737,-0.14934851853962966
NC_003155.5,S. avermitilis,Actinobacteria,66.34,TP,0,TP,0.13532238376117695,-0.06897125560181153,0.03317556407968271
NC_003155.5,S. avermitilis,Actinobacteria,66.34,FP,285,neighbor,0.17706494377575174,-0.18309162171464308,-0.003013338969445667
NC_003155.5,S. avermitilis,Actinobacteria,66.34,TP,0,TP,0.09094012576640723,-0.31434277491167395,-0.11170132457263336
NC_003155.5,S. avermitilis,Actinobacteria,66.34,TP,0,TP,0.17079757495695158,0.15538695112735468,0.16309226304215313
NC_003155.5,S. avermitilis,Actinobacteria,66.34,TP,0,TP,0.014236401123703264,-0.23690238738410513,-0.11133299313020094
NC_003155.5,S. avermitilis,Actinobacteria,66.34,FP,174,neighbor,0.10476302893253049,-0.3274031935011827,-0.1113200822843261
NC_003155.5,S. avermitilis,Actinobacteria,66.34,FP,267,neighbor,0.002528616490059221,-0.2855162308297395,-0.14149380716984014
NC_003155.5,S. avermitilis,Actinobacteria,66.34,TP,0,TP,0.09013301814369896,-0.03477071777661252,0.027681150183543224
NC_003155.5,S. avermitilis,Actinobacteria,66.34,FP,84,frag,-0.027802198512267513,-0.31482316480648437,-0.17131268165937594
NC_003155.5,S. avermitilis,Actinobacteria,66.34,FP,117,neighbor,0.1004774908599804,-0.14536983906881956,-0.022446174104419583
NC_003155.5,S. avermitilis,Actinobacteria,66.34,FP,22,near,0.037332146091742874,-0.1027473687010378,-0.032707611304647465
NC_003155.5,S. avermitilis,Actinobacteria,66.34,FP,75,frag,-0.004342131794860649,-0.31492592645708084,-0.15963402912597074
NC_003155.5,S. avermitilis,Actinobacteria,66.34,FP,393,intergenic,0.0650867045103008,0.004240658474014935,0.034663681492157865
NC_003155.5,S. avermitilis,Actinobacteria,66.34,FP,287,neighbor,0.14015228955983167,0.13452649708012956,0.13733939331998063
NC_003155.5,S. avermitilis,Actinobacteria,66.34,FP,30,frag,-0.0016378745918319262,-0.18543096428548012,-0.09353441943865602
NC_003155.5,S. avermitilis,Actinobacteria,66.34,TP,0,TP,0.11612359027765322,-0.25206194349477895,-0.06796917660856286
NC_003155.5,S. avermitilis,Actinobacteria,66.34,FP,124,neighbor,0.09812107781663215,0.10497992613247079,0.10155050197455147
NC_003155.5,S. avermitilis,Actinobacteria,66.34,FP,144,neighbor,0.03325496165676564,-0.47260292456747094,-0.21967398145535266
NC_003155.5,S. avermitilis,Actinobacteria,66.34,FP,63,frag,-0.04507482162131377,-0.3199347305380769,-0.18250477607969534
NC_003155.5,S. avermitilis,Actinobacteria,66.34,FP,422,intergenic,0.0667762156989248,0.17952000088386838,0.1231481082913966
NC_003155.5,S. avermitilis,Actinobacteria,66.34,FP,19,near,0.05896244398352124,-0.21492721227350203,-0.0779823841449904
NC_003155.5,S. avermitilis,Actinobacteria,66.34,FP,124,neighbor,0.19277561309840224,0.27955173824677715,0.2361636756725897
NC_003155.5,S. avermitilis,Actinobacteria,66.34,FP,6,near,0.06406227520199934,-0.1229908770140021,-0.029464300906001384
NC_003155.5,S. avermitilis,Actinobacteria,66.34,TP,0,TP,-0.10078230988163715,-0.5449398015114874,-0.32286105569656226
NC_003155.5,S. avermitilis,Actinobacteria,66.34,FP,111,neighbor,-0.12493013658478394,-0.20313154710920783,-0.1640308418469959
NC_003155.5,S. avermitilis,Actinobacteria,66.34,TP,0,TP,-0.04217202355584178,-0.3216187710041929,-0.18189539728001733
NC_003155.5,S. avermitilis,Actinobacteria,66.34,TP,0,TP,0.005932298533956744,-0.28077807741076766,-0.13742288943840544
NC_003155.5,S. avermitilis,Actinobacteria,66.34,FP,255,neighbor,0.09694623717904965,-0.13333959916524166,-0.018196680993096
NC_003155.5,S. avermitilis,Actinobacteria,66.34,TP,3,TP,0.0029598040338292718,-0.2804921832325519,-0.1387661895993613
NC_003155.5,S. avermitilis,Actinobacteria,66.34,TP,0,TP,0.05704744486338574,-0.1152314928893304,-0.029092024012972333
NC_003155.5,S. avermitilis,Actinobacteria,66.34,TP,0,TP,0.20912272045292302,0.1739569207691126,0.19153982061101782
NC_003155.5,S. avermitilis,Actinobacteria,66.34,FP,171,neighbor,0.15624493217713134,0.24631343626766694,0.20127918422239915
NC_003155.5,S. avermitilis,Actinobacteria,66.34,TP,0,TP,-0.165176835359442,-0.5010240283211538,-0.3331004318402979
NC_003155.5,S. avermitilis,Actinobacteria,66.34,FP,96,frag,0.00689897410022174,-0.2915727174590195,-0.1423368716793989
NC_003155.5,S. avermitilis,Actinobacteria,66.34,FP,107,neighbor,0.09235329818070141,-0.08543653191139455,0.0034583831346534297
NC_003155.5,S. avermitilis,Actinobacteria,66.34,TP,0,TP,0.15614139399562083,0.2089653266539379,0.18255336032477937
NC_003155.5,S. avermitilis,Actinobacteria,66.34,FP,96,frag,-0.1399532182594861,-0.4524003933399001,-0.2961768057996931
NC_003155.5,S. avermitilis,Actinobacteria,66.34,TP,0,TP,0.07012575597494101,-0.3558469043937492,-0.1428605742094041
NC_003155.5,S. avermitilis,Actinobacteria,66.34,FP,693,intergenic,0.047167039555003024,0.0878665966763748,0.06751681811568891
NC_003155.5,S. avermitilis,Actinobacteria,66.34,FP,12,near,0.11669750995628098,0.09694954434489063,0.1068235271505858
NC_003155.5,S. avermitilis,Actinobacteria,66.34,FP,21,near,-0.034314296044327834,-0.08243417845951698,-0.05837423725192241
NC_003155.5,S. avermitilis,Actinobacteria,66.34,TP,0,TP,0.2637194684074042,0.3063199815548259,0.28501972498111505
NC_003155.5,S. avermitilis,Actinobacteria,66.34,FP,237,neighbor,0.038395333108810804,-0.15436843362242314,-0.05798655025680617
NC_003155.5,S. avermitilis,Actinobacteria,66.34,FP,13,near,0.051987185061751026,-0.18488460633751772,-0.06644871063788335
NC_003155.5,S. avermitilis,Actinobacteria,66.34,TP,0,TP,0.17327400085742256,0.2827535121553623,0.22801375650639244
NC_003155.5,S. avermitilis,Actinobacteria,66.34,TP,0,TP,0.08167607442974259,0.0024788911182511697,0.04207748277399688
NC_003155.5,S. avermitilis,Actinobacteria,66.34,FP,87,frag,0.10056278228604824,-0.10522184966309425,-0.002329533688523004
NC_003155.5,S. avermitilis,Actinobacteria,66.34,FP,58,frag,-0.030222719263220673,-0.43596672199647485,-0.23309472062984776
NC_003155.5,S. avermitilis,Actinobacteria,66.34,TP,0,TP,-0.10589973618531114,-0.4944386182041448,-0.30016917719472797
NC_003030.1,C. acetobutyl.,Firmicutes,88.01,TP,0,TP,0.13885134680506586,0.3074872978804173,0.22316932234274156
NC_003030.1,C. acetobutyl.,Firmicutes,88.01,TP,0,TP,-0.15001425566085444,-0.5495796411187825,-0.3497969483898185
NC_003030.1,C. acetobutyl.,Firmicutes,88.01,TP,0,TP,-0.06307067019339693,-0.21393715584883566,-0.1385039130211163
NC_003030.1,C. acetobutyl.,Firmicutes,88.01,TP,0,TP,-0.07317169628516566,-0.2691402142659868,-0.17115595527557623
NC_003030.1,C. acetobutyl.,Firmicutes,88.01,TP,0,TP,-0.08794504605080036,-0.3928368104025843,-0.24039092822669234
NC_003030.1,C. acetobutyl.,Firmicutes,88.01,TP,0,TP,-0.1563160353857235,-0.4010037597595876,-0.2786598975726555
NC_003030.1,C. acetobutyl.,Firmicutes,88.01,TP,0,TP,-0.1619810341008391,-0.4617470615618089,-0.311864047831324
NC_003030.1,C. acetobutyl.,Firmicutes,88.01,TP,0,TP,-0.08969630599066818,-0.5782340933883112,-0.3339651996894897
NC_003030.1,C. acetobutyl.,Firmicutes,88.01,TP,0,TP,-0.2344066642497585,-0.6040143517609777,-0.41921050800536813
NC_003030.1,C. acetobutyl.,Firmicutes,88.01,TP,0,TP,-0.11795666028614751,-0.39771228878684256,-0.25783447453649505
NC_003030.1,C. acetobutyl.,Firmicutes,88.01,TP,0,TP,-0.03628396948475559,-0.15952448681530457,-0.09790422815003008
NC_003030.1,C. acetobutyl.,Firmicutes,88.01,TP,0,TP,0.09273045880161632,0.2944049932521814,0.19356772602689887
NC_003030.1,C. acetobutyl.,Firmicutes,88.01,TP,0,TP,0.18202225292556118,0.27573806296894077,0.22888015794725097
NC_003030.1,C. acetobutyl.,Firmicutes,88.01,TP,0,TP,-0.151280102605124,-0.4486668461099036,-0.2999734743575138
NC_003030.1,C. acetobutyl.,Firmicutes,88.01,TP,0,TP,0.10213411694407479,0.07535234148256365,0.08874322921331922
NC_003030.1,C. acetobutyl.,Firmicutes,88.01,TP,0,TP,0.15577327844189975,0.21360862657004348,0.18469095250597162
NC_003030.1,C. acetobutyl.,Firmicutes,88.01,TP,0,TP,-0.13182729425275805,-0.6311560095433606,-0.38149165189805934
NC_003030.1,C. acetobutyl.,Firmicutes,88.01,TP,0,TP,-0.14016645458438362,-0.5347499625369977,-0.33745820856069064
NC_003030.1,C. acetobutyl.,Firmicutes,88.01,TP,0,TP,0.04369178635829011,-0.08415099863225209,-0.02022960613698099
NC_003030.1,C. acetobutyl.,Firmicutes,88.01,TP,0,TP,-0.18922024009588584,-0.6857300563883293,-0.43747514824210754
NC_003030.1,C. acetobutyl.,Firmicutes,88.01,TP,0,TP,-0.10821013078274717,-0.39007951449544365,-0.2491448226390954
NC_003030.1,C. acetobutyl.,Firmicutes,88.01,TP,0,TP,-0.17065292814906954,-0.6407030613564274,-0.40567799475274846
NC_003030.1,C. acetobutyl.,Firmicutes,88.01,TP,0,TP,-0.20158675310340043,-0.395070492246974,-0.2983286226751872
NC_003030.1,C. acetobutyl.,Firmicutes,88.01,TP,0,TP,0.01141186913594936,-0.10147829802805078,-0.04503321444605071
NC_003030.1,C. acetobutyl.,Firmicutes,88.01,TP,0,TP,-0.12418167983384762,-0.5585183710426243,-0.34135002543823595
NC_003030.1,C. acetobutyl.,Firmicutes,88.01,TP,0,TP,0.17806932873860054,0.2546044957039243,0.21633691222126242
NC_003030.1,C. acetobutyl.,Firmicutes,88.01,TP,0,TP,-0.26006551839755926,-0.8522703888414774,-0.5561679536195183
NC_003030.1,C. acetobutyl.,Firmicutes,88.01,TP,0,TP,-0.01586219809685877,-0.13982160781428804,-0.0778419029555734
NC_003030.1,C. acetobutyl.,Firmicutes,88.01,TP,0,TP,-0.19415720157373215,-0.5387748652327972,-0.36646603340326467
NC_003030.1,C. acetobutyl.,Firmicutes,88.01,TP,0,TP,0.0727640359051255,-0.018493577401139306,0.027135229251993093
NC_003030.1,C. acetobutyl.,Firmicutes,88.01,TP,0,TP,-0.01022929545254101,-0.31859426032449745,-0.16441177788851924
NC_003030.1,C. acetobutyl.,Firmicutes,88.01,TP,0,TP,-0.1794025262367363,-0.5214111697282412,-0.3504068479824888
NC_003030.1,C. acetobutyl.,Firmicutes,88.01,TP,0,TP,-0.124190373821407,-0.4580688860403576,-0.2911296299308823
NC_003030.1,C. acetobutyl.,Firmicutes,88.01,TP,0,TP,-0.2302492041469525,-0.8195446015227887,-0.5248969028348707
NC_003030.1,C. acetobutyl.,Firmicutes,88.01,TP,0,TP,-0.07759136457341498,-0.46084549812420833,-0.2692184313488116
NC_003030.1,C. acetobutyl.,Firmicutes,88.01,TP,0,TP,-0.2014552085619035,-0.6546569520378945,-0.428056080299899
NC_003030.1,C. acetobutyl.,Firmicutes,88.01,TP,0,TP,-0.2690561814888999,-0.671561787833592,-0.47030898466124593
NC_003030.1,C. acetobutyl.,Firmicutes,88.01,TP,0,TP,-0.16542096350745059,-0.572696225512631,-0.3690585945100408
NC_003030.1,C. acetobutyl.,Firmicutes,88.01,TP,0,TP,-0.16942038781607113,-0.6002371660080144,-0.38482877691204276
NC_003030.1,C. acetobutyl.,Firmicutes,88.01,TP,0,TP,-0.06898335871746966,-0.16278729358354055,-0.1158853261505051
NC_003030.1,C. acetobutyl.,Firmicutes,88.01,TP,0,TP,-0.23898202075190772,-0.7107939207541051,-0.47488797075300637
NC_003030.1,C. acetobutyl.,Firmicutes,88.01,TP,0,TP,-0.0994041309894835,-0.488356906402592,-0.29388051869603776
NC_003030.1,C. acetobutyl.,Firmicutes,88.01,TP,0,TP,0.14459983892506306,0.24336994038351561,0.19398488965428934
NC_003030.1,C. acetobutyl.,Firmicutes,88.01,TP,0,TP,0.07138782609199174,0.21363606172907126,0.1425119439105315
NC_003030.1,C. acetobutyl.,Firmicutes,88.01,TP,0,TP,-0.03349086692716601,-0.2345166225066791,-0.13400374471692256
NC_003030.1,C. acetobutyl.,Firmicutes,88.01,TP,0,TP,-0.02636751045451528,-0.2525650405585537,-0.1394662755065345
NC_003030.1,C. acetobutyl.,Firmicutes,88.01,TP,0,TP,-0.08491880220008406,-0.26973481626052376,-0.17732680923030392
NC_003030.1,C. acetobutyl.,Firmicutes,88.01,TP,0,TP,-0.105894226573155,-0.3026283554340424,-0.2042612910035987
NC_003030.1,C. acetobutyl.,Firmicutes,88.01,TP,0,TP,-0.025061872912127824,-0.246372109144729,-0.1357169910284284
NC_003030.1,C. acetobutyl.,Firmicutes,88.01,TP,0,TP,-0.09412874646490674,-0.30409724749879813,-0.19911299698185242
NC_003030.1,C. acetobutyl.,Firmicutes,88.01,TP,0,TP,-0.19105257356809677,-0.6930298288617791,-0.44204120121493795
NC_003030.1,C. acetobutyl.,Firmicutes,88.01,TP,0,TP,-0.06217535801652308,-0.23371505879618654,-0.1479452084063548
NC_003030.1,C. acetobutyl.,Firmicutes,88.01,TP,0,TP,0.03163649745592565,-0.04759837523857726,-0.007980938891325805
NC_003030.1,C. acetobutyl.,Firmicutes,88.01,TP,0,TP,-0.05541200068396179,-0.2898224460615893,-0.17261722337277555
NC_003030.1,C. acetobutyl.,Firmicutes,88.01,TP,0,TP,0.018391389082144844,-0.4100124011979972,-0.1958105060579262
NC_003030.1,C. acetobutyl.,Firmicutes,88.01,TP,0,TP,-0.10935169968532463,-0.30727783896769906,-0.20831476932651183
NC_003030.1,C. acetobutyl.,Firmicutes,88.01,TP,0,TP,-0.02893397152720567,-0.1810701941203469,-0.10500208282377628
NC_003030.1,C. acetobutyl.,Firmicutes,88.01,TP,0,TP,-0.23948298623115558,-0.6932630531670604,-0.466373019699108
NC_003030.1,C. acetobutyl.,Firmicutes,88.01,TP,0,TP,-0.20985061786902623,-0.41321056584759785,-0.31153059185831206
NC_003030.1,C. acetobutyl.,Firmicutes,88.01,TP,0,TP,-0.07479608846398543,-0.04395750852484213,-0.05937679849441378
NC_003030.1,C. acetobutyl.,Firmicutes,88.01,TP,0,TP,-0.014330945517002173,-0.21910074168293434,-0.11671584359996826
NC_003030.1,C. acetobutyl.,Firmicutes,88.01,TP,0,TP,-0.11977125829037026,-0.3770653808923676,-0.24841831959136892
NC_003030.1,C. acetobutyl.,Firmicutes,88.01,TP,0,TP,-0.1129537713807269,-0.3097363531953604,-0.21134506228804367
NC_003030.1,C. acetobutyl.,Firmicutes,88.01,TP,0,TP,-0.10218061194567672,-0.27151855882625353,-0.18684958538596513
NC_003030.1,C. acetobutyl.,Firmicutes,88.01,TP,0,TP,-0.07381132645349311,-0.30112236070688925,-0.18746684358019117
NC_003030.1,C. acetobutyl.,Firmicutes,88.01,TP,0,TP,-0.0903129278766715,-0.27773038334538713,-0.18402165561102932
NC_003030.1,C. acetobutyl.,Firmicutes,88.01,TP,0,TP,-0.033504131218322894,-0.2605479743592724,-0.14702605278879766
NC_003030.1,C. acetobutyl.,Firmicutes,88.01,TP,0,TP,0.10043700493674593,-0.04155974168897671,0.029438631623884607
NC_003030.1,C. acetobutyl.,Firmicutes,88.01,TP,0,TP,-0.21821558587753528,-0.5988442410595468,-0.40852991346854106
NC_003030.1,C. acetobutyl.,Firmicutes,88.01,TP,0,TP,-0.14064730766963482,-0.508240185862828,-0.32444374676623144
NC_003030.1,C. acetobutyl.,Firmicutes,88.01,TP,0,TP,-0.07034419700293928,-0.32212290089976037,-0.1962335489513498
NC_003030.1,C. acetobutyl.,Firmicutes,88.01,TP,0,TP,-0.09349282566378227,-0.33530301947589153,-0.2143979225698369
NC_003030.1,C. acetobutyl.,Firmicutes,88.01,TP,0,TP,-0.1062118347137601,-0.31937883342264045,-0.21279533406820028
NC_003030.1,C. acetobutyl.,Firmicutes,88.01,TP,0,TP,0.10008887680571259,0.08725063334412511,0.09366975507491884
NC_003030.1,C. acetobutyl.,Firmicutes,88.01,TP,0,TP,-0.30611777211394864,-0.7116968434231637,-0.5089073077685562
NC_003030.1,C. acetobutyl.,Firmicutes,88.01,TP,0,TP,-0.1823502274968329,-0.4385000281048924,-0.3104251278008627
NC_003030.1,C. acetobutyl.,Firmicutes,88.01,TP,0,TP,0.17423968388462494,0.174771263605642,0.17450547374513348
NC_003030.1,C. acetobutyl.,Firmicutes,88.01,TP,0,TP,-0.0607064327783552,-0.4572622813236663,-0.25898435705101075
NC_003030.1,C. acetobutyl.,Firmicutes,88.01,TP,0,TP,-0.12753584387978403,-0.31943182931784053,-0.22348383659881227
NC_003030.1,C. acetobutyl.,Firmicutes,88.01,TP,0,TP,-0.039450889908306884,-0.3653219007980383,-0.20238639535317257
NC_003030.1,C. acetobutyl.,Firmicutes,88.01,TP,0,TP,-0.019718699820818603,-0.14953616826594002,-0.08462743404337932
NC_003030.1,C. acetobutyl.,Firmicutes,88.01,TP,0,TP,-0.15827739615299663,-0.37692000083269406,-0.26759869849284534
NC_003030.1,C. acetobutyl.,Firmicutes,88.01,TP,0,TP,-0.06753691724078763,-0.1367322341463712,-0.10213457569357942
NC_003030.1,C. acetobutyl.,Firmicutes,88.01,TP,0,TP,-0.06413138471512028,-0.15882062361507393,-0.1114760041650971
NC_003030.1,C. acetobutyl.,Firmicutes,88.01,TP,0,TP,0.049471739973339625,0.03542673416732711,0.042449237070333365
NC_003030.1,C. acetobutyl.,Firmicutes,88.01,TP,0,TP,-0.16398890503697458,-0.6025059994149167,-0.38324745222594564
NC_003030.1,C. acetobutyl.,Firmicutes,88.01,TP,0,TP,-0.13993286150923226,-0.6453519466446032,-0.3926424040769177
NC_003030.1,C. acetobutyl.,Firmicutes,88.01,TP,0,TP,-0.0064673864677374125,-0.1029823493232783,-0.05472486789550785
NC_003030.1,C. acetobutyl.,Firmicutes,88.01,TP,0,TP,-0.22791957318064035,-0.5854386315235722,-0.4066791023521063
NC_003030.1,C. acetobutyl.,Firmicutes,88.01,TP,0,TP,-0.058556605930790796,-0.32325882956158764,-0.19090771774618923
NC_003030.1,C. acetobutyl.,Firmicutes,88.01,TP,0,TP,-0.1704313482126203,-0.6199130196042717,-0.395172183908446
NC_003030.1,C. acetobutyl.,Firmicutes,88.01,TP,0,TP,-0.06987093037571958,-0.27639547139823223,-0.1731332008869759
NC_003030.1,C. acetobutyl.,Firmicutes,88.01,TP,0,TP,-0.12309588381234278,-0.3909380815777723,-0.25701698269505757
NC_003030.1,C. acetobutyl.,Firmicutes,88.01,TP,0,TP,-0.04129726640205931,-0.21468391881886859,-0.12799059261046394
NC_003030.1,C. acetobutyl.,Firmicutes,88.01,TP,0,TP,0.19170919529728156,0.2922515885394489,0.24198039191836523
NC_003030.1,C. acetobutyl.,Firmicutes,88.01,TP,0,TP,-0.08190660811100728,-0.2952810775727578,-0.18859384284188252
NC_003030.1,C. acetobutyl.,Firmicutes,88.01,TP,0,TP,-0.17818054528266483,-0.43973839484181027,-0.30895947006223756
NC_003030.1,C. acetobutyl.,Firmicutes,88.01,TP,0,TP,-0.13748854301261418,-0.4117497378315669,-0.2746191404220905
NC_003030.1,C. acetobutyl.,Firmicutes,88.01,TP,0,TP,-0.1455838363192953,-0.43908646911576665,-0.29233515271753097
NC_003030.1,C. acetobutyl.,Firmicutes,88.01,TP,0,TP,-0.20824110957466715,-0.6951129756011589,-0.451677042587913
NC_003030.1,C. acetobutyl.,Firmicutes,88.01,TP,0,TP,-0.01583847998307893,-0.24840749671772572,-0.13212298835040232
NC_003030.1,C. acetobutyl.,Firmicutes,88.01,TP,0,TP,-0.19009452533997168,-0.6273768729743402,-0.4087356991571559
NC_003030.1,C. acetobutyl.,Firmicutes,88.01,TP,0,TP,0.10957417737212177,0.21217341516486599,0.16087379626849388
NC_003030.1,C. acetobutyl.,Firmicutes,88.01,TP,0,TP,-0.14954065624056387,-0.37196037450366576,-0.2607505153721148
NC_003030.1,C. acetobutyl.,Firmicutes,88.01,TP,0,TP,-0.10553757951870371,-0.3646610647498164,-0.23509932213426005
NC_003030.1,C. acetobutyl.,Firmicutes,88.01,TP,0,TP,0.03635443321491062,-0.052406193479419015,-0.008025880132254196
NC_003030.1,C. acetobutyl.,Firmicutes,88.01,TP,0,TP,-0.15630507518907635,-0.5769788723018678,-0.3666419737454721
NC_003030.1,C. acetobutyl.,Firmicutes,88.01,TP,0,TP,-0.1060495612297783,-0.3587992434904258,-0.23242440236010203
NC_003030.1,C. acetobutyl.,Firmicutes,88.01,TP,0,TP,-0.17598832604160133,-0.6591054071156541,-0.4175468665786277
NC_003030.1,C. acetobutyl.,Firmicutes,88.01,TP,0,TP,-0.11180429674907681,-0.19101379442167002,-0.1514090455853734
NC_003030.1,C. acetobutyl.,Firmicutes,88.01,TP,0,TP,-0.19199963468945094,-0.4038816386716967,-0.2979406366805738
NC_003030.1,C. acetobutyl.,Firmicutes,88.01,TP,0,TP,-0.18845135857970685,-0.4969839194232968,-0.3427176390015018
NC_003030.1,C. acetobutyl.,Firmicutes,88.01,TP,0,TP,-0.12376868827708236,-0.42774335162959287,-0.2757560199533376
NC_003030.1,C. acetobutyl.,Firmicutes,88.01,TP,0,TP,-0.16151070105113755,-0.3816040631403858,-0.2715573820957617
NC_003030.1,C. acetobutyl.,Firmicutes,88.01,TP,0,TP,-0.20534409782372265,-0.8245845831295291,-0.5149643404766259
NC_003030.1,C. acetobutyl.,Firmicutes,88.01,TP,0,TP,0.035165410474801935,0.020880838231668974,0.028023124353235455
NC_003030.1,C. acetobutyl.,Firmicutes,88.01,TP,0,TP,-0.1158332848195362,-0.4791241359693522,-0.2974787103944442
NC_003030.1,C. acetobutyl.,Firmicutes,88.01,TP,0,TP,0.11329195201927149,0.16682944728100396,0.14006069965013773
NC_003030.1,C. acetobutyl.,Firmicutes,88.01,TP,0,TP,-0.0850797038359912,-0.4850910785548905,-0.28508539119544085
NC_003030.1,C. acetobutyl.,Firmicutes,88.01,TP,0,TP,-0.1693199059503262,-0.5747977077994676,-0.3720588068748969
NC_003030.1,C. acetobutyl.,Firmicutes,88.01,TP,0,TP,-0.07895583178366294,-0.4154014236953735,-0.2471786277395182
NC_003030.1,C. acetobutyl.,Firmicutes,88.01,TP,0,TP,-0.13068981331996193,-0.3212391604692023,-0.22596448689458212
NC_003030.1,C. acetobutyl.,Firmicutes,88.01,TP,0,TP,0.19940607705186225,0.3346355411435674,0.26702080909771486
NC_003030.1,C. acetobutyl.,Firmicutes,88.01,TP,0,TP,-0.06790370754848946,-0.43733254091097107,-0.2526181242297303
NC_003030.1,C. acetobutyl.,Firmicutes,88.01,TP,0,TP,-0.1651087729882498,-0.36262616935571257,-0.26386747117198117
NC_003030.1,C. acetobutyl.,Firmicutes,88.01,TP,0,TP,-0.06771937168195828,-0.3735770443991207,-0.2206482080405395
NC_003030.1,C. acetobutyl.,Firmicutes,88.01,TP,0,TP,-0.10817211312309591,-0.4596402979632842,-0.28390620554319007
NC_003030.1,C. acetobutyl.,Firmicutes,88.01,TP,0,TP,-0.08728735022934586,-0.4047696184219312,-0.24602848432563854
NC_003030.1,C. acetobutyl.,Firmicutes,88.01,TP,0,TP,-0.10730361125106427,-0.258950577552978,-0.18312709440202113
NC_003030.1,C. acetobutyl.,Firmicutes,88.01,TP,0,TP,-0.2001989359443987,-0.8409213290318902,-0.5205601324881445
NC_003030.1,C. acetobutyl.,Firmicutes,88.01,TP,0,TP,-0.07384780413187642,-0.3742536168812144,-0.2240507105065454
NC_003030.1,C. acetobutyl.,Firmicutes,88.01,TP,0,TP,-0.06339282487307779,-0.20287076102965856,-0.13313179295136818
NC_003030.1,C. acetobutyl.,Firmicutes,88.01,TP,0,TP,-0.2628400535057475,-0.8051286586801567,-0.5339843560929521
NC_003030.1,C. acetobutyl.,Firmicutes,88.01,TP,0,TP,-0.11490479677624184,-0.401971984126719,-0.2584383904514804
NC_003030.1,C. acetobutyl.,Firmicutes,88.01,TP,0,TP,-0.0813662416255075,-0.37667139499800656,-0.22901881831175702
NC_003030.1,C. acetobutyl.,Firmicutes,88.01,TP,0,TP,-0.048106623279871266,-0.13420663494940185,-0.09115662911463657
NC_003030.1,C. acetobutyl.,Firmicutes,88.01,TP,0,TP,-0.17405860613364368,-0.44712298259917704,-0.31059079436641035
NC_003030.1,C. acetobutyl.,Firmicutes,88.01,TP,0,TP,-0.05709221572237174,-0.1811427562622086,-0.11911748599229018
NC_003030.1,C. acetobutyl.,Firmicutes,88.01,TP,0,TP,-0.05452618755606314,-0.19124244578173305,-0.1228843166688981
NC_003030.1,C. acetobutyl.,Firmicutes,88.01,TP,0,TP,-0.22671143678222166,-0.7209478337042178,-0.47382963524321975
NC_003030.1,C. acetobutyl.,Firmicutes,88.01,TP,0,TP,-0.10706489259814826,-0.37079199951809516,-0.23892844605812172
NC_003030.1,C. acetobutyl.,Firmicutes,88.01,TP,0,TP,-0.23448686375743907,-0.47404881724659587,-0.3542678405020175
NC_003030.1,C. acetobutyl.,Firmicutes,88.01,TP,0,TP,-0.1140572142359313,-0.6860271779942216,-0.40004219611507646
NC_003030.1,C. acetobutyl.,Firmicutes,88.01,FP,328,intergenic,-0.19199573567888256,-0.6819508533779924,-0.4369732945284375
NC_003030.1,C. acetobutyl.,Firmicutes,88.01,TP,0,TP,0.2053465894734437,0.3004597596013319,0.2529031745373878
NC_003030.1,C. acetobutyl.,Firmicutes,88.01,TP,0,TP,-0.19647578587966189,-0.3776404794645501,-0.287058132672106
NC_003030.1,C. acetobutyl.,Firmicutes,88.01,TP,0,TP,-0.006072253953272622,-0.02105899619041409,-0.013565625071843355
NC_003030.1,C. acetobutyl.,Firmicutes,88.01,TP,0,TP,0.1485220733704755,0.3784800416740929,0.2635010575222842
NC_003030.1,C. acetobutyl.,Firmicutes,88.01,TP,0,TP,0.09135165581578757,0.022113195122055628,0.0567324254689216
NC_003030.1,C. acetobutyl.,Firmicutes,88.01,TP,0,TP,-0.16162079144858435,-0.4985715180771422,-0.33009615476286325
NC_003030.1,C. acetobutyl.,Firmicutes,88.01,TP,0,TP,-0.18871762433362088,-0.716269903774647,-0.452493764054134
NC_003030.1,C. acetobutyl.,Firmicutes,88.01,TP,0,TP,0.125351591387858,0.28052624032338686,0.20293891585562243
NC_003030.1,C. acetobutyl.,Firmicutes,88.01,TP,0,TP,-0.2817057258136863,-0.9251529398998593,-0.6034293328567728
NC_003030.1,C. acetobutyl.,Firmicutes,88.01,TP,0,TP,-0.11672831381437235,-0.5089661231572833,-0.3128472184858278
NC_003030.1,C. acetobutyl.,Firmicutes,88.01,TP,0,TP,-0.09777796363940894,-0.4204385114403806,-0.25910823753989476
NC_003030.1,C. acetobutyl.,Firmicutes,88.01,TP,0,TP,-0.1556708074710554,-0.4270660569159787,-0.29136843219351705
NC_003030.1,C. acetobutyl.,Firmicutes,88.01,TP,0,TP,-0.12717431026328613,-0.5035711505287992,-0.31537273039604263
NC_003030.1,C. acetobutyl.,Firmicutes,88.01,TP,0,TP,-0.21146153512056998,-0.5632386703902164,-0.38735010275539317
NC_003030.1,C. acetobutyl.,Firmicutes,88.01,TP,0,TP,-0.1053802678282833,-0.44879488678174795,-0.27708757730501565
NC_003030.1,C. acetobutyl.,Firmicutes,88.01,TP,0,TP,-0.21171237015178926,-0.6555454548059046,-0.43362891247884694
NC_003030.1,C. acetobutyl.,Firmicutes,88.01,TP,0,TP,-0.0706790183851569,-0.26767393003178486,-0.16917647420847087
NC_003030.1,C. acetobutyl.,Firmicutes,88.01,TP,0,TP,-0.203785052229964,-0.6675665901799256,-0.4356758212049448
NC_003030.1,C. acetobutyl.,Firmicutes,88.01,TP,0,TP,-0.10956423038750221,-0.17562860015376316,-0.1425964152706327
NC_003030.1,C. acetobutyl.,Firmicutes,88.01,TP,0,TP,-0.015499024640368949,-0.1909780113464926,-0.10323851799343077
NC_003030.1,C. acetobutyl.,Firmicutes,88.01,TP,0,TP,-0.2313908275166135,-0.8343772865806323,-0.5328840570486229
NC_003030.1,C. acetobutyl.,Firmicutes,88.01,TP,0,TP,-0.14283460059620007,-0.48034217584982175,-0.31158838822301094
NC_003030.1,C. acetobutyl.,Firmicutes,88.01,TP,0,TP,-0.12335001932619676,-0.42269099033805874,-0.27302050483212775
NC_003030.1,C. acetobutyl.,Firmicutes,88.01,TP,0,TP,-0.07933588951998326,-0.528321678104357,-0.30382878381217016
NC_003030.1,C. acetobutyl.,Firmicutes,88.01,TP,0,TP,-0.07344756253830363,-0.3794099515137354,-0.22642875702601953
NC_003030.1,C. acetobutyl.,Firmicutes,88.01,TP,0,TP,-0.012673883319277242,-0.16378580571041254,-0.08822984451484489
NC_003030.1,C. acetobutyl.,Firmicutes,88.01,TP,0,TP,-0.02805827815213178,-0.3050236696896711,-0.16654097392090145
NC_003030.1,C. acetobutyl.,Firmicutes,88.01,TP,0,TP,-0.1720159140428855,-0.5481685315061299,-0.3600922227745077
NC_003030.1,C. acetobutyl.,Firmicutes,88.01,TP,0,TP,-0.09791673046029174,-0.36663740856536153,-0.23227706951282664
NC_003030.1,C. acetobutyl.,Firmicutes,88.01,TP,0,TP,0.05558662354722088,0.12709072678027553,0.0913386751637482
NC_003030.1,C. acetobutyl.,Firmicutes,88.01,TP,0,TP,0.022264488822578223,-0.09091554120820859,-0.03432552619281518
NC_003030.1,C. acetobutyl.,Firmicutes,88.01,TP,0,TP,0.1401931278241636,0.00017630744337040482,0.070184717633767
NC_003030.1,C. acetobutyl.,Firmicutes,88.01,TP,0,TP,-0.15188746544074477,-0.43937729700993133,-0.2956323812253381
NC_003030.1,C. acetobutyl.,Firmicutes,88.01,TP,0,TP,-0.07719594436514564,-0.4436701683815933,-0.26043305637336944
NC_003030.1,C. acetobutyl.,Firmicutes,88.01,TP,0,TP,-0.18054382096174493,-0.52191911762744,-0.3512314692945925
NC_003030.1,C. acetobutyl.,Firmicutes,88.01,TP,0,TP,-0.10611348949021272,-0.2984746158893138,-0.20229405268976325
NC_003030.1,C. acetobutyl.,Firmicutes,88.01,TP,0,TP,0.04163183015343132,-0.21242471833266094,-0.0853964440896148
NC_003030.1,C. acetobutyl.,Firmicutes,88.01,TP,0,TP,-0.026221275426583902,-0.36832131744317637,-0.19727129643488014
NC_003030.1,C. acetobutyl.,Firmicutes,88.01,TP,0,TP,-0.14465757982495073,-0.6467822786301006,-0.3957199292275257
NC_003030.1,C. acetobutyl.,Firmicutes,88.01,TP,0,TP,0.008262996501237296,-0.25653302774080017,-0.12413501561978144
NC_003030.1,C. acetobutyl.,Firmicutes,88.01,TP,0,TP,-0.06237441136360289,-0.12221718164012571,-0.0922957965018643
NC_003030.1,C. acetobutyl.,Firmicutes,88.01,TP,0,TP,-0.15401656880639175,-0.3527209275263722,-0.253368748166382
NC_003030.1,C. acetobutyl.,Firmicutes,88.01,TP,0,TP,0.06464753733380041,0.02019835578827269,0.042422946561036554
NC_003030.1,C. acetobutyl.,Firmicutes,88.01,TP,0,TP,-0.0765849750388334,-0.07201949294667216,-0.07430223399275278
NC_003030.1,C. acetobutyl.,Firmicutes,88.01,TP,0,TP,0.21557094795272627,0.33301417764423746,0.27429256279848185
NC_003030.1,C. acetobutyl.,Firmicutes,88.01,TP,0,TP,-0.17113178028069267,-0.3647719859048507,-0.2679518830927717
NC_003030.1,C. acetobutyl.,Firmicutes,88.01,TP,0,TP,-0.11690810926080933,-0.4062476759133588,-0.2615778925870841
NC_003030.1,C. acetobutyl.,Firmicutes,88.01,TP,0,TP,-0.05296351836937489,-0.17771584229105528,-0.11533968033021508
NC_003030.1,C. acetobutyl.,Firmicutes,88.01,TP,0,TP,-0.07883125354303952,-0.3213265484975366,-0.20007890102028808
NC_003030.1,C. acetobutyl.,Firmicutes,88.01,TP,0,TP,-0.13599497420201132,-0.6888558741442999,-0.41242542417315564
NC_003030.1,C. acetobutyl.,Firmicutes,88.01,TP,0,TP,-0.19332203300753908,-0.4786848174271121,-0.3360034252173256
NC_003030.1,C. acetobutyl.,Firmicutes,88.01,TP,0,TP,-0.06959658115990545,-0.4411280002942831,-0.25536229072709427
NC_003030.1,C. acetobutyl.,Firmicutes,88.01,TP,0,TP,-0.28925569331467477,-0.8649569301187526,-0.5771063117167137
NC_003030.1,C. acetobutyl.,Firmicutes,88.01,TP,0,TP,-0.08023113690855865,-0.4536234446359558,-0.2669272907722572
NC_003030.1,C. acetobutyl.,Firmicutes,88.01,TP,0,TP,-0.14455231192884835,-0.5568992181212089,-0.3507257650250286
NC_003030.1,C. acetobutyl.,Firmicutes,88.01,TP,0,TP,-0.09063367926108251,-0.36495159819752204,-0.22779263872930228
NC_003030.1,C. acetobutyl.,Firmicutes,88.01,TP,0,TP,-0.15271784135917746,-0.11107501588963373,-0.1318964286244056
NC_003030.1,C. acetobutyl.,Firmicutes,88.01,TP,0,TP,-0.08078603093445101,-0.2582930604463236,-0.16953954569038732
NC_003030.1,C. acetobutyl.,Firmicutes,88.01,TP,0,TP,-0.14507918923298935,-0.4746543116498302,-0.30986675044140977
NC_003030.1,C. acetobutyl.,Firmicutes,88.01,TP,0,TP,-0.234126534951402,-0.5795689659278913,-0.40684775043964666
NC_003030.1,C. acetobutyl.,Firmicutes,88.01,TP,0,TP,-0.27024177079864986,-0.6383471110642084,-0.4542944409314291
NC_003030.1,C. acetobutyl.,Firmicutes,88.01,TP,0,TP,-0.1657746634667125,-0.5192974014876988,-0.34253603247720565
NC_003030.1,C. acetobutyl.,Firmicutes,88.01,TP,0,TP,-0.16831446874756656,-0.44034044700280006,-0.30432745787518334
NC_003030.1,C. acetobutyl.,Firmicutes,88.01,TP,0,TP,-0.11602740705369048,-0.2876475475923641,-0.2018374773230273
NC_003030.1,C. acetobutyl.,Firmicutes,88.01,TP,0,TP,-0.07642289731621142,-0.29137260515755015,-0.1838977512368808
NC_003030.1,C. acetobutyl.,Firmicutes,88.01,TP,0,TP,-0.2523944901229463,-0.7670231150480973,-0.5097088025855218
NC_003030.1,C. acetobutyl.,Firmicutes,88.01,TP,0,TP,-0.036592231338927896,-0.2353849095798047,-0.1359885704593663
NC_003030.1,C. acetobutyl.,Firmicutes,88.01,TP,0,TP,-0.2279336711672639,-0.7229226061190716,-0.47542813864316774
NC_003030.1,C. acetobutyl.,Firmicutes,88.01,TP,0,TP,-0.015785290544821844,-0.3579369060127526,-0.18686109827878722
NC_003030.1,C. acetobutyl.,Firmicutes,88.01,TP,0,TP,-0.20603857512383594,-0.560364357714105,-0.38320146641897046
NC_003030.1,C. acetobutyl.,Firmicutes,88.01,TP,0,TP,-0.029657314002593676,-0.2832358725686106,-0.15644659328560215
NC_003030.1,C. acetobutyl.,Firmicutes,88.01,TP,0,TP,-0.26740197857423925,-0.6188810829798534,-0.4431415307770463
NC_003030.1,C. acetobutyl.,Firmicutes,88.01,TP,0,TP,-0.09352789435960342,-0.3654598259564068,-0.2294938601580051
NC_003030.1,C. acetobutyl.,Firmicutes,88.01,TP,0,TP,-0.0688533168686007,-0.4931529447203431,-0.2810031307944719
NC_003030.1,C. acetobutyl.,Firmicutes,88.01,TP,0,TP,-0.16178388106213196,-0.6081739301385234,-0.38497890560032766
NC_003030.1,C. acetobutyl.,Firmicutes,88.01,TP,0,TP,-0.09179026250742481,-0.33086097291856403,-0.2113256177129944
NC_003030.1,C. acetobutyl.,Firmicutes,88.01,TP,0,TP,-0.04481842279041549,-0.10117228250058474,-0.07299535264550011
NC_003030.1,C. acetobutyl.,Firmicutes,88.01,TP,0,TP,-0.15920344442715287,-0.6451741922805809,-0.4021888183538669
NC_003030.1,C. acetobutyl.,Firmicutes,88.01,TP,0,TP,-0.05042224947305319,-0.3981778705155584,-0.2243000599943058
NC_003030.1,C. acetobutyl.,Firmicutes,88.01,TP,0,TP,-0.19769009613132482,-0.5666499767580653,-0.38217003644469505
NC_003030.1,C. acetobutyl.,Firmicutes,88.01,TP,0,TP,-0.17952565112213464,-0.5051419069769167,-0.34233377904952567
NC_003030.1,C. acetobutyl.,Firmicutes,88.01,TP,0,TP,-0.23352756851852566,-0.7916803460662891,-0.5126039572924074
NC_003030.1,C. acetobutyl.,Firmicutes,88.01,TP,0,TP,-0.3246031282533887,-0.9396173987874306,-0.6321102635204097
NC_003030.1,C. acetobutyl.,Firmicutes,88.01,TP,0,TP,-0.12625316264092704,-0.614138532016441,-0.370195847328684
NC_003030.1,C. acetobutyl.,Firmicutes,88.01,TP,0,TP,-0.011735845258344332,-0.17281352488907017,-0.09227468507370726
NC_003030.1,C. acetobutyl.,Firmicutes,88.01,TP,0,TP,0.1879580791933949,0.2818074264569745,0.2348827528251847
NC_003030.1,C. acetobutyl.,Firmicutes,88.01,TP,0,TP,-0.18796713095151246,-0.6445460385164011,-0.41625658473395677
NC_003030.1,C. acetobutyl.,Firmicutes,88.01,TP,0,TP,-0.19508008839776542,-0.5787597734628136,-0.38691993093028954
NC_003030.1,C. acetobutyl.,Firmicutes,88.01,TP,0,TP,-0.19422652389294986,-0.6121159693432503,-0.4031712466181001
NC_003030.1,C. acetobutyl.,Firmicutes,88.01,TP,0,TP,-0.09204506546981861,-0.2070271739968838,-0.1495361197333512
NC_003030.1,C. acetobutyl.,Firmicutes,88.01,TP,0,TP,-0.06370129744829829,-0.5074978307112488,-0.28559956407977355
NC_003030.1,C. acetobutyl.,Firmicutes,88.01,TP,0,TP,-0.06096124897501222,-0.14622675888384862,-0.10359400392943041
NC_003030.1,C. acetobutyl.,Firmicutes,88.01,TP,0,TP,0.11554753694111994,0.060558207578358746,0.08805287225973935
NC_003030.1,C. acetobutyl.,Firmicutes,88.01,TP,0,TP,0.09096731499970143,0.14310635705096786,0.11703683602533464
NC_003030.1,C. acetobutyl.,Firmicutes,88.01,TP,0,TP,-0.1499510137476354,-0.591913347140045,-0.3709321804438402
NC_003030.1,C. acetobutyl.,Firmicutes,88.01,TP,0,TP,-0.14967680959760135,-0.2464396602767401,-0.19805823493717073
NC_003030.1,C. acetobutyl.,Firmicutes,88.01,TP,0,TP,-0.12518653676002459,-0.27266221570938143,-0.198924376234703
NC_003030.1,C. acetobutyl.,Firmicutes,88.01,TP,0,TP,-0.03845966571216408,-0.08149570812376368,-0.05997768691796388
NC_003030.1,C. acetobutyl.,Firmicutes,88.01,TP,0,TP,-0.138003347606994,-0.23305196268481154,-0.18552765514590278
NC_003030.1,C. acetobutyl.,Firmicutes,88.01,TP,0,TP,-0.09033727625549824,-0.32778237128478765,-0.20905982377014296
NC_003030.1,C. acetobutyl.,Firmicutes,88.01,TP,0,TP,0.12685031528297586,0.30160706170184215,0.214228688492409
NC_003030.1,C. acetobutyl.,Firmicutes,88.01,TP,0,TP,-0.04100327422117497,-0.5132527558882103,-0.27712801505469264
NC_003030.1,C. acetobutyl.,Firmicutes,88.01,TP,0,TP,-0.18272497963946274,-0.45433014945570704,-0.3185275645475849
NC_003030.1,C. acetobutyl.,Firmicutes,88.01,TP,0,TP,-0.15583237423330776,-0.4581055700269161,-0.30696897213011193
NC_003030.1,C. acetobutyl.,Firmicutes,88.01,TP,0,TP,-0.1820093524134099,-0.5337690674640797,-0.3578892099387448
NC_003030.1,C. acetobutyl.,Firmicutes,88.01,TP,0,TP,-0.06790527742144548,-0.31117203302428964,-0.18953865522286756
NC_003030.1,C. acetobutyl.,Firmicutes,88.01,TP,0,TP,-0.07309220027000289,-0.2949397419329145,-0.1840159711014587
NC_003030.1,C. acetobutyl.,Firmicutes,88.01,TP,0,TP,-0.1285122307724187,-0.5066471026412309,-0.3175796667068248
NC_003030.1,C. acetobutyl.,Firmicutes,88.01,TP,0,TP,-0.056926573714819996,-0.10576208818000551,-0.08134433094741275
NC_003030.1,C. acetobutyl.,Firmicutes,88.01,TP,0,TP,-0.1945205858660368,-0.37330429534494913,-0.283912440605493
NC_003030.1,C. acetobutyl.,Firmicutes,88.01,TP,0,TP,-0.14862222822407317,-0.6699867060012921,-0.40930446711268265
NC_003030.1,C. acetobutyl.,Firmicutes,88.01,TP,0,TP,-0.20207653426697642,-0.5473691012947441,-0.37472281778086025
NC_003030.1,C. acetobutyl.,Firmicutes,88.01,TP,0,TP,-0.2679321697611726,-0.5823651905724816,-0.4251486801668271
NC_003030.1,C. acetobutyl.,Firmicutes,88.01,TP,0,TP,-0.18778776320778334,-0.5692998534843611,-0.3785438083460722
NC_003030.1,C. acetobutyl.,Firmicutes,88.01,TP,0,TP,-0.2226749150405413,-0.5429465445652042,-0.38281072980287273
NC_003030.1,C. acetobutyl.,Firmicutes,88.01,TP,0,TP,-0.10957747068254235,-0.35144190006878373,-0.23050968537566305
NC_003030.1,C. acetobutyl.,Firmicutes,88.01,TP,0,TP,-0.21142706988241927,-0.5060472469429811,-0.35873715841270015
NC_003030.1,C. acetobutyl.,Firmicutes,88.01,TP,0,TP,-0.12011051437325548,-0.3203095909028342,-0.22021005263804483
NC_003030.1,C. acetobutyl.,Firmicutes,88.01,TP,0,TP,-0.20660984570581722,-0.38448704673368683,-0.295548446219752
NC_003030.1,C. acetobutyl.,Firmicutes,88.01,TP,0,TP,-0.1943342315742266,-0.38867644745597263,-0.2915053395150996
NC_003030.1,C. acetobutyl.,Firmicutes,88.01,TP,0,TP,-0.1516888810526474,-0.6530110760446334,-0.4023499785486404
NC_003030.1,C. acetobutyl.,Firmicutes,88.01,TP,0,TP,-0.09504183968773745,-0.24771210734688864,-0.17137697351731304
NC_003030.1,C. acetobutyl.,Firmicutes,88.01,TP,0,TP,0.0868787633997305,0.09765598459187216,0.09226737399580133
NC_003030.1,C. acetobutyl.,Firmicutes,88.01,TP,0,TP,-0.07411813709135846,-0.07999034766272786,-0.07705424237704317
NC_003030.1,C. acetobutyl.,Firmicutes,88.01,TP,0,TP,-0.06117458101149822,-0.702427383173859,-0.3818009820926786
NC_003030.1,C. acetobutyl.,Firmicutes,88.01,TP,0,TP,-0.06914116065603579,-0.0436451179128504,-0.05639313928444309
NC_003030.1,C. acetobutyl.,Firmicutes,88.01,TP,0,TP,-0.12390934601029452,-0.3762425173804459,-0.25007593169537023
NC_003030.1,C. acetobutyl.,Firmicutes,88.01,TP,0,TP,0.023448749081815615,-0.0034948188376368707,0.009976965122089372
NC_003030.1,C. acetobutyl.,Firmicutes,88.01,TP,0,TP,0.1822208183310527,0.24108938863497045,0.2116551034830116
NC_003030.1,C. acetobutyl.,Firmicutes,88.01,TP,0,TP,-0.026044950371324423,-0.22336803816414133,-0.12470649426773288
NC_003030.1,C. acetobutyl.,Firmicutes,88.01,TP,0,TP,-0.14792962571096643,-0.40672124803008314,-0.2773254368705248
NC_003030.1,C. acetobutyl.,Firmicutes,88.01,TP,0,TP,-0.14166932352644893,-0.5002015714783112,-0.32093544750238007
NC_003030.1,C. acetobutyl.,Firmicutes,88.01,TP,0,TP,-0.09947999084391958,-0.4518765461427684,-0.275678268493344
NC_003030.1,C. acetobutyl.,Firmicutes,88.01,TP,0,TP,-0.1354966204989959,-0.4347074884750114,-0.28510205448700365
NC_003030.1,C. acetobutyl.,Firmicutes,88.01,TP,0,TP,-0.03946655349300817,-0.2873212552390136,-0.16339390436601087
NC_003030.1,C. acetobutyl.,Firmicutes,88.01,TP,0,TP,-0.040145547567309356,-0.34780373306125795,-0.19397464031428366
NC_003030.1,C. acetobutyl.,Firmicutes,88.01,TP,0,TP,-0.09483633527407917,-0.30090851004736197,-0.19787242266072058
NC_003030.1,C. acetobutyl.,Firmicutes,88.01,TP,0,TP,-0.27614367648382276,-0.9016138754261128,-0.5888787759549678
NC_003030.1,C. acetobutyl.,Firmicutes,88.01,TP,0,TP,-0.1441302269175831,-0.47067031876731774,-0.3074002728424504
NC_003030.1,C. acetobutyl.,Firmicutes,88.01,TP,0,TP,-0.042402418662221206,-0.3287970080099377,-0.18559971333607947
NC_003030.1,C. acetobutyl.,Firmicutes,88.01,TP,0,TP,-0.12422052763988727,-0.4010664591608929,-0.26264349340039006
NC_003030.1,C. acetobutyl.,Firmicutes,88.01,TP,0,TP,-0.029122056154350182,-0.29011214329505464,-0.15961709972470242
NC_003030.1,C. acetobutyl.,Firmicutes,88.01,TP,0,TP,-0.028713133620260813,-0.10440737961475861,-0.06656025661750971
NC_003030.1,C. acetobutyl.,Firmicutes,88.01,TP,0,TP,-0.08651068883785887,-0.2645099318036131,-0.175510310320736
NC_003030.1,C. acetobutyl.,Firmicutes,88.01,TP,0,TP,-0.17148879711602305,-0.6483536398693112,-0.4099212184926671
NC_003030.1,C. acetobutyl.,Firmicutes,88.01,TP,0,TP,-0.15580219159329545,-0.4749201593081033,-0.31536117545069936
NC_003030.1,C. acetobutyl.,Firmicutes,88.01,TP,0,TP,-0.08899278349150729,-0.5645311956196544,-0.32676198955558083
NC_003030.1,C. acetobutyl.,Firmicutes,88.01,TP,0,TP,0.0768879488909962,0.03236608309075208,0.05462701599087415
NC_003030.1,C. acetobutyl.,Firmicutes,88.01,TP,0,TP,-0.1661766459823904,-0.6108476406686109,-0.38851214332550066
NC_003030.1,C. acetobutyl.,Firmicutes,88.01,TP,0,TP,-0.14939864547675322,-0.666377211289651,-0.4078879283832021
NC_003030.1,C. acetobutyl.,Firmicutes,88.01,TP,0,TP,-0.07716101757807318,-0.3278343068458966,-0.2024976622119849
NC_003030.1,C. acetobutyl.,Firmicutes,88.01,TP,0,TP,-0.22994719246458264,-0.8352190994973213,-0.532583145980952
NC_003030.1,C. acetobutyl.,Firmicutes,88.01,TP,0,TP,-0.19652071027674842,-0.7979731889806814,-0.4972469496287149
NC_003030.1,C. acetobutyl.,Firmicutes,88.01,TP,0,TP,-0.12607487710979443,-0.41620775505192,-0.27114131608085723
NC_003030.1,C. acetobutyl.,Firmicutes,88.01,TP,0,TP,0.04838135295907715,0.18142510984660518,0.11490323140284116
NC_003030.1,C. acetobutyl.,Firmicutes,88.01,TP,0,TP,-0.12716641737947518,-0.4815132413901971,-0.3043398293848361
NC_003030.1,C. acetobutyl.,Firmicutes,88.01,TP,0,TP,-0.11872671189648804,-0.49768339684507695,-0.3082050543707825
NC_003030.1,C. acetobutyl.,Firmicutes,88.01,TP,0,TP,-0.1814646390786912,-0.6044022746678529,-0.3929334568732721
NC_003030.1,C. acetobutyl.,Firmicutes,88.01,TP,0,TP,-0.29135807369505856,-0.8318772576491398,-0.5616176656720991
NC_003030.1,C. acetobutyl.,Firmicutes,88.01,TP,0,TP,0.004350467661383087,-0.19620911848509195,-0.09592932541185444
NC_003030.1,C. acetobutyl.,Firmicutes,88.01,TP,0,TP,-0.16635636388780692,-0.3966060707900695,-0.2814812173389382
NC_003030.1,C. acetobutyl.,Firmicutes,88.01,TP,0,TP,-0.12524663955301635,-0.48266715386298314,-0.30395689670799975
NC_003030.1,C. acetobutyl.,Firmicutes,88.01,TP,0,TP,-0.12193836515182639,-0.4941167794771658,-0.3080275723144961
NC_003030.1,C. acetobutyl.,Firmicutes,88.01,TP,0,TP,-0.15190809474419636,-0.3527723370787328,-0.2523402159114646
NC_003030.1,C. acetobutyl.,Firmicutes,88.01,TP,0,TP,-0.16729913796155055,-0.6031198664364815,-0.38520950219901606
NC_003030.1,C. acetobutyl.,Firmicutes,88.01,TP,0,TP,0.17638752148549533,0.24147785551904377,0.20893268850226954
NC_003030.1,C. acetobutyl.,Firmicutes,88.01,TP,0,TP,-0.25183350532980125,-0.6131450178196609,-0.4324892615747311
NC_003030.1,C. acetobutyl.,Firmicutes,88.01,TP,0,TP,-0.17486691879828317,-0.5827479250909449,-0.37880742194461403
NC_003030.1,C. acetobutyl.,Firmicutes,88.01,TP,0,TP,-0.14657900202873647,-0.5954484872275281,-0.3710137446281323
NC_003030.1,C. acetobutyl.,Firmicutes,88.01,TP,0,TP,-0.2367916531057785,-0.6094924401214896,-0.4231420466136341
NC_003030.1,C. acetobutyl.,Firmicutes,88.01,TP,0,TP,-0.05776214853662746,-0.1013827765927033,-0.07957246256466538
NC_003030.1,C. acetobutyl.,Firmicutes,88.01,TP,0,TP,0.08827752968013627,0.07504817826238153,0.0816628539712589
NC_003030.1,C. acetobutyl.,Firmicutes,88.01,TP,0,TP,-0.23734557398561124,-0.8231697195156421,-0.5302576467506267
NC_003030.1,C. acetobutyl.,Firmicutes,88.01,TP,0,TP,-0.08541945604696745,-0.2598989180024972,-0.17265918702473232
NC_003030.1,C. acetobutyl.,Firmicutes,88.01,TP,0,TP,-0.036780360798393495,-0.29413649847691375,-0.16545842963765361
NC_003030.1,C. acetobutyl.,Firmicutes,88.01,TP,0,TP,0.0294929273028797,-0.3403290694507916,-0.15541807107395594
NC_003030.1,C. acetobutyl.,Firmicutes,88.01,TP,0,TP,-0.1204317440977166,-0.3796732665169692,-0.2500525053073429
NC_003030.1,C. acetobutyl.,Firmicutes,88.01,TP,0,TP,-0.060528581782247196,-0.25148513261568867,-0.15600685719896792
NC_003030.1,C. acetobutyl.,Firmicutes,88.01,TP,0,TP,-0.020358131249391676,-0.2058681083051816,-0.11311311977728664
NC_003030.1,C. acetobutyl.,Firmicutes,88.01,TP,0,TP,-0.14113350758061452,-0.39689031941897424,-0.26901191349979436
NC_003030.1,C. acetobutyl.,Firmicutes,88.01,TP,0,TP,-0.031022908702323566,-0.07963919100578706,-0.05533104985405531
NC_003030.1,C. acetobutyl.,Firmicutes,88.01,TP,0,TP,-0.16321285641770042,-0.5812625163691315,-0.372237686393416
NC_003030.1,C. acetobutyl.,Firmicutes,88.01,TP,0,TP,-0.22001366204749243,-0.8127265200382844,-0.5163700910428884
NC_003030.1,C. acetobutyl.,Firmicutes,88.01,TP,0,TP,-0.15716056700285416,-0.5873024913036552,-0.3722315291532547
NC_003030.1,C. acetobutyl.,Firmicutes,88.01,TP,0,TP,-0.20239892679249774,-0.6968966969812491,-0.4496478118868734
NC_003030.1,C. acetobutyl.,Firmicutes,88.01,TP,0,TP,0.023724967127771633,0.10995614482831115,0.0668405559780414
NC_003030.1,C. acetobutyl.,Firmicutes,88.01,TP,0,TP,-0.11241285052515243,-0.3588258495346338,-0.23561935002989312
NC_003030.1,C. acetobutyl.,Firmicutes,88.01,TP,0,TP,0.16258807313947277,0.14310108560154192,0.15284457937050733
NC_003030.1,C. acetobutyl.,Firmicutes,88.01,TP,0,TP,-0.2022297441692352,-0.5726730717667472,-0.3874514079679912
NC_003030.1,C. acetobutyl.,Firmicutes,88.01,TP,0,TP,-0.120547573202663,-0.35659854985823286,-0.23857306153044794
NC_003030.1,C. acetobutyl.,Firmicutes,88.01,TP,0,TP,-0.26816009579508965,-0.5345377865629068,-0.4013489411789982
NC_003030.1,C. acetobutyl.,Firmicutes,88.01,TP,0,TP,-0.0188480466928155,-0.13698311754470183,-0.07791558211875867
NC_003030.1,C. acetobutyl.,Firmicutes,88.01,TP,0,TP,-0.06415922696351922,-0.30616760655025743,-0.18516341675688833
NC_003030.1,C. acetobutyl.,Firmicutes,88.01,TP,0,TP,-0.26413431015090677,-0.7718863097415045,-0.5180103099462057
NC_003030.1,C. acetobutyl.,Firmicutes,88.01,TP,0,TP,0.12658141231604272,0.19418816524492258,0.16038478878048265
NC_003030.1,C. acetobutyl.,Firmicutes,88.01,TP,0,TP,-0.18276624502377767,-0.7337997756601468,-0.4582830103419622
NC_003030.1,C. acetobutyl.,Firmicutes,88.01,TP,0,TP,0.05783274606613986,-0.09272224772571391,-0.017444750829787026
NC_003030.1,C. acetobutyl.,Firmicutes,88.01,TP,0,TP,-0.023556833760840827,-0.30192583771312725,-0.16274133573698404
NC_003030.1,C. acetobutyl.,Firmicutes,88.01,TP,0,TP,-0.17075469863893555,-0.5654528766779492,-0.36810378765844237
NC_003030.1,C. acetobutyl.,Firmicutes,88.01,TP,0,TP,-0.12235652864746858,-0.44095388316099215,-0.2816552059042304
NC_003030.1,C. acetobutyl.,Firmicutes,88.01,TP,0,TP,-0.0946922210696035,-0.4867915301191303,-0.29074187559436687
NC_003030.1,C. acetobutyl.,Firmicutes,88.01,TP,0,TP,-0.022553928217513904,-0.4007272280828957,-0.2116405781502048
NC_003030.1,C. acetobutyl.,Firmicutes,88.01,TP,0,TP,-0.12628035381716388,-0.4059957245688949,-0.26613803919302936
NC_003030.1,C. acetobutyl.,Firmicutes,88.01,TP,0,TP,-0.20685835187634988,-0.5503663617567476,-0.3786123568165487
NC_003030.1,C. acetobutyl.,Firmicutes,88.01,TP,0,TP,-0.030569771929908996,-0.1053920194169045,-0.06798089567340675
NC_003030.1,C. acetobutyl.,Firmicutes,88.01,TP,0,TP,-0.22943786458029697,-0.6040957472489609,-0.4167668059146289
NC_003030.1,C. acetobutyl.,Firmicutes,88.01,TP,0,TP,-0.08682772018634874,-0.3708838625651424,-0.22885579137574558
NC_003030.1,C. acetobutyl.,Firmicutes,88.01,TP,0,TP,-0.1453422050677401,-0.476744562061031,-0.31104338356438554
NC_003030.1,C. acetobutyl.,Firmicutes,88.01,TP,0,TP,-0.13848080505498953,-0.2676046969475763,-0.20304275100128294
NC_003030.1,C. acetobutyl.,Firmicutes,88.01,TP,0,TP,-0.0950950984901425,-0.37619290209851997,-0.23564400029433125
NC_003030.1,C. acetobutyl.,Firmicutes,88.01,TP,0,TP,-0.06579532754394156,-0.45036201343023025,-0.2580786704870859
NC_003030.1,C. acetobutyl.,Firmicutes,88.01,TP,0,TP,-0.04130676182913883,-0.24792510999533662,-0.14461593591223773
NC_003030.1,C. acetobutyl.,Firmicutes,88.01,TP,0,TP,-0.08280816962632401,-0.36243602660983215,-0.2226220981180781
NC_003030.1,C. acetobutyl.,Firmicutes,88.01,TP,0,TP,-0.05960728940109637,-0.437176261341358,-0.2483917753712272
NC_003030.1,C. acetobutyl.,Firmicutes,88.01,TP,0,TP,-0.10752778506384099,-0.20703560280655964,-0.1572816939352003
NC_003030.1,C. acetobutyl.,Firmicutes,88.01,TP,0,TP,-0.10170708047571277,-0.3723679737026565,-0.23703752708918463
NC_003030.1,C. acetobutyl.,Firmicutes,88.01,TP,0,TP,-0.08457658204085164,-0.1494739369052894,-0.11702525947307052
NC_003030.1,C. acetobutyl.,Firmicutes,88.01,TP,0,TP,-0.04728292911379081,-0.2224568779983244,-0.1348699035560576
NC_003030.1,C. acetobutyl.,Firmicutes,88.01,TP,0,TP,-0.17395610608519357,-0.7369690929144695,-0.4554625994998316
NC_003030.1,C. acetobutyl.,Firmicutes,88.01,TP,0,TP,-0.2551346750422326,-0.7682359661098467,-0.5116853205760397
NC_003030.1,C. acetobutyl.,Firmicutes,88.01,TP,0,TP,-0.05248766376890804,-0.16343365523228853,-0.10796065950059829
NC_003030.1,C. acetobutyl.,Firmicutes,88.01,TP,0,TP,-0.10849855850186169,-0.3455460048780118,-0.22702228168993674
NC_003030.1,C. acetobutyl.,Firmicutes,88.01,TP,0,TP,-0.16746887044241726,-0.2353495027860461,-0.20140918661423168
NC_003030.1,C. acetobutyl.,Firmicutes,88.01,TP,0,TP,-0.006903350504060531,-0.16091353085477209,-0.0839084406794163
NC_003030.1,C. acetobutyl.,Firmicutes,88.01,TP,0,TP,0.15008486448790706,0.20607703473706424,0.17808094961248566
NC_003030.1,C. acetobutyl.,Firmicutes,88.01,TP,0,TP,0.14747468590297952,0.15109112276985998,0.14928290433641975
NC_003030.1,C. acetobutyl.,Firmicutes,88.01,TP,0,TP,0.18828155392674334,0.3394237595083823,0.2638526567175628
NC_003030.1,C. acetobutyl.,Firmicutes,88.01,TP,0,TP,-0.1478065949706303,-0.31130260075097455,-0.22955459786080243
NC_003030.1,C. acetobutyl.,Firmicutes,88.01,TP,0,TP,0.0733279234909124,0.2317568071639265,0.15254236532741944
NC_003030.1,C. acetobutyl.,Firmicutes,88.01,TP,0,TP,-0.09982118321774465,-0.37480790998179925,-0.23731454659977194
NC_003030.1,C. acetobutyl.,Firmicutes,88.01,TP,0,TP,-0.25259429165008407,-0.8304977443156254,-0.5415460179828547
NC_003030.1,C. acetobutyl.,Firmicutes,88.01,TP,0,TP,0.0007915084896232827,-0.18138052596085713,-0.09029450873561692
NC_003030.1,C. acetobutyl.,Firmicutes,88.01,TP,0,TP,-0.1377681747553621,-0.4932277132918941,-0.3154979440236281
NC_003030.1,C. acetobutyl.,Firmicutes,88.01,TP,0,TP,-0.264142516329444,-0.8358037442590543,-0.5499731302942492
NC_003030.1,C. acetobutyl.,Firmicutes,88.01,TP,0,TP,-0.07944772869390301,-0.44024924463303633,-0.25984848666346966
NC_003030.1,C. acetobutyl.,Firmicutes,88.01,TP,0,TP,-0.0826645033431653,-0.37700497529746074,-0.229834739320313
NC_003030.1,C. acetobutyl.,Firmicutes,88.01,FP,54,frag,-0.041997316001791775,-0.30440992111724513,-0.17320361855951846
NC_003030.1,C. acetobutyl.,Firmicutes,88.01,TP,0,TP,-0.13608277633283378,-0.3805001137712665,-0.25829144505205015
NC_003030.1,C. acetobutyl.,Firmicutes,88.01,TP,0,TP,-0.030338011293081262,-0.2531745014777528,-0.14175625638541703
NC_003030.1,C. acetobutyl.,Firmicutes,88.01,TP,0,TP,-0.11503204681825091,-0.2956872473551563,-0.2053596470867036
NC_003030.1,C. acetobutyl.,Firmicutes,88.01,TP,0,TP,-0.16095091846209708,-0.3693640236259796,-0.2651574710440383
NC_003030.1,C. acetobutyl.,Firmicutes,88.01,TP,0,TP,-0.023609322205776096,-0.14799920273729938,-0.08580426247153775
NC_003030.1,C. acetobutyl.,Firmicutes,88.01,TP,0,TP,-0.2039283191059141,-0.5425353487777678,-0.37323183394184095
NC_003030.1,C. acetobutyl.,Firmicutes,88.01,TP,0,TP,-0.07246851098946129,-0.22607562453675029,-0.14927206776310578
NC_003030.1,C. acetobutyl.,Firmicutes,88.01,TP,0,TP,-0.38391550448202666,-1.09294241707343,-0.7384289607777283
NC_003030.1,C. acetobutyl.,Firmicutes,88.01,TP,0,TP,-0.10931997348142986,-0.4800803878378034,-0.2947001806596166
NC_003030.1,C. acetobutyl.,Firmicutes,88.01,TP,0,TP,-0.126994612101128,-0.4526777080621763,-0.28983616008165214
NC_003030.1,C. acetobutyl.,Firmicutes,88.01,TP,0,TP,-0.18357026764453224,-0.5805229910841974,-0.3820466293643648
NC_003030.1,C. acetobutyl.,Firmicutes,88.01,TP,0,TP,-0.2638948160542853,-0.5714235881846463,-0.41765920211946583
NC_003030.1,C. acetobutyl.,Firmicutes,88.01,TP,0,TP,-0.038771997786050845,-0.2617348728027743,-0.15025343529441257
NC_003030.1,C. acetobutyl.,Firmicutes,88.01,TP,0,TP,-0.29033987787856386,-0.794721559871185,-0.5425307188748745
NC_003030.1,C. acetobutyl.,Firmicutes,88.01,TP,0,TP,-0.2711410363617207,-0.7033761656877531,-0.4872586010247369
NC_003030.1,C. acetobutyl.,Firmicutes,88.01,TP,0,TP,-0.12118307587227926,-0.48461369922898073,-0.30289838755063
NC_003030.1,C. acetobutyl.,Firmicutes,88.01,TP,0,TP,-0.2072615793432585,-0.6690184903650916,-0.4381400348541751
NC_003030.1,C. acetobutyl.,Firmicutes,88.01,TP,0,TP,-0.12066233502897579,-0.3621173531586351,-0.24138984409380543
NC_003030.1,C. acetobutyl.,Firmicutes,88.01,TP,0,TP,-0.2081073706238887,-0.647521280985351,-0.42781432580461987
NC_003030.1,C. acetobutyl.,Firmicutes,88.01,TP,0,TP,-0.2004462289333207,-0.41455375784823617,-0.30749999339077844
NC_003030.1,C. acetobutyl.,Firmicutes,88.01,TP,0,TP,-0.04377644710457247,-0.14305408313447004,-0.09341526511952125
NC_003030.1,C. acetobutyl.,Firmicutes,88.01,TP,0,TP,-0.17701680693204694,-0.13386549058452105,-0.155441148758284
NC_003030.1,C. acetobutyl.,Firmicutes,88.01,TP,0,TP,-0.18070733747975798,-0.5018405882803109,-0.3412739628800344
NC_003030.1,C. acetobutyl.,Firmicutes,88.01,TP,0,TP,-0.0587444554128967,-0.2849883575291436,-0.17186640647102014
NC_003030.1,C. acetobutyl.,Firmicutes,88.01,TP,0,TP,-0.08587641493385428,-0.3909425074221119,-0.2384094611779831
NC_003030.1,C. acetobutyl.,Firmicutes,88.01,TP,0,TP,-0.10008640017303373,-0.3317078589412141,-0.2158971295571239
NC_003030.1,C. acetobutyl.,Firmicutes,88.01,TP,0,TP,-0.06654746185311448,-0.3396301294717496,-0.20308879566243204
NC_003030.1,C. acetobutyl.,Firmicutes,88.01,TP,0,TP,-0.16865182354537137,-0.3983275328666423,-0.28348967820600685
NC_003030.1,C. acetobutyl.,Firmicutes,88.01,TP,0,TP,-0.14189401908870186,-0.37518222742363105,-0.25853812325616643
NC_003030.1,C. acetobutyl.,Firmicutes,88.01,TP,0,TP,-0.12454449233698502,-0.4195301243481424,-0.27203730834256373
NC_003030.1,C. acetobutyl.,Firmicutes,88.01,TP,0,TP,-0.08730445878623054,-0.3180129993467702,-0.20265872906650037
NC_003030.1,C. acetobutyl.,Firmicutes,88.01,TP,0,TP,-0.02775487210984622,-0.33720618039392536,-0.1824805262518858
NC_003030.1,C. acetobutyl.,Firmicutes,88.01,TP,0,TP,0.0036347676427380313,-0.2886434891576307,-0.14250436075744635
NC_003030.1,C. acetobutyl.,Firmicutes,88.01,TP,0,TP,-0.05333895125688362,-0.22472450095818103,-0.13903172610753234
NC_003030.1,C. acetobutyl.,Firmicutes,88.01,TP,0,TP,-0.14595274956736404,-0.37092259981577697,-0.25843767469157053
NC_003030.1,C. acetobutyl.,Firmicutes,88.01,TP,0,TP,-0.00710971553750402,-0.14854267794095932,-0.07782619673923168
NC_003030.1,C. acetobutyl.,Firmicutes,88.01,TP,0,TP,0.03693902715295749,-0.014669131551499247,0.011134947800729123
NC_003030.1,C. acetobutyl.,Firmicutes,88.01,TP,0,TP,-0.13497413710056752,-0.34817896200668913,-0.24157654955362834
NC_003030.1,C. acetobutyl.,Firmicutes,88.01,TP,0,TP,-0.1893571416208578,-0.43687821556474804,-0.31311767859280293
NC_003030.1,C. acetobutyl.,Firmicutes,88.01,TP,0,TP,-0.25267920806612026,-0.5942095733606998,-0.42344439071341
NC_003030.1,C. acetobutyl.,Firmicutes,88.01,TP,0,TP,-0.18624427537785118,-0.5252033851297639,-0.35572383025380755
NC_003030.1,C. acetobutyl.,Firmicutes,88.01,TP,0,TP,-0.07597246482839755,-0.28426161896937147,-0.1801170418988845
NC_003030.1,C. acetobutyl.,Firmicutes,88.01,TP,0,TP,-0.19200045957461048,-0.6455588732968025,-0.4187796664357065
NC_003030.1,C. acetobutyl.,Firmicutes,88.01,TP,0,TP,-0.11238765700798273,-0.4929448864914477,-0.3026662717497152
NC_003030.1,C. acetobutyl.,Firmicutes,88.01,TP,0,TP,0.036999796605848206,-0.0008079594799248468,0.01809591856296168
NC_003030.1,C. acetobutyl.,Firmicutes,88.01,TP,0,TP,-0.00039835039948812325,-0.1995223199789308,-0.09996033518920946
NC_003030.1,C. acetobutyl.,Firmicutes,88.01,TP,0,TP,-0.0995730296603412,-0.4593177634586759,-0.27944539655950856
NC_003030.1,C. acetobutyl.,Firmicutes,88.01,TP,0,TP,-0.13742453734870091,-0.4774597344504315,-0.3074421358995662
NC_003030.1,C. acetobutyl.,Firmicutes,88.01,TP,0,TP,-0.14919068552706277,-0.470260193138035,-0.3097254393325489
NC_003030.1,C. acetobutyl.,Firmicutes,88.01,TP,0,TP,0.03446136555900286,0.07868239093940729,0.05657187824920508
NC_003030.1,C. acetobutyl.,Firmicutes,88.01,TP,0,TP,0.1485881598848465,0.35727639579506276,0.25293227783995464
NC_003030.1,C. acetobutyl.,Firmicutes,88.01,TP,0,TP,0.06690156698791891,0.2662278636239009,0.16656471530590988
NC_003030.1,C. acetobutyl.,Firmicutes,88.01,TP,0,TP,0.02988510212445945,0.0665723815797726,0.04822874185211603
NC_003030.1,C. acetobutyl.,Firmicutes,88.01,TP,0,TP,0.09598951662103326,0.20675282777261755,0.15137117219682542
NC_003030.1,C. acetobutyl.,Firmicutes,88.01,TP,0,TP,0.06110788118830328,0.12115875279027932,0.09113331698929131
NC_003030.1,C. acetobutyl.,Firmicutes,88.01,TP,0,TP,-0.22240038021842234,-0.5812306017567785,-0.40181549098760044
NC_003030.1,C. acetobutyl.,Firmicutes,88.01,TP,0,TP,-0.16329978671667125,-0.3535849769835764,-0.2584423818501238
NC_003030.1,C. acetobutyl.,Firmicutes,88.01,TP,0,TP,-0.13371989578009008,-0.4593127675039305,-0.2965163316420103
NC_003030.1,C. acetobutyl.,Firmicutes,88.01,TP,0,TP,-0.1237866935693449,-0.45993286374552367,-0.2918597786574343
NC_003030.1,C. acetobutyl.,Firmicutes,88.01,TP,0,TP,-0.040369812304942104,-0.10014531416524833,-0.07025756323509522
NC_003030.1,C. acetobutyl.,Firmicutes,88.01,TP,0,TP,-0.1626836037570051,-0.37119445563403275,-0.2669390296955189
NC_003030.1,C. acetobutyl.,Firmicutes,88.01,TP,0,TP,-0.16616292550503906,-0.38620255901580336,-0.2761827422604212
NC_003030.1,C. acetobutyl.,Firmicutes,88.01,TP,0,TP,0.0936763378471395,0.1726671916892144,0.13317176476817694
NC_003030.1,C. acetobutyl.,Firmicutes,88.01,TP,0,TP,-0.0014130113791073504,-0.020318774106920047,-0.0108658927430137
NC_003030.1,C. acetobutyl.,Firmicutes,88.01,TP,0,TP,0.06541164166581552,0.12061715588255381,0.09301439877418466
NC_003030.1,C. acetobutyl.,Firmicutes,88.01,TP,0,TP,-0.044015646823683356,-0.4111748049526575,-0.22759522588817044
NC_003030.1,C. acetobutyl.,Firmicutes,88.01,TP,0,TP,-0.041616620550082216,-0.19927681614615408,-0.12044671834811815
NC_003030.1,C. acetobutyl.,Firmicutes,88.01,TP,0,TP,-0.0263623356807796,-0.09034751051641407,-0.058354923098596835
NC_003030.1,C. acetobutyl.,Firmicutes,88.01,TP,0,TP,-0.2554430289577349,-0.7968613207134254,-0.5261521748355802
NC_003030.1,C. acetobutyl.,Firmicutes,88.01,TP,0,TP,-0.07273346333488556,-0.31825494353806505,-0.1954942034364753
NC_003030.1,C. acetobutyl.,Firmicutes,88.01,TP,0,TP,-0.2280300239357537,-0.6418386875393693,-0.4349343557375615
NC_003030.1,C. acetobutyl.,Firmicutes,88.01,TP,0,TP,-0.14844065163480474,-0.36844520778496415,-0.2584429297098845
NC_003030.1,C. acetobutyl.,Firmicutes,88.01,TP,0,TP,0.10541484993454067,0.099902797313041,0.10265882362379083
NC_003030.1,C. acetobutyl.,Firmicutes,88.01,TP,0,TP,-0.14072930045864637,-0.5279712152282748,-0.3343502578434606
NC_003030.1,C. acetobutyl.,Firmicutes,88.01,TP,0,TP,-0.03680141660939095,-0.13064899888356293,-0.08372520774647695
NC_003030.1,C. acetobutyl.,Firmicutes,88.01,TP,0,TP,-0.15157696171020899,-0.6333926696084482,-0.3924848156593286
NC_003030.1,C. acetobutyl.,Firmicutes,88.01,TP,0,TP,-0.148601452169684,-0.391795575543739,-0.2701985138567115
NC_003030.1,C. acetobutyl.,Firmicutes,88.01,TP,0,TP,-0.09291807398769573,-0.29666196898213715,-0.19479002148491645
NC_003030.1,C. acetobutyl.,Firmicutes,88.01,TP,0,TP,-0.10430686595901406,-0.34787710535522437,-0.22609198565711922
NC_003030.1,C. acetobutyl.,Firmicutes,88.01,TP,0,TP,-0.025940207588812096,-0.21981564428548808,-0.12287792593715009
NC_003030.1,C. acetobutyl.,Firmicutes,88.01,TP,0,TP,-0.17701236519267052,-0.5910412284349527,-0.3840267968138116
NC_003030.1,C. acetobutyl.,Firmicutes,88.01,TP,0,TP,-0.21772076482788094,-0.619957706133141,-0.418839235480511
NC_003030.1,C. acetobutyl.,Firmicutes,88.01,TP,0,TP,-0.06967958089828177,-0.23330559248173657,-0.15149258669000917
NC_003030.1,C. acetobutyl.,Firmicutes,88.01,TP,0,TP,-0.2623371862317756,-0.894143127994915,-0.5782401571133453
NC_003030.1,C. acetobutyl.,Firmicutes,88.01,TP,0,TP,0.0030888935470618625,-0.12394731572346487,-0.060429211088201505
NC_003030.1,C. acetobutyl.,Firmicutes,88.01,TP,0,TP,0.08520189939402201,0.17007481336889613,0.12763835638145907
NC_003030.1,C. acetobutyl.,Firmicutes,88.01,TP,0,TP,-0.13194516263366746,-0.458457997891221,-0.29520158026244425
NC_003030.1,C. acetobutyl.,Firmicutes,88.01,TP,0,TP,-0.08952221169307464,-0.4968127708907815,-0.2931674912919281
NC_003030.1,C. acetobutyl.,Firmicutes,88.01,TP,0,TP,-0.18491287268908205,-0.4555922031385002,-0.3202525379137911
NC_003030.1,C. acetobutyl.,Firmicutes,88.01,TP,0,TP,-0.08541201041901327,-0.3599622255071836,-0.22268711796309842
NC_003030.1,C. acetobutyl.,Firmicutes,88.01,TP,0,TP,-0.08153038256357685,-0.4442007590074418,-0.2628655707855093
NC_003030.1,C. acetobutyl.,Firmicutes,88.01,TP,0,TP,-0.2024972592877494,-0.5520110661502841,-0.37725416271901674
NC_003030.1,C. acetobutyl.,Firmicutes,88.01,TP,0,TP,0.08441038294996399,0.0994882451010426,0.0919493140255033
NC_003030.1,C. acetobutyl.,Firmicutes,88.01,TP,0,TP,-0.015473991310715718,-0.15673503074425313,-0.08610451102748443
NC_003030.1,C. acetobutyl.,Firmicutes,88.01,TP,0,TP,-0.1270128724213836,-0.47590160308605434,-0.30145723775371897
NC_003030.1,C. acetobutyl.,Firmicutes,88.01,TP,0,TP,-0.19595479697958731,-0.3194060817176904,-0.2576804393486389
NC_003030.1,C. acetobutyl.,Firmicutes,88.01,TP,0,TP,-0.17523514959509398,-0.49719663892772203,-0.336215894261408
NC_003030.1,C. acetobutyl.,Firmicutes,88.01,TP,0,TP,-0.14190638856555726,-0.5319018255399485,-0.33690410705275287
NC_003030.1,C. acetobutyl.,Firmicutes,88.01,TP,0,TP,-0.13891148837492248,-0.40752644937058025,-0.2732189688727514
NC_003030.1,C. acetobutyl.,Firmicutes,88.01,TP,0,TP,-0.2670211966952813,-0.7970708166169921,-0.5320460066561367
NC_003030.1,C. acetobutyl.,Firmicutes,88.01,TP,0,TP,-0.09285376863359739,-0.3165474449620561,-0.20470060679782676
NC_003030.1,C. acetobutyl.,Firmicutes,88.01,TP,0,TP,-0.05566376356466473,-0.1166240928466955,-0.08614392820568012
NC_003030.1,C. acetobutyl.,Firmicutes,88.01,TP,0,TP,-0.08830620977706,-0.35887419253861597,-0.22359020115783798
NC_003030.1,C. acetobutyl.,Firmicutes,88.01,TP,0,TP,-0.15067007244946637,-0.4456478523503932,-0.2981589623999298
NC_003030.1,C. acetobutyl.,Firmicutes,88.01,TP,0,TP,-0.17287616009517257,-0.3612735015098799,-0.26707483080252625
NC_003030.1,C. acetobutyl.,Firmicutes,88.01,TP,0,TP,-0.17180668228210058,-0.4298491586523753,-0.30082792046723794
NC_003030.1,C. acetobutyl.,Firmicutes,88.01,TP,0,TP,-0.18893495057384538,-0.4974407138544102,-0.3431878322141278
NC_003030.1,C. acetobutyl.,Firmicutes,88.01,TP,0,TP,-0.12210519980089482,-0.37789925777576555,-0.25000222878833017
NC_003030.1,C. acetobutyl.,Firmicutes,88.01,TP,0,TP,-0.18032652867751958,-0.42134328715650254,-0.30083490791701106
NC_003030.1,C. acetobutyl.,Firmicutes,88.01,TP,0,TP,-0.2996039184450332,-0.9549339735181774,-0.6272689459816053
NC_003030.1,C. acetobutyl.,Firmicutes,88.01,TP,0,TP,-0.18581991419637636,-0.5956498456908846,-0.3907348799436305
NC_003030.1,C. acetobutyl.,Firmicutes,88.01,TP,0,TP,-0.10241036578417682,-0.2452270182287215,-0.17381869200644917
NC_003030.1,C. acetobutyl.,Firmicutes,88.01,TP,0,TP,-0.24131851565520038,-0.6190792382903482,-0.43019887697277426
NC_003030.1,C. acetobutyl.,Firmicutes,88.01,TP,0,TP,-0.22437189171616959,-0.3995972323130957,-0.31198456201463265
NC_003030.1,C. acetobutyl.,Firmicutes,88.01,TP,0,TP,-0.17961246869391043,-0.3694506635070617,-0.27453156610048607
NC_003030.1,C. acetobutyl.,Firmicutes,88.01,TP,0,TP,0.05566917048162097,-0.005454671764226049,0.02510724935869746
NC_003030.1,C. acetobutyl.,Firmicutes,88.01,TP,0,TP,0.1868074121839335,0.26711281752341165,0.22696011485367257
NC_003030.1,C. acetobutyl.,Firmicutes,88.01,TP,0,TP,-0.24033080044498736,-0.34652140029870393,-0.29342610037184563
NC_003030.1,C. acetobutyl.,Firmicutes,88.01,TP,0,TP,-0.17873039572848082,-0.746489440944341,-0.4626099183364109
NC_003030.1,C. acetobutyl.,Firmicutes,88.01,TP,0,TP,-0.19265399012484916,-0.4560290026591908,-0.32434149639202
NC_003030.1,C. acetobutyl.,Firmicutes,88.01,TP,0,TP,-0.27519298243550383,-0.7713477389001447,-0.5232703606678243
NC_003030.1,C. acetobutyl.,Firmicutes,88.01,FP,27,near,-0.13997511260898984,-0.530351451497949,-0.33516328205346946
NC_003030.1,C. acetobutyl.,Firmicutes,88.01,TP,0,TP,-0.09166586200412681,-0.2540830150144693,-0.17287443850929804
NC_003030.1,C. acetobutyl.,Firmicutes,88.01,TP,0,TP,-0.15700196117359416,-0.4020932969746731,-0.27954762907413366
NC_003030.1,C. acetobutyl.,Firmicutes,88.01,TP,0,TP,-0.13903354903863346,-0.43869781552649056,-0.28886568228256204
NC_003030.1,C. acetobutyl.,Firmicutes,88.01,TP,0,TP,-0.029217777440560155,-0.3160373930260533,-0.17262758523330674
NC_003030.1,C. acetobutyl.,Firmicutes,88.01,TP,0,TP,-0.09836292128909298,-0.37635949183979206,-0.2373612065644425
NC_003030.1,C. acetobutyl.,Firmicutes,88.01,TP,0,TP,0.04165423939941988,-0.13003263564758213,-0.044189198124081126
NC_003030.1,C. acetobutyl.,Firmicutes,88.01,TP,0,TP,0.0013049416638862019,-0.09556997852394104,-0.04713251843002742
NC_003030.1,C. acetobutyl.,Firmicutes,88.01,TP,0,TP,-0.17217407389333228,-0.5437090053980675,-0.3579415396456999
NC_003030.1,C. acetobutyl.,Firmicutes,88.01,TP,0,TP,-0.0374343484491213,-0.40222522611535394,-0.21982978728223762
NC_003030.1,C. acetobutyl.,Firmicutes,88.01,TP,0,TP,-0.07572974944245511,-0.5048877549496019,-0.29030875219602853
NC_003030.1,C. acetobutyl.,Firmicutes,88.01,TP,0,TP,-0.03991634656972801,-0.2010518641954576,-0.1204841053825928
NC_003030.1,C. acetobutyl.,Firmicutes,88.01,TP,0,TP,0.07428112875669891,0.12084541616041733,0.09756327245855811
NC_003030.1,C. acetobutyl.,Firmicutes,88.01,TP,0,TP,-0.09134749415837623,-0.3193550250252081,-0.20535125959179215
NC_003030.1,C. acetobutyl.,Firmicutes,88.01,TP,0,TP,0.00958523433193837,-0.003933080120638266,0.0028260771056500523
NC_003030.1,C. acetobutyl.,Firmicutes,88.01,TP,0,TP,-0.166534190579911,-0.5785752846140297,-0.3725547375969704
NC_003030.1,C. acetobutyl.,Firmicutes,88.01,TP,0,TP,-0.08540637053931283,-0.44418430689941174,-0.2647953387193623
NC_003030.1,C. acetobutyl.,Firmicutes,88.01,TP,0,TP,-0.19328124892369894,-0.8166734063770129,-0.504977327650356
NC_003030.1,C. acetobutyl.,Firmicutes,88.01,TP,0,TP,-0.18587850149891713,-0.713552025425566,-0.44971526346224155
NC_003030.1,C. acetobutyl.,Firmicutes,88.01,TP,0,TP,-0.2241095035597354,-0.5854426941554216,-0.4047760988575785
NC_003030.1,C. acetobutyl.,Firmicutes,88.01,TP,0,TP,-0.03150123925652935,-0.17592170921992079,-0.10371147423822506
NC_003030.1,C. acetobutyl.,Firmicutes,88.01,TP,0,TP,-0.24307324789961177,-0.643260902819479,-0.44316707535954536
NC_003030.1,C. acetobutyl.,Firmicutes,88.01,TP,0,TP,-0.14066707544270945,-0.3641901723891031,-0.25242862391590626
NC_003030.1,C. acetobutyl.,Firmicutes,88.01,TP,0,TP,-0.08632621247754528,-0.4096875726098702,-0.24800689254370775
NC_003030.1,C. acetobutyl.,Firmicutes,88.01,TP,0,TP,-0.08727510209924508,-0.5745857996000467,-0.3309304508496459
NC_003030.1,C. acetobutyl.,Firmicutes,88.01,TP,0,TP,-0.1001353698130849,-0.14545887370481764,-0.12279712175895127
NC_003030.1,C. acetobutyl.,Firmicutes,88.01,TP,0,TP,-0.185659601269127,-0.6676008238341012,-0.42663021255161415
NC_003030.1,C. acetobutyl.,Firmicutes,88.01,TP,0,TP,-0.04914390841365114,-0.19358404293053438,-0.12136397567209276
NC_003030.1,C. acetobutyl.,Firmicutes,88.01,TP,0,TP,-0.21824940662982376,-0.8283098125603878,-0.5232796095951058
NC_003030.1,C. acetobutyl.,Firmicutes,88.01,TP,0,TP,-0.04995273135448078,-0.10139124974132444,-0.0756719905479026
NC_003030.1,C. acetobutyl.,Firmicutes,88.01,TP,0,TP,-0.14098745361072648,-0.5933358943425737,-0.3671616739766501
NC_003030.1,C. acetobutyl.,Firmicutes,88.01,TP,0,TP,-0.18488282883687385,-0.4785336523666956,-0.3317082406017847
NC_003030.1,C. acetobutyl.,Firmicutes,88.01,TP,0,TP,-0.19135424909359078,-0.40503680909181056,-0.29819552909270064
NC_003030.1,C. acetobutyl.,Firmicutes,88.01,TP,0,TP,-0.16695412531933443,-0.5000707159723035,-0.33351242064581893
NC_003030.1,C. acetobutyl.,Firmicutes,88.01,TP,0,TP,-0.032850443506531234,-0.1719047306818851,-0.10237758709420818
NC_003030.1,C. acetobutyl.,Firmicutes,88.01,TP,0,TP,-0.08509839234029808,-0.46044794770874303,-0.27277317002452056
NC_003030.1,C. acetobutyl.,Firmicutes,88.01,TP,0,TP,-0.20348812912827322,-0.5217418873461931,-0.36261500823723314
NC_003030.1,C. acetobutyl.,Firmicutes,88.01,TP,0,TP,-0.08044116828147475,-0.3700544394460792,-0.22524780386377696
NC_003030.1,C. acetobutyl.,Firmicutes,88.01,TP,0,TP,-0.2847575169693471,-0.7910401444523089,-0.537898830710828
NC_003030.1,C. acetobutyl.,Firmicutes,88.01,TP,0,TP,-0.22116416529720623,-0.6673231726126325,-0.4442436689549194
NC_003030.1,C. acetobutyl.,Firmicutes,88.01,TP,0,TP,-0.06589116355779936,-0.3856823537966555,-0.22578675867722742
NC_003030.1,C. acetobutyl.,Firmicutes,88.01,TP,0,TP,-0.01089111220415404,-0.09089875499309982,-0.05089493359862693
NC_003030.1,C. acetobutyl.,Firmicutes,88.01,TP,0,TP,-0.2592541216145662,-0.7281438728356079,-0.49369899722508703
NC_003030.1,C. acetobutyl.,Firmicutes,88.01,TP,0,TP,0.020678394435614915,-0.1545040553481769,-0.06691283045628099
NC_003030.1,C. acetobutyl.,Firmicutes,88.01,TP,0,TP,0.133992649488894,0.18118272324239654,0.15758768636564527
NC_003030.1,C. acetobutyl.,Firmicutes,88.01,TP,0,TP,-0.014951153638028576,-0.07088821576956406,-0.04291968470379631
NC_003030.1,C. acetobutyl.,Firmicutes,88.01,FP,700,intergenic,0.13165398983934154,0.050804820872592416,0.09122940535596698
NC_003030.1,C. acetobutyl.,Firmicutes,88.01,TP,0,TP,-0.13958362722762416,-0.5037278134743971,-0.32165572035101064
NC_003030.1,C. acetobutyl.,Firmicutes,88.01,TP,0,TP,-0.04462588640792025,-0.12668461307872292,-0.08565524974332159
NC_003030.1,C. acetobutyl.,Firmicutes,88.01,FP,16,near,-0.15873793455248658,-0.5828553176216886,-0.37079662608708763
NC_003030.1,C. acetobutyl.,Firmicutes,88.01,TP,0,TP,-0.24247874593606747,-0.7665201260120689,-0.5044994359740682
NC_003030.1,C. acetobutyl.,Firmicutes,88.01,TP,0,TP,-0.08434961199674144,-0.2786596515568,-0.18150463177677073
NC_003030.1,C. acetobutyl.,Firmicutes,88.01,TP,0,TP,-0.2154595827579854,-0.5933302218973694,-0.4043949023276774
NC_003030.1,C. acetobutyl.,Firmicutes,88.01,TP,0,TP,-0.06825733509899053,-0.09572571724803539,-0.08199152617351296
NC_003030.1,C. acetobutyl.,Firmicutes,88.01,TP,0,TP,-0.092839105185764,-0.3552503147788187,-0.22404470998229134
NC_003030.1,C. acetobutyl.,Firmicutes,88.01,TP,0,TP,-0.0747217224330709,-0.5015514325129835,-0.28813657747302723
NC_003030.1,C. acetobutyl.,Firmicutes,88.01,TP,0,TP,-0.08564221133178572,-0.2825192783587305,-0.1840807448452581
NC_003030.1,C. acetobutyl.,Firmicutes,88.01,TP,0,TP,-0.19931450806275705,-0.5801061679110106,-0.3897103379868838
NC_003030.1,C. acetobutyl.,Firmicutes,88.01,TP,0,TP,-0.022639596353623167,-0.003646623924655046,-0.013143110139139106
NC_003030.1,C. acetobutyl.,Firmicutes,88.01,TP,0,TP,-0.025979430586459764,-0.06267897020796767,-0.04432920039721372
NC_003030.1,C. acetobutyl.,Firmicutes,88.01,TP,0,TP,-0.17674227353305932,-0.3470972800942299,-0.26191977681364464
NC_003030.1,C. acetobutyl.,Firmicutes,88.01,TP,0,TP,-0.028394908070588087,-0.15353784401839263,-0.09096637604449036
NC_003030.1,C. acetobutyl.,Firmicutes,88.01,TP,0,TP,0.08801814592068974,0.1112534095532105,0.09963577773695012
NC_003030.1,C. acetobutyl.,Firmicutes,88.01,TP,0,TP,-0.18540788062415434,-0.44560571551929584,-0.3155067980717251
NC_003030.1,C. acetobutyl.,Firmicutes,88.01,TP,0,TP,-0.23876999564029333,-0.7726546180749054,-0.5057123068575994
NC_003030.1,C. acetobutyl.,Firmicutes,88.01,TP,0,TP,-0.16449114265153308,-0.46341609944649276,-0.3139536210490129
NC_003030.1,C. acetobutyl.,Firmicutes,88.01,TP,0,TP,0.001954158223691612,-0.10391106816448428,-0.05097845497039633
NC_003030.1,C. acetobutyl.,Firmicutes,88.01,TP,0,TP,-0.002591535506617504,-0.2784764360184752,-0.14053398576254636
NC_003030.1,C. acetobutyl.,Firmicutes,88.01,TP,0,TP,-0.14845516378803508,-0.5182194527103349,-0.33333730824918495
NC_003030.1,C. acetobutyl.,Firmicutes,88.01,TP,0,TP,-0.25983005056381925,-0.6472874153007645,-0.4535587329322919
NC_003030.1,C. acetobutyl.,Firmicutes,88.01,TP,0,TP,-0.22615314058194116,-0.5495954515224973,-0.38787429605221924
NC_003030.1,C. acetobutyl.,Firmicutes,88.01,TP,0,TP,-0.11029123095812612,-0.2665695002881264,-0.18843036562312626
NC_003030.1,C. acetobutyl.,Firmicutes,88.01,TP,0,TP,-0.15593353063720036,-0.4888393237986932,-0.3223864272179468
NC_003030.1,C. acetobutyl.,Firmicutes,88.01,TP,0,TP,-0.051259837366733764,-0.11027894280195341,-0.08076939008434358
NC_003030.1,C. acetobutyl.,Firmicutes,88.01,TP,0,TP,-0.05579424839456001,-0.24387947024936593,-0.14983685932196297
NC_003030.1,C. acetobutyl.,Firmicutes,88.01,TP,0,TP,-0.23680308649442924,-0.5035172757509642,-0.3701601811226967
NC_003030.1,C. acetobutyl.,Firmicutes,88.01,TP,0,TP,-0.006490492592247202,-0.1886344813878303,-0.09756248699003875
NC_003030.1,C. acetobutyl.,Firmicutes,88.01,TP,0,TP,-0.16836439574986717,-0.44207958111566087,-0.30522198843276405
NC_003030.1,C. acetobutyl.,Firmicutes,88.01,TP,0,TP,0.04135970575847689,0.10462336670057297,0.07299153622952492
NC_003030.1,C. acetobutyl.,Firmicutes,88.01,TP,0,TP,-0.18280762296626135,-0.6301907437209344,-0.4064991833435979
NC_003030.1,C. acetobutyl.,Firmicutes,88.01,TP,0,TP,0.15336177605601692,0.1579104164110497,0.1556360962335333
NC_003030.1,C. acetobutyl.,Firmicutes,88.01,TP,0,TP,0.12657141153374288,0.3344856377918767,0.23052852466280976
NC_003030.1,C. acetobutyl.,Firmicutes,88.01,TP,0,TP,0.17409564065154443,0.3479344026271164,0.26101502163933044
NC_003030.1,C. acetobutyl.,Firmicutes,88.01,TP,0,TP,-0.19738777078575584,-0.6417596346486221,-0.41957370271718897
NC_003030.1,C. acetobutyl.,Firmicutes,88.01,TP,0,TP,-0.23787158479400952,-0.5048313867039098,-0.37135148574895965
NC_003030.1,C. acetobutyl.,Firmicutes,88.01,TP,0,TP,-0.11650838138225836,-0.3104052318647305,-0.21345680662349442
NC_003030.1,C. acetobutyl.,Firmicutes,88.01,TP,0,TP,0.21910595141266284,0.43679233590478717,0.327949143658725
NC_003030.1,C. acetobutyl.,Firmicutes,88.01,TP,0,TP,-0.09788258510292139,-0.4246259537960505,-0.26125426944948593
NC_003030.1,C. acetobutyl.,Firmicutes,88.01,TP,0,TP,-0.11284240614032535,-0.5056340770426268,-0.30923824159147606
NC_003030.1,C. acetobutyl.,Firmicutes,88.01,TP,0,TP,-0.3241231978539704,-0.9618082164029971,-0.6429657071284838
NC_003030.1,C. acetobutyl.,Firmicutes,88.01,TP,0,TP,-0.17020782163340797,-0.4456222049371448,-0.3079150132852764
NC_003030.1,C. acetobutyl.,Firmicutes,88.01,TP,0,TP,-0.01825055888294595,-0.3281851760366081,-0.17321786745977702
NC_003030.1,C. acetobutyl.,Firmicutes,88.01,TP,0,TP,-0.0301329021515104,-0.1559018472075792,-0.0930173746795448
NC_003030.1,C. acetobutyl.,Firmicutes,88.01,TP,0,TP,-0.2070888089845115,-0.5267916253290871,-0.3669402171567993
NC_003030.1,C. acetobutyl.,Firmicutes,88.01,TP,0,TP,-0.08366534357365059,-0.3714742302878399,-0.22756978693074523
NC_003030.1,C. acetobutyl.,Firmicutes,88.01,TP,0,TP,0.02654869766022756,-0.07185500856372826,-0.022653155451750347
NC_003030.1,C. acetobutyl.,Firmicutes,88.01,TP,0,TP,-0.1979033008834153,-0.5640181442983832,-0.3809607225908992
NC_003030.1,C. acetobutyl.,Firmicutes,88.01,TP,0,TP,-0.03613775386471829,-0.2957260599849647,-0.1659319069248415
NC_003030.1,C. acetobutyl.,Firmicutes,88.01,TP,0,TP,-0.07597285155855146,-0.29157013295862055,-0.18377149225858602
NC_003030.1,C. acetobutyl.,Firmicutes,88.01,TP,0,TP,-0.15542925232653554,-0.3094969132724216,-0.23246308279947858
NC_003030.1,C. acetobutyl.,Firmicutes,88.01,TP,0,TP,-0.17974727621904568,-0.4581712694499139,-0.3189592728344798
NC_003030.1,C. acetobutyl.,Firmicutes,88.01,TP,0,TP,-0.12840800171623884,-0.30602260533286485,-0.21721530352455184
NC_003030.1,C. acetobutyl.,Firmicutes,88.01,TP,0,TP,-0.07905903052275368,-0.45693739834576375,-0.2679982144342587
NC_003030.1,C. acetobutyl.,Firmicutes,88.01,TP,0,TP,-0.09795690717165707,-0.38982285357739743,-0.24388988037452725
NC_003030.1,C. acetobutyl.,Firmicutes,88.01,TP,0,TP,0.12879405493286075,0.21477905768214783,0.17178655630750428
NC_003030.1,C. acetobutyl.,Firmicutes,88.01,TP,0,TP,-0.1113650586216373,-0.2946455234690163,-0.2030052910453268
NC_003030.1,C. acetobutyl.,Firmicutes,88.01,TP,0,TP,-0.0631697155673424,-0.32479621313736545,-0.19398296435235393
NC_003030.1,C. acetobutyl.,Firmicutes,88.01,TP,0,TP,0.05453806777608297,0.24426640048698972,0.14940223413153636
NC_003030.1,C. acetobutyl.,Firmicutes,88.01,TP,0,TP,-0.11699184264081618,-0.4687214867733225,-0.29285666470706934
NC_003030.1,C. acetobutyl.,Firmicutes,88.01,TP,0,TP,-0.04782354203663862,-0.21257926605711788,-0.13020140404687824
NC_003030.1,C. acetobutyl.,Firmicutes,88.01,TP,0,TP,0.013803136617591132,-0.21641036135695585,-0.10130361236968236
NC_003030.1,C. acetobutyl.,Firmicutes,88.01,TP,0,TP,-0.046945901375183514,-0.30166772324771857,-0.17430681231145104
NC_003030.1,C. acetobutyl.,Firmicutes,88.01,TP,0,TP,-0.23852375874785872,-0.5871257134795946,-0.41282473611372666
NC_003030.1,C. acetobutyl.,Firmicutes,88.01,TP,0,TP,0.04762228493717989,0.12366576923521677,0.08564402708619834
NC_003030.1,C. acetobutyl.,Firmicutes,88.01,TP,0,TP,-0.042624235503892056,-0.07181653207431182,-0.057220383789101936
NC_003030.1,C. acetobutyl.,Firmicutes,88.01,TP,0,TP,-0.13993243573092376,-0.5233806683391868,-0.3316565520350553
NC_003030.1,C. acetobutyl.,Firmicutes,88.01,TP,0,TP,-0.1576074297683621,-0.4776938056248589,-0.3176506176966105
NC_003030.1,C. acetobutyl.,Firmicutes,88.01,TP,0,TP,-0.19378533359290817,-0.5694904294086903,-0.38163788150079925
NC_003030.1,C. acetobutyl.,Firmicutes,88.01,TP,0,TP,-0.2242657853909184,-1.0355241021609274,-0.6298949437759229
NC_003030.1,C. acetobutyl.,Firmicutes,88.01,TP,0,TP,-0.08905115123289255,-0.3419226480039249,-0.21548689961840872
NC_003030.1,C. acetobutyl.,Firmicutes,88.01,TP,0,TP,-0.21411396866680074,-0.7744289754186404,-0.4942714720427206
NC_003030.1,C. acetobutyl.,Firmicutes,88.01,TP,0,TP,-0.09655182386903528,-0.3071045228856285,-0.2018281733773319
NC_003030.1,C. acetobutyl.,Firmicutes,88.01,TP,0,TP,-0.10642398711408844,-0.45046441042049923,-0.2784441987672938
NC_003030.1,C. acetobutyl.,Firmicutes,88.01,TP,0,TP,0.09909115556877406,0.10614192847519988,0.10261654202198697
NC_003030.1,C. acetobutyl.,Firmicutes,88.01,TP,0,TP,0.12825603144333494,0.17331642058141766,0.1507862260123763
NC_003030.1,C. acetobutyl.,Firmicutes,88.01,TP,0,TP,-0.14437908330441995,-0.32686180255836417,-0.23562044293139206
NC_003030.1,C. acetobutyl.,Firmicutes,88.01,TP,0,TP,-0.20280830441954714,-0.6117312067200246,-0.40726975556978584
NC_003030.1,C. acetobutyl.,Firmicutes,88.01,TP,0,TP,-0.22689933151737188,-0.5213620867673903,-0.37413070914238106
NC_003030.1,C. acetobutyl.,Firmicutes,88.01,TP,0,TP,-0.11416903748616676,-0.44398557209659517,-0.279077304791381
NC_003030.1,C. acetobutyl.,Firmicutes,88.01,TP,0,TP,-0.05874354398915263,-0.21501919763468608,-0.13688137081191937
NC_003030.1,C. acetobutyl.,Firmicutes,88.01,TP,0,TP,0.09209764741587918,-0.006874868802531608,0.04261138930667379
NC_003030.1,C. acetobutyl.,Firmicutes,88.01,TP,0,TP,-0.06683024350731397,-0.2858165463642536,-0.17632339493578378
NC_003030.1,C. acetobutyl.,Firmicutes,88.01,TP,0,TP,-0.10446457560443675,-0.3498152959976217,-0.2271399358010292
NC_003030.1,C. acetobutyl.,Firmicutes,88.01,TP,0,TP,0.10156321506946,0.12616035559905397,0.11386178533425699
NC_003030.1,C. acetobutyl.,Firmicutes,88.01,TP,0,TP,0.05628631630167291,0.20498086243200006,0.1306335893668365
NC_003030.1,C. acetobutyl.,Firmicutes,88.01,TP,0,TP,0.07283511796362228,0.24185881489973796,0.1573469664316801
NC_003030.1,C. acetobutyl.,Firmicutes,88.01,TP,0,TP,-0.005823413957576188,-0.08788307447156214,-0.04685324421456916
NC_003030.1,C. acetobutyl.,Firmicutes,88.01,FP,64,frag,-0.03318450175698426,-0.2746731536572312,-0.15392882770710775
NC_003030.1,C. acetobutyl.,Firmicutes,88.01,TP,0,TP,-0.000917618397773623,-0.24116628944561355,-0.12104195392169359
NC_003030.1,C. acetobutyl.,Firmicutes,88.01,TP,0,TP,-0.18811411841830886,-0.6031275254245593,-0.39562082192143405
NC_003030.1,C. acetobutyl.,Firmicutes,88.01,TP,0,TP,-0.15277649455169046,-0.40485509111041224,-0.27881579283105135
NC_003030.1,C. acetobutyl.,Firmicutes,88.01,TP,0,TP,-0.170252727230253,-0.48435394589006153,-0.32730333656015725
NC_003030.1,C. acetobutyl.,Firmicutes,88.01,TP,0,TP,-0.0662737665020849,-0.250626840231633,-0.15845030336685895
NC_003030.1,C. acetobutyl.,Firmicutes,88.01,TP,0,TP,-0.16807557391411385,-0.5946445481074534,-0.3813600610107836
NC_003030.1,C. acetobutyl.,Firmicutes,88.01,TP,0,TP,-0.12754189175536748,-0.5210325214561884,-0.3242872066057779
NC_003030.1,C. acetobutyl.,Firmicutes,88.01,TP,0,TP,-0.14242322442011784,-0.3842614444422964,-0.26334233443120714
NC_003030.1,C. acetobutyl.,Firmicutes,88.01,TP,0,TP,-0.00036190786888378547,-0.434863733822575,-0.2176128208457294
NC_003030.1,C. acetobutyl.,Firmicutes,88.01,TP,0,TP,-0.13311035985873876,-0.48924736193486995,-0.31117886089680435
NC_003030.1,C. acetobutyl.,Firmicutes,88.01,TP,0,TP,-0.13698232030447338,-0.4654943500259442,-0.3012383351652088
NC_003030.1,C. acetobutyl.,Firmicutes,88.01,TP,0,TP,-0.021350189643018068,-0.2736741119230487,-0.14751215078303337
NC_003030.1,C. acetobutyl.,Firmicutes,88.01,TP,0,TP,-0.1228441241739148,-0.24056507271180577,-0.1817045984428603
NC_003030.1,C. acetobutyl.,Firmicutes,88.01,TP,0,TP,-0.11508865063783892,-0.5546193367461065,-0.3348539936919727
NC_003030.1,C. acetobutyl.,Firmicutes,88.01,TP,0,TP,-0.19267891041915847,-0.5825382409045468,-0.3876085756618526
NC_003030.1,C. acetobutyl.,Firmicutes,88.01,TP,0,TP,-0.230150818562664,-0.6740457331130386,-0.45209827583785134
NC_003030.1,C. acetobutyl.,Firmicutes,88.01,TP,0,TP,-0.017426161625242523,-0.08250435396964732,-0.04996525779744492
NC_003030.1,C. acetobutyl.,Firmicutes,88.01,TP,0,TP,-0.16251748351881498,-0.4116071041987219,-0.2870622938587684
NC_003030.1,C. acetobutyl.,Firmicutes,88.01,TP,0,TP,-0.10347625762250771,-0.3834113226613923,-0.24344379014195
NC_003030.1,C. acetobutyl.,Firmicutes,88.01,TP,0,TP,-0.0362959323620989,-0.2796515536097381,-0.15797374298591849
NC_003030.1,C. acetobutyl.,Firmicutes,88.01,TP,0,TP,-0.18500131986639587,-0.6295468180947104,-0.40727406898055313
NC_003030.1,C. acetobutyl.,Firmicutes,88.01,TP,0,TP,-0.1432307006706059,-0.5273593162078306,-0.3352950084392182
NC_003030.1,C. acetobutyl.,Firmicutes,88.01,TP,0,TP,0.11033419049895628,0.09107062596390776,0.10070240823143202
NC_003030.1,C. acetobutyl.,Firmicutes,88.01,TP,0,TP,0.03996019041501668,-0.024972433769167423,0.007493878322924629
NC_003030.1,C. acetobutyl.,Firmicutes,88.01,TP,0,TP,-0.07568762152644387,-0.30184487359165785,-0.18876624755905086
NC_003030.1,C. acetobutyl.,Firmicutes,88.01,TP,0,TP,0.037473660959994014,0.014569318674502086,0.02602148981724805
NC_003030.1,C. acetobutyl.,Firmicutes,88.01,TP,0,TP,-0.04398439722616298,-0.220858777052419,-0.13242158713929097
NC_003030.1,C. acetobutyl.,Firmicutes,88.01,TP,0,TP,0.003301503151186817,-0.13678100372433163,-0.0667397502865724
NC_003030.1,C. acetobutyl.,Firmicutes,88.01,TP,0,TP,-0.19772082509161304,-0.8751205969647196,-0.5364207110281662
NC_003030.1,C. acetobutyl.,Firmicutes,88.01,TP,0,TP,-0.13749064880911585,-0.5516570943926908,-0.34457387160090336
NC_003030.1,C. acetobutyl.,Firmicutes,88.01,TP,0,TP,-0.0216641070000378,-0.2884872265505429,-0.15507566677529033
NC_003030.1,C. acetobutyl.,Firmicutes,88.01,TP,0,TP,-0.05761117867405545,-0.4041547717520686,-0.23088297521306203
NC_003030.1,C. acetobutyl.,Firmicutes,88.01,TP,0,TP,-0.04092260305663657,-0.13489687997039823,-0.08790974151351741
NC_003030.1,C. acetobutyl.,Firmicutes,88.01,TP,0,TP,0.08977191972948854,0.2824475306124853,0.18610972517098692
NC_003030.1,C. acetobutyl.,Firmicutes,88.01,TP,0,TP,0.04909354966616111,0.010043578967862033,0.029568564317011572
NC_003030.1,C. acetobutyl.,Firmicutes,88.01,TP,0,TP,-0.1415764982170998,-0.471314513735944,-0.3064455059765219
NC_003030.1,C. acetobutyl.,Firmicutes,88.01,FP,12,near,-0.20468056294693965,-0.6634991126890256,-0.4340898378179826
NC_003030.1,C. acetobutyl.,Firmicutes,88.01,TP,0,TP,-0.05251891092375611,-0.17478745463361492,-0.11365318277868551
NC_003030.1,C. acetobutyl.,Firmicutes,88.01,TP,0,TP,0.03656562433060392,0.2890134918955688,0.16278955811308635
NC_003030.1,C. acetobutyl.,Firmicutes,88.01,TP,0,TP,0.04622809415299377,0.08027822465657194,0.06325315940478285
NC_003030.1,C. acetobutyl.,Firmicutes,88.01,TP,0,TP,-0.04717226879280408,-0.4639133047271528,-0.25554278675997844
NC_003030.1,C. acetobutyl.,Firmicutes,88.01,TP,0,TP,0.028478044807119338,-0.09460065698840339,-0.03306130609064203
NC_003030.1,C. acetobutyl.,Firmicutes,88.01,TP,0,TP,-0.041502249724646605,-0.16585401654416215,-0.10367813313440438
NC_003030.1,C. acetobutyl.,Firmicutes,88.01,TP,0,TP,0.1499129981265533,0.16324446079838423,0.15657872946246876
NC_003030.1,C. acetobutyl.,Firmicutes,88.01,TP,0,TP,-0.08898121359337215,-0.2670162839091169,-0.17799874875124452
NC_003030.1,C. acetobutyl.,Firmicutes,88.01,TP,0,TP,0.014574590348681464,-0.12423372238924983,-0.05482956602028419
NC_003030.1,C. acetobutyl.,Firmicutes,88.01,FP,33,frag,-0.08004648393523368,-0.15717947561185994,-0.11861297977354682
NC_003030.1,C. acetobutyl.,Firmicutes,88.01,FP,24,near,0.04383249974968564,0.09281352814778429,0.06832301394873497
NC_003030.1,C. acetobutyl.,Firmicutes,88.01,FP,6,near,-0.07942159929652988,-0.22526571689782388,-0.15234365809717687
NC_003030.1,C. acetobutyl.,Firmicutes,88.01,TP,0,TP,-0.03283429724840114,-0.2876691381388845,-0.16025171769364283
NC_003030.1,C. acetobutyl.,Firmicutes,88.01,TP,0,TP,-0.13545785527147083,-0.38301003769123626,-0.25923394648135356
NC_003030.1,C. acetobutyl.,Firmicutes,88.01,TP,0,TP,-0.022245820953753537,-0.1734061241831455,-0.09782597256844952
NC_003030.1,C. acetobutyl.,Firmicutes,88.01,TP,0,TP,0.0014128090126116414,-0.1577766283142637,-0.07818190965082603
NC_003030.1,C. acetobutyl.,Firmicutes,88.01,TP,0,TP,-0.07524188804511928,-0.3799574472505974,-0.22759966764785833
NC_003030.1,C. acetobutyl.,Firmicutes,88.01,FP,12,near,0.07975520432795875,0.12064377410436507,0.10019948921616191
NC_003030.1,C. acetobutyl.,Firmicutes,88.01,TP,0,TP,-0.20890874950428753,-0.6543629045631946,-0.43163582703374104
NC_003030.1,C. acetobutyl.,Firmicutes,88.01,TP,0,TP,-0.025012042134556132,-0.1947702021487828,-0.10989112214166946
NC_003030.1,C. acetobutyl.,Firmicutes,88.01,TP,0,TP,-0.04573521510714471,-0.0800577389126417,-0.0628964770098932
NC_003030.1,C. acetobutyl.,Firmicutes,88.01,TP,0,TP,-0.146018104302262,-0.3765734716687078,-0.2612957879854849
NC_003030.1,C. acetobutyl.,Firmicutes,88.01,TP,0,TP,-0.1172357723102472,-0.33814134036124555,-0.22768855633574636
NC_003030.1,C. acetobutyl.,Firmicutes,88.01,FP,21,near,-0.13028352702895346,-0.4070997358109736,-0.26869163141996355
NC_003030.1,C. acetobutyl.,Firmicutes,88.01,TP,0,TP,-0.16333307793987756,-0.4758146485839127,-0.31957386326189513
NC_003030.1,C. acetobutyl.,Firmicutes,88.01,TP,0,TP,-0.15335878842282563,-0.5056823729552178,-0.3295205806890217
NC_003030.1,C. acetobutyl.,Firmicutes,88.01,TP,0,TP,-0.07782494766784183,-0.40823933935883544,-0.24303214351333863
NC_003030.1,C. acetobutyl.,Firmicutes,88.01,FP,30,frag,-0.07120413948147804,-0.3523644440796033,-0.21178429178054067
NC_003030.1,C. acetobutyl.,Firmicutes,88.01,TP,0,TP,-0.13063741683168406,-0.33920538426430935,-0.2349214005479967
NC_003030.1,C. acetobutyl.,Firmicutes,88.01,TP,0,TP,-0.0690595068864892,-0.2241901654823934,-0.1466248361844413
NC_003030.1,C. acetobutyl.,Firmicutes,88.01,TP,0,TP,-0.013788852597550517,-0.1988619354300873,-0.10632539401381891
NC_003030.1,C. acetobutyl.,Firmicutes,88.01,TP,0,TP,-0.18331389703200263,-0.7102841177641551,-0.4467990073980789
NC_003030.1,C. acetobutyl.,Firmicutes,88.01,TP,0,TP,0.11553254382438638,0.3242021627268862,0.21986735327563628
NC_003030.1,C. acetobutyl.,Firmicutes,88.01,TP,0,TP,-0.00641096422403038,-0.13743409046204463,-0.0719225273430375
NC_003030.1,C. acetobutyl.,Firmicutes,88.01,TP,0,TP,0.14437400791516594,-0.013019752597276835,0.06567712765894455
NC_003030.1,C. acetobutyl.,Firmicutes,88.01,TP,0,TP,-0.053960984877682465,-0.17073072485225538,-0.11234585486496892
NC_003030.1,C. acetobutyl.,Firmicutes,88.01,TP,0,TP,-0.08230059570657412,-0.2735033977550785,-0.1779019967308263
NC_003030.1,C. acetobutyl.,Firmicutes,88.01,TP,0,TP,0.035533692446989326,-0.24283909995811612,-0.1036527037555634
NC_003030.1,C. acetobutyl.,Firmicutes,88.01,TP,0,TP,-0.0609943955565465,-0.3429168339614975,-0.20195561475902202
NC_003030.1,C. acetobutyl.,Firmicutes,88.01,FP,18,near,-0.10365024969655133,-0.5138583305898571,-0.3087542901432042
NC_003030.1,C. acetobutyl.,Firmicutes,88.01,TP,0,TP,0.14385553408455323,0.1318938334098668,0.13787468374721001
NC_003030.1,C. acetobutyl.,Firmicutes,88.01,TP,0,TP,-0.1518599204144773,-0.44974948900762685,-0.3008047047110521
NC_003030.1,C. acetobutyl.,Firmicutes,88.01,TP,0,TP,0.1559968596296687,0.28160956103284035,0.21880321033125452
NC_003030.1,C. acetobutyl.,Firmicutes,88.01,TP,0,TP,0.16045867807197567,0.30577718751787797,0.23311793279492682
NC_003030.1,C. acetobutyl.,Firmicutes,88.01,TP,0,TP,-0.16709569615326103,-0.6657645228609731,-0.41643010950711706
NC_003030.1,C. acetobutyl.,Firmicutes,88.01,FP,57,frag,-0.019833762676042945,-0.18955278916650684,-0.10469327592127489
NC_003030.1,C. acetobutyl.,Firmicutes,88.01,TP,0,TP,-0.06502482583862607,-0.2682106838034507,-0.16661775482103838
NC_003030.1,C. acetobutyl.,Firmicutes,88.01,TP,0,TP,-0.2672190311659423,-0.8412351219235887,-0.5542270765447656
NC_003030.1,C. acetobutyl.,Firmicutes,88.01,TP,0,TP,-0.020810240741397243,-0.24827693410054863,-0.13454358742097294
NC_003030.1,C. acetobutyl.,Firmicutes,88.01,FP,15,near,0.07084107635910541,0.07546152461374547,0.07315130048642544
NC_003030.1,C. acetobutyl.,Firmicutes,88.01,TP,0,TP,-0.14422733492283038,-0.6719549935521606,-0.4080911642374955
NC_003030.1,C. acetobutyl.,Firmicutes,88.01,TP,0,TP,-0.07104481180073043,-0.5246380165055037,-0.29784141415311705
NC_003030.1,C. acetobutyl.,Firmicutes,88.01,TP,0,TP,-0.07023426861700106,-0.2487731897584517,-0.15950372918772637
NC_003030.1,C. acetobutyl.,Firmicutes,88.01,TP,0,TP,-0.09114374977769941,-0.30864141425593344,-0.19989258201681642
NC_003030.1,C. acetobutyl.,Firmicutes,88.01,FP,33,frag,-0.06257310585426339,-0.2630753631624316,-0.1628242345083475
NC_003030.1,C. acetobutyl.,Firmicutes,88.01,TP,0,TP,-0.16911777164011071,-0.6324699294319387,-0.4007938505360247
NC_003030.1,C. acetobutyl.,Firmicutes,88.01,FP,51,frag,-0.23887751470943192,-0.6750024128426588,-0.4569399637760454
NC_003030.1,C. acetobutyl.,Firmicutes,88.01,TP,0,TP,-0.21364924077382763,-0.5414500797624158,-0.3775496602681217
NC_003030.1,C. acetobutyl.,Firmicutes,88.01,FP,15,near,-0.011996042366040408,-0.08126223235198538,-0.04662913735901289
NC_003030.1,C. acetobutyl.,Firmicutes,88.01,FP,21,near,-0.039254409986469105,-0.008494287066159244,-0.023874348526314176
NC_003030.1,C. acetobutyl.,Firmicutes,88.01,TP,0,TP,-0.0618242509624757,-0.3472916858516754,-0.20455796840707555
NC_003030.1,C. acetobutyl.,Firmicutes,88.01,TP,0,TP,0.007112485208821795,-0.18428785965284505,-0.08858768722201163
NC_003030.1,C. acetobutyl.,Firmicutes,88.01,TP,0,TP,0.008212740272358113,-0.07331072118996787,-0.032548990458804876
NC_003030.1,C. acetobutyl.,Firmicutes,88.01,FP,6,near,0.06327393460152067,0.122296357306832,0.09278514595417633
NC_003030.1,C. acetobutyl.,Firmicutes,88.01,TP,0,TP,-0.033864206490298206,-0.4180401485025712,-0.2259521774964347
NC_003030.1,C. acetobutyl.,Firmicutes,88.01,FP,36,frag,-0.05584134942833453,-0.41250465445509976,-0.23417300194171714
NC_003030.1,C. acetobutyl.,Firmicutes,88.01,TP,0,TP,-0.13088535345881122,-0.4287395029608575,-0.2798124282098344
NC_003030.1,C. acetobutyl.,Firmicutes,88.01,TP,0,TP,-0.00936543259395961,-0.21302956639557777,-0.11119749949476869
NC_003030.1,C. acetobutyl.,Firmicutes,88.01,TP,0,TP,-0.10696387966942543,-0.4064964216286171,-0.25673015064902127
NC_003030.1,C. acetobutyl.,Firmicutes,88.01,TP,0,TP,-0.15420837648482763,-0.5459420398708061,-0.3500752081778169
NC_003030.1,C. acetobutyl.,Firmicutes,88.01,TP,0,TP,-0.11357526754115478,-0.39202571408594694,-0.2528004908135509
NC_003030.1,C. acetobutyl.,Firmicutes,88.01,TP,0,TP,-0.09760958368350808,-0.4093487623712001,-0.2534791730273541
NC_003030.1,C. acetobutyl.,Firmicutes,88.01,TP,0,TP,0.2534032963407069,0.3632424382151143,0.3083228672779106
NC_003030.1,C. acetobutyl.,Firmicutes,88.01,TP,0,TP,0.08674927735050939,0.042238697614392605,0.064493987482451
NC_003030.1,C. acetobutyl.,Firmicutes,88.01,FP,51,frag,-0.12021311819722248,-0.5304845610692972,-0.32534883963325983
NC_003030.1,C. acetobutyl.,Firmicutes,88.01,FP,18,near,-0.10294905880054182,-0.45752401202371046,-0.2802365354121261
NC_003030.1,C. acetobutyl.,Firmicutes,88.01,TP,0,TP,-0.3419545545138026,-1.0065540359660226,-0.6742542952399125
NC_003030.1,C. acetobutyl.,Firmicutes,88.01,TP,0,TP,0.08698681748838434,0.20945731033738682,0.1482220639128856
NC_003030.1,C. acetobutyl.,Firmicutes,88.01,TP,0,TP,-0.08744229463724765,-0.4434352029241566,-0.2654387487807021
NC_003030.1,C. acetobutyl.,Firmicutes,88.01,TP,0,TP,-0.17722256099430828,-0.5366550730872148,-0.3569388170407616
NC_003030.1,C. acetobutyl.,Firmicutes,88.01,TP,0,TP,-0.1633446019717463,-0.5980244051060964,-0.38068450353892136
NC_003030.1,C. acetobutyl.,Firmicutes,88.01,TP,0,TP,-0.16078811105023688,-0.5029520659681779,-0.3318700885092074
NC_003030.1,C. acetobutyl.,Firmicutes,88.01,TP,0,TP,-0.05593864271477926,-0.233800266694778,-0.14486945470477863
NC_003030.1,C. acetobutyl.,Firmicutes,88.01,TP,0,TP,-0.05814624376439852,-0.2954539106025912,-0.17680007718349486
NC_003030.1,C. acetobutyl.,Firmicutes,88.01,TP,0,TP,-0.13064475948828663,-0.5192795523920587,-0.32496215594017264
NC_003030.1,C. acetobutyl.,Firmicutes,88.01,TP,0,TP,-0.07786555781163097,-0.39480714747991213,-0.23633635264577155
NC_003030.1,C. acetobutyl.,Firmicutes,88.01,TP,0,TP,0.0891539227757401,0.11834260072565712,0.10374826175069861
NC_003030.1,C. acetobutyl.,Firmicutes,88.01,TP,0,TP,-0.29564715278884274,-0.87185508250084,-0.5837511176448413
NC_003030.1,C. acetobutyl.,Firmicutes,88.01,TP,0,TP,-0.17763426537260354,-0.5954976760255228,-0.3865659706990632
NC_003030.1,C. acetobutyl.,Firmicutes,88.01,TP,0,TP,-0.231406381370077,-0.7726765668194246,-0.5020414740947509
NC_003030.1,C. acetobutyl.,Firmicutes,88.01,TP,0,TP,-0.08118065404702174,-0.269818170843493,-0.17549941244525738
NC_003030.1,C. acetobutyl.,Firmicutes,88.01,TP,0,TP,-0.039470837763407235,-0.140784569883769,-0.09012770382358812
NC_003030.1,C. acetobutyl.,Firmicutes,88.01,TP,0,TP,-0.003693205665567708,-0.2475418389372699,-0.1256175223014188
NC_003030.1,C. acetobutyl.,Firmicutes,88.01,TP,0,TP,-0.21693498735475672,-0.6087023300823432,-0.41281865871854995
NC_003030.1,C. acetobutyl.,Firmicutes,88.01,TP,0,TP,-0.1594273916321529,-0.6133385126294115,-0.3863829521307822
NC_003030.1,C. acetobutyl.,Firmicutes,88.01,FP,36,frag,-0.0667761758368376,-0.19037920986874185,-0.12857769285278972
NC_003030.1,C. acetobutyl.,Firmicutes,88.01,FP,9,near,-0.303902857588411,-0.8958998831888906,-0.5999013703886508
NC_003030.1,C. acetobutyl.,Firmicutes,88.01,FP,27,near,-0.05027012171347304,-0.3094989122154573,-0.17988451696446517
NC_003030.1,C. acetobutyl.,Firmicutes,88.01,TP,0,TP,-0.032406884383863147,-0.1283745950446061,-0.08039073971423463
NC_003030.1,C. acetobutyl.,Firmicutes,88.01,FP,9,near,-0.059785369742281345,-0.39176205673769077,-0.22577371323998605
NC_003030.1,C. acetobutyl.,Firmicutes,88.01,FP,33,frag,-0.005754534806847289,-0.28028054285008536,-0.14301753882846632
NC_003030.1,C. acetobutyl.,Firmicutes,88.01,TP,0,TP,-0.2609781611948681,-0.8306045857077308,-0.5457913734512995
NC_003030.1,C. acetobutyl.,Firmicutes,88.01,TP,0,TP,-0.06718046333690567,-0.32252068100142994,-0.1948505721691678
NC_003030.1,C. acetobutyl.,Firmicutes,88.01,FP,18,near,0.04015499183429867,0.03931777659310711,0.03973638421370289
NC_003030.1,C. acetobutyl.,Firmicutes,88.01,FP,30,frag,-0.07247236086545712,-0.21181229049729994,-0.14214232568137852
NC_003030.1,C. acetobutyl.,Firmicutes,88.01,TP,0,TP,-0.1441331584793031,-0.4071376151456064,-0.27563538681245475
NC_003030.1,C. acetobutyl.,Firmicutes,88.01,TP,0,TP,-0.2582694069361163,-0.761776279983507,-0.5100228434598116
NC_003030.1,C. acetobutyl.,Firmicutes,88.01,TP,0,TP,-0.16280955028336924,-0.6049714214043214,-0.38389048584384533
NC_003030.1,C. acetobutyl.,Firmicutes,88.01,TP,0,TP,-0.15441964406036254,-0.719794626654835,-0.43710713535759876
NC_003030.1,C. acetobutyl.,Firmicutes,88.01,TP,0,TP,0.03070462733303998,0.09445008289791161,0.0625773551154758
NC_003030.1,C. acetobutyl.,Firmicutes,88.01,TP,0,TP,0.07587963703150961,0.1822043283344165,0.12904198268296305
NC_003030.1,C. acetobutyl.,Firmicutes,88.01,TP,0,TP,-0.24064932706877162,-0.6814222049213718,-0.46103576599507173
NC_003030.1,C. acetobutyl.,Firmicutes,88.01,TP,0,TP,-0.035899747009533675,-0.1856100343561174,-0.11075489068282554
NC_003030.1,C. acetobutyl.,Firmicutes,88.01,TP,0,TP,-0.14729636325862525,-0.2767164403183209,-0.21200640178847308
NC_003030.1,C. acetobutyl.,Firmicutes,88.01,TP,0,TP,-0.17192067335487712,-0.6308691488833873,-0.4013949111191322
NC_003030.1,C. acetobutyl.,Firmicutes,88.01,TP,0,TP,-0.10706918568981104,-0.4149148873215175,-0.26099203650566427
NC_003030.1,C. acetobutyl.,Firmicutes,88.01,FP,21,near,-0.13912922685605006,-0.33167251349585103,-0.23540087017595054
NC_003030.1,C. acetobutyl.,Firmicutes,88.01,TP,0,TP,-0.21292737853027266,-0.48541071036847183,-0.34916904444937225
NC_003030.1,C. acetobutyl.,Firmicutes,88.01,TP,0,TP,-0.07632606616794936,-0.21968792349053815,-0.14800699482924376
NC_003030.1,C. acetobutyl.,Firmicutes,88.01,TP,0,TP,-0.1030780784768074,-0.4433297901168608,-0.2732039342968341
NC_003030.1,C. acetobutyl.,Firmicutes,88.01,TP,0,TP,-0.00917258029474463,-0.028099745096888284,-0.018636162695816458
NC_003030.1,C. acetobutyl.,Firmicutes,88.01,FP,36,frag,-0.13746932489155222,-0.6143175604917595,-0.3758934426916558
NC_003030.1,C. acetobutyl.,Firmicutes,88.01,TP,0,TP,-0.09498994956120464,-0.3937979801331849,-0.24439396484719478
NC_003030.1,C. acetobutyl.,Firmicutes,88.01,TP,0,TP,0.007176206990065737,-0.25870231602016175,-0.12576305451504802
NC_003030.1,C. acetobutyl.,Firmicutes,88.01,FP,39,frag,-0.20383667416286713,-0.6156916960395946,-0.40976418510123086
NC_003030.1,C. acetobutyl.,Firmicutes,88.01,TP,0,TP,0.16288472656766567,0.18374991815521255,0.1733173223614391
NC_003030.1,C. acetobutyl.,Firmicutes,88.01,TP,0,TP,-0.04634547283401318,-0.4080574775017659,-0.22720147516788955
NC_003030.1,C. acetobutyl.,Firmicutes,88.01,TP,0,TP,-0.14639359707899663,-0.4944429369230313,-0.32041826700101395
NC_003030.1,C. acetobutyl.,Firmicutes,88.01,TP,0,TP,-0.28814955201913506,-0.8642628091513203,-0.5762061805852277
NC_003030.1,C. acetobutyl.,Firmicutes,88.01,TP,0,TP,0.054497808543622975,-0.24938616017867687,-0.09744417581752696
NC_003030.1,C. acetobutyl.,Firmicutes,88.01,TP,0,TP,-0.27740849012144153,-0.7578241591897467,-0.517616324655594
NC_003030.1,C. acetobutyl.,Firmicutes,88.01,TP,0,TP,-0.17213370882883627,-0.46197317724835185,-0.31705344303859406
NC_003030.1,C. acetobutyl.,Firmicutes,88.01,TP,0,TP,-0.013723665081566357,-0.037894169672896535,-0.025808917377231448
NC_003030.1,C. acetobutyl.,Firmicutes,88.01,TP,0,TP,-0.127486404118104,-0.39766784078477146,-0.2625771224514377
NC_003030.1,C. acetobutyl.,Firmicutes,88.01,TP,0,TP,-0.14724916599587937,-0.4206226691631869,-0.2839359175795331
NC_003030.1,C. acetobutyl.,Firmicutes,88.01,TP,0,TP,-0.013702036837242559,-0.05697975203936423,-0.03534089443830339
NC_003030.1,C. acetobutyl.,Firmicutes,88.01,TP,0,TP,-0.044274862702092105,-0.15172964838854314,-0.09800225554531762
NC_003030.1,C. acetobutyl.,Firmicutes,88.01,TP,0,TP,-0.34769760985893233,-1.2793662554895562,-0.8135319326742443
NC_003030.1,C. acetobutyl.,Firmicutes,88.01,TP,0,TP,0.00987712780205167,-0.25730507774697814,-0.12371397497246324
NC_003030.1,C. acetobutyl.,Firmicutes,88.01,TP,0,TP,-0.18826234322156452,-0.5323199001702775,-0.36029112169592103
NC_003030.1,C. acetobutyl.,Firmicutes,88.01,FP,24,near,0.23931720428651032,0.3137645239178262,0.27654086410216827
NC_003030.1,C. acetobutyl.,Firmicutes,88.01,TP,0,TP,-0.1221488292824939,-0.5483822114631807,-0.3352655203728373
NC_003030.1,C. acetobutyl.,Firmicutes,88.01,TP,0,TP,-0.25388997150091913,-0.7632984084510838,-0.5085941899760015
NC_003030.1,C. acetobutyl.,Firmicutes,88.01,TP,0,TP,-0.053606261040958954,-0.22394088999300976,-0.13877357551698435
NC_003030.1,C. acetobutyl.,Firmicutes,88.01,TP,0,TP,-0.11194616837949217,-0.4621378292567499,-0.28704199881812104
NC_003030.1,C. acetobutyl.,Firmicutes,88.01,FP,9,near,-0.026151213838461966,-0.21556914217090153,-0.12086017800468175
NC_003030.1,C. acetobutyl.,Firmicutes,88.01,TP,0,TP,0.018959509314664065,0.10950240720031132,0.06423095825748769
NC_003030.1,C. acetobutyl.,Firmicutes,88.01,TP,0,TP,-0.054036611931089835,-0.4653166710688922,-0.25967664149999103
NC_003030.1,C. acetobutyl.,Firmicutes,88.01,TP,0,TP,-0.1035231561480001,-0.2885470837023846,-0.19603511992519235
NC_003030.1,C. acetobutyl.,Firmicutes,88.01,TP,0,TP,-0.0926039959805621,-0.336506872469586,-0.21455543422507406
NC_003030.1,C. acetobutyl.,Firmicutes,88.01,TP,0,TP,-0.045738203718085894,-0.1597851009851219,-0.1027616523516039
NC_003030.1,C. acetobutyl.,Firmicutes,88.01,TP,0,TP,-0.20617901324160096,-0.709362860924567,-0.457770937083084
NC_003030.1,C. acetobutyl.,Firmicutes,88.01,FP,108,neighbor,0.009742501614749462,0.05326970969528446,0.031506105655016964
NC_003030.1,C. acetobutyl.,Firmicutes,88.01,FP,15,near,-0.10060461418311206,-0.44726295256337634,-0.2739337833732442
NC_003030.1,C. acetobutyl.,Firmicutes,88.01,TP,0,TP,-0.1809257301488138,-0.5551540021624752,-0.36803986615564455
NC_003030.1,C. acetobutyl.,Firmicutes,88.01,TP,0,TP,-0.11365167004286884,-0.4141802310178967,-0.26391595053038275
NC_003030.1,C. acetobutyl.,Firmicutes,88.01,FP,84,frag,-0.06420457847907267,-0.23998898472920444,-0.15209678160413856
NC_003030.1,C. acetobutyl.,Firmicutes,88.01,TP,0,TP,-0.22070816928173614,-0.6756865198175411,-0.44819734454963867
NC_003030.1,C. acetobutyl.,Firmicutes,88.01,TP,0,TP,-0.3172801082827327,-0.9128200351383761,-0.6150500717105544
NC_003030.1,C. acetobutyl.,Firmicutes,88.01,TP,0,TP,-0.06184370481286099,-0.08229672694361981,-0.0720702158782404
NC_003030.1,C. acetobutyl.,Firmicutes,88.01,TP,0,TP,-0.08687262176396615,-0.3714809469295474,-0.22917678434675678
NC_003030.1,C. acetobutyl.,Firmicutes,88.01,TP,0,TP,-0.11021412248801545,-0.5144303816112178,-0.3123222520496166
NC_003030.1,C. acetobutyl.,Firmicutes,88.01,FP,66,frag,-0.11020512380277031,-0.18734196212019755,-0.14877354296148393
NC_003030.1,C. acetobutyl.,Firmicutes,88.01,FP,39,frag,-0.14601745209610423,-0.5109046819312993,-0.3284610670137018
NC_003030.1,C. acetobutyl.,Firmicutes,88.01,TP,0,TP,-0.13287670128428103,-0.4328761637847343,-0.28287643253450767
NC_003030.1,C. acetobutyl.,Firmicutes,88.01,TP,0,TP,-0.2000893718070633,-0.5971288562129573,-0.3986091140100103
NC_003030.1,C. acetobutyl.,Firmicutes,88.01,TP,0,TP,0.05998517523822026,-0.10065344699404051,-0.020334135877910126
NC_003030.1,C. acetobutyl.,Firmicutes,88.01,TP,0,TP,-0.1477923746455289,-0.26707590763882083,-0.20743414114217487
NC_003030.1,C. acetobutyl.,Firmicutes,88.01,FP,18,near,0.20033002110323797,0.27979438357133757,0.24006220233728776
NC_003030.1,C. acetobutyl.,Firmicutes,88.01,TP,0,TP,-0.29430417070285203,-0.9935582354969015,-0.6439312030998767
NC_003030.1,C. acetobutyl.,Firmicutes,88.01,TP,0,TP,-0.05486219534739405,-0.11935243646436078,-0.08710731590587742
NC_003030.1,C. acetobutyl.,Firmicutes,88.01,TP,0,TP,-0.025071598429649337,-0.15700156555465342,-0.09103658199215138
NC_003030.1,C. acetobutyl.,Firmicutes,88.01,TP,0,TP,0.02612483591032747,-0.30109489656313426,-0.13748503032640338
NC_003030.1,C. acetobutyl.,Firmicutes,88.01,TP,0,TP,-0.02247542251761298,-0.23212416837281466,-0.12729979544521383
NC_003030.1,C. acetobutyl.,Firmicutes,88.01,TP,0,TP,-0.016150313602541645,-0.20432141909218515,-0.1102358663473634
NC_003030.1,C. acetobutyl.,Firmicutes,88.01,TP,0,TP,-0.28842369601946466,-0.8035391076336709,-0.5459814018265677
NC_003030.1,C. acetobutyl.,Firmicutes,88.01,TP,0,TP,-0.14700987309097707,-0.5224310839157894,-0.33472047850338327
NC_003030.1,C. acetobutyl.,Firmicutes,88.01,TP,0,TP,-0.22025502049173273,-0.6207899701972324,-0.42052249534448255
NC_003030.1,C. acetobutyl.,Firmicutes,88.01,TP,0,TP,-0.08100839446423791,-0.46074215937217816,-0.270875276918208
NC_003030.1,C. acetobutyl.,Firmicutes,88.01,TP,0,TP,-0.38707545136304117,-1.222604669476248,-0.8048400604196446
NC_003030.1,C. acetobutyl.,Firmicutes,88.01,TP,0,TP,0.004897790514142741,-0.15199952484817558,-0.07355086716701642
NC_003030.1,C. acetobutyl.,Firmicutes,88.01,TP,0,TP,-0.101379256402659,-0.4705698374668529,-0.28597454693475594
NC_003030.1,C. acetobutyl.,Firmicutes,88.01,FP,78,frag,-0.07325248506609133,-0.5322662725373611,-0.3027593788017262
NC_003030.1,C. acetobutyl.,Firmicutes,88.01,TP,0,TP,-0.1361150787617383,-0.48721234271075176,-0.31166371073624505
NC_003030.1,C. acetobutyl.,Firmicutes,88.01,TP,0,TP,-0.0399882754864502,-0.31150627995213753,-0.17574727771929388
NC_003030.1,C. acetobutyl.,Firmicutes,88.01,TP,0,TP,-0.06334999303269626,-0.2820542132432095,-0.17270210313795287
NC_003030.1,C. acetobutyl.,Firmicutes,88.01,TP,0,TP,-0.1308855886412784,-0.43998083431567564,-0.285433211478477
NC_003030.1,C. acetobutyl.,Firmicutes,88.01,TP,0,TP,-0.06284295911077062,-0.27025236913706296,-0.1665476641239168
NC_003030.1,C. acetobutyl.,Firmicutes,88.01,TP,0,TP,0.01943319458996342,-0.03772553818527129,-0.009146171797653934
NC_003030.1,C. acetobutyl.,Firmicutes,88.01,TP,0,TP,-0.15893253954430028,-0.6553177788985252,-0.40712515922141274
NC_003030.1,C. acetobutyl.,Firmicutes,88.01,TP,0,TP,-0.07306073208170645,-0.43909373794543927,-0.2560772350135729
NC_003030.1,C. acetobutyl.,Firmicutes,88.01,TP,0,TP,-0.05802593318656714,-0.279318978691142,-0.16867245593885455
NC_003030.1,C. acetobutyl.,Firmicutes,88.01,TP,0,TP,-0.18476636398018112,-0.44673086562698006,-0.3157486148035806
NC_003030.1,C. acetobutyl.,Firmicutes,88.01,TP,0,TP,-0.13669659531122372,-0.3641628164441812,-0.25042970587770247
NC_003030.1,C. acetobutyl.,Firmicutes,88.01,TP,0,TP,-0.0077726962545945355,-0.08470650383153852,-0.04623960004306653
NC_003030.1,C. acetobutyl.,Firmicutes,88.01,FP,72,frag,-0.11543633913713881,-0.31880660249282966,-0.21712147081498423
NC_003030.1,C. acetobutyl.,Firmicutes,88.01,TP,0,TP,-0.17121658272865048,-0.4778410673153594,-0.324528825022005
NC_003030.1,C. acetobutyl.,Firmicutes,88.01,TP,0,TP,-0.09494894899296374,-0.5367773655587313,-0.3158631572758476
NC_003030.1,C. acetobutyl.,Firmicutes,88.01,TP,0,TP,-0.12995437799638315,-0.4607508709744856,-0.29535262448543437
NC_003030.1,C. acetobutyl.,Firmicutes,88.01,FP,27,near,0.09693590174917285,0.13007038269627386,0.11350314222272335
NC_003030.1,C. acetobutyl.,Firmicutes,88.01,TP,0,TP,-0.19848064790343614,-0.5933165494760673,-0.3958985986897517
NC_003030.1,C. acetobutyl.,Firmicutes,88.01,TP,0,TP,-0.1521152955347072,-0.5744891392824101,-0.3633022174085586
NC_003030.1,C. acetobutyl.,Firmicutes,88.01,FP,12,near,-0.18483150129130646,-0.46505300354677315,-0.3249422524190398
NC_003030.1,C. acetobutyl.,Firmicutes,88.01,TP,0,TP,-0.0295720957460676,-0.14190211115265328,-0.08573710344936043
NC_003030.1,C. acetobutyl.,Firmicutes,88.01,FP,27,near,-0.14974849492724118,-0.4260485271031961,-0.2878985110152186
NC_003030.1,C. acetobutyl.,Firmicutes,88.01,TP,0,TP,-0.02429722751858326,-0.13679938420359009,-0.08054830586108667
NC_003030.1,C. acetobutyl.,Firmicutes,88.01,FP,18,near,-0.12566468121699614,-0.40417173535348566,-0.26491820828524093
NC_003030.1,C. acetobutyl.,Firmicutes,88.01,TP,0,TP,0.03960960756269453,-0.004331054627154174,0.017639276467770176
NC_003030.1,C. acetobutyl.,Firmicutes,88.01,TP,0,TP,-0.09035728683431211,-0.32838720752635664,-0.20937224718033437
NC_003030.1,C. acetobutyl.,Firmicutes,88.01,TP,0,TP,0.012566392434907196,-0.12338781845410622,-0.055410713009599516
NC_003030.1,C. acetobutyl.,Firmicutes,88.01,FP,33,frag,-0.03569412817712632,-0.6051978058135049,-0.32044596699531563
NC_003030.1,C. acetobutyl.,Firmicutes,88.01,FP,45,frag,0.10171436683630972,0.1835418687492684,0.14262811779278906
NC_003030.1,C. acetobutyl.,Firmicutes,88.01,TP,0,TP,-0.0957024731112431,-0.33090067239810067,-0.21330157275467188
NC_003030.1,C. acetobutyl.,Firmicutes,88.01,TP,0,TP,-0.01101978738893834,-0.28374838248388057,-0.14738408493640945
NC_003030.1,C. acetobutyl.,Firmicutes,88.01,TP,0,TP,-0.12603904917847994,-0.3087533124621856,-0.2173961808203328
NC_003030.1,C. acetobutyl.,Firmicutes,88.01,FP,9,near,-0.1226457035362472,-0.46483615934967587,-0.29374093144296154
NC_003030.1,C. acetobutyl.,Firmicutes,88.01,TP,0,TP,-0.09798682888538437,-0.21093661518952017,-0.1544617220374523
NC_003030.1,C. acetobutyl.,Firmicutes,88.01,TP,0,TP,-0.04291446315879052,-0.4543218079474002,-0.24861813555309537
NC_003030.1,C. acetobutyl.,Firmicutes,88.01,FP,9,near,-0.14134674536896152,-0.46303416789213403,-0.3021904566305478
NC_003030.1,C. acetobutyl.,Firmicutes,88.01,FP,9,near,-0.15392652208263843,-0.4443898377640309,-0.29915817992333466
NC_003030.1,C. acetobutyl.,Firmicutes,88.01,TP,0,TP,-0.05730445809690702,-0.31348100558228464,-0.18539273183959584
NC_003030.1,C. acetobutyl.,Firmicutes,88.01,TP,0,TP,-0.008228446097841412,-0.436293381411469,-0.2222609137546552
NC_003030.1,C. acetobutyl.,Firmicutes,88.01,TP,0,TP,-0.2501781336860875,-0.6909746845423094,-0.4705764091141984
NC_003030.1,C. acetobutyl.,Firmicutes,88.01,TP,0,TP,-0.1357506712961957,-0.6142069547284208,-0.37497881301230823
NC_003030.1,C. acetobutyl.,Firmicutes,88.01,TP,0,TP,-0.165171036539468,-0.42095297937678355,-0.29306200795812576
NC_003030.1,C. acetobutyl.,Firmicutes,88.01,FP,18,near,-0.19950728272113974,-0.44171378016556134,-0.32061053144335055
NC_003030.1,C. acetobutyl.,Firmicutes,88.01,FP,18,near,0.08471581551727662,-0.01877352967802608,0.032971142919625274
NC_003030.1,C. acetobutyl.,Firmicutes,88.01,TP,0,TP,-0.18059962237875665,-0.6441925469476025,-0.41239608466317956
NC_003030.1,C. acetobutyl.,Firmicutes,88.01,TP,0,TP,-0.2224387814290483,-0.892008155648498,-0.5572234685387731
NC_003030.1,C. acetobutyl.,Firmicutes,88.01,TP,0,TP,-0.25399631941960904,-0.4842306569605725,-0.36911348819009077
NC_003030.1,C. acetobutyl.,Firmicutes,88.01,TP,0,TP,-0.07578056521261468,-0.4883958668459066,-0.28208821602926065
NC_003030.1,C. acetobutyl.,Firmicutes,88.01,TP,0,TP,-0.10689615448228006,-0.2690244280641963,-0.18796029127323818
NC_003030.1,C. acetobutyl.,Firmicutes,88.01,TP,0,TP,-0.1467760247349756,-0.41588163569716696,-0.2813288302160713
NC_003030.1,C. acetobutyl.,Firmicutes,88.01,TP,0,TP,-0.1298524017230394,-0.5987625158248996,-0.36430745877396953
NC_003030.1,C. acetobutyl.,Firmicutes,88.01,TP,0,TP,0.034782061951684776,-0.23980399447142559,-0.10251096625987041
NC_003030.1,C. acetobutyl.,Firmicutes,88.01,TP,0,TP,-0.007076009565604598,-0.03454365992858044,-0.02080983474709252
NC_003030.1,C. acetobutyl.,Firmicutes,88.01,FP,18,near,0.11009726136135356,0.19007146799934987,0.15008436468035172
NC_003030.1,C. acetobutyl.,Firmicutes,88.01,TP,0,TP,-0.22957686910224004,-0.760707732559004,-0.49514230083062205
NC_003030.1,C. acetobutyl.,Firmicutes,88.01,TP,0,TP,-0.07029202273725849,-0.13571490855797846,-0.10300346564761848
NC_003030.1,C. acetobutyl.,Firmicutes,88.01,TP,0,TP,-0.07263945298576337,-0.20041430861673462,-0.136526880801249
NC_003030.1,C. acetobutyl.,Firmicutes,88.01,TP,0,TP,-0.105007477662807,-0.5941478056820308,-0.34957764167241895
NC_003030.1,C. acetobutyl.,Firmicutes,88.01,TP,0,TP,-0.17111852004809666,-0.44036227237083236,-0.3057403962094645
NC_003030.1,C. acetobutyl.,Firmicutes,88.01,TP,0,TP,-0.07082150903021685,-0.2640289659725653,-0.16742523750139107
NC_003030.1,C. acetobutyl.,Firmicutes,88.01,TP,0,TP,-0.09026478984097087,-0.2826686367812499,-0.1864667133111104
NC_003030.1,C. acetobutyl.,Firmicutes,88.01,TP,0,TP,-0.04875935819415342,-0.2979693090407203,-0.17336433361743686
NC_003030.1,C. acetobutyl.,Firmicutes,88.01,TP,0,TP,-0.014877494973711217,-0.25791781750976595,-0.13639765624173858
NC_003030.1,C. acetobutyl.,Firmicutes,88.01,TP,0,TP,-0.20544862048578214,-0.469407021145242,-0.3374278208155121
NC_003030.1,C. acetobutyl.,Firmicutes,88.01,TP,0,TP,-0.22374085758874168,-0.6350878977554189,-0.42941437767208024
NC_003030.1,C. acetobutyl.,Firmicutes,88.01,TP,0,TP,-0.05903353513844299,-0.3952329578386305,-0.22713324648853675
NC_003030.1,C. acetobutyl.,Firmicutes,88.01,TP,0,TP,-0.05425704823670164,-0.3498273091409054,-0.2020421786888035
NC_003030.1,C. acetobutyl.,Firmicutes,88.01,TP,0,TP,0.01702110451500237,-0.0072616372275746245,0.004879733643713873
NC_003030.1,C. acetobutyl.,Firmicutes,88.01,TP,0,TP,-0.04755064612263667,-0.21711790167421868,-0.13233427389842767
NC_003030.1,C. acetobutyl.,Firmicutes,88.01,TP,0,TP,0.01351142553751951,-0.46822128738981944,-0.22735493092614997
NC_003030.1,C. acetobutyl.,Firmicutes,88.01,TP,0,TP,-0.10163014894863215,-0.4400394414997336,-0.27083479522418286
NC_003030.1,C. acetobutyl.,Firmicutes,88.01,TP,0,TP,-0.23058304890650352,-0.635128847121095,-0.43285594801379923
NC_003030.1,C. acetobutyl.,Firmicutes,88.01,FP,45,frag,0.053093421526086836,-0.09529927088406609,-0.021102924678989627
NC_003030.1,C. acetobutyl.,Firmicutes,88.01,TP,0,TP,-0.08177297854888863,-0.24911302104479205,-0.16544299979684035
NC_003030.1,C. acetobutyl.,Firmicutes,88.01,TP,0,TP,-0.15124512277111346,-0.5546737747660828,-0.35295944876859814
NC_003030.1,C. acetobutyl.,Firmicutes,88.01,TP,0,TP,-0.0011529566488090856,-0.17335027418432886,-0.08725161541656896
NC_003030.1,C. acetobutyl.,Firmicutes,88.01,TP,0,TP,-0.20953562643026777,-0.635216079378283,-0.4223758529042754
NC_003030.1,C. acetobutyl.,Firmicutes,88.01,FP,18,near,-0.08825884496814211,-0.6414009520173884,-0.36482989849276526
NC_003030.1,C. acetobutyl.,Firmicutes,88.01,TP,0,TP,-0.17097910985067913,-0.501298548256441,-0.3361388290535601
NC_003030.1,C. acetobutyl.,Firmicutes,88.01,TP,0,TP,0.11167055336549202,-0.06948073975466543,0.021094906805413295
NC_003030.1,C. acetobutyl.,Firmicutes,88.01,TP,0,TP,-0.1738698271881842,-0.6170460646274364,-0.3954579459078103
NC_003030.1,C. acetobutyl.,Firmicutes,88.01,FP,9,near,-0.11066937568808109,-0.26738418618502424,-0.18902678093655267
NC_003030.1,C. acetobutyl.,Firmicutes,88.01,TP,0,TP,-0.11891261461272838,-0.31777298179247,-0.2183427982025992
NC_003030.1,C. acetobutyl.,Firmicutes,88.01,TP,0,TP,-0.06228901900093978,-0.302445049469258,-0.18236703423509887
NC_003030.1,C. acetobutyl.,Firmicutes,88.01,TP,0,TP,-0.0898164556631876,-0.364260860255223,-0.2270386579592053
NC_003030.1,C. acetobutyl.,Firmicutes,88.01,TP,0,TP,-0.23411336441790098,-0.5506668831029131,-0.39239012376040705
NC_003030.1,C. acetobutyl.,Firmicutes,88.01,TP,0,TP,-0.012753040881511642,-0.06175601887922468,-0.03725452988036816
NC_003030.1,C. acetobutyl.,Firmicutes,88.01,TP,0,TP,0.22408062662279704,0.4159189225247871,0.3199997745737921
NC_003030.1,C. acetobutyl.,Firmicutes,88.01,TP,0,TP,0.20945836136688883,0.3539164841604986,0.28168742276369374
NC_003030.1,C. acetobutyl.,Firmicutes,88.01,TP,0,TP,-0.10575631759772554,-0.303965727337517,-0.20486102246762125
NC_003030.1,C. acetobutyl.,Firmicutes,88.01,TP,0,TP,0.04976652756287455,0.11383345449448327,0.08179999102867891
NC_003030.1,C. acetobutyl.,Firmicutes,88.01,TP,0,TP,-0.2458469861201825,-0.83993351625667,-0.5428902511884263
NC_003030.1,C. acetobutyl.,Firmicutes,88.01,TP,0,TP,-0.08366762640573645,-0.4334270913731686,-0.2585473588894525
NC_003030.1,C. acetobutyl.,Firmicutes,88.01,TP,0,TP,-0.1305339789130239,-0.558845026115305,-0.3446895025141644
NC_003030.1,C. acetobutyl.,Firmicutes,88.01,TP,0,TP,-0.059556451956620765,-0.13665998979163235,-0.09810822087412656
NC_003030.1,C. acetobutyl.,Firmicutes,88.01,TP,0,TP,-0.06723418095779507,-0.3389610779767381,-0.20309762946726656
NC_003030.1,C. acetobutyl.,Firmicutes,88.01,TP,0,TP,-0.17901939418455182,-0.489284896399964,-0.3341521452922579
NC_003030.1,C. acetobutyl.,Firmicutes,88.01,TP,0,TP,-0.19179094691477233,-0.6341647483394446,-0.41297784762710843
NC_003030.1,C. acetobutyl.,Firmicutes,88.01,TP,0,TP,-0.10475306342087051,-0.37319310838376935,-0.23897308590231991
NC_003030.1,C. acetobutyl.,Firmicutes,88.01,FP,69,frag,-0.02288139535005958,-0.12460783829422653,-0.07374461682214306
NC_003030.1,C. acetobutyl.,Firmicutes,88.01,TP,0,TP,-0.12230291622454222,-0.23758373876277972,-0.17994332749366096
NC_003030.1,C. acetobutyl.,Firmicutes,88.01,TP,0,TP,-0.07559572091863628,-0.26639824933170786,-0.17099698512517209
NC_003030.1,C. acetobutyl.,Firmicutes,88.01,TP,0,TP,-0.09358913773028567,-0.46911501539693745,-0.28135207656361155
NC_003030.1,C. acetobutyl.,Firmicutes,88.01,TP,0,TP,-0.1539336855915323,-0.5482651761877548,-0.35109943088964357
NC_003030.1,C. acetobutyl.,Firmicutes,88.01,TP,0,TP,-0.02969874072177774,-0.22606224095244515,-0.12788049083711145
NC_003030.1,C. acetobutyl.,Firmicutes,88.01,TP,0,TP,-0.08446219707719085,-0.270719289438712,-0.17759074325795143
NC_003030.1,C. acetobutyl.,Firmicutes,88.01,TP,0,TP,-0.04487096065932524,-0.3503692224050205,-0.19762009153217286
NC_003030.1,C. acetobutyl.,Firmicutes,88.01,TP,0,TP,-0.1653470457870007,-0.4967288435006424,-0.3310379446438215
NC_003030.1,C. acetobutyl.,Firmicutes,88.01,FP,15,near,-0.24141479094731366,-0.7343390903318927,-0.4878769406396032
NC_003030.1,C. acetobutyl.,Firmicutes,88.01,TP,0,TP,-0.14499412464242145,-0.5654037702591793,-0.3551989474508004
NC_003030.1,C. acetobutyl.,Firmicutes,88.01,FP,24,near,-0.024286860248580903,-0.131357216179871,-0.07782203821422595
NC_003030.1,C. acetobutyl.,Firmicutes,88.01,TP,0,TP,-0.22572911171281948,-0.5028778192383448,-0.3643034654755822
NC_003030.1,C. acetobutyl.,Firmicutes,88.01,FP,39,frag,-0.048099092964169185,-0.25011893316216033,-0.14910901306316476
NC_003030.1,C. acetobutyl.,Firmicutes,88.01,TP,0,TP,-0.11077964875766828,-0.3640115532295525,-0.23739560099361037
NC_003030.1,C. acetobutyl.,Firmicutes,88.01,TP,0,TP,0.04676517971638911,0.16417515620995998,0.10547016796317454
NC_003030.1,C. acetobutyl.,Firmicutes,88.01,TP,0,TP,-0.12588107988178004,-0.559901456906239,-0.3428912683940095
NC_003030.1,C. acetobutyl.,Firmicutes,88.01,TP,0,TP,-0.1270746341798007,-0.3178718155963807,-0.2224732248880907
NC_003030.1,C. acetobutyl.,Firmicutes,88.01,TP,0,TP,-0.25217850943952297,-0.7638440336587642,-0.5080112715491436
NC_003030.1,C. acetobutyl.,Firmicutes,88.01,FP,66,frag,0.16675053878261867,0.2743301877270284,0.2205403632548235
NC_003030.1,C. acetobutyl.,Firmicutes,88.01,TP,0,TP,-0.1311767820087558,-0.5308810370564381,-0.33102890953259695
NC_003030.1,C. acetobutyl.,Firmicutes,88.01,TP,0,TP,-0.09066998425228831,-0.4016927952420254,-0.24618138974715686
NC_003030.1,C. acetobutyl.,Firmicutes,88.01,FP,9,near,-0.08659782950388978,-0.4582664182876613,-0.27243212389577554
NC_003030.1,C. acetobutyl.,Firmicutes,88.01,FP,12,near,-0.10570735569794251,-0.3989637883145704,-0.25233557200625645
NC_003030.1,C. acetobutyl.,Firmicutes,88.01,TP,0,TP,0.1839102503678506,0.2567472246546352,0.22032873751124288
NC_003030.1,C. acetobutyl.,Firmicutes,88.01,TP,0,TP,0.11969350550228176,0.18625009776230356,0.15297180163229265
NC_003030.1,C. acetobutyl.,Firmicutes,88.01,FP,96,frag,-0.12245575570251195,-0.4081299406856296,-0.2652928481940708
NC_003030.1,C. acetobutyl.,Firmicutes,88.01,TP,0,TP,-0.024217951660755924,-0.16202145101180038,-0.09311970133627814
NC_003030.1,C. acetobutyl.,Firmicutes,88.01,TP,0,TP,0.11511019194955405,0.2515359709964777,0.18332308147301585
NC_003030.1,C. acetobutyl.,Firmicutes,88.01,FP,6,near,-0.08927683181209407,-0.3804169545595258,-0.23484689318580992
NC_003030.1,C. acetobutyl.,Firmicutes,88.01,TP,0,TP,-0.15419665622506784,-0.6135271293763779,-0.38386189280072286
NC_003030.1,C. acetobutyl.,Firmicutes,88.01,TP,0,TP,-0.17936675814452674,-0.637141908484196,-0.4082543333143614
NC_003030.1,C. acetobutyl.,Firmicutes,88.01,FP,6,near,0.001969322534785789,-0.1208649833428133,-0.05944783040401375
NC_003030.1,C. acetobutyl.,Firmicutes,88.01,TP,0,TP,-0.21161352902819933,-0.5277324200146601,-0.3696729745214297
NC_003030.1,C. acetobutyl.,Firmicutes,88.01,TP,0,TP,0.17666702851322214,0.24883086927302217,0.21274894889312215
NC_003030.1,C. acetobutyl.,Firmicutes,88.01,TP,0,TP,-0.14193212549220818,-0.503387630191827,-0.32265987784201755
NC_003030.1,C. acetobutyl.,Firmicutes,88.01,TP,0,TP,-0.03863248145784534,-0.1852237720419474,-0.11192812674989637
NC_003030.1,C. acetobutyl.,Firmicutes,88.01,FP,9,near,-0.01610402719497704,-0.2711936083244225,-0.1436488177596998
NC_003030.1,C. acetobutyl.,Firmicutes,88.01,TP,0,TP,0.14006598366416892,0.11719847638610333,0.12863223002513613
NC_003030.1,C. acetobutyl.,Firmicutes,88.01,TP,0,TP,-0.17368038194175953,-0.5964802322645297,-0.3850803071031446
NC_003030.1,C. acetobutyl.,Firmicutes,88.01,TP,0,TP,-0.03632516929964495,-0.008309941023684786,-0.02231755516166487
NC_003030.1,C. acetobutyl.,Firmicutes,88.01,TP,0,TP,-0.1676165560833939,-0.5384256032427004,-0.35302107966304713
NC_003030.1,C. acetobutyl.,Firmicutes,88.01,TP,0,TP,0.1330325465734473,0.1900241634400494,0.16152835500674834
NC_003030.1,C. acetobutyl.,Firmicutes,88.01,TP,0,TP,0.09994596264378354,0.0886059992264741,0.09427598093512882
NC_003030.1,C. acetobutyl.,Firmicutes,88.01,TP,0,TP,0.022261635795989557,-0.07498304529865649,-0.026360704751333466
NC_003030.1,C. acetobutyl.,Firmicutes,88.01,FP,12,near,-0.08021771740474411,-0.3197475734449249,-0.1999826454248345
NC_003030.1,C. acetobutyl.,Firmicutes,88.01,TP,0,TP,-0.11311868708976433,-0.6524640393941958,-0.3827913632419801
NC_003030.1,C. acetobutyl.,Firmicutes,88.01,FP,36,frag,-0.08429489099895851,-0.30743350416554877,-0.19586419758225365
NC_003030.1,C. acetobutyl.,Firmicutes,88.01,TP,0,TP,0.09843112088886509,0.11536552832263994,0.10689832460575252
NC_003030.1,C. acetobutyl.,Firmicutes,88.01,TP,0,TP,-0.15967051156986828,-0.3937951705276227,-0.2767328410487455
NC_003030.1,C. acetobutyl.,Firmicutes,88.01,TP,0,TP,-0.19127143612092348,-0.6758394104376165,-0.43355542327927
NC_003030.1,C. acetobutyl.,Firmicutes,88.01,FP,48,frag,-0.07345565208884702,-0.3790170709507791,-0.22623636151981305
NC_003030.1,C. acetobutyl.,Firmicutes,88.01,TP,0,TP,-0.14120313824487335,-0.47860011283457665,-0.309901625539725
NC_003030.1,C. acetobutyl.,Firmicutes,88.01,TP,0,TP,-0.07430818878731078,-0.41628253379818503,-0.2452953612927479
NC_003030.1,C. acetobutyl.,Firmicutes,88.01,TP,0,TP,-0.09011622596611062,-0.5085317025744829,-0.2993239642702967
NC_003030.1,C. acetobutyl.,Firmicutes,88.01,FP,21,near,-0.12852883100761378,-0.3493856507235897,-0.23895724086560172
NC_003030.1,C. acetobutyl.,Firmicutes,88.01,TP,0,TP,-0.29896566691374105,-0.8738788252747668,-0.5864222460942539
NC_003030.1,C. acetobutyl.,Firmicutes,88.01,TP,0,TP,0.15170028325090879,0.20330254268373552,0.17750141296732214
NC_003030.1,C. acetobutyl.,Firmicutes,88.01,TP,0,TP,-0.040383014739142215,-0.47773377520565746,-0.25905839497239985
NC_003030.1,C. acetobutyl.,Firmicutes,88.01,TP,0,TP,-0.16300411203494272,-0.5977016577759897,-0.3803528849054662
NC_003030.1,C. acetobutyl.,Firmicutes,88.01,TP,0,TP,-0.043864368307813824,-0.2578575810703022,-0.15086097468905801
NC_003030.1,C. acetobutyl.,Firmicutes,88.01,FP,15,near,-0.06818881362642178,-0.18501393833408813,-0.12660137598025495
NC_003030.1,C. acetobutyl.,Firmicutes,88.01,TP,0,TP,0.20855429551302648,0.2706079517631295,0.239581123638078
NC_003030.1,C. acetobutyl.,Firmicutes,88.01,TP,0,TP,-0.06579866713125923,-0.2863692558316714,-0.17608396148146532
NC_003030.1,C. acetobutyl.,Firmicutes,88.01,TP,0,TP,-0.14675291299116988,-0.6669346675296346,-0.40684379026040224
NC_003030.1,C. acetobutyl.,Firmicutes,88.01,TP,0,TP,-0.1575250470744694,-0.5420121615798827,-0.34976860432717605
NC_003030.1,C. acetobutyl.,Firmicutes,88.01,TP,0,TP,0.0010307009680564267,-0.058597911619463615,-0.028783605325703593
NC_003030.1,C. acetobutyl.,Firmicutes,88.01,TP,0,TP,0.12069147701195035,0.2808628451435595,0.20077716107775495
NC_003030.1,C. acetobutyl.,Firmicutes,88.01,TP,0,TP,-0.1009207716070153,-0.39007249122268206,-0.24549663141484868
NC_003030.1,C. acetobutyl.,Firmicutes,88.01,TP,0,TP,-0.1414322309847575,-0.47064574266263504,-0.30603898682369624
NC_003030.1,C. acetobutyl.,Firmicutes,88.01,FP,9,near,-0.0661692182205151,-0.5179100344230392,-0.29203962632177716
NC_003030.1,C. acetobutyl.,Firmicutes,88.01,FP,30,frag,-0.17278653023925963,-0.47892230624877996,-0.3258544182440198
NC_003030.1,C. acetobutyl.,Firmicutes,88.01,TP,0,TP,-0.20509117231049434,-0.5790840785684317,-0.392087625439463
NC_003030.1,C. acetobutyl.,Firmicutes,88.01,FP,126,neighbor,-0.13621171905330154,-0.5589985051065774,-0.3476051120799395
NC_003030.1,C. acetobutyl.,Firmicutes,88.01,TP,0,TP,-0.1599955457197699,-0.5180505174471811,-0.3390230315834755
NC_003030.1,C. acetobutyl.,Firmicutes,88.01,TP,0,TP,-0.13947570855029573,-0.39975194144497267,-0.2696138249976342
NC_003030.1,C. acetobutyl.,Firmicutes,88.01,TP,0,TP,0.005246734682951863,-0.21080648022186282,-0.10277987276945548
NC_003030.1,C. acetobutyl.,Firmicutes,88.01,TP,0,TP,-0.03702082325017126,-0.20497083871010346,-0.12099583098013736
NC_003030.1,C. acetobutyl.,Firmicutes,88.01,TP,0,TP,-0.052108095425084384,-0.056647976923760265,-0.05437803617442233
NC_003030.1,C. acetobutyl.,Firmicutes,88.01,TP,0,TP,-0.08869266005619707,-0.4295720947115463,-0.2591323773838717
NC_003030.1,C. acetobutyl.,Firmicutes,88.01,TP,0,TP,-0.12141861866733024,-0.5795582896987519,-0.3504884541830411
NC_003030.1,C. acetobutyl.,Firmicutes,88.01,TP,0,TP,0.014999799962801319,-0.10705615782319029,-0.04602817893019449
NC_003030.1,C. acetobutyl.,Firmicutes,88.01,FP,6,near,-0.17811094309138795,-0.5576249262497341,-0.36786793467056106
NC_003030.1,C. acetobutyl.,Firmicutes,88.01,TP,0,TP,-0.059947945434258305,-0.357329429347196,-0.20863868739072716
NC_003030.1,C. acetobutyl.,Firmicutes,88.01,FP,21,near,-0.12659744525382902,-0.3231635711805204,-0.2248805082171747
NC_003030.1,C. acetobutyl.,Firmicutes,88.01,TP,0,TP,-0.19864481150584937,-0.5998285105667065,-0.3992366610362779
NC_003030.1,C. acetobutyl.,Firmicutes,88.01,TP,0,TP,-0.3682836894412541,-1.137074415767156,-0.7526790526042051
NC_003030.1,C. acetobutyl.,Firmicutes,88.01,TP,0,TP,-0.09371033821067863,-0.37414101729372645,-0.23392567775220255
NC_003030.1,C. acetobutyl.,Firmicutes,88.01,TP,0,TP,-0.07633353280132411,-0.27248572236324053,-0.17440962758228232
NC_003030.1,C. acetobutyl.,Firmicutes,88.01,TP,0,TP,-0.14438115229828696,-0.5054931256956593,-0.32493713899697313
NC_003030.1,C. acetobutyl.,Firmicutes,88.01,FP,21,near,-0.14542524727510842,-0.5107743986003399,-0.32809982293772416
NC_003030.1,C. acetobutyl.,Firmicutes,88.01,FP,27,near,-0.042122263275741055,-0.2893528145764222,-0.16573753892608162
NC_003030.1,C. acetobutyl.,Firmicutes,88.01,FP,15,near,-0.05628590174645254,-0.2590345656754927,-0.15766023371097262
NC_003030.1,C. acetobutyl.,Firmicutes,88.01,TP,0,TP,-0.03368321394907383,-0.2775023010446652,-0.15559275749686952
NC_003030.1,C. acetobutyl.,Firmicutes,88.01,TP,0,TP,-0.03899674929971937,-0.36114273549008685,-0.2000697423949031
NC_003030.1,C. acetobutyl.,Firmicutes,88.01,TP,0,TP,-0.08987927283777614,-0.4161969792740742,-0.2530381260559251
NC_003030.1,C. acetobutyl.,Firmicutes,88.01,TP,0,TP,0.0047041202122147276,-0.26468879149236957,-0.12999233564007742
NC_003030.1,C. acetobutyl.,Firmicutes,88.01,TP,0,TP,-0.07503944682591689,-0.16850948562050688,-0.12177446622321189
NC_003030.1,C. acetobutyl.,Firmicutes,88.01,TP,0,TP,-0.13216518912477754,-0.5455478462216107,-0.33885651767319414
NC_003030.1,C. acetobutyl.,Firmicutes,88.01,TP,0,TP,-0.10366755993083933,-0.41486344070445114,-0.2592655003176452
NC_003030.1,C. acetobutyl.,Firmicutes,88.01,TP,0,TP,-0.15746399478831302,-0.667422544615593,-0.412443269701953
NC_003030.1,C. acetobutyl.,Firmicutes,88.01,TP,0,TP,-0.06253324869140683,-0.29271542677113727,-0.17762433773127206
NC_003030.1,C. acetobutyl.,Firmicutes,88.01,TP,0,TP,-0.26648881588678036,-0.6839704126514767,-0.4752296142691286
NC_003030.1,C. acetobutyl.,Firmicutes,88.01,FP,60,frag,-0.23049601441542672,-0.7455818514161656,-0.48803893291579614
NC_003030.1,C. acetobutyl.,Firmicutes,88.01,TP,0,TP,-0.1556750531766544,-0.4018314254099081,-0.2787532392932813
NC_003030.1,C. acetobutyl.,Firmicutes,88.01,TP,0,TP,0.013943043440554229,-0.23160936932810686,-0.10883316294377632
NC_003030.1,C. acetobutyl.,Firmicutes,88.01,TP,0,TP,-0.07386499297677981,-0.36688409547864537,-0.22037454422771258
NC_003030.1,C. acetobutyl.,Firmicutes,88.01,FP,12,near,-0.14435803473305764,-0.4408654897030161,-0.29261176221803686
NC_003030.1,C. acetobutyl.,Firmicutes,88.01,TP,0,TP,-0.12068159252447472,-0.3474052268064668,-0.23404340966547077
NC_003030.1,C. acetobutyl.,Firmicutes,88.01,TP,0,TP,0.16190247283362805,0.29858827735910937,0.23024537509636872
NC_003030.1,C. acetobutyl.,Firmicutes,88.01,TP,0,TP,-0.14921470392256922,-0.4576125349969722,-0.3034136194597707
NC_003030.1,C. acetobutyl.,Firmicutes,88.01,TP,0,TP,0.13005645237352562,0.21107844559745956,0.1705674489854926
NC_003030.1,C. acetobutyl.,Firmicutes,88.01,TP,0,TP,-0.019654607359275645,-0.26312168564701965,-0.14138814650314765
NC_003030.1,C. acetobutyl.,Firmicutes,88.01,TP,0,TP,-0.19267430198514693,-0.7915803519949641,-0.4921273269900555
NC_003030.1,C. acetobutyl.,Firmicutes,88.01,FP,39,frag,-0.059070735426232326,-0.2810712968338322,-0.17007101613003225
NC_003030.1,C. acetobutyl.,Firmicutes,88.01,TP,0,TP,0.06677707966853248,0.1034454667678247,0.0851112732181786
NC_003030.1,C. acetobutyl.,Firmicutes,88.01,TP,0,TP,-0.30299606026437353,-0.8558150102264683,-0.5794055352454209
NC_003030.1,C. acetobutyl.,Firmicutes,88.01,TP,0,TP,-0.07970005216729419,-0.3728594229327342,-0.2262797375500142
NC_003030.1,C. acetobutyl.,Firmicutes,88.01,FP,18,near,0.06554101304791331,0.03749738104492906,0.05151919704642118
NC_003030.1,C. acetobutyl.,Firmicutes,88.01,TP,0,TP,-0.04937400112732604,-0.40296302338799067,-0.22616851225765836
NC_003030.1,C. acetobutyl.,Firmicutes,88.01,TP,0,TP,0.13736857635159533,0.26971274773669907,0.2035406620441472
NC_003030.1,C. acetobutyl.,Firmicutes,88.01,TP,0,TP,-0.13931554182518274,-0.4192098035838761,-0.2792626727045294
NC_003030.1,C. acetobutyl.,Firmicutes,88.01,TP,0,TP,0.13418126536786681,0.23172122024544706,0.18295124280665692
NC_003030.1,C. acetobutyl.,Firmicutes,88.01,TP,0,TP,-0.06950522993219839,-0.3972690165434038,-0.2333871232378011
NC_003030.1,C. acetobutyl.,Firmicutes,88.01,TP,0,TP,-0.3388629812441001,-1.0094020733384241,-0.6741325272912622
NC_003030.1,C. acetobutyl.,Firmicutes,88.01,TP,0,TP,-0.050633092648426255,-0.1530056113717933,-0.10181935201010978
NC_003030.1,C. acetobutyl.,Firmicutes,88.01,FP,15,near,-0.0861754966294652,-0.33928042011350074,-0.21272795837148298
NC_003030.1,C. acetobutyl.,Firmicutes,88.01,TP,0,TP,-0.20368964530351477,-0.6694341013815673,-0.43656187334254104
NC_003030.1,C. acetobutyl.,Firmicutes,88.01,TP,0,TP,-0.08132505624673834,-0.31764035105369787,-0.1994827036502181
NC_003030.1,C. acetobutyl.,Firmicutes,88.01,TP,0,TP,-0.1934392087278146,-0.6498798091692499,-0.42165950894853227
NC_003030.1,C. acetobutyl.,Firmicutes,88.01,TP,0,TP,-0.14715372622295722,-0.5416333238248725,-0.34439352502391485
NC_003030.1,C. acetobutyl.,Firmicutes,88.01,TP,0,TP,-0.05424520308385586,-0.32783027990301505,-0.19103774149343544
NC_003030.1,C. acetobutyl.,Firmicutes,88.01,TP,0,TP,-0.05004926893751597,-0.28764965218564387,-0.16884946056157993
NC_003030.1,C. acetobutyl.,Firmicutes,88.01,TP,0,TP,-0.14254853887658595,-0.34388321388104687,-0.24321587637881642
NC_003030.1,C. acetobutyl.,Firmicutes,88.01,TP,0,TP,-0.1487408767531458,-0.62654810184859,-0.3876444893008679
NC_003030.1,C. acetobutyl.,Firmicutes,88.01,FP,6,near,-0.1269074309431306,-0.49947890698564523,-0.3131931689643879
NC_003030.1,C. acetobutyl.,Firmicutes,88.01,TP,0,TP,-0.13706527065581778,-0.39934189703302464,-0.2682035838444212
NC_003030.1,C. acetobutyl.,Firmicutes,88.01,TP,0,TP,0.03289597740689487,-0.16154963694680546,-0.0643268297699553
NC_003030.1,C. acetobutyl.,Firmicutes,88.01,FP,21,near,-0.10377172394145759,-0.36003666319527666,-0.2319041935683671
NC_003030.1,C. acetobutyl.,Firmicutes,88.01,TP,0,TP,-0.32365140520629887,-0.9924914365459984,-0.6580714208761487
NC_003030.1,C. acetobutyl.,Firmicutes,88.01,TP,0,TP,-0.011645571927372582,-0.10649191124973001,-0.0590687415885513
NC_003030.1,C. acetobutyl.,Firmicutes,88.01,TP,0,TP,0.006269043935631184,-0.11480823478113464,-0.054269595422751726
NC_003030.1,C. acetobutyl.,Firmicutes,88.01,FP,9,near,-0.2289038793275748,-0.5965887478393824,-0.41274631358347863
NC_003030.1,C. acetobutyl.,Firmicutes,88.01,TP,0,TP,-0.04092709219101209,-0.19853709884410406,-0.11973209551755808
NC_003030.1,C. acetobutyl.,Firmicutes,88.01,TP,0,TP,-0.11008039403936536,-0.32660379842595544,-0.2183420962326604
NC_003030.1,C. acetobutyl.,Firmicutes,88.01,FP,21,near,-0.016786879785814317,-0.33120997003446107,-0.1739984249101377
NC_003030.1,C. acetobutyl.,Firmicutes,88.01,TP,0,TP,-0.2043422530970138,-0.7301665793833585,-0.46725441624018615
NC_003030.1,C. acetobutyl.,Firmicutes,88.01,TP,0,TP,-0.2279304815932259,-0.8162166183334293,-0.5220735499633276
NC_003030.1,C. acetobutyl.,Firmicutes,88.01,TP,0,TP,-0.12468513496832022,-0.6062241762233235,-0.36545465559582185
NC_003030.1,C. acetobutyl.,Firmicutes,88.01,TP,0,TP,-0.15101765258735683,-0.45817986292187596,-0.3045987577546164
NC_003030.1,C. acetobutyl.,Firmicutes,88.01,TP,0,TP,-0.172303618344957,-0.45028300667675936,-0.3112933125108582
NC_003030.1,C. acetobutyl.,Firmicutes,88.01,FP,15,near,-0.09372624583952979,-0.42248924349371536,-0.25810774466662256
NC_003030.1,C. acetobutyl.,Firmicutes,88.01,TP,0,TP,-0.1420204211749668,-0.38132922391997043,-0.2616748225474686
NC_003030.1,C. acetobutyl.,Firmicutes,88.01,TP,0,TP,-0.06158469907725319,-0.20141741526160145,-0.1315010571694273
NC_003030.1,C. acetobutyl.,Firmicutes,88.01,TP,0,TP,-0.09443351767228829,-0.5012303913420382,-0.2978319545071632
NC_003030.1,C. acetobutyl.,Firmicutes,88.01,TP,0,TP,-0.14267443435819113,-0.43276891701783954,-0.2877216756880153
NC_003030.1,C. acetobutyl.,Firmicutes,88.01,TP,0,TP,0.08068515477710486,0.18591250485690408,0.13329882981700447
NC_003030.1,C. acetobutyl.,Firmicutes,88.01,TP,0,TP,-0.15974718247761668,-0.5626922823410083,-0.3612197324093125
NC_003030.1,C. acetobutyl.,Firmicutes,88.01,TP,0,TP,-0.1501279256726664,-0.5310505693426684,-0.3405892475076674
NC_003030.1,C. acetobutyl.,Firmicutes,88.01,TP,0,TP,0.0846929166149953,0.17866833736878504,0.13168062699189018
NC_003030.1,C. acetobutyl.,Firmicutes,88.01,TP,0,TP,-0.14318338184774385,-0.6424800513924758,-0.3928317166201098
NC_003030.1,C. acetobutyl.,Firmicutes,88.01,TP,0,TP,-0.18022219168154288,-0.48868755519396245,-0.33445487343775265
NC_003030.1,C. acetobutyl.,Firmicutes,88.01,TP,0,TP,-0.16257661174120674,-0.611564703235446,-0.38707065748832636
NC_003030.1,C. acetobutyl.,Firmicutes,88.01,TP,0,TP,0.17948097094389132,0.29775967029454337,0.23862032061921734
NC_003030.1,C. acetobutyl.,Firmicutes,88.01,TP,0,TP,-0.06047327397609337,-0.3984960885753729,-0.22948468127573313
NC_003030.1,C. acetobutyl.,Firmicutes,88.01,TP,0,TP,0.002569957303914568,-0.13462426061030186,-0.06602715165319364
NC_003030.1,C. acetobutyl.,Firmicutes,88.01,TP,0,TP,-0.018418270976674714,-0.24155848819650813,-0.12998837958659143
NC_003030.1,C. acetobutyl.,Firmicutes,88.01,TP,0,TP,-0.13291484707236353,-0.4425054100677713,-0.2877101285700674
NC_003030.1,C. acetobutyl.,Firmicutes,88.01,TP,0,TP,-0.0056271301399064555,-0.06923030857748032,-0.03742871935869339
NC_003030.1,C. acetobutyl.,Firmicutes,88.01,TP,0,TP,-0.08617436995360397,-0.2992934017015628,-0.19273388582758338
NC_003030.1,C. acetobutyl.,Firmicutes,88.01,TP,0,TP,-0.11136891487853808,-0.3872546737417174,-0.24931179431012773
NC_003030.1,C. acetobutyl.,Firmicutes,88.01,FP,105,neighbor,-0.10865572680590366,-0.2887513204140518,-0.19870352360997773
NC_003030.1,C. acetobutyl.,Firmicutes,88.01,TP,0,TP,0.11336767947557505,0.3383941030141237,0.2258808912448494
NC_003030.1,C. acetobutyl.,Firmicutes,88.01,FP,6,near,0.19020713313207102,0.376413084751907,0.283310108941989
NC_003030.1,C. acetobutyl.,Firmicutes,88.01,TP,0,TP,0.08122603827328069,0.1523125925117263,0.11676931539250349
NC_003030.1,C. acetobutyl.,Firmicutes,88.01,TP,0,TP,-0.21022773750204446,-0.5691987338708266,-0.38971323568643557
NC_003030.1,C. acetobutyl.,Firmicutes,88.01,TP,0,TP,-0.16540230580039245,-0.663164613566044,-0.4142834596832182
NC_003030.1,C. acetobutyl.,Firmicutes,88.01,TP,0,TP,-0.22808550202308736,-0.7036541927297257,-0.4658698473764066
NC_003030.1,C. acetobutyl.,Firmicutes,88.01,TP,0,TP,-0.17616087853785914,-0.5069425977411193,-0.3415517381394892
NC_003030.1,C. acetobutyl.,Firmicutes,88.01,FP,81,frag,-0.19849718967831956,-0.7244897777300359,-0.4614934837041777
NC_003030.1,C. acetobutyl.,Firmicutes,88.01,TP,0,TP,-0.09736305897517662,-0.39784048450280735,-0.24760177173899198
NC_003030.1,C. acetobutyl.,Firmicutes,88.01,TP,0,TP,0.05660833706692354,0.09207058017547212,0.07433945862119783
NC_003030.1,C. acetobutyl.,Firmicutes,88.01,TP,0,TP,0.1971351211364902,0.32118250959277217,0.2591588153646312
NC_003030.1,C. acetobutyl.,Firmicutes,88.01,TP,0,TP,-0.03280011165581034,-0.28258145080850455,-0.15769078123215746
NC_003030.1,C. acetobutyl.,Firmicutes,88.01,FP,39,frag,-0.07455253319132235,-0.5659203341626672,-0.3202364336769948
NC_003030.1,C. acetobutyl.,Firmicutes,88.01,TP,0,TP,-0.06776928015799062,-0.23322884991449938,-0.150499065036245
NC_003030.1,C. acetobutyl.,Firmicutes,88.01,TP,0,TP,-0.19120344300101333,-0.5487438689351223,-0.3699736559680678
NC_003030.1,C. acetobutyl.,Firmicutes,88.01,TP,0,TP,-0.01575088984084753,-0.32943642911747945,-0.1725936594791635
NC_003030.1,C. acetobutyl.,Firmicutes,88.01,TP,0,TP,-0.05759722582356256,-0.2252374142420585,-0.14141732003281055
NC_003030.1,C. acetobutyl.,Firmicutes,88.01,TP,0,TP,-0.22330921066451193,-0.5098435594449242,-0.36657638505471807
NC_003030.1,C. acetobutyl.,Firmicutes,88.01,TP,0,TP,-0.1396870754025926,-0.5951798516015294,-0.367433463502061
NC_003030.1,C. acetobutyl.,Firmicutes,88.01,TP,0,TP,-0.059884310475197114,-0.21132804751433626,-0.13560617899476668
NC_003030.1,C. acetobutyl.,Firmicutes,88.01,TP,0,TP,-0.24738367487080903,-0.6372930819354388,-0.4423383784031239
NC_003030.1,C. acetobutyl.,Firmicutes,88.01,TP,0,TP,-0.17829323654618462,-0.4040247199128821,-0.29115897822953335
NC_003030.1,C. acetobutyl.,Firmicutes,88.01,TP,0,TP,-0.14389892526530826,-0.33822582884559155,-0.24106237705544992
NC_003030.1,C. acetobutyl.,Firmicutes,88.01,FP,15,near,-0.20619065581179516,-0.636281422193256,-0.4212360390025256
NC_003030.1,C. acetobutyl.,Firmicutes,88.01,TP,0,TP,-0.11076116524443905,-0.5172590314242314,-0.3140100983343352
NC_003030.1,C. acetobutyl.,Firmicutes,88.01,TP,0,TP,-0.06707036008498596,-0.301567039552846,-0.18431869981891597
NC_003030.1,C. acetobutyl.,Firmicutes,88.01,TP,0,TP,-0.1668518251193362,-0.5843832231790536,-0.37561752414919486
NC_003030.1,C. acetobutyl.,Firmicutes,88.01,TP,0,TP,-0.0075159887975308004,-0.2869905513753487,-0.14725327008643974
NC_003030.1,C. acetobutyl.,Firmicutes,88.01,TP,0,TP,-0.11981751003471833,-0.5562599500873773,-0.3380387300610478
NC_003030.1,C. acetobutyl.,Firmicutes,88.01,TP,0,TP,-0.24104722928671193,-0.6797453871690777,-0.46039630822789485
NC_003030.1,C. acetobutyl.,Firmicutes,88.01,TP,0,TP,-0.1944316109325219,-0.7118240281229085,-0.4531278195277152
NC_003030.1,C. acetobutyl.,Firmicutes,88.01,TP,0,TP,-0.20846348725590336,-0.5275797941922583,-0.36802164072408083
NC_003030.1,C. acetobutyl.,Firmicutes,88.01,TP,0,TP,-0.17794950951531827,-0.5825911473898693,-0.3802703284525938
NC_003030.1,C. acetobutyl.,Firmicutes,88.01,TP,0,TP,0.002035782995081803,-0.08821372401786717,-0.04308897051139268
NC_003030.1,C. acetobutyl.,Firmicutes,88.01,TP,0,TP,-0.1227669107272213,-0.4099279834583534,-0.26634744709278735
NC_003030.1,C. acetobutyl.,Firmicutes,88.01,TP,0,TP,-0.0650931096427108,-0.08847856823639119,-0.07678583893955099
NC_003030.1,C. acetobutyl.,Firmicutes,88.01,TP,0,TP,-0.1287223890836408,-0.2926849924481495,-0.21070369076589515
NC_003030.1,C. acetobutyl.,Firmicutes,88.01,TP,0,TP,0.04547594200751348,0.004290416240779393,0.024883179124146438
NC_003030.1,C. acetobutyl.,Firmicutes,88.01,TP,0,TP,-0.11292633438376877,-0.40713337025154955,-0.2600298523176592
NC_003030.1,C. acetobutyl.,Firmicutes,88.01,FP,21,near,-0.009572566144290562,-0.3380664847654785,-0.17381952545488455
NC_003030.1,C. acetobutyl.,Firmicutes,88.01,TP,0,TP,0.012360163805041206,-0.27433098800508804,-0.13098541210002343
NC_003030.1,C. acetobutyl.,Firmicutes,88.01,TP,0,TP,-0.0991157491578889,-0.37378665417226886,-0.23645120166507888
NC_003030.1,C. acetobutyl.,Firmicutes,88.01,FP,9,near,0.0015353285590426443,-0.2111991396710117,-0.10483190555598453
NC_003030.1,C. acetobutyl.,Firmicutes,88.01,TP,0,TP,-0.054354730763533844,-0.2106481560245818,-0.13250144339405784
NC_003030.1,C. acetobutyl.,Firmicutes,88.01,TP,0,TP,-0.19466717760582242,-0.6408254567314564,-0.4177463171686394
NC_003030.1,C. acetobutyl.,Firmicutes,88.01,TP,0,TP,-0.15072347152573684,-0.5145905017086043,-0.3326569866171706
NC_003030.1,C. acetobutyl.,Firmicutes,88.01,TP,0,TP,0.22515472031262884,0.42299935725366566,0.32407703878314725
NC_003030.1,C. acetobutyl.,Firmicutes,88.01,TP,0,TP,-0.13310141193672417,-0.4979573327307669,-0.31552937233374556
NC_003030.1,C. acetobutyl.,Firmicutes,88.01,TP,0,TP,0.02132167923703889,-0.10531595657505903,-0.04199713866901007
NC_003030.1,C. acetobutyl.,Firmicutes,88.01,TP,0,TP,-0.181156535342019,-0.8590465419372982,-0.5201015386396586
NC_003030.1,C. acetobutyl.,Firmicutes,88.01,TP,0,TP,-0.09493916287462625,-0.35913857137064154,-0.22703886712263388
NC_003030.1,C. acetobutyl.,Firmicutes,88.01,TP,0,TP,-0.16256045980498232,-0.5690587541588392,-0.3658096069819108
NC_003030.1,C. acetobutyl.,Firmicutes,88.01,TP,0,TP,-0.16761904271876205,-0.5135534019144558,-0.3405862223166089
NC_003030.1,C. acetobutyl.,Firmicutes,88.01,TP,0,TP,-0.05784150207403111,-0.49481063910906686,-0.276326070591549
NC_003030.1,C. acetobutyl.,Firmicutes,88.01,TP,0,TP,-0.11277806073623514,-0.30243788580143305,-0.2076079732688341
NC_003030.1,C. acetobutyl.,Firmicutes,88.01,TP,0,TP,-0.17724891495683343,-0.5767563368669635,-0.3770026259118985
NC_003030.1,C. acetobutyl.,Firmicutes,88.01,TP,0,TP,-0.03981828028169213,-0.15074822198114646,-0.09528325113141929
NC_003030.1,C. acetobutyl.,Firmicutes,88.01,TP,0,TP,0.16503495529721873,0.34693413604909223,0.2559845456731555
NC_003030.1,C. acetobutyl.,Firmicutes,88.01,TP,0,TP,-0.2059298960851218,-0.7116135200429923,-0.45877170806405704
NC_003030.1,C. acetobutyl.,Firmicutes,88.01,TP,3,TP,-0.16773240226878508,-0.5531653726671074,-0.36044888746794623
NC_003030.1,C. acetobutyl.,Firmicutes,88.01,TP,0,TP,-0.028826476670966626,-0.32102927931773095,-0.17492787799434878
NC_003030.1,C. acetobutyl.,Firmicutes,88.01,TP,0,TP,0.03628089172807331,0.054756188453022506,0.04551854009054791
NC_003030.1,C. acetobutyl.,Firmicutes,88.01,TP,0,TP,-0.047397787118161006,-0.1433323467196189,-0.09536506691888995
NC_003030.1,C. acetobutyl.,Firmicutes,88.01,FP,24,near,-0.20100766720773605,-0.7798275385729511,-0.49041760289034353
NC_003030.1,C. acetobutyl.,Firmicutes,88.01,TP,0,TP,-0.18272976050803205,-0.7227892407130533,-0.45275950061054265
NC_003030.1,C. acetobutyl.,Firmicutes,88.01,TP,0,TP,-0.06454625456816766,-0.2570286469560621,-0.16078745076211487
NC_003030.1,C. acetobutyl.,Firmicutes,88.01,TP,0,TP,-0.19350552264475265,-0.4511239570690783,-0.3223147398569155
NC_003030.1,C. acetobutyl.,Firmicutes,88.01,TP,0,TP,-0.16828521035177388,-0.45819321804374125,-0.3132392141977576
NC_003030.1,C. acetobutyl.,Firmicutes,88.01,TP,0,TP,-0.17653051300760153,-0.3254961063986158,-0.25101330970310864
NC_003030.1,C. acetobutyl.,Firmicutes,88.01,TP,0,TP,-0.09938214205177426,-0.18071711572166366,-0.14004962888671896
NC_003030.1,C. acetobutyl.,Firmicutes,88.01,TP,0,TP,-0.13079511512185532,-0.43327677485599025,-0.2820359449889228
NC_003030.1,C. acetobutyl.,Firmicutes,88.01,TP,0,TP,-0.04397771197245201,-0.34899089315554904,-0.1964843025640005
NC_003030.1,C. acetobutyl.,Firmicutes,88.01,FP,12,near,-0.14080334204295183,-0.484242593520441,-0.3125229677816964
NC_003030.1,C. acetobutyl.,Firmicutes,88.01,TP,0,TP,0.2289028637342393,0.294251838658775,0.26157735119650716
NC_003030.1,C. acetobutyl.,Firmicutes,88.01,TP,0,TP,0.09935179379876426,0.16600472379430187,0.13267825879653306
NC_003030.1,C. acetobutyl.,Firmicutes,88.01,TP,0,TP,-0.2411964148508666,-0.8750768725158131,-0.5581366436833398
NC_003030.1,C. acetobutyl.,Firmicutes,88.01,TP,0,TP,-0.21990577113096751,-0.6506040440817863,-0.4352549076063769
NC_003030.1,C. acetobutyl.,Firmicutes,88.01,TP,0,TP,0.17311083499468768,0.3052405179600953,0.23917567647739152
NC_003030.1,C. acetobutyl.,Firmicutes,88.01,TP,0,TP,0.18530922316301215,0.371011432891936,0.2781603280274741
NC_003030.1,C. acetobutyl.,Firmicutes,88.01,TP,0,TP,-0.10300065390285199,-0.5445182217181156,-0.3237594378104838
NC_003030.1,C. acetobutyl.,Firmicutes,88.01,TP,0,TP,0.010911311329611807,-0.21687692029811104,-0.10298280448424961
NC_003030.1,C. acetobutyl.,Firmicutes,88.01,TP,0,TP,-0.12618825495328803,-0.3741008014136824,-0.2501445281834852
NC_003030.1,C. acetobutyl.,Firmicutes,88.01,TP,0,TP,-0.35520990585109097,-1.3415913980210987,-0.8484006519360948
NC_003030.1,C. acetobutyl.,Firmicutes,88.01,TP,0,TP,0.11872291252048038,0.24501115871437024,0.18186703561742532
NC_003030.1,C. acetobutyl.,Firmicutes,88.01,TP,0,TP,-0.0065719714558589715,-0.1437439406797118,-0.07515795606778539
NC_003030.1,C. acetobutyl.,Firmicutes,88.01,FP,15,near,-0.12081796822927113,-0.45034487354433705,-0.2855814208868041
NC_003030.1,C. acetobutyl.,Firmicutes,88.01,FP,51,frag,-0.22731925046786447,-0.5722939975251335,-0.399806623996499
NC_003030.1,C. acetobutyl.,Firmicutes,88.01,TP,0,TP,-0.13429548971034086,-0.41322115742703575,-0.2737583235686883
NC_003030.1,C. acetobutyl.,Firmicutes,88.01,TP,0,TP,-0.11080235142634555,-0.5335975911132287,-0.3221999712697871
NC_003030.1,C. acetobutyl.,Firmicutes,88.01,TP,0,TP,0.06947258571387067,-0.036556950669979216,0.01645781752194573
NC_003030.1,C. acetobutyl.,Firmicutes,88.01,TP,0,TP,-0.10282929218370356,-0.27406733717017107,-0.18844831467693732
NC_003030.1,C. acetobutyl.,Firmicutes,88.01,TP,0,TP,-0.2235784219625868,-0.5863870756963756,-0.4049827488294812
NC_003030.1,C. acetobutyl.,Firmicutes,88.01,TP,0,TP,-0.13801952870989165,-0.41555370729030516,-0.2767866180000984
NC_003030.1,C. acetobutyl.,Firmicutes,88.01,TP,0,TP,-0.1002098620625946,-0.34351450841565667,-0.22186218523912565
NC_003030.1,C. acetobutyl.,Firmicutes,88.01,TP,0,TP,0.04730871543180228,0.13300750542529727,0.09015811042854978
NC_003030.1,C. acetobutyl.,Firmicutes,88.01,TP,0,TP,-0.1246081831633956,-0.4073807429271866,-0.2659944630452911
NC_003030.1,C. acetobutyl.,Firmicutes,88.01,FP,90,frag,-0.08681464553835004,-0.37773564633189594,-0.232275145935123
NC_003030.1,C. acetobutyl.,Firmicutes,88.01,TP,0,TP,-0.21808599372953855,-0.6381811240449864,-0.42813355888726246
NC_003030.1,C. acetobutyl.,Firmicutes,88.01,TP,0,TP,-0.07604117957942406,-0.36654166392089704,-0.22129142175016056
NC_003030.1,C. acetobutyl.,Firmicutes,88.01,TP,0,TP,-0.22894421963779596,-0.5767791747750742,-0.4028616972064351
NC_003030.1,C. acetobutyl.,Firmicutes,88.01,TP,0,TP,-0.12856371281248447,-0.4471634309589902,-0.2878635718857373
NC_003030.1,C. acetobutyl.,Firmicutes,88.01,FP,36,frag,-0.1474076118345548,-0.5042729462565682,-0.32584027904556145
NC_003030.1,C. acetobutyl.,Firmicutes,88.01,TP,0,TP,-0.25016632807417855,-0.6676998199546936,-0.45893307401443606
NC_003030.1,C. acetobutyl.,Firmicutes,88.01,TP,0,TP,-0.08308531257836384,-0.27744107020258896,-0.1802631913904764
NC_003030.1,C. acetobutyl.,Firmicutes,88.01,TP,0,TP,0.06121144889951324,-0.1178419684341236,-0.02831525976730518
NC_003030.1,C. acetobutyl.,Firmicutes,88.01,TP,0,TP,-0.11855370879901793,-0.5715924333505882,-0.34507307107480306
NC_003030.1,C. acetobutyl.,Firmicutes,88.01,TP,0,TP,-0.039539215880723094,-0.30570677760987264,-0.17262299674529785
NC_003030.1,C. acetobutyl.,Firmicutes,88.01,TP,0,TP,-0.0811029196869704,-0.39388178722693895,-0.23749235345695469
NC_003030.1,C. acetobutyl.,Firmicutes,88.01,TP,0,TP,-0.14676966233036262,-0.3214470709102528,-0.2341083666203077
NC_003030.1,C. acetobutyl.,Firmicutes,88.01,TP,0,TP,-0.01461141375837703,-0.3278686718622318,-0.17124004281030442
NC_003030.1,C. acetobutyl.,Firmicutes,88.01,TP,0,TP,-0.12570065523107535,-0.39569392570049117,-0.26069729046578327
NC_003030.1,C. acetobutyl.,Firmicutes,88.01,TP,0,TP,-0.16892987277995933,-0.43505172194520936,-0.30199079736258433
NC_003030.1,C. acetobutyl.,Firmicutes,88.01,FP,24,near,-0.12530689852659999,-0.3999688569473371,-0.26263787773696856
NC_003030.1,C. acetobutyl.,Firmicutes,88.01,TP,0,TP,-0.04345462032877047,-0.23466072231944182,-0.13905767132410615
NC_003030.1,C. acetobutyl.,Firmicutes,88.01,FP,24,near,-0.2255378507988143,-0.541683637993318,-0.38361074439606613
NC_003030.1,C. acetobutyl.,Firmicutes,88.01,FP,12,near,-0.14743630774839644,-0.7066956374575923,-0.4270659726029944
NC_003030.1,C. acetobutyl.,Firmicutes,88.01,TP,0,TP,-0.15061963022316124,-0.4145480436541945,-0.2825838369386779
NC_003030.1,C. acetobutyl.,Firmicutes,88.01,FP,18,near,0.09502532150146242,0.2241151819050316,0.159570251703247
NC_003030.1,C. acetobutyl.,Firmicutes,88.01,TP,0,TP,-0.09346076807674446,-0.2982316688617196,-0.19584621846923203
NC_003030.1,C. acetobutyl.,Firmicutes,88.01,TP,0,TP,-0.10080207628597933,-0.39303938074026945,-0.24692072851312438
NC_003030.1,C. acetobutyl.,Firmicutes,88.01,TP,0,TP,-0.042559368231242685,-0.15444384399772276,-0.09850160611448272
NC_003030.1,C. acetobutyl.,Firmicutes,88.01,TP,0,TP,-0.14400561163867895,-0.33404985286709205,-0.23902773225288548
NC_003030.1,C. acetobutyl.,Firmicutes,88.01,TP,0,TP,-0.10102114471743467,-0.44192755780691967,-0.27147435126217717
NC_003030.1,C. acetobutyl.,Firmicutes,88.01,TP,0,TP,-0.03478691046524129,-0.46249802161301334,-0.24864246603912732
NC_003030.1,C. acetobutyl.,Firmicutes,88.01,FP,78,frag,-0.26380536219771,-0.7903017268461447,-0.5270535445219273
NC_003030.1,C. acetobutyl.,Firmicutes,88.01,TP,0,TP,-0.15354000456201408,-0.46894276722753714,-0.3112413858947756
NC_003030.1,C. acetobutyl.,Firmicutes,88.01,TP,0,TP,-0.17396129311299902,-0.39654286180095893,-0.285252077456979
NC_003030.1,C. acetobutyl.,Firmicutes,88.01,TP,0,TP,-0.11744947997959301,-0.4103046262605702,-0.2638770531200816
NC_003030.1,C. acetobutyl.,Firmicutes,88.01,FP,15,near,-0.13245485129474305,-0.4131826234718886,-0.27281873738331586
NC_003030.1,C. acetobutyl.,Firmicutes,88.01,TP,0,TP,-0.04640184245188218,-0.2895559671675052,-0.16797890480969369
NC_003030.1,C. acetobutyl.,Firmicutes,88.01,TP,0,TP,-0.11020404841600803,-0.4697307338749141,-0.28996739114546105
NC_003030.1,C. acetobutyl.,Firmicutes,88.01,TP,0,TP,-0.17641890117732378,-0.555959781919492,-0.3661893415484079
NC_003030.1,C. acetobutyl.,Firmicutes,88.01,TP,0,TP,-0.09542096838881851,-0.3532540919824463,-0.2243375301856324
NC_003030.1,C. acetobutyl.,Firmicutes,88.01,TP,0,TP,-0.13067755544160184,-0.5542298809725225,-0.34245371820706216
NC_003030.1,C. acetobutyl.,Firmicutes,88.01,FP,15,near,-0.022222540476588885,-0.3259233546669883,-0.1740729475717886
NC_003030.1,C. acetobutyl.,Firmicutes,88.01,TP,0,TP,0.12078913475282463,0.21607668816204467,0.16843291145743466
NC_003030.1,C. acetobutyl.,Firmicutes,88.01,TP,0,TP,-0.11597747678361732,-0.3891389395552274,-0.25255820816942237
NC_003030.1,C. acetobutyl.,Firmicutes,88.01,TP,0,TP,-0.19321013974657858,-0.5573065999568932,-0.3752583698517359
NC_003030.1,C. acetobutyl.,Firmicutes,88.01,FP,12,near,-0.05838250496100462,-0.4083780494026733,-0.23338027718183896
NC_003030.1,C. acetobutyl.,Firmicutes,88.01,TP,0,TP,-0.05694253396638018,-0.37276177421474443,-0.2148521540905623
