acc,label,phylum,f1,cls,n_overlap,grp_size,is_longest,length
NC_002677.1,M. leprae,Actinobacteria,41.74,TP,70,15,0,1565
NC_002677.1,M. leprae,Actinobacteria,41.74,TP,189,103,0,3749
NC_002677.1,M. leprae,Actinobacteria,41.74,TP,28,18,0,698
NC_002677.1,M. leprae,Actinobacteria,41.74,TP,66,33,0,1010
NC_002677.1,M. leprae,Actinobacteria,41.74,TP,42,9,0,821
NC_002677.1,M. leprae,Actinobacteria,41.74,TP,40,18,0,689
NC_002677.1,M. leprae,Actinobacteria,41.74,TP,419,290,0,6311
NC_002677.1,M. leprae,Actinobacteria,41.74,TP,44,18,0,701
NC_002677.1,M. leprae,Actinobacteria,41.74,TP,368,185,0,6350
NC_002677.1,M. leprae,Actinobacteria,41.74,TP,71,28,0,1181
NC_002677.1,M. leprae,Actinobacteria,41.74,TP,105,51,0,1682
NC_002677.1,M. leprae,Actinobacteria,41.74,TP,38,22,0,878
NC_002677.1,M. leprae,Actinobacteria,41.74,TP,31,11,0,602
NC_002677.1,M. leprae,Actinobacteria,41.74,FP,24,9,0,452
NC_002677.1,M. leprae,Actinobacteria,41.74,TP,101,49,0,1877
NC_002677.1,M. leprae,Actinobacteria,41.74,TP,68,28,0,1178
NC_002677.1,M. leprae,Actinobacteria,41.74,TP,110,54,0,1589
NC_002677.1,M. leprae,Actinobacteria,41.74,FP,29,14,0,443
NC_002677.1,M. leprae,Actinobacteria,41.74,TP,41,22,0,803
NC_002677.1,M. leprae,Actinobacteria,41.74,TP,24,10,0,476
NC_002677.1,M. leprae,Actinobacteria,41.74,TP,36,16,0,644
NC_002677.1,M. leprae,Actinobacteria,41.74,TP,41,17,0,755
NC_002677.1,M. leprae,Actinobacteria,41.74,TP,85,41,0,1292
NC_002677.1,M. leprae,Actinobacteria,41.74,TP,31,16,0,470
NC_002677.1,M. leprae,Actinobacteria,41.74,TP,91,48,0,1685
NC_002677.1,M. leprae,Actinobacteria,41.74,TP,32,14,0,503
NC_002677.1,M. leprae,Actinobacteria,41.74,TP,30,14,0,536
NC_002677.1,M. leprae,Actinobacteria,41.74,TP,72,27,0,1088
NC_002677.1,M. leprae,Actinobacteria,41.74,TP,72,41,0,1406
NC_002677.1,M. leprae,Actinobacteria,41.74,TP,26,8,0,482
NC_002677.1,M. leprae,Actinobacteria,41.74,FP,21,5,0,455
NC_002677.1,M. leprae,Actinobacteria,41.74,TP,31,13,0,419
NC_002677.1,M. leprae,Actinobacteria,41.74,TP,53,18,0,881
NC_002677.1,M. leprae,Actinobacteria,41.74,FP,18,12,0,431
NC_002677.1,M. leprae,Actinobacteria,41.74,TP,64,32,0,1259
NC_002677.1,M. leprae,Actinobacteria,41.74,TP,45,20,0,791
NC_002677.1,M. leprae,Actinobacteria,41.74,TP,67,40,0,1178
NC_002677.1,M. leprae,Actinobacteria,41.74,FP,17,6,0,509
NC_002677.1,M. leprae,Actinobacteria,41.74,TP,140,54,0,2621
NC_002677.1,M. leprae,Actinobacteria,41.74,TP,62,21,0,755
NC_002677.1,M. leprae,Actinobacteria,41.74,TP,90,37,0,1457
NC_002677.1,M. leprae,Actinobacteria,41.74,FP,29,5,0,482
NC_002677.1,M. leprae,Actinobacteria,41.74,TP,91,45,0,1310
NC_002677.1,M. leprae,Actinobacteria,41.74,TP,57,30,0,1157
NC_002677.1,M. leprae,Actinobacteria,41.74,TP,87,52,0,1475
NC_002677.1,M. leprae,Actinobacteria,41.74,TP,56,29,0,818
NC_002677.1,M. leprae,Actinobacteria,41.74,TP,37,15,0,617
NC_002677.1,M. leprae,Actinobacteria,41.74,TP,93,32,0,1322
NC_002677.1,M. leprae,Actinobacteria,41.74,TP,188,108,0,3620
NC_002677.1,M. leprae,Actinobacteria,41.74,TP,39,20,0,995
NC_002677.1,M. leprae,Actinobacteria,41.74,TP,36,8,0,818
NC_002677.1,M. leprae,Actinobacteria,41.74,TP,77,30,0,1085
NC_002677.1,M. leprae,Actinobacteria,41.74,TP,90,30,0,1445
NC_002677.1,M. leprae,Actinobacteria,41.74,FP,19,8,0,425
NC_002677.1,M. leprae,Actinobacteria,41.74,TP,107,54,0,2159
NC_002677.1,M. leprae,Actinobacteria,41.74,TP,161,67,0,2987
NC_002677.1,M. leprae,Actinobacteria,41.74,TP,65,33,0,1412
NC_002677.1,M. leprae,Actinobacteria,41.74,FP,17,11,0,644
NC_002677.1,M. leprae,Actinobacteria,41.74,FP,46,6,0,605
NC_002677.1,M. leprae,Actinobacteria,41.74,TP,38,3,0,425
NC_002677.1,M. leprae,Actinobacteria,41.74,TP,95,29,0,1442
NC_002677.1,M. leprae,Actinobacteria,41.74,FP,22,7,0,512
NC_002677.1,M. leprae,Actinobacteria,41.74,TP,107,34,0,1790
NC_002677.1,M. leprae,Actinobacteria,41.74,TP,125,51,0,2219
NC_002677.1,M. leprae,Actinobacteria,41.74,TP,48,27,0,944
NC_002677.1,M. leprae,Actinobacteria,41.74,TP,78,29,0,1568
NC_002677.1,M. leprae,Actinobacteria,41.74,TP,24,8,0,632
NC_002677.1,M. leprae,Actinobacteria,41.74,FP,34,10,0,509
NC_002677.1,M. leprae,Actinobacteria,41.74,TP,51,24,0,986
NC_002677.1,M. leprae,Actinobacteria,41.74,FP,44,7,0,632
NC_002677.1,M. leprae,Actinobacteria,41.74,FP,17,4,0,461
NC_002677.1,M. leprae,Actinobacteria,41.74,FP,22,2,0,512
NC_002677.1,M. leprae,Actinobacteria,41.74,FP,19,7,0,509
NC_002677.1,M. leprae,Actinobacteria,41.74,TP,35,4,0,761
NC_002677.1,M. leprae,Actinobacteria,41.74,FP,27,5,0,683
NC_002677.1,M. leprae,Actinobacteria,41.74,TP,70,25,0,1478
NC_002677.1,M. leprae,Actinobacteria,41.74,FP,27,7,0,482
NC_002677.1,M. leprae,Actinobacteria,41.74,TP,109,64,0,1979
NC_002677.1,M. leprae,Actinobacteria,41.74,TP,29,10,0,455
NC_002677.1,M. leprae,Actinobacteria,41.74,FP,30,9,0,458
NC_002677.1,M. leprae,Actinobacteria,41.74,FP,41,6,0,428
NC_002677.1,M. leprae,Actinobacteria,41.74,FP,29,4,0,482
NC_002677.1,M. leprae,Actinobacteria,41.74,TP,44,17,0,701
NC_002677.1,M. leprae,Actinobacteria,41.74,FP,13,3,0,437
NC_002677.1,M. leprae,Actinobacteria,41.74,TP,42,18,0,1016
NC_002677.1,M. leprae,Actinobacteria,41.74,TP,38,23,0,668
NC_002677.1,M. leprae,Actinobacteria,41.74,TP,43,20,0,851
NC_002677.1,M. leprae,Actinobacteria,41.74,FP,18,4,0,461
NC_002677.1,M. leprae,Actinobacteria,41.74,FP,28,7,0,443
NC_002677.1,M. leprae,Actinobacteria,41.74,FP,16,1,0,497
NC_002677.1,M. leprae,Actinobacteria,41.74,TP,54,25,0,1550
NC_002677.1,M. leprae,Actinobacteria,41.74,TP,38,26,0,863
NC_002677.1,M. leprae,Actinobacteria,41.74,TP,66,26,0,1025
NC_002677.1,M. leprae,Actinobacteria,41.74,TP,32,9,0,602
NC_002677.1,M. leprae,Actinobacteria,41.74,TP,44,23,0,707
NC_002677.1,M. leprae,Actinobacteria,41.74,TP,41,14,0,920
NC_002677.1,M. leprae,Actinobacteria,41.74,FP,11,6,0,443
NC_002677.1,M. leprae,Actinobacteria,41.74,TP,43,12,0,902
NC_002677.1,M. leprae,Actinobacteria,41.74,TP,22,7,0,503
NC_002677.1,M. leprae,Actinobacteria,41.74,TP,28,15,0,815
NC_002677.1,M. leprae,Actinobacteria,41.74,TP,33,18,0,794
NC_002677.1,M. leprae,Actinobacteria,41.74,TP,16,10,0,521
NC_002677.1,M. leprae,Actinobacteria,41.74,FP,30,10,0,506
NC_002677.1,M. leprae,Actinobacteria,41.74,TP,217,95,0,4322
NC_002677.1,M. leprae,Actinobacteria,41.74,TP,44,23,0,869
NC_002677.1,M. leprae,Actinobacteria,41.74,TP,63,32,0,1325
NC_002677.1,M. leprae,Actinobacteria,41.74,FP,24,9,0,455
NC_002677.1,M. leprae,Actinobacteria,41.74,TP,100,40,0,1829
NC_002677.1,M. leprae,Actinobacteria,41.74,FP,21,11,0,434
NC_002677.1,M. leprae,Actinobacteria,41.74,TP,19,7,0,488
NC_002677.1,M. leprae,Actinobacteria,41.74,FP,38,13,0,710
NC_002677.1,M. leprae,Actinobacteria,41.74,FP,29,3,0,527
NC_002677.1,M. leprae,Actinobacteria,41.74,TP,190,97,0,3620
NC_002677.1,M. leprae,Actinobacteria,41.74,TP,73,33,0,1376
NC_002677.1,M. leprae,Actinobacteria,41.74,TP,66,39,0,1199
NC_002677.1,M. leprae,Actinobacteria,41.74,TP,68,37,0,1484
NC_002677.1,M. leprae,Actinobacteria,41.74,FP,24,9,0,632
NC_002677.1,M. leprae,Actinobacteria,41.74,TP,34,20,0,815
NC_002677.1,M. leprae,Actinobacteria,41.74,TP,53,34,0,1289
NC_002677.1,M. leprae,Actinobacteria,41.74,TP,251,145,0,5354
NC_002677.1,M. leprae,Actinobacteria,41.74,FP,13,3,0,557
NC_002677.1,M. leprae,Actinobacteria,41.74,TP,96,47,0,2042
NC_002677.1,M. leprae,Actinobacteria,41.74,TP,48,18,0,902
NC_002677.1,M. leprae,Actinobacteria,41.74,TP,76,53,0,1559
NC_002677.1,M. leprae,Actinobacteria,41.74,TP,69,35,0,920
NC_002677.1,M. leprae,Actinobacteria,41.74,FP,12,5,0,443
NC_002677.1,M. leprae,Actinobacteria,41.74,TP,131,55,0,2372
NC_002677.1,M. leprae,Actinobacteria,41.74,TP,199,110,0,3674
NC_002677.1,M. leprae,Actinobacteria,41.74,TP,25,12,0,683
NC_002677.1,M. leprae,Actinobacteria,41.74,TP,80,38,0,1613
NC_002677.1,M. leprae,Actinobacteria,41.74,TP,37,12,0,659
NC_002677.1,M. leprae,Actinobacteria,41.74,TP,67,26,0,1049
NC_002677.1,M. leprae,Actinobacteria,41.74,TP,80,33,0,1265
NC_002677.1,M. leprae,Actinobacteria,41.74,FP,32,11,0,572
NC_002677.1,M. leprae,Actinobacteria,41.74,TP,151,67,0,2852
NC_002677.1,M. leprae,Actinobacteria,41.74,TP,93,42,0,1616
NC_002677.1,M. leprae,Actinobacteria,41.74,TP,23,16,0,485
NC_002677.1,M. leprae,Actinobacteria,41.74,TP,133,70,0,2804
NC_002677.1,M. leprae,Actinobacteria,41.74,TP,155,66,0,2609
NC_002677.1,M. leprae,Actinobacteria,41.74,TP,51,32,0,1256
NC_002677.1,M. leprae,Actinobacteria,41.74,TP,62,41,0,941
NC_002677.1,M. leprae,Actinobacteria,41.74,FP,30,7,0,422
NC_002677.1,M. leprae,Actinobacteria,41.74,TP,64,41,0,1157
NC_002677.1,M. leprae,Actinobacteria,41.74,TP,121,61,0,1502
NC_002677.1,M. leprae,Actinobacteria,41.74,TP,60,34,0,836
NC_002677.1,M. leprae,Actinobacteria,41.74,TP,59,22,0,1106
NC_002677.1,M. leprae,Actinobacteria,41.74,TP,85,31,0,1010
NC_002677.1,M. leprae,Actinobacteria,41.74,TP,48,27,0,980
NC_002677.1,M. leprae,Actinobacteria,41.74,TP,162,83,0,2660
NC_002677.1,M. leprae,Actinobacteria,41.74,FP,28,11,0,503
NC_002677.1,M. leprae,Actinobacteria,41.74,TP,65,21,0,935
NC_002677.1,M. leprae,Actinobacteria,41.74,TP,65,30,0,980
NC_002677.1,M. leprae,Actinobacteria,41.74,TP,40,13,0,653
NC_002677.1,M. leprae,Actinobacteria,41.74,TP,72,44,0,1139
NC_002677.1,M. leprae,Actinobacteria,41.74,TP,27,13,0,575
NC_002677.1,M. leprae,Actinobacteria,41.74,TP,59,28,0,1085
NC_002677.1,M. leprae,Actinobacteria,41.74,TP,83,44,0,1340
NC_002677.1,M. leprae,Actinobacteria,41.74,TP,59,20,0,896
NC_002677.1,M. leprae,Actinobacteria,41.74,TP,59,33,0,1181
NC_002677.1,M. leprae,Actinobacteria,41.74,TP,44,19,0,818
NC_002677.1,M. leprae,Actinobacteria,41.74,TP,57,22,0,854
NC_002677.1,M. leprae,Actinobacteria,41.74,TP,79,33,0,1328
NC_002677.1,M. leprae,Actinobacteria,41.74,TP,68,38,0,1283
NC_002677.1,M. leprae,Actinobacteria,41.74,TP,48,18,0,743
NC_002677.1,M. leprae,Actinobacteria,41.74,TP,44,25,0,785
NC_002677.1,M. leprae,Actinobacteria,41.74,TP,21,6,0,443
NC_002677.1,M. leprae,Actinobacteria,41.74,TP,100,38,0,1436
NC_002677.1,M. leprae,Actinobacteria,41.74,TP,62,22,0,953
NC_002677.1,M. leprae,Actinobacteria,41.74,FP,23,4,0,473
NC_002677.1,M. leprae,Actinobacteria,41.74,TP,61,20,0,824
NC_002677.1,M. leprae,Actinobacteria,41.74,TP,76,33,0,1214
NC_002677.1,M. leprae,Actinobacteria,41.74,TP,32,9,0,503
NC_002677.1,M. leprae,Actinobacteria,41.74,FP,21,6,0,458
NC_002677.1,M. leprae,Actinobacteria,41.74,TP,35,13,0,698
NC_002677.1,M. leprae,Actinobacteria,41.74,TP,15,13,0,521
NC_002677.1,M. leprae,Actinobacteria,41.74,FP,23,9,0,428
NC_002677.1,M. leprae,Actinobacteria,41.74,TP,43,25,0,812
NC_002677.1,M. leprae,Actinobacteria,41.74,TP,97,41,0,1277
NC_002677.1,M. leprae,Actinobacteria,41.74,TP,89,34,0,1421
NC_002677.1,M. leprae,Actinobacteria,41.74,TP,39,9,0,650
NC_002677.1,M. leprae,Actinobacteria,41.74,TP,87,27,0,1118
NC_002677.1,M. leprae,Actinobacteria,41.74,FP,41,8,0,515
NC_002677.1,M. leprae,Actinobacteria,41.74,TP,71,23,0,1211
NC_002677.1,M. leprae,Actinobacteria,41.74,TP,28,10,0,446
NC_002677.1,M. leprae,Actinobacteria,41.74,TP,12,4,0,413
NC_002677.1,M. leprae,Actinobacteria,41.74,TP,57,16,0,896
NC_002677.1,M. leprae,Actinobacteria,41.74,FP,25,4,0,419
NC_002677.1,M. leprae,Actinobacteria,41.74,TP,88,26,0,1346
NC_002677.1,M. leprae,Actinobacteria,41.74,FP,27,13,0,518
NC_002677.1,M. leprae,Actinobacteria,41.74,TP,45,11,0,593
NC_002677.1,M. leprae,Actinobacteria,41.74,FP,17,2,0,527
NC_002677.1,M. leprae,Actinobacteria,41.74,TP,80,28,0,1424
NC_002677.1,M. leprae,Actinobacteria,41.74,TP,30,11,0,869
NC_002677.1,M. leprae,Actinobacteria,41.74,FP,38,14,0,698
NC_002677.1,M. leprae,Actinobacteria,41.74,TP,65,41,0,1400
NC_002677.1,M. leprae,Actinobacteria,41.74,TP,112,48,0,2201
NC_002677.1,M. leprae,Actinobacteria,41.74,FP,34,12,0,791
NC_002677.1,M. leprae,Actinobacteria,41.74,TP,91,29,0,1628
NC_002677.1,M. leprae,Actinobacteria,41.74,TP,43,16,0,620
NC_002677.1,M. leprae,Actinobacteria,41.74,TP,39,14,0,545
NC_002677.1,M. leprae,Actinobacteria,41.74,FP,70,24,0,1109
NC_002677.1,M. leprae,Actinobacteria,41.74,TP,55,18,0,1265
NC_002677.1,M. leprae,Actinobacteria,41.74,FP,18,5,0,482
NC_002677.1,M. leprae,Actinobacteria,41.74,TP,57,33,0,884
NC_002677.1,M. leprae,Actinobacteria,41.74,TP,16,9,0,566
NC_002677.1,M. leprae,Actinobacteria,41.74,FP,20,5,0,449
NC_002677.1,M. leprae,Actinobacteria,41.74,TP,39,13,0,728
NC_002677.1,M. leprae,Actinobacteria,41.74,TP,42,19,0,917
NC_002677.1,M. leprae,Actinobacteria,41.74,TP,70,29,0,1550
NC_002677.1,M. leprae,Actinobacteria,41.74,TP,37,24,0,839
NC_002677.1,M. leprae,Actinobacteria,41.74,TP,25,15,0,749
NC_002677.1,M. leprae,Actinobacteria,41.74,TP,37,20,0,689
NC_002677.1,M. leprae,Actinobacteria,41.74,TP,15,6,0,533
NC_002677.1,M. leprae,Actinobacteria,41.74,TP,252,112,0,4829
NC_002677.1,M. leprae,Actinobacteria,41.74,TP,10,7,0,548
NC_002677.1,M. leprae,Actinobacteria,41.74,TP,75,44,0,1403
NC_002677.1,M. leprae,Actinobacteria,41.74,TP,201,119,0,4583
NC_002677.1,M. leprae,Actinobacteria,41.74,TP,99,51,0,1931
NC_002677.1,M. leprae,Actinobacteria,41.74,TP,20,8,0,632
NC_002677.1,M. leprae,Actinobacteria,41.74,TP,84,45,0,2123
NC_002677.1,M. leprae,Actinobacteria,41.74,TP,77,54,0,2336
NC_002677.1,M. leprae,Actinobacteria,41.74,TP,74,37,0,1583
NC_002677.1,M. leprae,Actinobacteria,41.74,TP,48,37,0,1358
NC_002677.1,M. leprae,Actinobacteria,41.74,TP,53,31,0,971
NC_002677.1,M. leprae,Actinobacteria,41.74,TP,97,53,0,2546
NC_002677.1,M. leprae,Actinobacteria,41.74,FP,21,11,0,515
NC_002677.1,M. leprae,Actinobacteria,41.74,TP,36,18,0,755
NC_002677.1,M. leprae,Actinobacteria,41.74,TP,70,38,0,1643
NC_002677.1,M. leprae,Actinobacteria,41.74,FP,31,15,0,524
NC_002677.1,M. leprae,Actinobacteria,41.74,TP,64,49,0,1391
NC_002677.1,M. leprae,Actinobacteria,41.74,TP,55,32,0,1127
NC_002677.1,M. leprae,Actinobacteria,41.74,FP,35,16,0,512
NC_002677.1,M. leprae,Actinobacteria,41.74,TP,88,42,0,1772
NC_002677.1,M. leprae,Actinobacteria,41.74,TP,36,22,0,1184
NC_002677.1,M. leprae,Actinobacteria,41.74,TP,54,39,0,1226
NC_002677.1,M. leprae,Actinobacteria,41.74,TP,48,21,0,674
NC_002677.1,M. leprae,Actinobacteria,41.74,TP,82,39,0,1415
NC_002677.1,M. leprae,Actinobacteria,41.74,TP,75,32,0,1085
NC_002677.1,M. leprae,Actinobacteria,41.74,TP,58,35,0,1130
NC_002677.1,M. leprae,Actinobacteria,41.74,TP,41,20,0,623
NC_002677.1,M. leprae,Actinobacteria,41.74,TP,41,22,0,749
NC_002677.1,M. leprae,Actinobacteria,41.74,TP,52,16,0,779
NC_002677.1,M. leprae,Actinobacteria,41.74,FP,27,9,0,545
NC_002677.1,M. leprae,Actinobacteria,41.74,TP,70,33,0,1031
NC_002677.1,M. leprae,Actinobacteria,41.74,TP,51,27,0,878
NC_002677.1,M. leprae,Actinobacteria,41.74,TP,25,9,0,497
NC_002677.1,M. leprae,Actinobacteria,41.74,FP,47,13,0,536
NC_002677.1,M. leprae,Actinobacteria,41.74,TP,84,28,0,1478
NC_002677.1,M. leprae,Actinobacteria,41.74,FP,42,9,0,590
NC_002677.1,M. leprae,Actinobacteria,41.74,TP,101,48,0,1928
NC_002677.1,M. leprae,Actinobacteria,41.74,TP,109,49,0,1904
NC_002677.1,M. leprae,Actinobacteria,41.74,TP,101,50,0,1790
NC_002677.1,M. leprae,Actinobacteria,41.74,TP,79,34,0,1142
NC_002677.1,M. leprae,Actinobacteria,41.74,FP,42,8,0,593
NC_002677.1,M. leprae,Actinobacteria,41.74,TP,141,70,0,2240
NC_002677.1,M. leprae,Actinobacteria,41.74,FP,47,6,0,425
NC_002677.1,M. leprae,Actinobacteria,41.74,TP,24,10,0,485
NC_002677.1,M. leprae,Actinobacteria,41.74,FP,27,8,0,431
NC_002677.1,M. leprae,Actinobacteria,41.74,TP,35,14,0,614
NC_002677.1,M. leprae,Actinobacteria,41.74,FP,29,4,0,416
NC_002677.1,M. leprae,Actinobacteria,41.74,TP,86,38,0,1676
NC_002677.1,M. leprae,Actinobacteria,41.74,TP,20,13,0,443
NC_002677.1,M. leprae,Actinobacteria,41.74,TP,32,10,0,719
NC_002677.1,M. leprae,Actinobacteria,41.74,TP,165,83,0,3533
NC_002677.1,M. leprae,Actinobacteria,41.74,TP,59,31,0,1127
NC_002677.1,M. leprae,Actinobacteria,41.74,TP,50,26,0,854
NC_002677.1,M. leprae,Actinobacteria,41.74,TP,84,40,0,1670
NC_002677.1,M. leprae,Actinobacteria,41.74,TP,48,31,0,1094
NC_002677.1,M. leprae,Actinobacteria,41.74,TP,34,16,0,530
NC_002677.1,M. leprae,Actinobacteria,41.74,TP,22,10,0,479
NC_002677.1,M. leprae,Actinobacteria,41.74,TP,68,40,0,1544
NC_002677.1,M. leprae,Actinobacteria,41.74,TP,166,78,0,2762
NC_002677.1,M. leprae,Actinobacteria,41.74,TP,154,84,0,3050
NC_002677.1,M. leprae,Actinobacteria,41.74,TP,97,52,0,1763
NC_002677.1,M. leprae,Actinobacteria,41.74,TP,70,29,0,1232
NC_002677.1,M. leprae,Actinobacteria,41.74,TP,25,10,0,443
NC_002677.1,M. leprae,Actinobacteria,41.74,FP,35,17,0,674
NC_002677.1,M. leprae,Actinobacteria,41.74,FP,38,7,0,626
NC_002677.1,M. leprae,Actinobacteria,41.74,TP,31,9,0,548
NC_002677.1,M. leprae,Actinobacteria,41.74,TP,49,20,0,911
NC_002677.1,M. leprae,Actinobacteria,41.74,FP,12,3,0,419
NC_002677.1,M. leprae,Actinobacteria,41.74,TP,33,9,0,536
NC_002677.1,M. leprae,Actinobacteria,41.74,TP,16,9,0,464
NC_002677.1,M. leprae,Actinobacteria,41.74,TP,31,14,0,593
NC_002677.1,M. leprae,Actinobacteria,41.74,TP,46,24,0,1088
NC_002677.1,M. leprae,Actinobacteria,41.74,FP,42,6,0,662
NC_002677.1,M. leprae,Actinobacteria,41.74,FP,15,7,0,452
NC_002677.1,M. leprae,Actinobacteria,41.74,FP,13,4,0,422
NC_002677.1,M. leprae,Actinobacteria,41.74,FP,46,7,0,926
NC_002677.1,M. leprae,Actinobacteria,41.74,TP,44,17,0,1334
NC_002677.1,M. leprae,Actinobacteria,41.74,FP,25,6,0,416
NC_002677.1,M. leprae,Actinobacteria,41.74,TP,34,11,0,608
NC_002677.1,M. leprae,Actinobacteria,41.74,TP,77,27,0,1598
NC_002677.1,M. leprae,Actinobacteria,41.74,TP,48,21,0,962
NC_002677.1,M. leprae,Actinobacteria,41.74,FP,36,19,0,581
NC_002677.1,M. leprae,Actinobacteria,41.74,FP,138,63,0,2615
NC_002677.1,M. leprae,Actinobacteria,41.74,TP,92,45,0,1646
NC_002677.1,M. leprae,Actinobacteria,41.74,TP,51,25,0,1064
NC_002677.1,M. leprae,Actinobacteria,41.74,TP,42,24,0,845
NC_002677.1,M. leprae,Actinobacteria,41.74,FP,21,8,0,425
NC_002677.1,M. leprae,Actinobacteria,41.74,FP,56,31,0,1148
NC_002677.1,M. leprae,Actinobacteria,41.74,TP,59,33,0,1163
NC_002677.1,M. leprae,Actinobacteria,41.74,TP,40,24,0,626
NC_002677.1,M. leprae,Actinobacteria,41.74,TP,90,57,0,1457
NC_002677.1,M. leprae,Actinobacteria,41.74,TP,52,1,1,989
NC_002677.1,M. leprae,Actinobacteria,41.74,FP,28,12,0,575
NC_002677.1,M. leprae,Actinobacteria,41.74,FP,25,13,0,767
NC_002677.1,M. leprae,Actinobacteria,41.74,TP,30,15,0,743
NC_002677.1,M. leprae,Actinobacteria,41.74,TP,31,13,0,749
NC_002677.1,M. leprae,Actinobacteria,41.74,TP,520,180,0,6605
NC_002677.1,M. leprae,Actinobacteria,41.74,TP,119,71,0,2363
NC_002677.1,M. leprae,Actinobacteria,41.74,FP,47,18,0,770
NC_002677.1,M. leprae,Actinobacteria,41.74,FP,25,9,0,581
NC_002677.1,M. leprae,Actinobacteria,41.74,TP,52,32,0,1094
NC_002677.1,M. leprae,Actinobacteria,41.74,FP,43,16,0,764
NC_002677.1,M. leprae,Actinobacteria,41.74,TP,20,13,0,431
NC_002677.1,M. leprae,Actinobacteria,41.74,TP,69,40,0,914
NC_002677.1,M. leprae,Actinobacteria,41.74,FP,50,34,0,1304
NC_002677.1,M. leprae,Actinobacteria,41.74,FP,26,14,0,695
NC_002677.1,M. leprae,Actinobacteria,41.74,FP,72,36,0,1298
NC_002677.1,M. leprae,Actinobacteria,41.74,FP,34,3,0,458
NC_002677.1,M. leprae,Actinobacteria,41.74,FP,13,9,0,413
NC_002677.1,M. leprae,Actinobacteria,41.74,TP,26,11,0,725
NC_002677.1,M. leprae,Actinobacteria,41.74,TP,52,31,0,1007
NC_002677.1,M. leprae,Actinobacteria,41.74,FP,27,12,0,428
NC_002677.1,M. leprae,Actinobacteria,41.74,TP,110,51,0,1871
NC_002677.1,M. leprae,Actinobacteria,41.74,FP,116,67,0,1745
NC_002677.1,M. leprae,Actinobacteria,41.74,TP,61,27,0,983
NC_002677.1,M. leprae,Actinobacteria,41.74,TP,32,21,0,737
NC_002677.1,M. leprae,Actinobacteria,41.74,FP,59,1,1,1058
NC_002677.1,M. leprae,Actinobacteria,41.74,TP,58,29,0,1013
NC_002677.1,M. leprae,Actinobacteria,41.74,FP,66,32,0,1046
NC_002677.1,M. leprae,Actinobacteria,41.74,TP,84,50,0,1529
NC_002677.1,M. leprae,Actinobacteria,41.74,FP,45,15,0,725
NC_002677.1,M. leprae,Actinobacteria,41.74,TP,116,64,0,2231
NC_002677.1,M. leprae,Actinobacteria,41.74,TP,28,18,0,482
NC_002677.1,M. leprae,Actinobacteria,41.74,TP,38,13,0,539
NC_002677.1,M. leprae,Actinobacteria,41.74,FP,84,33,0,1343
NC_002677.1,M. leprae,Actinobacteria,41.74,TP,57,22,0,716
NC_002677.1,M. leprae,Actinobacteria,41.74,TP,82,34,0,1406
NC_002677.1,M. leprae,Actinobacteria,41.74,FP,59,30,0,923
NC_002677.1,M. leprae,Actinobacteria,41.74,TP,93,43,0,1826
NC_002677.1,M. leprae,Actinobacteria,41.74,FP,47,22,0,869
NC_002677.1,M. leprae,Actinobacteria,41.74,TP,42,29,0,1043
NC_002677.1,M. leprae,Actinobacteria,41.74,TP,29,1,1,494
NC_002677.1,M. leprae,Actinobacteria,41.74,TP,154,52,0,1832
NC_002677.1,M. leprae,Actinobacteria,41.74,TP,54,16,0,926
NC_002677.1,M. leprae,Actinobacteria,41.74,FP,34,1,1,488
NC_002677.1,M. leprae,Actinobacteria,41.74,FP,25,9,0,464
NC_002677.1,M. leprae,Actinobacteria,41.74,TP,63,19,0,743
NC_002677.1,M. leprae,Actinobacteria,41.74,FP,137,61,0,1934
NC_002677.1,M. leprae,Actinobacteria,41.74,FP,15,4,0,410
NC_002677.1,M. leprae,Actinobacteria,41.74,TP,69,40,0,1496
NC_002677.1,M. leprae,Actinobacteria,41.74,FP,29,5,0,437
NC_002677.1,M. leprae,Actinobacteria,41.74,TP,31,6,0,650
NC_002677.1,M. leprae,Actinobacteria,41.74,FP,37,6,0,452
NC_002677.1,M. leprae,Actinobacteria,41.74,FP,36,17,0,827
NC_002677.1,M. leprae,Actinobacteria,41.74,FP,31,15,0,755
NC_002677.1,M. leprae,Actinobacteria,41.74,FP,20,8,0,470
NC_002677.1,M. leprae,Actinobacteria,41.74,TP,18,10,0,449
NC_002677.1,M. leprae,Actinobacteria,41.74,TP,23,11,0,674
NC_002677.1,M. leprae,Actinobacteria,41.74,FP,23,6,0,419
NC_002677.1,M. leprae,Actinobacteria,41.74,TP,21,5,0,434
NC_002677.1,M. leprae,Actinobacteria,41.74,FP,45,1,1,824
NC_002677.1,M. leprae,Actinobacteria,41.74,TP,53,25,0,992
NC_002677.1,M. leprae,Actinobacteria,41.74,TP,107,36,0,1655
NC_002677.1,M. leprae,Actinobacteria,41.74,FP,44,18,0,743
NC_002677.1,M. leprae,Actinobacteria,41.74,TP,87,25,0,1592
NC_002677.1,M. leprae,Actinobacteria,41.74,TP,61,19,0,1304
NC_002677.1,M. leprae,Actinobacteria,41.74,TP,25,8,0,587
NC_002677.1,M. leprae,Actinobacteria,41.74,TP,69,31,0,1223
NC_002677.1,M. leprae,Actinobacteria,41.74,TP,77,27,0,1733
NC_002677.1,M. leprae,Actinobacteria,41.74,FP,58,1,1,875
NC_002677.1,M. leprae,Actinobacteria,41.74,TP,60,26,0,1469
NC_002677.1,M. leprae,Actinobacteria,41.74,FP,132,57,0,2177
NC_002677.1,M. leprae,Actinobacteria,41.74,FP,33,5,0,590
NC_002677.1,M. leprae,Actinobacteria,41.74,TP,102,37,0,1649
NC_002677.1,M. leprae,Actinobacteria,41.74,FP,42,1,1,734
NC_002677.1,M. leprae,Actinobacteria,41.74,FP,30,16,0,767
NC_002677.1,M. leprae,Actinobacteria,41.74,FP,25,7,0,425
NC_002677.1,M. leprae,Actinobacteria,41.74,TP,116,58,0,1781
NC_002677.1,M. leprae,Actinobacteria,41.74,FP,47,8,0,992
NC_002677.1,M. leprae,Actinobacteria,41.74,TP,109,52,0,1529
NC_002677.1,M. leprae,Actinobacteria,41.74,FP,19,8,0,443
NC_002677.1,M. leprae,Actinobacteria,41.74,TP,69,23,0,1289
NC_002677.1,M. leprae,Actinobacteria,41.74,TP,51,18,0,1037
NC_002677.1,M. leprae,Actinobacteria,41.74,FP,29,2,0,584
NC_002677.1,M. leprae,Actinobacteria,41.74,FP,28,3,0,425
NC_002677.1,M. leprae,Actinobacteria,41.74,FP,25,6,0,416
NC_002677.1,M. leprae,Actinobacteria,41.74,FP,67,35,0,1142
NC_002677.1,M. leprae,Actinobacteria,41.74,TP,41,20,0,758
NC_002677.1,M. leprae,Actinobacteria,41.74,TP,53,24,0,1097
NC_002677.1,M. leprae,Actinobacteria,41.74,TP,62,27,0,1022
NC_002677.1,M. leprae,Actinobacteria,41.74,TP,30,13,0,443
NC_002677.1,M. leprae,Actinobacteria,41.74,FP,32,8,0,677
NC_002677.1,M. leprae,Actinobacteria,41.74,TP,77,37,0,1613
NC_002677.1,M. leprae,Actinobacteria,41.74,FP,80,41,0,1586
NC_002677.1,M. leprae,Actinobacteria,41.74,FP,31,8,0,701
NC_002677.1,M. leprae,Actinobacteria,41.74,TP,89,31,0,1664
NC_002677.1,M. leprae,Actinobacteria,41.74,TP,80,35,0,1739
NC_002677.1,M. leprae,Actinobacteria,41.74,TP,50,20,0,1256
NC_002677.1,M. leprae,Actinobacteria,41.74,FP,113,61,0,2153
NC_002677.1,M. leprae,Actinobacteria,41.74,TP,32,10,0,536
NC_002677.1,M. leprae,Actinobacteria,41.74,TP,41,13,0,716
NC_002677.1,M. leprae,Actinobacteria,41.74,TP,100,36,0,1721
NC_002677.1,M. leprae,Actinobacteria,41.74,TP,59,27,0,1445
NC_002677.1,M. leprae,Actinobacteria,41.74,TP,100,38,0,1793
NC_002677.1,M. leprae,Actinobacteria,41.74,TP,105,26,0,1478
NC_002677.1,M. leprae,Actinobacteria,41.74,FP,75,32,0,1157
NC_002677.1,M. leprae,Actinobacteria,41.74,FP,27,12,0,545
NC_002677.1,M. leprae,Actinobacteria,41.74,TP,55,37,0,1103
NC_002677.1,M. leprae,Actinobacteria,41.74,TP,95,54,0,1418
NC_002677.1,M. leprae,Actinobacteria,41.74,FP,40,13,0,839
NC_002677.1,M. leprae,Actinobacteria,41.74,FP,29,6,0,539
NC_002677.1,M. leprae,Actinobacteria,41.74,FP,64,33,0,1373
NC_002677.1,M. leprae,Actinobacteria,41.74,FP,77,40,0,1796
NC_002677.1,M. leprae,Actinobacteria,41.74,FP,13,8,0,482
NC_002677.1,M. leprae,Actinobacteria,41.74,FP,82,38,0,1922
NC_002677.1,M. leprae,Actinobacteria,41.74,TP,66,32,0,1058
NC_002677.1,M. leprae,Actinobacteria,41.74,TP,65,28,0,1427
NC_002677.1,M. leprae,Actinobacteria,41.74,TP,24,12,0,656
NC_002677.1,M. leprae,Actinobacteria,41.74,TP,65,24,0,1166
NC_002677.1,M. leprae,Actinobacteria,41.74,FP,150,78,0,2558
NC_002677.1,M. leprae,Actinobacteria,41.74,TP,50,25,0,860
NC_002677.1,M. leprae,Actinobacteria,41.74,FP,24,11,0,581
NC_002677.1,M. leprae,Actinobacteria,41.74,TP,55,28,0,1103
NC_002677.1,M. leprae,Actinobacteria,41.74,TP,60,39,0,1394
NC_002677.1,M. leprae,Actinobacteria,41.74,TP,60,37,0,1166
NC_002677.1,M. leprae,Actinobacteria,41.74,TP,331,151,0,5615
NC_002677.1,M. leprae,Actinobacteria,41.74,FP,33,20,0,905
NC_002677.1,M. leprae,Actinobacteria,41.74,FP,93,42,0,1205
NC_002677.1,M. leprae,Actinobacteria,41.74,FP,52,25,0,902
NC_002677.1,M. leprae,Actinobacteria,41.74,FP,67,44,0,1049
NC_002677.1,M. leprae,Actinobacteria,41.74,TP,76,44,0,1667
NC_002677.1,M. leprae,Actinobacteria,41.74,TP,33,17,0,743
NC_002677.1,M. leprae,Actinobacteria,41.74,TP,78,49,0,1646
NC_002677.1,M. leprae,Actinobacteria,41.74,FP,18,5,0,470
NC_002677.1,M. leprae,Actinobacteria,41.74,FP,41,16,0,611
NC_002677.1,M. leprae,Actinobacteria,41.74,TP,45,22,0,632
NC_002677.1,M. leprae,Actinobacteria,41.74,TP,37,13,0,722
NC_002677.1,M. leprae,Actinobacteria,41.74,TP,54,15,0,695
NC_002677.1,M. leprae,Actinobacteria,41.74,TP,30,14,0,539
NC_002677.1,M. leprae,Actinobacteria,41.74,TP,35,10,0,683
NC_002677.1,M. leprae,Actinobacteria,41.74,FP,72,34,0,1352
NC_002677.1,M. leprae,Actinobacteria,41.74,TP,84,29,0,1439
NC_002677.1,M. leprae,Actinobacteria,41.74,FP,36,12,0,494
NC_002677.1,M. leprae,Actinobacteria,41.74,TP,33,20,0,707
NC_002677.1,M. leprae,Actinobacteria,41.74,TP,55,20,0,800
NC_002677.1,M. leprae,Actinobacteria,41.74,TP,55,25,0,956
NC_002677.1,M. leprae,Actinobacteria,41.74,TP,37,12,0,509
NC_002677.1,M. leprae,Actinobacteria,41.74,TP,38,15,0,596
NC_002677.1,M. leprae,Actinobacteria,41.74,FP,62,37,0,1229
NC_002677.1,M. leprae,Actinobacteria,41.74,TP,82,33,0,1535
NC_002677.1,M. leprae,Actinobacteria,41.74,FP,176,95,0,3623
NC_002677.1,M. leprae,Actinobacteria,41.74,TP,45,1,1,830
NC_002677.1,M. leprae,Actinobacteria,41.74,TP,73,36,0,1214
NC_002677.1,M. leprae,Actinobacteria,41.74,FP,153,69,0,2159
NC_002677.1,M. leprae,Actinobacteria,41.74,TP,118,51,0,2042
NC_002677.1,M. leprae,Actinobacteria,41.74,FP,85,41,0,1391
NC_002677.1,M. leprae,Actinobacteria,41.74,FP,14,6,0,458
NC_002677.1,M. leprae,Actinobacteria,41.74,FP,32,15,0,437
NC_002677.1,M. leprae,Actinobacteria,41.74,FP,47,12,0,671
NC_002677.1,M. leprae,Actinobacteria,41.74,TP,69,42,0,1517
NC_002677.1,M. leprae,Actinobacteria,41.74,FP,12,7,0,434
NC_002677.1,M. leprae,Actinobacteria,41.74,FP,30,9,0,665
NC_002677.1,M. leprae,Actinobacteria,41.74,TP,54,26,0,977
NC_002677.1,M. leprae,Actinobacteria,41.74,TP,78,1,1,1667
NC_002677.1,M. leprae,Actinobacteria,41.74,TP,55,17,0,1289
NC_002677.1,M. leprae,Actinobacteria,41.74,TP,56,23,0,980
NC_002677.1,M. leprae,Actinobacteria,41.74,FP,38,9,0,449
NC_002677.1,M. leprae,Actinobacteria,41.74,TP,19,6,0,461
NC_002677.1,M. leprae,Actinobacteria,41.74,FP,35,14,0,644
NC_002677.1,M. leprae,Actinobacteria,41.74,TP,19,4,0,422
NC_002677.1,M. leprae,Actinobacteria,41.74,TP,32,1,1,686
NC_002677.1,M. leprae,Actinobacteria,41.74,FP,20,8,0,476
NC_002677.1,M. leprae,Actinobacteria,41.74,TP,96,42,0,1778
NC_002677.1,M. leprae,Actinobacteria,41.74,FP,33,7,0,725
NC_002677.1,M. leprae,Actinobacteria,41.74,TP,48,19,0,1271
NC_002677.1,M. leprae,Actinobacteria,41.74,TP,73,27,0,1235
NC_002677.1,M. leprae,Actinobacteria,41.74,FP,28,12,0,506
NC_002677.1,M. leprae,Actinobacteria,41.74,TP,63,30,0,1397
NC_002677.1,M. leprae,Actinobacteria,41.74,TP,53,20,0,1202
NC_002677.1,M. leprae,Actinobacteria,41.74,FP,93,52,0,1469
NC_002677.1,M. leprae,Actinobacteria,41.74,FP,16,10,0,413
NC_002677.1,M. leprae,Actinobacteria,41.74,TP,59,1,1,1127
NC_002677.1,M. leprae,Actinobacteria,41.74,FP,49,18,0,797
NC_002677.1,M. leprae,Actinobacteria,41.74,FP,39,6,0,581
NC_002677.1,M. leprae,Actinobacteria,41.74,TP,43,18,0,608
NC_002677.1,M. leprae,Actinobacteria,41.74,TP,63,33,0,1124
NC_002677.1,M. leprae,Actinobacteria,41.74,FP,22,6,0,464
NC_002677.1,M. leprae,Actinobacteria,41.74,FP,32,9,0,503
NC_002677.1,M. leprae,Actinobacteria,41.74,TP,60,29,0,1109
NC_002677.1,M. leprae,Actinobacteria,41.74,FP,10,3,0,431
NC_002677.1,M. leprae,Actinobacteria,41.74,TP,36,16,0,914
NC_002677.1,M. leprae,Actinobacteria,41.74,TP,52,32,0,1298
NC_002677.1,M. leprae,Actinobacteria,41.74,TP,31,16,0,1010
NC_002677.1,M. leprae,Actinobacteria,41.74,TP,40,12,0,647
NC_002677.1,M. leprae,Actinobacteria,41.74,FP,25,7,0,503
NC_002677.1,M. leprae,Actinobacteria,41.74,FP,29,12,0,491
NC_002677.1,M. leprae,Actinobacteria,41.74,FP,16,5,0,491
NC_002677.1,M. leprae,Actinobacteria,41.74,TP,70,23,0,920
NC_002677.1,M. leprae,Actinobacteria,41.74,FP,21,15,0,419
NC_002677.1,M. leprae,Actinobacteria,41.74,TP,106,58,0,2240
NC_002677.1,M. leprae,Actinobacteria,41.74,TP,56,39,0,1349
NC_002677.1,M. leprae,Actinobacteria,41.74,TP,62,41,0,1694
NC_002677.1,M. leprae,Actinobacteria,41.74,FP,29,15,0,620
NC_002677.1,M. leprae,Actinobacteria,41.74,TP,87,49,0,1184
NC_002677.1,M. leprae,Actinobacteria,41.74,FP,29,15,0,470
NC_002677.1,M. leprae,Actinobacteria,41.74,TP,20,11,0,488
NC_002677.1,M. leprae,Actinobacteria,41.74,FP,15,4,0,452
NC_002677.1,M. leprae,Actinobacteria,41.74,TP,26,18,0,866
NC_002677.1,M. leprae,Actinobacteria,41.74,FP,39,11,0,734
NC_002677.1,M. leprae,Actinobacteria,41.74,FP,62,35,0,884
NC_002677.1,M. leprae,Actinobacteria,41.74,FP,24,13,0,431
NC_002677.1,M. leprae,Actinobacteria,41.74,FP,18,7,0,416
NC_002677.1,M. leprae,Actinobacteria,41.74,TP,41,24,0,647
NC_002677.1,M. leprae,Actinobacteria,41.74,TP,14,8,0,446
NC_002677.1,M. leprae,Actinobacteria,41.74,FP,72,50,0,1583
NC_002677.1,M. leprae,Actinobacteria,41.74,FP,70,38,0,1331
NC_002677.1,M. leprae,Actinobacteria,41.74,FP,79,33,0,1289
NC_002677.1,M. leprae,Actinobacteria,41.74,FP,25,10,0,476
NC_002677.1,M. leprae,Actinobacteria,41.74,FP,14,9,0,500
NC_002677.1,M. leprae,Actinobacteria,41.74,TP,36,14,0,863
NC_002677.1,M. leprae,Actinobacteria,41.74,FP,40,19,0,419
NC_002677.1,M. leprae,Actinobacteria,41.74,TP,30,6,0,416
NC_002677.1,M. leprae,Actinobacteria,41.74,TP,23,11,0,605
NC_002677.1,M. leprae,Actinobacteria,41.74,TP,36,15,0,827
NC_002677.1,M. leprae,Actinobacteria,41.74,TP,64,18,0,842
NC_002677.1,M. leprae,Actinobacteria,41.74,TP,25,7,0,416
NC_002677.1,M. leprae,Actinobacteria,41.74,TP,39,21,0,809
NC_002677.1,M. leprae,Actinobacteria,41.74,TP,42,19,0,1010
NC_002677.1,M. leprae,Actinobacteria,41.74,TP,124,50,0,2276
NC_002677.1,M. leprae,Actinobacteria,41.74,TP,55,32,0,983
NC_002677.1,M. leprae,Actinobacteria,41.74,TP,96,39,0,1376
NC_002677.1,M. leprae,Actinobacteria,41.74,TP,64,25,0,938
NC_002677.1,M. leprae,Actinobacteria,41.74,TP,64,32,0,1010
NC_002677.1,M. leprae,Actinobacteria,41.74,FP,20,6,0,416
NC_002677.1,M. leprae,Actinobacteria,41.74,TP,54,28,0,848
NC_002677.1,M. leprae,Actinobacteria,41.74,FP,27,11,0,563
NC_002677.1,M. leprae,Actinobacteria,41.74,FP,32,10,0,440
NC_002677.1,M. leprae,Actinobacteria,41.74,FP,59,28,0,980
NC_002677.1,M. leprae,Actinobacteria,41.74,TP,58,17,0,857
NC_002677.1,M. leprae,Actinobacteria,41.74,TP,94,53,0,1604
NC_002677.1,M. leprae,Actinobacteria,41.74,FP,158,41,0,1763
NC_002677.1,M. leprae,Actinobacteria,41.74,FP,27,8,0,455
NC_002677.1,M. leprae,Actinobacteria,41.74,TP,62,26,0,1280
NC_002677.1,M. leprae,Actinobacteria,41.74,FP,18,11,0,494
NC_002677.1,M. leprae,Actinobacteria,41.74,FP,44,22,0,773
NC_002677.1,M. leprae,Actinobacteria,41.74,TP,77,29,0,1337
NC_002677.1,M. leprae,Actinobacteria,41.74,FP,28,7,0,425
NC_002677.1,M. leprae,Actinobacteria,41.74,FP,30,11,0,692
NC_002677.1,M. leprae,Actinobacteria,41.74,TP,45,21,0,884
NC_002677.1,M. leprae,Actinobacteria,41.74,TP,22,3,0,623
NC_002677.1,M. leprae,Actinobacteria,41.74,FP,20,5,0,449
NC_002677.1,M. leprae,Actinobacteria,41.74,FP,40,8,0,431
NC_002677.1,M. leprae,Actinobacteria,41.74,TP,79,29,0,1739
NC_002677.1,M. leprae,Actinobacteria,41.74,FP,16,6,0,530
NC_002677.1,M. leprae,Actinobacteria,41.74,TP,76,34,0,1265
NC_002677.1,M. leprae,Actinobacteria,41.74,FP,34,11,0,422
NC_002677.1,M. leprae,Actinobacteria,41.74,TP,20,10,0,497
NC_002677.1,M. leprae,Actinobacteria,41.74,TP,20,5,0,482
NC_002677.1,M. leprae,Actinobacteria,41.74,TP,49,19,0,779
NC_002677.1,M. leprae,Actinobacteria,41.74,FP,59,35,0,1121
NC_002677.1,M. leprae,Actinobacteria,41.74,TP,76,40,0,1289
NC_002677.1,M. leprae,Actinobacteria,41.74,TP,44,17,0,959
NC_002677.1,M. leprae,Actinobacteria,41.74,TP,41,18,0,692
NC_002677.1,M. leprae,Actinobacteria,41.74,TP,35,10,0,707
NC_002677.1,M. leprae,Actinobacteria,41.74,TP,32,14,0,542
NC_002677.1,M. leprae,Actinobacteria,41.74,TP,103,34,0,2282
NC_002677.1,M. leprae,Actinobacteria,41.74,FP,25,8,0,443
NC_002677.1,M. leprae,Actinobacteria,41.74,FP,30,11,0,590
NC_002677.1,M. leprae,Actinobacteria,41.74,FP,23,4,0,437
NC_002677.1,M. leprae,Actinobacteria,41.74,FP,92,48,0,1517
NC_002677.1,M. leprae,Actinobacteria,41.74,FP,113,44,0,2033
NC_002677.1,M. leprae,Actinobacteria,41.74,TP,51,28,0,1055
NC_002677.1,M. leprae,Actinobacteria,41.74,FP,27,8,0,674
NC_002677.1,M. leprae,Actinobacteria,41.74,FP,101,13,0,1541
NC_002677.1,M. leprae,Actinobacteria,41.74,TP,94,28,0,1667
NC_002677.1,M. leprae,Actinobacteria,41.74,FP,27,8,0,422
NC_002677.1,M. leprae,Actinobacteria,41.74,FP,21,7,0,419
NC_002929.2,B. pertussis,Proteobacteria,60.06,TP,88,42,0,1919
NC_002929.2,B. pertussis,Proteobacteria,60.06,FP,79,6,0,1106
NC_002929.2,B. pertussis,Proteobacteria,60.06,FP,49,9,0,1433
NC_002929.2,B. pertussis,Proteobacteria,60.06,FP,70,7,0,1193
NC_002929.2,B. pertussis,Proteobacteria,60.06,FP,58,8,0,1025
NC_002929.2,B. pertussis,Proteobacteria,60.06,FP,52,12,0,1157
NC_002929.2,B. pertussis,Proteobacteria,60.06,FP,64,12,0,1211
NC_002929.2,B. pertussis,Proteobacteria,60.06,FP,61,11,0,1049
NC_002929.2,B. pertussis,Proteobacteria,60.06,TP,121,36,0,2171
NC_002929.2,B. pertussis,Proteobacteria,60.06,TP,52,27,0,1232
NC_002929.2,B. pertussis,Proteobacteria,60.06,TP,68,23,0,1565
NC_002929.2,B. pertussis,Proteobacteria,60.06,FP,95,16,0,1724
NC_002929.2,B. pertussis,Proteobacteria,60.06,FP,174,27,0,1964
NC_002929.2,B. pertussis,Proteobacteria,60.06,TP,120,28,0,2354
NC_002929.2,B. pertussis,Proteobacteria,60.06,FP,82,21,0,2048
NC_002929.2,B. pertussis,Proteobacteria,60.06,TP,172,87,0,2381
NC_002929.2,B. pertussis,Proteobacteria,60.06,FP,171,19,0,2222
NC_002929.2,B. pertussis,Proteobacteria,60.06,FP,96,28,0,1715
NC_002929.2,B. pertussis,Proteobacteria,60.06,FP,121,25,0,1985
NC_002929.2,B. pertussis,Proteobacteria,60.06,TP,82,27,0,1430
NC_002929.2,B. pertussis,Proteobacteria,60.06,TP,144,61,0,1958
NC_002929.2,B. pertussis,Proteobacteria,60.06,TP,78,46,0,1484
NC_002929.2,B. pertussis,Proteobacteria,60.06,TP,60,27,0,1079
NC_002929.2,B. pertussis,Proteobacteria,60.06,TP,82,43,0,1454
NC_002929.2,B. pertussis,Proteobacteria,60.06,FP,140,17,0,2438
NC_002929.2,B. pertussis,Proteobacteria,60.06,TP,103,52,0,2075
NC_002929.2,B. pertussis,Proteobacteria,60.06,FP,85,9,0,1931
NC_002929.2,B. pertussis,Proteobacteria,60.06,TP,186,74,0,2843
NC_002929.2,B. pertussis,Proteobacteria,60.06,TP,28,15,0,1028
NC_002929.2,B. pertussis,Proteobacteria,60.06,TP,99,37,0,1409
NC_002929.2,B. pertussis,Proteobacteria,60.06,FP,86,16,0,1910
NC_002929.2,B. pertussis,Proteobacteria,60.06,FP,61,7,0,1082
NC_002929.2,B. pertussis,Proteobacteria,60.06,TP,70,35,0,1157
NC_002929.2,B. pertussis,Proteobacteria,60.06,TP,154,49,0,3113
NC_002929.2,B. pertussis,Proteobacteria,60.06,TP,81,28,0,1097
NC_002929.2,B. pertussis,Proteobacteria,60.06,TP,53,26,0,1169
NC_002929.2,B. pertussis,Proteobacteria,60.06,TP,138,39,0,2648
NC_002929.2,B. pertussis,Proteobacteria,60.06,FP,113,14,0,1976
NC_002929.2,B. pertussis,Proteobacteria,60.06,FP,145,33,0,2723
NC_002929.2,B. pertussis,Proteobacteria,60.06,TP,154,99,0,2933
NC_002929.2,B. pertussis,Proteobacteria,60.06,TP,102,38,0,1772
NC_002929.2,B. pertussis,Proteobacteria,60.06,TP,124,44,0,2015
NC_002929.2,B. pertussis,Proteobacteria,60.06,FP,143,38,0,3143
NC_002929.2,B. pertussis,Proteobacteria,60.06,TP,113,51,0,2063
NC_002929.2,B. pertussis,Proteobacteria,60.06,FP,109,25,0,2084
NC_002929.2,B. pertussis,Proteobacteria,60.06,TP,77,36,0,1223
NC_002929.2,B. pertussis,Proteobacteria,60.06,FP,93,9,0,1889
NC_002929.2,B. pertussis,Proteobacteria,60.06,TP,122,59,0,1679
NC_002929.2,B. pertussis,Proteobacteria,60.06,TP,613,232,0,10772
NC_002929.2,B. pertussis,Proteobacteria,60.06,TP,108,63,0,1910
NC_002929.2,B. pertussis,Proteobacteria,60.06,TP,80,42,0,1532
NC_002929.2,B. pertussis,Proteobacteria,60.06,TP,54,27,0,1268
NC_002929.2,B. pertussis,Proteobacteria,60.06,TP,133,48,0,2276
NC_002929.2,B. pertussis,Proteobacteria,60.06,FP,106,36,0,1898
NC_002929.2,B. pertussis,Proteobacteria,60.06,TP,122,49,0,2270
NC_002929.2,B. pertussis,Proteobacteria,60.06,TP,78,37,0,2306
NC_002929.2,B. pertussis,Proteobacteria,60.06,TP,129,61,0,2003
NC_002929.2,B. pertussis,Proteobacteria,60.06,TP,56,25,0,1301
NC_002929.2,B. pertussis,Proteobacteria,60.06,TP,81,13,0,1151
NC_002929.2,B. pertussis,Proteobacteria,60.06,TP,122,40,0,1691
NC_002929.2,B. pertussis,Proteobacteria,60.06,FP,87,27,0,1661
NC_002929.2,B. pertussis,Proteobacteria,60.06,TP,56,22,0,1049
NC_002929.2,B. pertussis,Proteobacteria,60.06,FP,84,10,0,1472
NC_002929.2,B. pertussis,Proteobacteria,60.06,TP,70,34,0,1784
NC_002929.2,B. pertussis,Proteobacteria,60.06,FP,144,22,0,2330
NC_002929.2,B. pertussis,Proteobacteria,60.06,TP,88,45,0,1856
NC_002929.2,B. pertussis,Proteobacteria,60.06,TP,73,35,0,2204
NC_002929.2,B. pertussis,Proteobacteria,60.06,TP,61,22,0,1181
NC_002929.2,B. pertussis,Proteobacteria,60.06,FP,76,23,0,1556
NC_002929.2,B. pertussis,Proteobacteria,60.06,FP,95,38,0,1661
NC_002929.2,B. pertussis,Proteobacteria,60.06,TP,44,17,0,1091
NC_002929.2,B. pertussis,Proteobacteria,60.06,FP,61,10,0,1223
NC_002929.2,B. pertussis,Proteobacteria,60.06,FP,80,27,0,1478
NC_002929.2,B. pertussis,Proteobacteria,60.06,FP,101,28,0,1685
NC_002929.2,B. pertussis,Proteobacteria,60.06,TP,68,35,0,1604
NC_002929.2,B. pertussis,Proteobacteria,60.06,FP,104,20,0,1772
NC_002929.2,B. pertussis,Proteobacteria,60.06,TP,66,20,0,1418
NC_002929.2,B. pertussis,Proteobacteria,60.06,FP,98,16,0,1739
NC_002929.2,B. pertussis,Proteobacteria,60.06,TP,68,42,0,1601
NC_002929.2,B. pertussis,Proteobacteria,60.06,TP,64,28,0,1262
NC_002929.2,B. pertussis,Proteobacteria,60.06,FP,75,7,0,1343
NC_002929.2,B. pertussis,Proteobacteria,60.06,TP,119,24,0,2624
NC_002929.2,B. pertussis,Proteobacteria,60.06,FP,207,35,0,3302
NC_002929.2,B. pertussis,Proteobacteria,60.06,TP,28,20,0,1196
NC_002929.2,B. pertussis,Proteobacteria,60.06,FP,58,12,0,1043
NC_002929.2,B. pertussis,Proteobacteria,60.06,TP,84,26,0,1376
NC_002929.2,B. pertussis,Proteobacteria,60.06,TP,64,18,0,1139
NC_002929.2,B. pertussis,Proteobacteria,60.06,TP,71,21,0,1523
NC_002929.2,B. pertussis,Proteobacteria,60.06,TP,47,17,0,1094
NC_002929.2,B. pertussis,Proteobacteria,60.06,TP,66,32,0,1340
NC_002929.2,B. pertussis,Proteobacteria,60.06,TP,101,19,0,1904
NC_002929.2,B. pertussis,Proteobacteria,60.06,TP,188,57,0,3032
NC_002929.2,B. pertussis,Proteobacteria,60.06,TP,93,38,0,1505
NC_002929.2,B. pertussis,Proteobacteria,60.06,TP,66,33,0,1076
NC_002929.2,B. pertussis,Proteobacteria,60.06,FP,109,31,0,2015
NC_002929.2,B. pertussis,Proteobacteria,60.06,FP,45,13,0,1226
NC_002929.2,B. pertussis,Proteobacteria,60.06,TP,76,20,0,1403
NC_002929.2,B. pertussis,Proteobacteria,60.06,TP,92,41,0,1577
NC_002929.2,B. pertussis,Proteobacteria,60.06,TP,75,38,0,1190
NC_002929.2,B. pertussis,Proteobacteria,60.06,FP,53,14,0,1037
NC_002929.2,B. pertussis,Proteobacteria,60.06,TP,88,37,0,1409
NC_002929.2,B. pertussis,Proteobacteria,60.06,FP,128,44,0,2930
NC_002929.2,B. pertussis,Proteobacteria,60.06,TP,47,31,0,1265
NC_002929.2,B. pertussis,Proteobacteria,60.06,FP,80,13,0,2090
NC_002929.2,B. pertussis,Proteobacteria,60.06,TP,222,103,0,3962
NC_002929.2,B. pertussis,Proteobacteria,60.06,TP,106,34,0,2684
NC_002929.2,B. pertussis,Proteobacteria,60.06,TP,69,20,0,2192
NC_002929.2,B. pertussis,Proteobacteria,60.06,FP,69,14,0,1649
NC_002929.2,B. pertussis,Proteobacteria,60.06,TP,158,40,0,3119
NC_002929.2,B. pertussis,Proteobacteria,60.06,TP,64,34,0,1049
NC_002929.2,B. pertussis,Proteobacteria,60.06,TP,84,30,0,1169
NC_002929.2,B. pertussis,Proteobacteria,60.06,FP,63,21,0,1355
NC_002929.2,B. pertussis,Proteobacteria,60.06,TP,60,22,0,1043
NC_002929.2,B. pertussis,Proteobacteria,60.06,TP,82,33,0,1952
NC_002929.2,B. pertussis,Proteobacteria,60.06,TP,36,26,0,1058
NC_002929.2,B. pertussis,Proteobacteria,60.06,TP,152,47,0,2627
NC_002929.2,B. pertussis,Proteobacteria,60.06,TP,80,26,0,1559
NC_002929.2,B. pertussis,Proteobacteria,60.06,FP,45,11,0,1175
NC_002929.2,B. pertussis,Proteobacteria,60.06,FP,46,14,0,1313
NC_002929.2,B. pertussis,Proteobacteria,60.06,TP,99,70,0,1658
NC_002929.2,B. pertussis,Proteobacteria,60.06,TP,82,37,0,1385
NC_002929.2,B. pertussis,Proteobacteria,60.06,TP,83,13,0,1826
NC_002929.2,B. pertussis,Proteobacteria,60.06,FP,40,8,0,1136
NC_002929.2,B. pertussis,Proteobacteria,60.06,TP,99,43,0,1883
NC_002929.2,B. pertussis,Proteobacteria,60.06,TP,115,57,0,2189
NC_002929.2,B. pertussis,Proteobacteria,60.06,TP,70,20,0,1097
NC_002929.2,B. pertussis,Proteobacteria,60.06,TP,56,20,0,1265
NC_002929.2,B. pertussis,Proteobacteria,60.06,FP,32,10,0,1043
NC_002929.2,B. pertussis,Proteobacteria,60.06,TP,254,119,0,5222
NC_002929.2,B. pertussis,Proteobacteria,60.06,TP,47,18,0,1016
NC_002929.2,B. pertussis,Proteobacteria,60.06,TP,92,30,0,1388
NC_002929.2,B. pertussis,Proteobacteria,60.06,TP,75,33,0,1490
NC_002929.2,B. pertussis,Proteobacteria,60.06,TP,124,59,0,2327
NC_002929.2,B. pertussis,Proteobacteria,60.06,TP,60,10,0,1307
NC_002929.2,B. pertussis,Proteobacteria,60.06,TP,69,29,0,2231
NC_002929.2,B. pertussis,Proteobacteria,60.06,FP,135,38,0,3398
NC_002929.2,B. pertussis,Proteobacteria,60.06,TP,52,29,0,1085
NC_002929.2,B. pertussis,Proteobacteria,60.06,FP,62,14,0,1136
NC_002929.2,B. pertussis,Proteobacteria,60.06,TP,107,32,0,1730
NC_002929.2,B. pertussis,Proteobacteria,60.06,TP,213,108,0,3179
NC_002929.2,B. pertussis,Proteobacteria,60.06,TP,66,24,0,1493
NC_002929.2,B. pertussis,Proteobacteria,60.06,TP,95,63,0,1865
NC_002929.2,B. pertussis,Proteobacteria,60.06,TP,108,34,0,1427
NC_002929.2,B. pertussis,Proteobacteria,60.06,FP,32,7,0,1010
NC_002929.2,B. pertussis,Proteobacteria,60.06,FP,33,11,0,1280
NC_002929.2,B. pertussis,Proteobacteria,60.06,TP,57,25,0,1055
NC_002929.2,B. pertussis,Proteobacteria,60.06,TP,139,72,0,2993
NC_002929.2,B. pertussis,Proteobacteria,60.06,TP,90,50,0,1871
NC_002929.2,B. pertussis,Proteobacteria,60.06,TP,148,70,0,3509
NC_002929.2,B. pertussis,Proteobacteria,60.06,TP,137,63,0,2513
NC_002929.2,B. pertussis,Proteobacteria,60.06,TP,35,20,0,1013
NC_002929.2,B. pertussis,Proteobacteria,60.06,FP,114,56,0,1919
NC_002929.2,B. pertussis,Proteobacteria,60.06,FP,65,29,0,1487
NC_002929.2,B. pertussis,Proteobacteria,60.06,FP,132,69,0,3023
NC_002929.2,B. pertussis,Proteobacteria,60.06,TP,67,31,0,1421
NC_002929.2,B. pertussis,Proteobacteria,60.06,TP,76,28,0,1646
NC_002929.2,B. pertussis,Proteobacteria,60.06,TP,84,41,0,1532
NC_002929.2,B. pertussis,Proteobacteria,60.06,TP,105,59,0,1871
NC_002929.2,B. pertussis,Proteobacteria,60.06,TP,93,56,0,1619
NC_002929.2,B. pertussis,Proteobacteria,60.06,TP,84,45,0,1520
NC_002929.2,B. pertussis,Proteobacteria,60.06,TP,55,37,0,1334
NC_002929.2,B. pertussis,Proteobacteria,60.06,TP,107,70,0,1667
NC_002929.2,B. pertussis,Proteobacteria,60.06,TP,60,32,0,1160
NC_002929.2,B. pertussis,Proteobacteria,60.06,TP,53,19,0,1019
NC_002929.2,B. pertussis,Proteobacteria,60.06,FP,33,23,0,1865
NC_002929.2,B. pertussis,Proteobacteria,60.06,TP,108,52,0,2660
NC_002929.2,B. pertussis,Proteobacteria,60.06,TP,125,67,0,3404
NC_002929.2,B. pertussis,Proteobacteria,60.06,FP,39,16,0,1811
NC_002929.2,B. pertussis,Proteobacteria,60.06,TP,32,23,0,1187
NC_002929.2,B. pertussis,Proteobacteria,60.06,TP,72,44,0,1490
NC_002929.2,B. pertussis,Proteobacteria,60.06,FP,77,48,0,1739
NC_002929.2,B. pertussis,Proteobacteria,60.06,TP,43,20,0,1220
NC_002929.2,B. pertussis,Proteobacteria,60.06,FP,29,9,0,1346
NC_002929.2,B. pertussis,Proteobacteria,60.06,TP,40,16,0,1220
NC_002929.2,B. pertussis,Proteobacteria,60.06,FP,84,18,0,1271
NC_002929.2,B. pertussis,Proteobacteria,60.06,TP,57,43,0,1415
NC_002929.2,B. pertussis,Proteobacteria,60.06,TP,121,46,0,2228
NC_002929.2,B. pertussis,Proteobacteria,60.06,TP,59,25,0,1310
NC_002929.2,B. pertussis,Proteobacteria,60.06,TP,80,52,0,2036
NC_002929.2,B. pertussis,Proteobacteria,60.06,FP,51,20,0,1841
NC_002929.2,B. pertussis,Proteobacteria,60.06,TP,57,24,0,1055
NC_002929.2,B. pertussis,Proteobacteria,60.06,FP,49,22,0,1448
NC_002929.2,B. pertussis,Proteobacteria,60.06,TP,137,72,0,2624
NC_002929.2,B. pertussis,Proteobacteria,60.06,TP,76,19,0,1730
NC_002929.2,B. pertussis,Proteobacteria,60.06,TP,52,34,0,1004
NC_002929.2,B. pertussis,Proteobacteria,60.06,TP,61,39,0,1754
NC_002929.2,B. pertussis,Proteobacteria,60.06,FP,43,30,0,1973
NC_002929.2,B. pertussis,Proteobacteria,60.06,FP,37,16,0,1562
NC_002929.2,B. pertussis,Proteobacteria,60.06,TP,202,119,0,3623
NC_002929.2,B. pertussis,Proteobacteria,60.06,FP,53,8,0,1211
NC_002929.2,B. pertussis,Proteobacteria,60.06,FP,11,9,0,1814
NC_002929.2,B. pertussis,Proteobacteria,60.06,FP,58,12,0,3251
NC_002929.2,B. pertussis,Proteobacteria,60.06,TP,87,38,0,2660
NC_002929.2,B. pertussis,Proteobacteria,60.06,TP,37,17,0,1178
NC_002929.2,B. pertussis,Proteobacteria,60.06,TP,215,122,0,3230
NC_002929.2,B. pertussis,Proteobacteria,60.06,TP,49,31,0,1199
NC_002929.2,B. pertussis,Proteobacteria,60.06,TP,75,36,0,1322
NC_002929.2,B. pertussis,Proteobacteria,60.06,FP,22,14,0,1337
NC_002929.2,B. pertussis,Proteobacteria,60.06,TP,65,37,0,1493
NC_002929.2,B. pertussis,Proteobacteria,60.06,FP,69,16,0,1358
NC_002929.2,B. pertussis,Proteobacteria,60.06,TP,70,38,0,1985
NC_002929.2,B. pertussis,Proteobacteria,60.06,FP,33,7,0,1547
NC_002929.2,B. pertussis,Proteobacteria,60.06,TP,132,79,0,2600
NC_002929.2,B. pertussis,Proteobacteria,60.06,FP,26,8,0,1127
NC_002929.2,B. pertussis,Proteobacteria,60.06,FP,54,13,0,1775
NC_002929.2,B. pertussis,Proteobacteria,60.06,TP,39,15,0,1160
NC_002929.2,B. pertussis,Proteobacteria,60.06,TP,82,34,0,1463
NC_002929.2,B. pertussis,Proteobacteria,60.06,FP,33,12,0,1268
NC_002929.2,B. pertussis,Proteobacteria,60.06,TP,101,47,0,4538
NC_002929.2,B. pertussis,Proteobacteria,60.06,TP,70,39,0,1403
NC_002929.2,B. pertussis,Proteobacteria,60.06,TP,67,15,0,1391
NC_002929.2,B. pertussis,Proteobacteria,60.06,FP,19,10,0,1607
NC_002929.2,B. pertussis,Proteobacteria,60.06,FP,42,30,0,1781
NC_002929.2,B. pertussis,Proteobacteria,60.06,FP,37,8,0,1691
NC_002929.2,B. pertussis,Proteobacteria,60.06,TP,58,33,0,1223
NC_002929.2,B. pertussis,Proteobacteria,60.06,FP,18,6,0,2054
NC_002929.2,B. pertussis,Proteobacteria,60.06,TP,21,7,0,1067
NC_002929.2,B. pertussis,Proteobacteria,60.06,FP,62,25,0,2612
NC_002929.2,B. pertussis,Proteobacteria,60.06,TP,36,21,0,1532
NC_002929.2,B. pertussis,Proteobacteria,60.06,FP,21,7,0,1373
NC_002929.2,B. pertussis,Proteobacteria,60.06,FP,22,3,0,1226
NC_002929.2,B. pertussis,Proteobacteria,60.06,FP,78,14,0,1946
NC_002929.2,B. pertussis,Proteobacteria,60.06,FP,226,43,0,4535
NC_002929.2,B. pertussis,Proteobacteria,60.06,FP,58,16,0,1451
NC_002929.2,B. pertussis,Proteobacteria,60.06,TP,59,28,0,1262
NC_002929.2,B. pertussis,Proteobacteria,60.06,FP,100,4,0,1991
NC_002929.2,B. pertussis,Proteobacteria,60.06,FP,72,18,0,1805
NC_002929.2,B. pertussis,Proteobacteria,60.06,TP,586,187,0,12653
NC_002929.2,B. pertussis,Proteobacteria,60.06,FP,51,13,0,1118
NC_002929.2,B. pertussis,Proteobacteria,60.06,FP,74,11,0,1238
NC_002929.2,B. pertussis,Proteobacteria,60.06,TP,186,64,0,3221
NC_002929.2,B. pertussis,Proteobacteria,60.06,FP,78,6,0,1730
NC_002929.2,B. pertussis,Proteobacteria,60.06,FP,41,7,0,1157
NC_002929.2,B. pertussis,Proteobacteria,60.06,TP,176,40,0,3650
NC_002929.2,B. pertussis,Proteobacteria,60.06,FP,91,39,0,1307
NC_002929.2,B. pertussis,Proteobacteria,60.06,TP,136,33,0,2429
NC_002929.2,B. pertussis,Proteobacteria,60.06,FP,78,26,0,1520
NC_002929.2,B. pertussis,Proteobacteria,60.06,TP,58,18,0,1418
NC_002929.2,B. pertussis,Proteobacteria,60.06,FP,64,17,0,1289
NC_002929.2,B. pertussis,Proteobacteria,60.06,TP,96,34,0,1436
NC_002929.2,B. pertussis,Proteobacteria,60.06,TP,134,63,0,2102
NC_002929.2,B. pertussis,Proteobacteria,60.06,FP,86,11,0,1157
NC_002929.2,B. pertussis,Proteobacteria,60.06,FP,150,27,0,1877
NC_002929.2,B. pertussis,Proteobacteria,60.06,FP,110,25,0,1688
NC_002929.2,B. pertussis,Proteobacteria,60.06,TP,70,26,0,1154
NC_002929.2,B. pertussis,Proteobacteria,60.06,TP,91,37,0,1412
NC_002929.2,B. pertussis,Proteobacteria,60.06,FP,65,7,0,1151
NC_002929.2,B. pertussis,Proteobacteria,60.06,TP,120,73,0,1904
NC_002929.2,B. pertussis,Proteobacteria,60.06,TP,145,93,0,4244
NC_002929.2,B. pertussis,Proteobacteria,60.06,TP,54,35,0,2138
NC_002929.2,B. pertussis,Proteobacteria,60.06,FP,85,5,0,1094
NC_002929.2,B. pertussis,Proteobacteria,60.06,TP,79,53,0,1907
NC_002929.2,B. pertussis,Proteobacteria,60.06,TP,49,28,0,1193
NC_002929.2,B. pertussis,Proteobacteria,60.06,FP,107,15,0,1907
NC_002929.2,B. pertussis,Proteobacteria,60.06,TP,90,49,0,2942
NC_002929.2,B. pertussis,Proteobacteria,60.06,TP,36,23,0,1064
NC_002929.2,B. pertussis,Proteobacteria,60.06,TP,37,35,0,1349
NC_002929.2,B. pertussis,Proteobacteria,60.06,FP,183,21,0,2681
NC_002929.2,B. pertussis,Proteobacteria,60.06,FP,82,23,0,2696
NC_002929.2,B. pertussis,Proteobacteria,60.06,FP,128,10,0,1643
NC_002929.2,B. pertussis,Proteobacteria,60.06,FP,80,9,0,1223
NC_002929.2,B. pertussis,Proteobacteria,60.06,TP,38,20,0,1028
NC_002929.2,B. pertussis,Proteobacteria,60.06,TP,33,25,0,1181
NC_002929.2,B. pertussis,Proteobacteria,60.06,TP,66,47,0,1691
NC_002929.2,B. pertussis,Proteobacteria,60.06,TP,83,33,0,2126
NC_002929.2,B. pertussis,Proteobacteria,60.06,TP,58,22,0,1118
NC_002929.2,B. pertussis,Proteobacteria,60.06,TP,79,44,0,1574
NC_002929.2,B. pertussis,Proteobacteria,60.06,TP,121,27,0,2171
NC_002929.2,B. pertussis,Proteobacteria,60.06,TP,70,30,0,1289
NC_002929.2,B. pertussis,Proteobacteria,60.06,TP,62,31,0,1733
NC_002929.2,B. pertussis,Proteobacteria,60.06,FP,96,10,0,1709
NC_002929.2,B. pertussis,Proteobacteria,60.06,TP,43,25,0,1190
NC_002929.2,B. pertussis,Proteobacteria,60.06,TP,105,72,0,2231
NC_002929.2,B. pertussis,Proteobacteria,60.06,TP,54,33,0,1256
NC_002929.2,B. pertussis,Proteobacteria,60.06,FP,67,14,0,1244
NC_002929.2,B. pertussis,Proteobacteria,60.06,TP,106,46,0,2402
NC_002929.2,B. pertussis,Proteobacteria,60.06,FP,43,20,0,1061
NC_002929.2,B. pertussis,Proteobacteria,60.06,FP,91,9,0,1532
NC_002929.2,B. pertussis,Proteobacteria,60.06,FP,170,29,0,2486
NC_002929.2,B. pertussis,Proteobacteria,60.06,FP,74,19,0,1421
NC_002929.2,B. pertussis,Proteobacteria,60.06,FP,52,18,0,1229
NC_002929.2,B. pertussis,Proteobacteria,60.06,TP,131,46,0,2177
NC_002929.2,B. pertussis,Proteobacteria,60.06,FP,105,11,0,1592
NC_002929.2,B. pertussis,Proteobacteria,60.06,TP,63,16,0,1385
NC_002929.2,B. pertussis,Proteobacteria,60.06,FP,102,28,0,1796
NC_002929.2,B. pertussis,Proteobacteria,60.06,FP,68,6,0,1142
NC_002929.2,B. pertussis,Proteobacteria,60.06,FP,105,9,0,1622
NC_002929.2,B. pertussis,Proteobacteria,60.06,FP,57,21,0,1406
NC_002929.2,B. pertussis,Proteobacteria,60.06,FP,83,32,0,1919
NC_002929.2,B. pertussis,Proteobacteria,60.06,TP,79,37,0,1730
NC_002929.2,B. pertussis,Proteobacteria,60.06,FP,67,26,0,1214
NC_002929.2,B. pertussis,Proteobacteria,60.06,FP,83,17,0,1958
NC_002929.2,B. pertussis,Proteobacteria,60.06,FP,148,42,0,2084
NC_002929.2,B. pertussis,Proteobacteria,60.06,FP,121,27,0,2627
NC_002929.2,B. pertussis,Proteobacteria,60.06,FP,259,52,0,5033
NC_002929.2,B. pertussis,Proteobacteria,60.06,FP,58,3,0,1103
NC_002929.2,B. pertussis,Proteobacteria,60.06,TP,80,22,0,1439
NC_002929.2,B. pertussis,Proteobacteria,60.06,FP,76,8,0,1775
NC_002929.2,B. pertussis,Proteobacteria,60.06,FP,158,48,0,2363
NC_002929.2,B. pertussis,Proteobacteria,60.06,FP,188,29,0,2417
NC_002929.2,B. pertussis,Proteobacteria,60.06,FP,56,3,0,1088
NC_002929.2,B. pertussis,Proteobacteria,60.06,FP,110,42,0,1601
NC_002929.2,B. pertussis,Proteobacteria,60.06,FP,157,28,0,2681
NC_002929.2,B. pertussis,Proteobacteria,60.06,FP,66,10,0,1331
NC_002929.2,B. pertussis,Proteobacteria,60.06,FP,100,33,0,2117
NC_002929.2,B. pertussis,Proteobacteria,60.06,FP,93,8,0,2246
NC_002929.2,B. pertussis,Proteobacteria,60.06,FP,89,35,0,1319
NC_002929.2,B. pertussis,Proteobacteria,60.06,FP,87,6,0,1235
NC_002929.2,B. pertussis,Proteobacteria,60.06,FP,116,38,0,1487
NC_002929.2,B. pertussis,Proteobacteria,60.06,FP,134,33,0,2252
NC_002929.2,B. pertussis,Proteobacteria,60.06,FP,62,16,0,1598
NC_002929.2,B. pertussis,Proteobacteria,60.06,TP,84,37,0,1730
NC_002929.2,B. pertussis,Proteobacteria,60.06,FP,79,22,0,1448
NC_002929.2,B. pertussis,Proteobacteria,60.06,FP,71,7,0,1391
NC_002929.2,B. pertussis,Proteobacteria,60.06,TP,105,41,0,1412
NC_002929.2,B. pertussis,Proteobacteria,60.06,TP,49,25,0,1253
NC_002929.2,B. pertussis,Proteobacteria,60.06,TP,135,79,0,2066
NC_002929.2,B. pertussis,Proteobacteria,60.06,FP,91,9,0,2252
NC_002929.2,B. pertussis,Proteobacteria,60.06,TP,100,40,0,1652
NC_002929.2,B. pertussis,Proteobacteria,60.06,TP,53,26,0,1310
NC_002929.2,B. pertussis,Proteobacteria,60.06,TP,157,91,0,2543
NC_002929.2,B. pertussis,Proteobacteria,60.06,FP,59,34,0,1154
NC_002929.2,B. pertussis,Proteobacteria,60.06,FP,114,55,0,2336
NC_002929.2,B. pertussis,Proteobacteria,60.06,FP,79,24,0,1589
NC_002929.2,B. pertussis,Proteobacteria,60.06,FP,67,9,0,1433
NC_002929.2,B. pertussis,Proteobacteria,60.06,FP,145,26,0,2486
NC_002929.2,B. pertussis,Proteobacteria,60.06,TP,48,18,0,1148
NC_002929.2,B. pertussis,Proteobacteria,60.06,FP,76,11,0,1781
NC_002929.2,B. pertussis,Proteobacteria,60.06,FP,112,12,0,1697
NC_002929.2,B. pertussis,Proteobacteria,60.06,FP,114,10,0,1697
NC_002929.2,B. pertussis,Proteobacteria,60.06,FP,167,79,0,2768
NC_002929.2,B. pertussis,Proteobacteria,60.06,FP,117,32,0,2324
NC_002929.2,B. pertussis,Proteobacteria,60.06,FP,62,22,0,1235
NC_002929.2,B. pertussis,Proteobacteria,60.06,FP,72,22,0,1343
NC_002929.2,B. pertussis,Proteobacteria,60.06,FP,129,30,0,2420
NC_002929.2,B. pertussis,Proteobacteria,60.06,FP,69,19,0,1298
NC_002929.2,B. pertussis,Proteobacteria,60.06,FP,36,4,0,1010
NC_002929.2,B. pertussis,Proteobacteria,60.06,FP,55,11,0,1133
NC_002929.2,B. pertussis,Proteobacteria,60.06,FP,96,10,0,2519
NC_002929.2,B. pertussis,Proteobacteria,60.06,FP,119,17,0,1538
NC_002929.2,B. pertussis,Proteobacteria,60.06,FP,52,17,0,1337
NC_002929.2,B. pertussis,Proteobacteria,60.06,FP,87,7,0,1877
NC_002929.2,B. pertussis,Proteobacteria,60.06,FP,126,19,0,2246
NC_002929.2,B. pertussis,Proteobacteria,60.06,FP,92,13,0,1577
NC_002929.2,B. pertussis,Proteobacteria,60.06,FP,125,6,0,1949
NC_002929.2,B. pertussis,Proteobacteria,60.06,FP,44,12,0,1103
NC_002929.2,B. pertussis,Proteobacteria,60.06,FP,156,17,0,2714
NC_002929.2,B. pertussis,Proteobacteria,60.06,FP,80,9,0,1073
NC_002929.2,B. pertussis,Proteobacteria,60.06,FP,45,3,0,1130
NC_002929.2,B. pertussis,Proteobacteria,60.06,FP,74,18,0,1169
NC_002929.2,B. pertussis,Proteobacteria,60.06,FP,118,27,0,2123
NC_002929.2,B. pertussis,Proteobacteria,60.06,FP,98,33,0,1736
NC_002929.2,B. pertussis,Proteobacteria,60.06,TP,70,33,0,1232
NC_002929.2,B. pertussis,Proteobacteria,60.06,TP,56,25,0,1301
NC_002929.2,B. pertussis,Proteobacteria,60.06,TP,119,51,0,2708
NC_002929.2,B. pertussis,Proteobacteria,60.06,FP,65,16,0,1082
NC_002929.2,B. pertussis,Proteobacteria,60.06,TP,100,35,0,2195
NC_002929.2,B. pertussis,Proteobacteria,60.06,FP,95,8,0,1346
NC_002929.2,B. pertussis,Proteobacteria,60.06,FP,87,13,0,1367
NC_002929.2,B. pertussis,Proteobacteria,60.06,TP,69,30,0,1190
NC_002929.2,B. pertussis,Proteobacteria,60.06,TP,93,26,0,1673
NC_002929.2,B. pertussis,Proteobacteria,60.06,TP,126,57,0,2591
NC_002929.2,B. pertussis,Proteobacteria,60.06,FP,68,22,0,1394
NC_002929.2,B. pertussis,Proteobacteria,60.06,FP,79,38,0,1373
NC_002929.2,B. pertussis,Proteobacteria,60.06,TP,63,20,0,1202
NC_002929.2,B. pertussis,Proteobacteria,60.06,TP,109,35,0,1625
NC_002929.2,B. pertussis,Proteobacteria,60.06,FP,148,13,0,2270
NC_002929.2,B. pertussis,Proteobacteria,60.06,FP,65,6,0,1577
NC_002929.2,B. pertussis,Proteobacteria,60.06,FP,92,28,0,1499
NC_002929.2,B. pertussis,Proteobacteria,60.06,FP,133,13,0,2474
NC_002929.2,B. pertussis,Proteobacteria,60.06,FP,165,31,0,2960
NC_002929.2,B. pertussis,Proteobacteria,60.06,FP,60,7,0,1541
NC_002929.2,B. pertussis,Proteobacteria,60.06,TP,61,30,0,1181
NC_002929.2,B. pertussis,Proteobacteria,60.06,FP,40,19,0,1193
NC_002929.2,B. pertussis,Proteobacteria,60.06,TP,90,39,0,1199
NC_002929.2,B. pertussis,Proteobacteria,60.06,FP,70,16,0,1541
NC_002929.2,B. pertussis,Proteobacteria,60.06,FP,92,21,0,1355
NC_002929.2,B. pertussis,Proteobacteria,60.06,FP,41,16,0,1028
NC_002929.2,B. pertussis,Proteobacteria,60.06,FP,59,12,0,2087
NC_002929.2,B. pertussis,Proteobacteria,60.06,FP,56,15,0,1775
NC_002929.2,B. pertussis,Proteobacteria,60.06,FP,187,108,0,3620
NC_002929.2,B. pertussis,Proteobacteria,60.06,FP,65,28,0,1373
NC_002929.2,B. pertussis,Proteobacteria,60.06,FP,39,10,0,1019
NC_002929.2,B. pertussis,Proteobacteria,60.06,TP,40,19,0,1043
NC_002929.2,B. pertussis,Proteobacteria,60.06,FP,138,50,0,2945
NC_002929.2,B. pertussis,Proteobacteria,60.06,FP,43,9,0,1334
NC_002929.2,B. pertussis,Proteobacteria,60.06,FP,76,23,0,1370
NC_002929.2,B. pertussis,Proteobacteria,60.06,TP,129,65,0,2288
NC_002929.2,B. pertussis,Proteobacteria,60.06,TP,65,40,0,1820
NC_002929.2,B. pertussis,Proteobacteria,60.06,TP,71,30,0,1037
NC_002929.2,B. pertussis,Proteobacteria,60.06,TP,60,37,0,1418
NC_002929.2,B. pertussis,Proteobacteria,60.06,TP,96,43,0,2612
NC_002929.2,B. pertussis,Proteobacteria,60.06,TP,49,16,0,1043
NC_002929.2,B. pertussis,Proteobacteria,60.06,FP,50,15,0,1004
NC_002929.2,B. pertussis,Proteobacteria,60.06,TP,52,30,0,1772
NC_002929.2,B. pertussis,Proteobacteria,60.06,TP,87,39,0,1571
NC_002929.2,B. pertussis,Proteobacteria,60.06,TP,164,46,0,1715
NC_002929.2,B. pertussis,Proteobacteria,60.06,FP,115,45,0,2288
NC_002929.2,B. pertussis,Proteobacteria,60.06,TP,141,1,1,2951
NC_002929.2,B. pertussis,Proteobacteria,60.06,TP,57,37,0,1211
NC_002929.2,B. pertussis,Proteobacteria,60.06,TP,55,26,0,1040
NC_002929.2,B. pertussis,Proteobacteria,60.06,FP,121,57,0,1787
NC_002929.2,B. pertussis,Proteobacteria,60.06,FP,49,1,1,1064
NC_002929.2,B. pertussis,Proteobacteria,60.06,TP,63,29,0,1094
NC_002929.2,B. pertussis,Proteobacteria,60.06,FP,68,25,0,1529
NC_002929.2,B. pertussis,Proteobacteria,60.06,TP,68,30,0,1346
NC_002929.2,B. pertussis,Proteobacteria,60.06,TP,67,38,0,1187
NC_002929.2,B. pertussis,Proteobacteria,60.06,TP,122,74,0,2459
NC_002929.2,B. pertussis,Proteobacteria,60.06,TP,67,39,0,1460
NC_002929.2,B. pertussis,Proteobacteria,60.06,TP,94,45,0,1499
NC_002929.2,B. pertussis,Proteobacteria,60.06,FP,51,18,0,1088
NC_002929.2,B. pertussis,Proteobacteria,60.06,TP,68,25,0,1244
NC_002929.2,B. pertussis,Proteobacteria,60.06,FP,51,8,0,1049
NC_002929.2,B. pertussis,Proteobacteria,60.06,FP,113,50,0,3041
NC_002929.2,B. pertussis,Proteobacteria,60.06,TP,77,34,0,1517
NC_002929.2,B. pertussis,Proteobacteria,60.06,TP,58,32,0,1382
NC_002929.2,B. pertussis,Proteobacteria,60.06,TP,97,53,0,1634
NC_002929.2,B. pertussis,Proteobacteria,60.06,TP,65,34,0,1595
NC_002929.2,B. pertussis,Proteobacteria,60.06,TP,49,29,0,1004
NC_002929.2,B. pertussis,Proteobacteria,60.06,TP,63,31,0,1355
NC_002929.2,B. pertussis,Proteobacteria,60.06,FP,76,51,0,1334
NC_002929.2,B. pertussis,Proteobacteria,60.06,FP,24,7,0,1187
NC_002929.2,B. pertussis,Proteobacteria,60.06,FP,129,35,0,1556
NC_002929.2,B. pertussis,Proteobacteria,60.06,TP,60,23,0,1019
NC_002929.2,B. pertussis,Proteobacteria,60.06,FP,39,15,0,1196
NC_002929.2,B. pertussis,Proteobacteria,60.06,TP,74,28,0,1286
NC_002929.2,B. pertussis,Proteobacteria,60.06,TP,75,47,0,1658
NC_002929.2,B. pertussis,Proteobacteria,60.06,FP,54,29,0,1808
NC_002929.2,B. pertussis,Proteobacteria,60.06,TP,131,75,0,2747
NC_002929.2,B. pertussis,Proteobacteria,60.06,FP,47,1,1,1715
NC_002929.2,B. pertussis,Proteobacteria,60.06,FP,55,18,0,1532
NC_002929.2,B. pertussis,Proteobacteria,60.06,FP,91,26,0,1397
NC_002929.2,B. pertussis,Proteobacteria,60.06,TP,37,22,0,1070
NC_002929.2,B. pertussis,Proteobacteria,60.06,FP,28,11,0,1964
NC_002929.2,B. pertussis,Proteobacteria,60.06,FP,63,23,0,2150
NC_002929.2,B. pertussis,Proteobacteria,60.06,FP,82,29,0,2285
NC_002929.2,B. pertussis,Proteobacteria,60.06,TP,56,24,0,1487
NC_002929.2,B. pertussis,Proteobacteria,60.06,FP,62,36,0,1634
NC_002929.2,B. pertussis,Proteobacteria,60.06,FP,112,52,0,2423
NC_002929.2,B. pertussis,Proteobacteria,60.06,FP,21,6,0,1175
NC_002929.2,B. pertussis,Proteobacteria,60.06,TP,59,28,0,1202
NC_002929.2,B. pertussis,Proteobacteria,60.06,TP,44,18,0,1112
NC_002929.2,B. pertussis,Proteobacteria,60.06,FP,26,5,0,1943
NC_002929.2,B. pertussis,Proteobacteria,60.06,FP,56,10,0,1373
NC_002929.2,B. pertussis,Proteobacteria,60.06,FP,55,20,0,1520
NC_002929.2,B. pertussis,Proteobacteria,60.06,FP,38,17,0,2288
NC_002929.2,B. pertussis,Proteobacteria,60.06,FP,87,42,0,2441
NC_002929.2,B. pertussis,Proteobacteria,60.06,TP,78,39,0,1247
NC_002929.2,B. pertussis,Proteobacteria,60.06,FP,30,12,0,1052
NC_002929.2,B. pertussis,Proteobacteria,60.06,FP,36,16,0,1118
NC_002929.2,B. pertussis,Proteobacteria,60.06,FP,39,19,0,1913
NC_002929.2,B. pertussis,Proteobacteria,60.06,FP,26,15,0,1373
NC_002929.2,B. pertussis,Proteobacteria,60.06,TP,60,27,0,1202
NC_002929.2,B. pertussis,Proteobacteria,60.06,FP,34,13,0,1442
NC_002929.2,B. pertussis,Proteobacteria,60.06,TP,52,22,0,1139
NC_002929.2,B. pertussis,Proteobacteria,60.06,FP,27,3,0,1328
NC_002929.2,B. pertussis,Proteobacteria,60.06,TP,72,30,0,1208
NC_002929.2,B. pertussis,Proteobacteria,60.06,FP,75,24,0,1391
NC_002929.2,B. pertussis,Proteobacteria,60.06,FP,87,39,0,1778
NC_002929.2,B. pertussis,Proteobacteria,60.06,TP,74,34,0,1625
NC_002929.2,B. pertussis,Proteobacteria,60.06,FP,90,40,0,1886
NC_002929.2,B. pertussis,Proteobacteria,60.06,FP,56,30,0,1256
NC_002929.2,B. pertussis,Proteobacteria,60.06,FP,13,11,0,1208
NC_002929.2,B. pertussis,Proteobacteria,60.06,FP,30,20,0,1862
NC_002929.2,B. pertussis,Proteobacteria,60.06,FP,47,14,0,1283
NC_002929.2,B. pertussis,Proteobacteria,60.06,FP,18,4,0,1103
NC_002929.2,B. pertussis,Proteobacteria,60.06,FP,81,41,0,2060
NC_002929.2,B. pertussis,Proteobacteria,60.06,TP,32,8,0,1097
NC_002929.2,B. pertussis,Proteobacteria,60.06,FP,4,3,0,1139
NC_002929.2,B. pertussis,Proteobacteria,60.06,FP,44,32,0,3266
NC_002929.2,B. pertussis,Proteobacteria,60.06,TP,119,63,0,3419
NC_002929.2,B. pertussis,Proteobacteria,60.06,FP,145,36,0,2762
NC_002929.2,B. pertussis,Proteobacteria,60.06,FP,118,51,0,3662
NC_002929.2,B. pertussis,Proteobacteria,60.06,FP,63,21,0,1250
NC_002929.2,B. pertussis,Proteobacteria,60.06,FP,12,7,0,1334
NC_002929.2,B. pertussis,Proteobacteria,60.06,FP,44,19,0,1130
NC_002929.2,B. pertussis,Proteobacteria,60.06,FP,40,20,0,2207
NC_002929.2,B. pertussis,Proteobacteria,60.06,FP,70,30,0,1265
NC_002929.2,B. pertussis,Proteobacteria,60.06,FP,35,17,0,2198
NC_002929.2,B. pertussis,Proteobacteria,60.06,FP,26,15,0,2513
NC_002929.2,B. pertussis,Proteobacteria,60.06,FP,99,54,0,2780
NC_002929.2,B. pertussis,Proteobacteria,60.06,FP,59,20,0,4034
NC_002929.2,B. pertussis,Proteobacteria,60.06,FP,59,19,0,3647
NC_002929.2,B. pertussis,Proteobacteria,60.06,TP,61,28,0,1016
NC_002929.2,B. pertussis,Proteobacteria,60.06,TP,40,13,0,1025
NC_002929.2,B. pertussis,Proteobacteria,60.06,FP,40,10,0,1832
NC_002929.2,B. pertussis,Proteobacteria,60.06,FP,31,7,0,1559
NC_002929.2,B. pertussis,Proteobacteria,60.06,TP,72,32,0,2747
NC_002929.2,B. pertussis,Proteobacteria,60.06,TP,37,20,0,1133
NC_002929.2,B. pertussis,Proteobacteria,60.06,TP,102,48,0,1754
NC_002929.2,B. pertussis,Proteobacteria,60.06,FP,83,19,0,1724
NC_002929.2,B. pertussis,Proteobacteria,60.06,TP,93,33,0,1790
NC_002929.2,B. pertussis,Proteobacteria,60.06,FP,84,15,0,2351
NC_002929.2,B. pertussis,Proteobacteria,60.06,FP,67,9,0,1166
NC_002929.2,B. pertussis,Proteobacteria,60.06,FP,70,1,1,1349
NC_002929.2,B. pertussis,Proteobacteria,60.06,FP,34,13,0,1040
NC_002929.2,B. pertussis,Proteobacteria,60.06,FP,62,11,0,1295
NC_002929.2,B. pertussis,Proteobacteria,60.06,FP,107,31,0,2699
NC_002929.2,B. pertussis,Proteobacteria,60.06,TP,49,26,0,1007
NC_002929.2,B. pertussis,Proteobacteria,60.06,FP,85,15,0,2084
NC_002929.2,B. pertussis,Proteobacteria,60.06,FP,73,17,0,1490
NC_002929.2,B. pertussis,Proteobacteria,60.06,FP,73,17,0,1904
NC_002929.2,B. pertussis,Proteobacteria,60.06,FP,110,23,0,2570
NC_002929.2,B. pertussis,Proteobacteria,60.06,TP,116,47,0,2117
NC_002929.2,B. pertussis,Proteobacteria,60.06,FP,160,70,0,2231
NC_002929.2,B. pertussis,Proteobacteria,60.06,FP,93,30,0,1508
NC_002929.2,B. pertussis,Proteobacteria,60.06,TP,58,25,0,1130
NC_002929.2,B. pertussis,Proteobacteria,60.06,FP,59,13,0,1433
NC_002929.2,B. pertussis,Proteobacteria,60.06,FP,57,13,0,1277
NC_002929.2,B. pertussis,Proteobacteria,60.06,FP,80,32,0,1115
NC_002929.2,B. pertussis,Proteobacteria,60.06,FP,59,14,0,1301
NC_002929.2,B. pertussis,Proteobacteria,60.06,FP,88,25,0,2507
NC_002929.2,B. pertussis,Proteobacteria,60.06,TP,86,27,0,1253
NC_002929.2,B. pertussis,Proteobacteria,60.06,FP,202,82,0,3386
NC_002929.2,B. pertussis,Proteobacteria,60.06,FP,79,13,0,1190
NC_002929.2,B. pertussis,Proteobacteria,60.06,FP,60,9,0,1064
NC_002929.2,B. pertussis,Proteobacteria,60.06,TP,81,27,0,1283
NC_002929.2,B. pertussis,Proteobacteria,60.06,FP,87,13,0,1763
NC_002929.2,B. pertussis,Proteobacteria,60.06,FP,113,41,0,2645
NC_002929.2,B. pertussis,Proteobacteria,60.06,FP,85,17,0,1838
NC_002929.2,B. pertussis,Proteobacteria,60.06,FP,101,9,0,1724
NC_002929.2,B. pertussis,Proteobacteria,60.06,FP,108,19,0,2033
NC_002929.2,B. pertussis,Proteobacteria,60.06,FP,99,29,0,1334
NC_002929.2,B. pertussis,Proteobacteria,60.06,FP,78,16,0,1793
NC_002929.2,B. pertussis,Proteobacteria,60.06,FP,52,19,0,1028
NC_002929.2,B. pertussis,Proteobacteria,60.06,TP,61,22,0,1043
NC_002929.2,B. pertussis,Proteobacteria,60.06,TP,159,34,0,1493
NC_002929.2,B. pertussis,Proteobacteria,60.06,TP,125,29,0,2258
NC_002929.2,B. pertussis,Proteobacteria,60.06,FP,68,11,0,1055
NC_002929.2,B. pertussis,Proteobacteria,60.06,FP,124,14,0,2030
NC_002929.2,B. pertussis,Proteobacteria,60.06,FP,81,6,0,1232
NC_002929.2,B. pertussis,Proteobacteria,60.06,TP,37,24,0,1214
NC_002929.2,B. pertussis,Proteobacteria,60.06,TP,32,1,1,1337
NC_002929.2,B. pertussis,Proteobacteria,60.06,FP,100,13,0,1028
NC_002929.2,B. pertussis,Proteobacteria,60.06,TP,49,20,0,1007
NC_002929.2,B. pertussis,Proteobacteria,60.06,FP,97,10,0,1481
NC_002929.2,B. pertussis,Proteobacteria,60.06,TP,44,22,0,1277
NC_002929.2,B. pertussis,Proteobacteria,60.06,FP,185,104,0,4124
NC_002929.2,B. pertussis,Proteobacteria,60.06,FP,97,5,0,1145
NC_002929.2,B. pertussis,Proteobacteria,60.06,FP,70,24,0,1142
NC_002929.2,B. pertussis,Proteobacteria,60.06,TP,49,26,0,1208
NC_002929.2,B. pertussis,Proteobacteria,60.06,TP,112,27,0,2123
NC_002929.2,B. pertussis,Proteobacteria,60.06,FP,175,19,0,3239
NC_002929.2,B. pertussis,Proteobacteria,60.06,FP,185,40,0,2288
NC_002929.2,B. pertussis,Proteobacteria,60.06,FP,222,43,0,3242
NC_002929.2,B. pertussis,Proteobacteria,60.06,TP,68,39,0,1415
NC_002929.2,B. pertussis,Proteobacteria,60.06,TP,34,23,0,1010
NC_002929.2,B. pertussis,Proteobacteria,60.06,FP,158,34,0,2273
NC_002929.2,B. pertussis,Proteobacteria,60.06,FP,51,14,0,1220
NC_002929.2,B. pertussis,Proteobacteria,60.06,TP,57,37,0,1193
NC_002929.2,B. pertussis,Proteobacteria,60.06,TP,53,35,0,1430
NC_002929.2,B. pertussis,Proteobacteria,60.06,FP,110,32,0,1778
NC_002929.2,B. pertussis,Proteobacteria,60.06,FP,69,1,1,1157
NC_002929.2,B. pertussis,Proteobacteria,60.06,FP,128,24,0,2363
NC_002929.2,B. pertussis,Proteobacteria,60.06,TP,56,29,0,1196
NC_002929.2,B. pertussis,Proteobacteria,60.06,TP,63,44,0,1472
NC_002929.2,B. pertussis,Proteobacteria,60.06,TP,35,24,0,1145
NC_002929.2,B. pertussis,Proteobacteria,60.06,FP,54,19,0,2021
NC_008818.1,Hyperthermus,Archaea,60.88,TP,17,6,0,593
NC_008818.1,Hyperthermus,Archaea,60.88,TP,40,20,0,1382
NC_008818.1,Hyperthermus,Archaea,60.88,TP,17,6,0,464
NC_008818.1,Hyperthermus,Archaea,60.88,TP,21,12,0,956
NC_008818.1,Hyperthermus,Archaea,60.88,TP,35,11,0,938
NC_008818.1,Hyperthermus,Archaea,60.88,TP,32,13,0,629
NC_008818.1,Hyperthermus,Archaea,60.88,TP,13,6,0,374
NC_008818.1,Hyperthermus,Archaea,60.88,TP,46,20,0,1175
NC_008818.1,Hyperthermus,Archaea,60.88,TP,78,29,0,2330
NC_008818.1,Hyperthermus,Archaea,60.88,TP,53,27,0,1232
NC_008818.1,Hyperthermus,Archaea,60.88,FP,15,4,0,335
NC_008818.1,Hyperthermus,Archaea,60.88,TP,35,15,0,980
NC_008818.1,Hyperthermus,Archaea,60.88,TP,13,5,0,488
NC_008818.1,Hyperthermus,Archaea,60.88,TP,38,22,0,1352
NC_008818.1,Hyperthermus,Archaea,60.88,TP,27,8,0,698
NC_008818.1,Hyperthermus,Archaea,60.88,FP,9,2,0,338
NC_008818.1,Hyperthermus,Archaea,60.88,TP,55,30,0,1433
NC_008818.1,Hyperthermus,Archaea,60.88,TP,26,12,0,899
NC_008818.1,Hyperthermus,Archaea,60.88,TP,46,18,0,1307
NC_008818.1,Hyperthermus,Archaea,60.88,TP,33,10,0,902
NC_008818.1,Hyperthermus,Archaea,60.88,TP,20,7,0,572
NC_008818.1,Hyperthermus,Archaea,60.88,TP,17,13,0,935
NC_008818.1,Hyperthermus,Archaea,60.88,TP,11,3,0,581
NC_008818.1,Hyperthermus,Archaea,60.88,TP,29,9,0,1181
NC_008818.1,Hyperthermus,Archaea,60.88,TP,38,24,0,1448
NC_008818.1,Hyperthermus,Archaea,60.88,TP,33,16,0,893
NC_008818.1,Hyperthermus,Archaea,60.88,TP,17,9,0,629
NC_008818.1,Hyperthermus,Archaea,60.88,TP,7,3,0,458
NC_008818.1,Hyperthermus,Archaea,60.88,TP,33,18,0,1142
NC_008818.1,Hyperthermus,Archaea,60.88,TP,50,23,0,1418
NC_008818.1,Hyperthermus,Archaea,60.88,TP,24,12,0,464
NC_008818.1,Hyperthermus,Archaea,60.88,TP,8,5,0,461
NC_008818.1,Hyperthermus,Archaea,60.88,TP,46,16,0,1010
NC_008818.1,Hyperthermus,Archaea,60.88,TP,2,1,0,383
NC_008818.1,Hyperthermus,Archaea,60.88,TP,22,13,0,752
NC_008818.1,Hyperthermus,Archaea,60.88,TP,19,11,0,719
NC_008818.1,Hyperthermus,Archaea,60.88,TP,25,11,0,767
NC_008818.1,Hyperthermus,Archaea,60.88,TP,22,15,0,986
NC_008818.1,Hyperthermus,Archaea,60.88,TP,13,7,0,404
NC_008818.1,Hyperthermus,Archaea,60.88,TP,60,28,0,1352
NC_008818.1,Hyperthermus,Archaea,60.88,TP,50,32,0,1298
NC_008818.1,Hyperthermus,Archaea,60.88,TP,11,9,0,374
NC_008818.1,Hyperthermus,Archaea,60.88,TP,29,14,0,740
NC_008818.1,Hyperthermus,Archaea,60.88,TP,45,27,0,968
NC_008818.1,Hyperthermus,Archaea,60.88,TP,10,2,0,416
NC_008818.1,Hyperthermus,Archaea,60.88,TP,15,8,0,671
NC_008818.1,Hyperthermus,Archaea,60.88,TP,21,4,0,467
NC_008818.1,Hyperthermus,Archaea,60.88,TP,60,31,0,1727
NC_008818.1,Hyperthermus,Archaea,60.88,TP,52,25,0,974
NC_008818.1,Hyperthermus,Archaea,60.88,TP,29,16,0,863
NC_008818.1,Hyperthermus,Archaea,60.88,TP,14,6,0,440
NC_008818.1,Hyperthermus,Archaea,60.88,TP,22,6,0,611
NC_008818.1,Hyperthermus,Archaea,60.88,TP,38,18,0,1211
NC_008818.1,Hyperthermus,Archaea,60.88,FP,10,1,0,353
NC_008818.1,Hyperthermus,Archaea,60.88,TP,26,11,0,866
NC_008818.1,Hyperthermus,Archaea,60.88,TP,23,5,0,797
NC_008818.1,Hyperthermus,Archaea,60.88,TP,15,5,0,320
NC_008818.1,Hyperthermus,Archaea,60.88,TP,13,10,0,593
NC_008818.1,Hyperthermus,Archaea,60.88,TP,22,9,0,773
NC_008818.1,Hyperthermus,Archaea,60.88,TP,10,6,0,389
NC_008818.1,Hyperthermus,Archaea,60.88,TP,21,14,0,737
NC_008818.1,Hyperthermus,Archaea,60.88,FP,11,5,0,380
NC_008818.1,Hyperthermus,Archaea,60.88,FP,18,13,0,956
NC_008818.1,Hyperthermus,Archaea,60.88,TP,19,8,0,713
NC_008818.1,Hyperthermus,Archaea,60.88,TP,32,11,0,1379
NC_008818.1,Hyperthermus,Archaea,60.88,TP,14,7,0,833
NC_008818.1,Hyperthermus,Archaea,60.88,FP,16,2,0,410
NC_008818.1,Hyperthermus,Archaea,60.88,TP,9,4,0,371
NC_008818.1,Hyperthermus,Archaea,60.88,TP,135,44,0,3800
NC_008818.1,Hyperthermus,Archaea,60.88,TP,23,5,0,425
NC_008818.1,Hyperthermus,Archaea,60.88,TP,37,19,0,1178
NC_008818.1,Hyperthermus,Archaea,60.88,TP,72,24,0,2018
NC_008818.1,Hyperthermus,Archaea,60.88,FP,18,6,0,305
NC_008818.1,Hyperthermus,Archaea,60.88,TP,18,7,0,506
NC_008818.1,Hyperthermus,Archaea,60.88,TP,25,15,0,851
NC_008818.1,Hyperthermus,Archaea,60.88,TP,26,17,0,812
NC_008818.1,Hyperthermus,Archaea,60.88,TP,9,4,0,407
NC_008818.1,Hyperthermus,Archaea,60.88,TP,42,18,0,1175
NC_008818.1,Hyperthermus,Archaea,60.88,TP,30,15,0,917
NC_008818.1,Hyperthermus,Archaea,60.88,TP,74,25,0,2663
NC_008818.1,Hyperthermus,Archaea,60.88,TP,50,30,0,2132
NC_008818.1,Hyperthermus,Archaea,60.88,TP,33,11,0,1214
NC_008818.1,Hyperthermus,Archaea,60.88,TP,30,16,0,1085
NC_008818.1,Hyperthermus,Archaea,60.88,TP,10,4,0,302
NC_008818.1,Hyperthermus,Archaea,60.88,TP,28,14,0,893
NC_008818.1,Hyperthermus,Archaea,60.88,TP,33,7,0,716
NC_008818.1,Hyperthermus,Archaea,60.88,TP,12,10,0,401
NC_008818.1,Hyperthermus,Archaea,60.88,TP,6,4,0,320
NC_008818.1,Hyperthermus,Archaea,60.88,FP,14,3,0,299
NC_008818.1,Hyperthermus,Archaea,60.88,FP,4,2,0,332
NC_008818.1,Hyperthermus,Archaea,60.88,TP,23,10,0,719
NC_008818.1,Hyperthermus,Archaea,60.88,FP,22,10,0,491
NC_008818.1,Hyperthermus,Archaea,60.88,TP,17,6,0,308
NC_008818.1,Hyperthermus,Archaea,60.88,TP,23,14,0,608
NC_008818.1,Hyperthermus,Archaea,60.88,TP,33,13,0,1127
NC_008818.1,Hyperthermus,Archaea,60.88,TP,48,21,0,1169
NC_008818.1,Hyperthermus,Archaea,60.88,TP,30,11,0,1199
NC_008818.1,Hyperthermus,Archaea,60.88,TP,24,17,0,542
NC_008818.1,Hyperthermus,Archaea,60.88,TP,13,1,0,302
NC_008818.1,Hyperthermus,Archaea,60.88,TP,56,20,0,1049
NC_008818.1,Hyperthermus,Archaea,60.88,TP,20,3,0,503
NC_008818.1,Hyperthermus,Archaea,60.88,TP,25,10,0,632
NC_008818.1,Hyperthermus,Archaea,60.88,TP,22,14,0,515
NC_008818.1,Hyperthermus,Archaea,60.88,TP,62,30,0,1604
NC_008818.1,Hyperthermus,Archaea,60.88,TP,12,3,0,392
NC_008818.1,Hyperthermus,Archaea,60.88,FP,6,1,0,317
NC_008818.1,Hyperthermus,Archaea,60.88,FP,17,2,0,788
NC_008818.1,Hyperthermus,Archaea,60.88,TP,44,18,0,1247
NC_008818.1,Hyperthermus,Archaea,60.88,TP,48,23,0,1586
NC_008818.1,Hyperthermus,Archaea,60.88,TP,23,12,0,1022
NC_008818.1,Hyperthermus,Archaea,60.88,TP,42,24,0,1349
NC_008818.1,Hyperthermus,Archaea,60.88,TP,18,9,0,671
NC_008818.1,Hyperthermus,Archaea,60.88,TP,36,13,0,1043
NC_008818.1,Hyperthermus,Archaea,60.88,TP,44,16,0,1607
NC_008818.1,Hyperthermus,Archaea,60.88,TP,61,29,0,1757
NC_008818.1,Hyperthermus,Archaea,60.88,TP,34,17,0,923
NC_008818.1,Hyperthermus,Archaea,60.88,TP,18,6,0,653
NC_008818.1,Hyperthermus,Archaea,60.88,TP,22,13,0,569
NC_008818.1,Hyperthermus,Archaea,60.88,TP,38,22,0,1232
NC_008818.1,Hyperthermus,Archaea,60.88,TP,18,13,0,563
NC_008818.1,Hyperthermus,Archaea,60.88,FP,17,4,0,530
NC_008818.1,Hyperthermus,Archaea,60.88,TP,6,4,0,359
NC_008818.1,Hyperthermus,Archaea,60.88,FP,12,7,0,386
NC_008818.1,Hyperthermus,Archaea,60.88,FP,9,2,0,344
NC_008818.1,Hyperthermus,Archaea,60.88,TP,27,18,0,905
NC_008818.1,Hyperthermus,Archaea,60.88,TP,92,40,0,2399
NC_008818.1,Hyperthermus,Archaea,60.88,TP,28,11,0,716
NC_008818.1,Hyperthermus,Archaea,60.88,FP,4,2,0,341
NC_008818.1,Hyperthermus,Archaea,60.88,FP,27,2,0,392
NC_008818.1,Hyperthermus,Archaea,60.88,TP,19,4,0,470
NC_008818.1,Hyperthermus,Archaea,60.88,TP,27,10,0,575
NC_008818.1,Hyperthermus,Archaea,60.88,FP,5,3,0,305
NC_008818.1,Hyperthermus,Archaea,60.88,TP,26,10,0,956
NC_008818.1,Hyperthermus,Archaea,60.88,TP,29,13,0,905
NC_008818.1,Hyperthermus,Archaea,60.88,TP,16,8,0,365
NC_008818.1,Hyperthermus,Archaea,60.88,TP,26,8,0,668
NC_008818.1,Hyperthermus,Archaea,60.88,TP,54,15,0,1205
NC_008818.1,Hyperthermus,Archaea,60.88,TP,36,12,0,1016
NC_008818.1,Hyperthermus,Archaea,60.88,FP,12,5,0,302
NC_008818.1,Hyperthermus,Archaea,60.88,TP,15,2,0,311
NC_008818.1,Hyperthermus,Archaea,60.88,TP,20,4,0,629
NC_008818.1,Hyperthermus,Archaea,60.88,TP,10,6,0,515
NC_008818.1,Hyperthermus,Archaea,60.88,TP,27,10,0,650
NC_008818.1,Hyperthermus,Archaea,60.88,TP,29,10,0,722
NC_008818.1,Hyperthermus,Archaea,60.88,FP,11,5,0,497
NC_008818.1,Hyperthermus,Archaea,60.88,TP,16,9,0,650
NC_008818.1,Hyperthermus,Archaea,60.88,TP,23,11,0,590
NC_008818.1,Hyperthermus,Archaea,60.88,FP,18,6,0,338
NC_008818.1,Hyperthermus,Archaea,60.88,TP,27,5,0,362
NC_008818.1,Hyperthermus,Archaea,60.88,TP,43,14,0,947
NC_008818.1,Hyperthermus,Archaea,60.88,TP,24,15,0,1022
NC_008818.1,Hyperthermus,Archaea,60.88,TP,36,15,0,1049
NC_008818.1,Hyperthermus,Archaea,60.88,TP,18,7,0,377
NC_008818.1,Hyperthermus,Archaea,60.88,TP,16,7,0,737
NC_008818.1,Hyperthermus,Archaea,60.88,TP,44,25,0,1169
NC_008818.1,Hyperthermus,Archaea,60.88,TP,30,16,0,1079
NC_008818.1,Hyperthermus,Archaea,60.88,TP,15,5,0,590
NC_008818.1,Hyperthermus,Archaea,60.88,FP,28,7,0,338
NC_008818.1,Hyperthermus,Archaea,60.88,TP,68,33,0,1670
NC_008818.1,Hyperthermus,Archaea,60.88,TP,19,10,0,731
NC_008818.1,Hyperthermus,Archaea,60.88,FP,14,2,0,443
NC_008818.1,Hyperthermus,Archaea,60.88,TP,66,38,0,2879
NC_008818.1,Hyperthermus,Archaea,60.88,TP,35,20,0,1448
NC_008818.1,Hyperthermus,Archaea,60.88,TP,49,19,0,1928
NC_008818.1,Hyperthermus,Archaea,60.88,TP,14,4,0,608
NC_008818.1,Hyperthermus,Archaea,60.88,TP,21,9,0,749
NC_008818.1,Hyperthermus,Archaea,60.88,TP,30,10,0,1046
NC_008818.1,Hyperthermus,Archaea,60.88,FP,8,1,0,386
NC_008818.1,Hyperthermus,Archaea,60.88,TP,50,17,0,1217
NC_008818.1,Hyperthermus,Archaea,60.88,TP,54,21,0,1700
NC_008818.1,Hyperthermus,Archaea,60.88,TP,41,13,0,1043
NC_008818.1,Hyperthermus,Archaea,60.88,TP,11,6,0,446
NC_008818.1,Hyperthermus,Archaea,60.88,TP,15,9,0,401
NC_008818.1,Hyperthermus,Archaea,60.88,TP,23,13,0,1022
NC_008818.1,Hyperthermus,Archaea,60.88,FP,10,5,0,302
NC_008818.1,Hyperthermus,Archaea,60.88,TP,12,8,0,443
NC_008818.1,Hyperthermus,Archaea,60.88,TP,15,10,0,467
NC_008818.1,Hyperthermus,Archaea,60.88,TP,21,7,0,503
NC_008818.1,Hyperthermus,Archaea,60.88,TP,19,7,0,455
NC_008818.1,Hyperthermus,Archaea,60.88,TP,23,8,0,488
NC_008818.1,Hyperthermus,Archaea,60.88,TP,128,51,0,3749
NC_008818.1,Hyperthermus,Archaea,60.88,TP,71,44,0,1517
NC_008818.1,Hyperthermus,Archaea,60.88,TP,38,23,0,1256
NC_008818.1,Hyperthermus,Archaea,60.88,TP,23,9,0,602
NC_008818.1,Hyperthermus,Archaea,60.88,TP,26,9,0,800
NC_008818.1,Hyperthermus,Archaea,60.88,TP,16,8,0,572
NC_008818.1,Hyperthermus,Archaea,60.88,TP,66,17,0,1817
NC_008818.1,Hyperthermus,Archaea,60.88,FP,15,6,0,374
NC_008818.1,Hyperthermus,Archaea,60.88,FP,32,15,0,530
NC_008818.1,Hyperthermus,Archaea,60.88,TP,44,29,0,1223
NC_008818.1,Hyperthermus,Archaea,60.88,TP,31,13,0,1244
NC_008818.1,Hyperthermus,Archaea,60.88,TP,62,20,0,989
NC_008818.1,Hyperthermus,Archaea,60.88,TP,28,18,0,1358
NC_008818.1,Hyperthermus,Archaea,60.88,TP,16,8,0,725
NC_008818.1,Hyperthermus,Archaea,60.88,TP,33,14,0,854
NC_008818.1,Hyperthermus,Archaea,60.88,TP,17,9,0,521
NC_008818.1,Hyperthermus,Archaea,60.88,TP,78,40,0,2645
NC_008818.1,Hyperthermus,Archaea,60.88,TP,7,2,0,428
NC_008818.1,Hyperthermus,Archaea,60.88,TP,23,12,0,938
NC_008818.1,Hyperthermus,Archaea,60.88,FP,12,2,0,500
NC_008818.1,Hyperthermus,Archaea,60.88,TP,21,11,0,710
NC_008818.1,Hyperthermus,Archaea,60.88,TP,32,12,0,632
NC_008818.1,Hyperthermus,Archaea,60.88,TP,26,19,0,899
NC_008818.1,Hyperthermus,Archaea,60.88,TP,10,5,0,329
NC_008818.1,Hyperthermus,Archaea,60.88,TP,16,8,0,605
NC_008818.1,Hyperthermus,Archaea,60.88,TP,76,35,0,2861
NC_008818.1,Hyperthermus,Archaea,60.88,TP,21,10,0,737
NC_008818.1,Hyperthermus,Archaea,60.88,TP,23,12,0,719
NC_008818.1,Hyperthermus,Archaea,60.88,TP,26,13,0,707
NC_008818.1,Hyperthermus,Archaea,60.88,TP,84,46,0,1964
NC_008818.1,Hyperthermus,Archaea,60.88,TP,58,32,0,1448
NC_008818.1,Hyperthermus,Archaea,60.88,FP,28,9,0,425
NC_008818.1,Hyperthermus,Archaea,60.88,TP,26,16,0,962
NC_008818.1,Hyperthermus,Archaea,60.88,TP,22,4,0,485
NC_008818.1,Hyperthermus,Archaea,60.88,TP,60,29,0,1265
NC_008818.1,Hyperthermus,Archaea,60.88,TP,60,35,0,1280
NC_008818.1,Hyperthermus,Archaea,60.88,TP,45,14,0,836
NC_008818.1,Hyperthermus,Archaea,60.88,TP,25,9,0,728
NC_008818.1,Hyperthermus,Archaea,60.88,FP,16,9,0,419
NC_008818.1,Hyperthermus,Archaea,60.88,TP,20,11,0,542
NC_008818.1,Hyperthermus,Archaea,60.88,TP,13,9,0,872
NC_008818.1,Hyperthermus,Archaea,60.88,TP,51,24,0,1838
NC_008818.1,Hyperthermus,Archaea,60.88,TP,27,7,0,827
NC_008818.1,Hyperthermus,Archaea,60.88,TP,53,31,0,1154
NC_008818.1,Hyperthermus,Archaea,60.88,TP,8,7,0,401
NC_008818.1,Hyperthermus,Archaea,60.88,TP,13,11,0,485
NC_008818.1,Hyperthermus,Archaea,60.88,TP,16,5,0,512
NC_008818.1,Hyperthermus,Archaea,60.88,TP,11,6,0,455
NC_008818.1,Hyperthermus,Archaea,60.88,TP,13,10,0,476
NC_008818.1,Hyperthermus,Archaea,60.88,TP,15,7,0,713
NC_008818.1,Hyperthermus,Archaea,60.88,TP,45,21,0,1091
NC_008818.1,Hyperthermus,Archaea,60.88,TP,27,8,0,488
NC_008818.1,Hyperthermus,Archaea,60.88,TP,35,12,0,767
NC_008818.1,Hyperthermus,Archaea,60.88,FP,19,4,0,464
NC_008818.1,Hyperthermus,Archaea,60.88,TP,107,63,0,3611
NC_008818.1,Hyperthermus,Archaea,60.88,FP,15,12,0,482
NC_008818.1,Hyperthermus,Archaea,60.88,TP,49,26,0,1169
NC_008818.1,Hyperthermus,Archaea,60.88,TP,34,14,0,506
NC_008818.1,Hyperthermus,Archaea,60.88,TP,13,6,0,479
NC_008818.1,Hyperthermus,Archaea,60.88,TP,70,36,0,1961
NC_008818.1,Hyperthermus,Archaea,60.88,TP,22,12,0,803
NC_008818.1,Hyperthermus,Archaea,60.88,FP,34,4,0,401
NC_008818.1,Hyperthermus,Archaea,60.88,TP,42,12,0,935
NC_008818.1,Hyperthermus,Archaea,60.88,TP,99,55,0,4667
NC_008818.1,Hyperthermus,Archaea,60.88,TP,27,19,0,1226
NC_008818.1,Hyperthermus,Archaea,60.88,TP,25,17,0,1454
NC_008818.1,Hyperthermus,Archaea,60.88,TP,13,5,0,335
NC_008818.1,Hyperthermus,Archaea,60.88,TP,102,30,0,4106
NC_008818.1,Hyperthermus,Archaea,60.88,TP,123,74,0,4262
NC_008818.1,Hyperthermus,Archaea,60.88,TP,38,16,0,983
NC_008818.1,Hyperthermus,Archaea,60.88,TP,21,7,0,497
NC_008818.1,Hyperthermus,Archaea,60.88,TP,51,29,0,1667
NC_008818.1,Hyperthermus,Archaea,60.88,TP,10,4,0,479
NC_008818.1,Hyperthermus,Archaea,60.88,TP,16,8,0,677
NC_008818.1,Hyperthermus,Archaea,60.88,TP,24,11,0,737
NC_008818.1,Hyperthermus,Archaea,60.88,TP,22,5,0,530
NC_008818.1,Hyperthermus,Archaea,60.88,TP,15,3,0,611
NC_008818.1,Hyperthermus,Archaea,60.88,TP,8,7,0,482
NC_008818.1,Hyperthermus,Archaea,60.88,TP,11,5,0,398
NC_008818.1,Hyperthermus,Archaea,60.88,TP,13,7,0,389
NC_008818.1,Hyperthermus,Archaea,60.88,TP,19,7,0,524
NC_008818.1,Hyperthermus,Archaea,60.88,TP,12,4,0,449
NC_008818.1,Hyperthermus,Archaea,60.88,TP,20,10,0,695
NC_008818.1,Hyperthermus,Archaea,60.88,TP,14,10,0,356
NC_008818.1,Hyperthermus,Archaea,60.88,TP,17,10,0,761
NC_008818.1,Hyperthermus,Archaea,60.88,TP,48,25,0,1340
NC_008818.1,Hyperthermus,Archaea,60.88,TP,23,10,0,416
NC_008818.1,Hyperthermus,Archaea,60.88,TP,35,9,0,767
NC_008818.1,Hyperthermus,Archaea,60.88,TP,66,39,0,1394
NC_008818.1,Hyperthermus,Archaea,60.88,TP,28,12,0,698
NC_008818.1,Hyperthermus,Archaea,60.88,FP,31,16,0,740
NC_008818.1,Hyperthermus,Archaea,60.88,TP,32,12,0,704
NC_008818.1,Hyperthermus,Archaea,60.88,TP,16,10,0,635
NC_008818.1,Hyperthermus,Archaea,60.88,FP,11,2,0,386
NC_008818.1,Hyperthermus,Archaea,60.88,TP,87,42,0,2567
NC_008818.1,Hyperthermus,Archaea,60.88,TP,9,5,0,341
NC_008818.1,Hyperthermus,Archaea,60.88,TP,13,7,0,425
NC_008818.1,Hyperthermus,Archaea,60.88,TP,7,3,0,329
NC_008818.1,Hyperthermus,Archaea,60.88,TP,21,7,0,626
NC_008818.1,Hyperthermus,Archaea,60.88,TP,39,19,0,1274
NC_008818.1,Hyperthermus,Archaea,60.88,TP,7,1,0,338
NC_008818.1,Hyperthermus,Archaea,60.88,TP,17,5,0,461
NC_008818.1,Hyperthermus,Archaea,60.88,TP,18,5,0,464
NC_008818.1,Hyperthermus,Archaea,60.88,TP,11,7,0,488
NC_008818.1,Hyperthermus,Archaea,60.88,TP,10,6,0,362
NC_008818.1,Hyperthermus,Archaea,60.88,FP,21,3,0,344
NC_008818.1,Hyperthermus,Archaea,60.88,TP,30,10,0,647
NC_008818.1,Hyperthermus,Archaea,60.88,TP,17,6,0,599
NC_008818.1,Hyperthermus,Archaea,60.88,TP,27,8,0,419
NC_008818.1,Hyperthermus,Archaea,60.88,TP,23,6,0,602
NC_008818.1,Hyperthermus,Archaea,60.88,FP,18,3,0,443
NC_008818.1,Hyperthermus,Archaea,60.88,FP,14,6,0,431
NC_008818.1,Hyperthermus,Archaea,60.88,TP,19,6,0,647
NC_008818.1,Hyperthermus,Archaea,60.88,TP,7,5,0,605
NC_008818.1,Hyperthermus,Archaea,60.88,FP,16,7,0,386
NC_008818.1,Hyperthermus,Archaea,60.88,TP,39,15,0,1079
NC_008818.1,Hyperthermus,Archaea,60.88,FP,11,5,0,299
NC_008818.1,Hyperthermus,Archaea,60.88,TP,19,10,0,692
NC_008818.1,Hyperthermus,Archaea,60.88,TP,38,25,0,1157
NC_008818.1,Hyperthermus,Archaea,60.88,TP,13,4,0,455
NC_008818.1,Hyperthermus,Archaea,60.88,TP,15,10,0,599
NC_008818.1,Hyperthermus,Archaea,60.88,TP,20,8,0,569
NC_008818.1,Hyperthermus,Archaea,60.88,FP,45,21,0,1076
NC_008818.1,Hyperthermus,Archaea,60.88,TP,47,20,0,1385
NC_008818.1,Hyperthermus,Archaea,60.88,TP,47,24,0,1460
NC_008818.1,Hyperthermus,Archaea,60.88,TP,16,10,0,494
NC_008818.1,Hyperthermus,Archaea,60.88,TP,21,10,0,1622
NC_008818.1,Hyperthermus,Archaea,60.88,TP,23,8,0,434
NC_008818.1,Hyperthermus,Archaea,60.88,FP,20,9,0,332
NC_008818.1,Hyperthermus,Archaea,60.88,TP,30,12,0,1151
NC_008818.1,Hyperthermus,Archaea,60.88,TP,30,10,0,923
NC_008818.1,Hyperthermus,Archaea,60.88,TP,13,3,0,314
NC_008818.1,Hyperthermus,Archaea,60.88,TP,8,5,0,383
NC_008818.1,Hyperthermus,Archaea,60.88,FP,8,8,0,407
NC_008818.1,Hyperthermus,Archaea,60.88,FP,25,12,0,764
NC_008818.1,Hyperthermus,Archaea,60.88,TP,28,14,0,1157
NC_008818.1,Hyperthermus,Archaea,60.88,TP,34,13,0,965
NC_008818.1,Hyperthermus,Archaea,60.88,FP,41,33,0,2207
NC_008818.1,Hyperthermus,Archaea,60.88,TP,56,21,0,1718
NC_008818.1,Hyperthermus,Archaea,60.88,TP,50,31,0,1325
NC_008818.1,Hyperthermus,Archaea,60.88,TP,33,10,0,848
NC_008818.1,Hyperthermus,Archaea,60.88,FP,69,37,0,1898
NC_008818.1,Hyperthermus,Archaea,60.88,TP,8,6,0,359
NC_008818.1,Hyperthermus,Archaea,60.88,TP,20,8,0,707
NC_008818.1,Hyperthermus,Archaea,60.88,TP,14,6,0,584
NC_008818.1,Hyperthermus,Archaea,60.88,TP,12,7,0,452
NC_008818.1,Hyperthermus,Archaea,60.88,TP,28,11,0,1136
NC_008818.1,Hyperthermus,Archaea,60.88,TP,27,8,0,908
NC_008818.1,Hyperthermus,Archaea,60.88,FP,26,16,0,1388
NC_008818.1,Hyperthermus,Archaea,60.88,TP,42,20,0,1301
NC_008818.1,Hyperthermus,Archaea,60.88,TP,73,27,0,2216
NC_008818.1,Hyperthermus,Archaea,60.88,TP,25,10,0,911
NC_008818.1,Hyperthermus,Archaea,60.88,FP,16,10,0,737
NC_008818.1,Hyperthermus,Archaea,60.88,TP,22,1,1,704
NC_008818.1,Hyperthermus,Archaea,60.88,TP,16,12,0,737
NC_008818.1,Hyperthermus,Archaea,60.88,TP,14,9,0,623
NC_008818.1,Hyperthermus,Archaea,60.88,FP,29,3,0,404
NC_008818.1,Hyperthermus,Archaea,60.88,FP,15,2,0,467
NC_008818.1,Hyperthermus,Archaea,60.88,FP,25,14,0,854
NC_008818.1,Hyperthermus,Archaea,60.88,TP,22,1,1,779
NC_008818.1,Hyperthermus,Archaea,60.88,TP,36,1,1,1037
NC_008818.1,Hyperthermus,Archaea,60.88,FP,22,8,0,530
NC_008818.1,Hyperthermus,Archaea,60.88,FP,9,7,0,761
NC_008818.1,Hyperthermus,Archaea,60.88,FP,43,1,1,1601
NC_008818.1,Hyperthermus,Archaea,60.88,FP,17,13,0,776
NC_008818.1,Hyperthermus,Archaea,60.88,FP,21,10,0,713
NC_008818.1,Hyperthermus,Archaea,60.88,TP,9,7,0,569
NC_008818.1,Hyperthermus,Archaea,60.88,TP,3,2,0,410
NC_008818.1,Hyperthermus,Archaea,60.88,FP,35,10,0,1010
NC_008818.1,Hyperthermus,Archaea,60.88,TP,21,9,0,653
NC_008818.1,Hyperthermus,Archaea,60.88,TP,18,11,0,647
NC_008818.1,Hyperthermus,Archaea,60.88,TP,58,30,0,1826
NC_008818.1,Hyperthermus,Archaea,60.88,TP,51,24,0,1418
NC_008818.1,Hyperthermus,Archaea,60.88,FP,60,34,0,1421
NC_008818.1,Hyperthermus,Archaea,60.88,TP,53,25,0,1358
NC_008818.1,Hyperthermus,Archaea,60.88,TP,13,9,0,899
NC_008818.1,Hyperthermus,Archaea,60.88,FP,21,10,0,359
NC_008818.1,Hyperthermus,Archaea,60.88,FP,6,7,0,461
NC_008818.1,Hyperthermus,Archaea,60.88,TP,21,10,0,890
NC_008818.1,Hyperthermus,Archaea,60.88,FP,30,17,0,908
NC_008818.1,Hyperthermus,Archaea,60.88,FP,11,4,0,572
NC_008818.1,Hyperthermus,Archaea,60.88,TP,42,1,1,1166
NC_008818.1,Hyperthermus,Archaea,60.88,FP,116,51,0,3242
NC_008818.1,Hyperthermus,Archaea,60.88,FP,24,7,0,590
NC_008818.1,Hyperthermus,Archaea,60.88,FP,51,32,0,1403
NC_008818.1,Hyperthermus,Archaea,60.88,TP,51,28,0,1475
NC_008818.1,Hyperthermus,Archaea,60.88,TP,22,11,0,1040
NC_008818.1,Hyperthermus,Archaea,60.88,TP,17,6,0,455
NC_008818.1,Hyperthermus,Archaea,60.88,TP,11,8,0,545
NC_008818.1,Hyperthermus,Archaea,60.88,FP,27,9,0,902
NC_008818.1,Hyperthermus,Archaea,60.88,FP,47,20,0,1472
NC_008818.1,Hyperthermus,Archaea,60.88,TP,52,21,0,1328
NC_008818.1,Hyperthermus,Archaea,60.88,FP,14,7,0,332
NC_008818.1,Hyperthermus,Archaea,60.88,TP,35,15,0,1049
NC_008818.1,Hyperthermus,Archaea,60.88,TP,43,25,0,1811
NC_008818.1,Hyperthermus,Archaea,60.88,FP,27,16,0,809
NC_008818.1,Hyperthermus,Archaea,60.88,FP,8,1,1,335
NC_008818.1,Hyperthermus,Archaea,60.88,FP,16,4,0,575
NC_008818.1,Hyperthermus,Archaea,60.88,TP,29,16,0,1037
NC_008818.1,Hyperthermus,Archaea,60.88,FP,14,9,0,443
NC_008818.1,Hyperthermus,Archaea,60.88,TP,117,52,0,2969
NC_008818.1,Hyperthermus,Archaea,60.88,TP,14,6,0,464
NC_008818.1,Hyperthermus,Archaea,60.88,TP,33,20,0,1097
NC_008818.1,Hyperthermus,Archaea,60.88,TP,13,5,0,446
NC_008818.1,Hyperthermus,Archaea,60.88,TP,6,5,0,515
NC_008818.1,Hyperthermus,Archaea,60.88,FP,8,5,0,302
NC_008818.1,Hyperthermus,Archaea,60.88,TP,50,20,0,1433
NC_008818.1,Hyperthermus,Archaea,60.88,TP,10,10,0,593
NC_008818.1,Hyperthermus,Archaea,60.88,FP,8,4,0,476
NC_008818.1,Hyperthermus,Archaea,60.88,TP,13,8,0,512
NC_008818.1,Hyperthermus,Archaea,60.88,TP,5,1,0,410
NC_008818.1,Hyperthermus,Archaea,60.88,TP,14,8,0,359
NC_008818.1,Hyperthermus,Archaea,60.88,TP,10,6,0,428
NC_008818.1,Hyperthermus,Archaea,60.88,TP,26,12,0,1127
NC_008818.1,Hyperthermus,Archaea,60.88,FP,22,1,1,545
NC_008818.1,Hyperthermus,Archaea,60.88,TP,10,2,0,350
NC_008818.1,Hyperthermus,Archaea,60.88,TP,39,22,0,1073
NC_008818.1,Hyperthermus,Archaea,60.88,TP,13,6,0,476
NC_008818.1,Hyperthermus,Archaea,60.88,TP,13,6,0,587
NC_008818.1,Hyperthermus,Archaea,60.88,TP,8,5,0,542
NC_008818.1,Hyperthermus,Archaea,60.88,FP,29,17,0,1550
NC_008818.1,Hyperthermus,Archaea,60.88,FP,30,15,0,1394
NC_008818.1,Hyperthermus,Archaea,60.88,TP,13,4,0,422
NC_008818.1,Hyperthermus,Archaea,60.88,TP,16,7,0,611
NC_008818.1,Hyperthermus,Archaea,60.88,TP,31,9,0,1235
NC_008818.1,Hyperthermus,Archaea,60.88,TP,58,21,0,2090
NC_008818.1,Hyperthermus,Archaea,60.88,TP,15,8,0,545
NC_008818.1,Hyperthermus,Archaea,60.88,TP,13,8,0,452
NC_008818.1,Hyperthermus,Archaea,60.88,FP,7,4,0,362
NC_008818.1,Hyperthermus,Archaea,60.88,FP,62,18,0,1073
NC_008818.1,Hyperthermus,Archaea,60.88,TP,90,41,0,2315
NC_008818.1,Hyperthermus,Archaea,60.88,FP,28,9,0,584
NC_008818.1,Hyperthermus,Archaea,60.88,TP,12,5,0,512
NC_008818.1,Hyperthermus,Archaea,60.88,TP,7,3,0,326
NC_008818.1,Hyperthermus,Archaea,60.88,FP,35,14,0,662
NC_008818.1,Hyperthermus,Archaea,60.88,TP,73,21,0,1217
NC_008818.1,Hyperthermus,Archaea,60.88,TP,38,9,0,1406
NC_008818.1,Hyperthermus,Archaea,60.88,FP,19,1,1,821
NC_008818.1,Hyperthermus,Archaea,60.88,FP,172,92,0,4439
NC_008818.1,Hyperthermus,Archaea,60.88,TP,22,7,0,569
NC_008818.1,Hyperthermus,Archaea,60.88,TP,50,26,0,2141
NC_008818.1,Hyperthermus,Archaea,60.88,TP,41,16,0,884
NC_008818.1,Hyperthermus,Archaea,60.88,FP,38,21,0,1013
NC_008818.1,Hyperthermus,Archaea,60.88,FP,26,11,0,710
NC_008818.1,Hyperthermus,Archaea,60.88,FP,10,4,0,326
NC_008818.1,Hyperthermus,Archaea,60.88,TP,35,15,0,1184
NC_008818.1,Hyperthermus,Archaea,60.88,FP,21,7,0,881
NC_008818.1,Hyperthermus,Archaea,60.88,FP,36,24,0,1226
NC_008818.1,Hyperthermus,Archaea,60.88,TP,67,22,0,1706
NC_008818.1,Hyperthermus,Archaea,60.88,FP,43,25,0,1148
NC_008818.1,Hyperthermus,Archaea,60.88,TP,27,16,0,1337
NC_008818.1,Hyperthermus,Archaea,60.88,TP,51,31,0,1691
NC_008818.1,Hyperthermus,Archaea,60.88,TP,24,10,0,668
NC_008818.1,Hyperthermus,Archaea,60.88,TP,36,17,0,1418
NC_008818.1,Hyperthermus,Archaea,60.88,TP,23,12,0,818
NC_008818.1,Hyperthermus,Archaea,60.88,FP,10,4,0,305
NC_008818.1,Hyperthermus,Archaea,60.88,TP,30,17,0,1229
NC_008818.1,Hyperthermus,Archaea,60.88,TP,17,7,0,389
NC_008818.1,Hyperthermus,Archaea,60.88,TP,19,6,0,557
NC_008818.1,Hyperthermus,Archaea,60.88,FP,51,15,0,1076
NC_008818.1,Hyperthermus,Archaea,60.88,FP,19,10,0,809
NC_008818.1,Hyperthermus,Archaea,60.88,FP,5,6,0,344
NC_008818.1,Hyperthermus,Archaea,60.88,FP,17,7,0,404
NC_008818.1,Hyperthermus,Archaea,60.88,FP,43,26,0,1253
NC_008818.1,Hyperthermus,Archaea,60.88,TP,6,4,0,413
NC_008818.1,Hyperthermus,Archaea,60.88,TP,14,10,0,473
NC_008818.1,Hyperthermus,Archaea,60.88,TP,7,1,0,431
NC_008818.1,Hyperthermus,Archaea,60.88,TP,40,27,0,1376
NC_008818.1,Hyperthermus,Archaea,60.88,TP,5,5,0,365
NC_008818.1,Hyperthermus,Archaea,60.88,TP,17,7,0,407
NC_008818.1,Hyperthermus,Archaea,60.88,TP,3,1,0,398
NC_008818.1,Hyperthermus,Archaea,60.88,TP,9,4,0,332
NC_008818.1,Hyperthermus,Archaea,60.88,TP,30,9,0,1061
NC_008818.1,Hyperthermus,Archaea,60.88,FP,20,6,0,572
NC_008818.1,Hyperthermus,Archaea,60.88,TP,40,22,0,1343
NC_008818.1,Hyperthermus,Archaea,60.88,TP,21,12,0,542
NC_008818.1,Hyperthermus,Archaea,60.88,TP,25,13,0,1142
NC_008818.1,Hyperthermus,Archaea,60.88,TP,16,4,0,362
NC_008818.1,Hyperthermus,Archaea,60.88,TP,15,12,0,491
NC_008818.1,Hyperthermus,Archaea,60.88,FP,18,10,0,596
NC_008818.1,Hyperthermus,Archaea,60.88,TP,37,12,0,1022
NC_008818.1,Hyperthermus,Archaea,60.88,TP,13,4,0,395
NC_008818.1,Hyperthermus,Archaea,60.88,TP,18,5,0,578
NC_008818.1,Hyperthermus,Archaea,60.88,TP,22,14,0,854
NC_008818.1,Hyperthermus,Archaea,60.88,FP,12,9,0,371
NC_008818.1,Hyperthermus,Archaea,60.88,TP,15,9,0,599
NC_008818.1,Hyperthermus,Archaea,60.88,FP,16,9,0,626
NC_008818.1,Hyperthermus,Archaea,60.88,TP,30,13,0,1211
NC_008818.1,Hyperthermus,Archaea,60.88,TP,9,4,0,308
NC_008818.1,Hyperthermus,Archaea,60.88,TP,13,3,0,398
NC_008818.1,Hyperthermus,Archaea,60.88,FP,22,13,0,710
NC_008818.1,Hyperthermus,Archaea,60.88,FP,12,5,0,329
NC_008818.1,Hyperthermus,Archaea,60.88,FP,16,7,0,404
NC_008818.1,Hyperthermus,Archaea,60.88,TP,11,4,0,521
NC_008818.1,Hyperthermus,Archaea,60.88,TP,38,22,0,1319
NC_008818.1,Hyperthermus,Archaea,60.88,TP,31,18,0,1364
NC_008818.1,Hyperthermus,Archaea,60.88,TP,41,21,0,1709
NC_008818.1,Hyperthermus,Archaea,60.88,TP,10,4,0,623
NC_008818.1,Hyperthermus,Archaea,60.88,TP,14,4,0,404
NC_008818.1,Hyperthermus,Archaea,60.88,TP,29,11,0,1253
NC_008818.1,Hyperthermus,Archaea,60.88,FP,15,7,0,857
NC_008818.1,Hyperthermus,Archaea,60.88,TP,14,7,0,749
NC_008818.1,Hyperthermus,Archaea,60.88,FP,19,9,0,740
NC_008818.1,Hyperthermus,Archaea,60.88,TP,19,10,0,947
NC_008818.1,Hyperthermus,Archaea,60.88,FP,10,6,0,428
NC_008818.1,Hyperthermus,Archaea,60.88,TP,18,8,0,428
NC_008818.1,Hyperthermus,Archaea,60.88,FP,8,3,0,317
NC_008818.1,Hyperthermus,Archaea,60.88,FP,7,3,0,434
NC_008818.1,Hyperthermus,Archaea,60.88,FP,14,10,0,380
NC_008818.1,Hyperthermus,Archaea,60.88,FP,53,19,0,1193
NC_008818.1,Hyperthermus,Archaea,60.88,TP,57,25,0,1157
NC_008818.1,Hyperthermus,Archaea,60.88,FP,33,19,0,1097
NC_008818.1,Hyperthermus,Archaea,60.88,TP,15,7,0,437
NC_008818.1,Hyperthermus,Archaea,60.88,TP,13,4,0,425
NC_008818.1,Hyperthermus,Archaea,60.88,FP,34,15,0,1229
NC_008818.1,Hyperthermus,Archaea,60.88,TP,19,5,0,680
NC_008818.1,Hyperthermus,Archaea,60.88,TP,34,12,0,1292
NC_008818.1,Hyperthermus,Archaea,60.88,FP,20,6,0,656
NC_008818.1,Hyperthermus,Archaea,60.88,TP,20,8,0,620
NC_008818.1,Hyperthermus,Archaea,60.88,TP,66,28,0,1673
NC_008818.1,Hyperthermus,Archaea,60.88,FP,42,25,0,1472
NC_008818.1,Hyperthermus,Archaea,60.88,TP,39,14,0,1082
NC_008818.1,Hyperthermus,Archaea,60.88,TP,9,3,0,326
NC_008818.1,Hyperthermus,Archaea,60.88,TP,20,5,0,659
NC_008818.1,Hyperthermus,Archaea,60.88,TP,9,5,0,452
NC_008818.1,Hyperthermus,Archaea,60.88,TP,11,6,0,752
NC_008818.1,Hyperthermus,Archaea,60.88,TP,46,22,0,1139
NC_008818.1,Hyperthermus,Archaea,60.88,TP,54,17,0,1268
NC_008818.1,Hyperthermus,Archaea,60.88,TP,28,14,0,824
NC_008818.1,Hyperthermus,Archaea,60.88,TP,39,14,0,1454
NC_008818.1,Hyperthermus,Archaea,60.88,TP,40,22,0,1445
NC_008818.1,Hyperthermus,Archaea,60.88,TP,10,5,0,419
NC_008818.1,Hyperthermus,Archaea,60.88,TP,36,17,0,1091
NC_008818.1,Hyperthermus,Archaea,60.88,TP,16,8,0,674
NC_008818.1,Hyperthermus,Archaea,60.88,TP,61,21,0,1526
NC_008818.1,Hyperthermus,Archaea,60.88,TP,12,2,0,416
NC_008818.1,Hyperthermus,Archaea,60.88,FP,24,8,0,398
NC_008818.1,Hyperthermus,Archaea,60.88,TP,20,3,0,335
NC_008818.1,Hyperthermus,Archaea,60.88,FP,56,16,0,1262
NC_008818.1,Hyperthermus,Archaea,60.88,TP,50,37,0,1361
NC_008818.1,Hyperthermus,Archaea,60.88,TP,64,33,0,1220
NC_008818.1,Hyperthermus,Archaea,60.88,TP,7,4,0,461
NC_008818.1,Hyperthermus,Archaea,60.88,FP,17,6,0,467
NC_008818.1,Hyperthermus,Archaea,60.88,FP,34,18,0,962
NC_008818.1,Hyperthermus,Archaea,60.88,TP,30,16,0,1037
NC_008818.1,Hyperthermus,Archaea,60.88,TP,32,15,0,1127
NC_008818.1,Hyperthermus,Archaea,60.88,TP,23,11,0,464
NC_008818.1,Hyperthermus,Archaea,60.88,FP,44,17,0,1211
NC_008818.1,Hyperthermus,Archaea,60.88,TP,29,20,0,1112
NC_008818.1,Hyperthermus,Archaea,60.88,TP,37,17,0,1211
NC_008818.1,Hyperthermus,Archaea,60.88,TP,25,7,0,734
NC_008818.1,Hyperthermus,Archaea,60.88,TP,15,9,0,743
NC_008818.1,Hyperthermus,Archaea,60.88,TP,8,5,0,479
NC_008818.1,Hyperthermus,Archaea,60.88,TP,45,22,0,1265
NC_008818.1,Hyperthermus,Archaea,60.88,FP,13,11,0,512
NC_008818.1,Hyperthermus,Archaea,60.88,TP,16,6,0,827
NC_008818.1,Hyperthermus,Archaea,60.88,TP,38,25,0,1763
NC_008818.1,Hyperthermus,Archaea,60.88,TP,13,6,0,686
NC_008818.1,Hyperthermus,Archaea,60.88,FP,20,12,0,1103
NC_008818.1,Hyperthermus,Archaea,60.88,FP,49,23,0,917
NC_008818.1,Hyperthermus,Archaea,60.88,TP,27,11,0,1355
NC_008818.1,Hyperthermus,Archaea,60.88,TP,16,7,0,776
NC_008818.1,Hyperthermus,Archaea,60.88,TP,21,14,0,806
NC_008818.1,Hyperthermus,Archaea,60.88,FP,13,3,0,383
NC_008818.1,Hyperthermus,Archaea,60.88,TP,61,33,0,1622
NC_008818.1,Hyperthermus,Archaea,60.88,FP,16,1,1,521
NC_008818.1,Hyperthermus,Archaea,60.88,FP,19,10,0,593
NC_008818.1,Hyperthermus,Archaea,60.88,TP,8,5,0,419
NC_008818.1,Hyperthermus,Archaea,60.88,TP,41,14,0,1397
NC_008818.1,Hyperthermus,Archaea,60.88,FP,32,1,1,956
NC_008818.1,Hyperthermus,Archaea,60.88,TP,13,5,0,734
NC_008818.1,Hyperthermus,Archaea,60.88,TP,24,2,0,380
NC_008268.1,Rhodococcus,Actinobacteria,65.34,TP,108,31,0,2048
NC_008268.1,Rhodococcus,Actinobacteria,65.34,TP,83,32,0,2393
NC_008268.1,Rhodococcus,Actinobacteria,65.34,TP,64,26,0,1574
NC_008268.1,Rhodococcus,Actinobacteria,65.34,TP,101,29,0,2522
NC_008268.1,Rhodococcus,Actinobacteria,65.34,TP,44,21,0,1286
NC_008268.1,Rhodococcus,Actinobacteria,65.34,TP,49,36,0,1406
NC_008268.1,Rhodococcus,Actinobacteria,65.34,TP,66,52,0,1511
NC_008268.1,Rhodococcus,Actinobacteria,65.34,TP,42,13,0,1328
NC_008268.1,Rhodococcus,Actinobacteria,65.34,TP,61,24,0,2009
NC_008268.1,Rhodococcus,Actinobacteria,65.34,TP,125,65,0,3263
NC_008268.1,Rhodococcus,Actinobacteria,65.34,TP,68,23,0,1394
NC_008268.1,Rhodococcus,Actinobacteria,65.34,FP,110,63,0,1925
NC_008268.1,Rhodococcus,Actinobacteria,65.34,TP,48,21,0,1316
NC_008268.1,Rhodococcus,Actinobacteria,65.34,TP,59,24,0,1415
NC_008268.1,Rhodococcus,Actinobacteria,65.34,TP,67,38,0,2651
NC_008268.1,Rhodococcus,Actinobacteria,65.34,TP,46,22,0,1379
NC_008268.1,Rhodococcus,Actinobacteria,65.34,TP,76,28,0,1604
NC_008268.1,Rhodococcus,Actinobacteria,65.34,FP,72,13,0,1295
NC_008268.1,Rhodococcus,Actinobacteria,65.34,TP,47,20,0,1352
NC_008268.1,Rhodococcus,Actinobacteria,65.34,TP,90,50,0,3212
NC_008268.1,Rhodococcus,Actinobacteria,65.34,TP,61,25,0,1775
NC_008268.1,Rhodococcus,Actinobacteria,65.34,TP,100,50,0,2462
NC_008268.1,Rhodococcus,Actinobacteria,65.34,TP,80,41,0,1946
NC_008268.1,Rhodococcus,Actinobacteria,65.34,TP,64,22,0,1547
NC_008268.1,Rhodococcus,Actinobacteria,65.34,TP,64,36,0,2090
NC_008268.1,Rhodococcus,Actinobacteria,65.34,FP,78,15,0,1349
NC_008268.1,Rhodococcus,Actinobacteria,65.34,FP,90,18,0,1895
NC_008268.1,Rhodococcus,Actinobacteria,65.34,TP,78,29,0,1757
NC_008268.1,Rhodococcus,Actinobacteria,65.34,TP,282,143,0,7100
NC_008268.1,Rhodococcus,Actinobacteria,65.34,TP,63,35,0,1484
NC_008268.1,Rhodococcus,Actinobacteria,65.34,TP,47,31,0,1391
NC_008268.1,Rhodococcus,Actinobacteria,65.34,TP,45,18,0,1400
NC_008268.1,Rhodococcus,Actinobacteria,65.34,TP,54,26,0,1397
NC_008268.1,Rhodococcus,Actinobacteria,65.34,TP,85,38,0,1796
NC_008268.1,Rhodococcus,Actinobacteria,65.34,TP,80,45,0,1931
NC_008268.1,Rhodococcus,Actinobacteria,65.34,TP,56,25,0,1481
NC_008268.1,Rhodococcus,Actinobacteria,65.34,FP,63,8,0,1463
NC_008268.1,Rhodococcus,Actinobacteria,65.34,TP,70,36,0,1403
NC_008268.1,Rhodococcus,Actinobacteria,65.34,TP,35,28,0,1436
NC_008268.1,Rhodococcus,Actinobacteria,65.34,TP,38,20,0,1355
NC_008268.1,Rhodococcus,Actinobacteria,65.34,TP,60,29,0,1757
NC_008268.1,Rhodococcus,Actinobacteria,65.34,TP,59,34,0,1361
NC_008268.1,Rhodococcus,Actinobacteria,65.34,TP,67,32,0,2291
NC_008268.1,Rhodococcus,Actinobacteria,65.34,TP,73,45,0,1820
NC_008268.1,Rhodococcus,Actinobacteria,65.34,FP,135,20,0,2312
NC_008268.1,Rhodococcus,Actinobacteria,65.34,TP,86,36,0,1679
NC_008268.1,Rhodococcus,Actinobacteria,65.34,TP,62,25,0,1706
NC_008268.1,Rhodococcus,Actinobacteria,65.34,TP,39,25,0,1391
NC_008268.1,Rhodococcus,Actinobacteria,65.34,TP,78,29,0,1730
NC_008268.1,Rhodococcus,Actinobacteria,65.34,TP,42,23,0,1553
NC_008268.1,Rhodococcus,Actinobacteria,65.34,TP,55,37,0,1667
NC_008268.1,Rhodococcus,Actinobacteria,65.34,TP,67,37,0,1511
NC_008268.1,Rhodococcus,Actinobacteria,65.34,FP,87,22,0,1649
NC_008268.1,Rhodococcus,Actinobacteria,65.34,FP,63,9,0,1388
NC_008268.1,Rhodococcus,Actinobacteria,65.34,TP,74,29,0,1331
NC_008268.1,Rhodococcus,Actinobacteria,65.34,FP,97,14,0,1946
NC_008268.1,Rhodococcus,Actinobacteria,65.34,TP,71,28,0,1670
NC_008268.1,Rhodococcus,Actinobacteria,65.34,FP,108,40,0,2444
NC_008268.1,Rhodococcus,Actinobacteria,65.34,TP,64,39,0,1679
NC_008268.1,Rhodococcus,Actinobacteria,65.34,TP,145,36,0,2036
NC_008268.1,Rhodococcus,Actinobacteria,65.34,TP,122,40,0,2423
NC_008268.1,Rhodococcus,Actinobacteria,65.34,FP,81,9,0,1616
NC_008268.1,Rhodococcus,Actinobacteria,65.34,TP,83,44,0,1286
NC_008268.1,Rhodococcus,Actinobacteria,65.34,FP,103,50,0,1835
NC_008268.1,Rhodococcus,Actinobacteria,65.34,TP,96,46,0,2084
NC_008268.1,Rhodococcus,Actinobacteria,65.34,TP,78,54,0,1277
NC_008268.1,Rhodococcus,Actinobacteria,65.34,TP,54,16,0,1307
NC_008268.1,Rhodococcus,Actinobacteria,65.34,FP,91,26,0,2147
NC_008268.1,Rhodococcus,Actinobacteria,65.34,FP,103,9,0,1619
NC_008268.1,Rhodococcus,Actinobacteria,65.34,TP,84,41,0,1433
NC_008268.1,Rhodococcus,Actinobacteria,65.34,TP,48,10,0,1292
NC_008268.1,Rhodococcus,Actinobacteria,65.34,TP,89,33,0,1502
NC_008268.1,Rhodococcus,Actinobacteria,65.34,TP,86,19,0,1361
NC_008268.1,Rhodococcus,Actinobacteria,65.34,TP,62,16,0,1457
NC_008268.1,Rhodococcus,Actinobacteria,65.34,TP,87,25,0,1802
NC_008268.1,Rhodococcus,Actinobacteria,65.34,FP,110,25,0,2153
NC_008268.1,Rhodococcus,Actinobacteria,65.34,TP,119,61,0,2957
NC_008268.1,Rhodococcus,Actinobacteria,65.34,TP,45,21,0,1271
NC_008268.1,Rhodococcus,Actinobacteria,65.34,TP,91,40,0,1850
NC_008268.1,Rhodococcus,Actinobacteria,65.34,TP,1080,575,0,18191
NC_008268.1,Rhodococcus,Actinobacteria,65.34,TP,57,16,0,1355
NC_008268.1,Rhodococcus,Actinobacteria,65.34,TP,90,53,0,1532
NC_008268.1,Rhodococcus,Actinobacteria,65.34,FP,136,5,0,1718
NC_008268.1,Rhodococcus,Actinobacteria,65.34,TP,69,36,0,1487
NC_008268.1,Rhodococcus,Actinobacteria,65.34,TP,71,27,0,1640
NC_008268.1,Rhodococcus,Actinobacteria,65.34,FP,195,40,0,4193
NC_008268.1,Rhodococcus,Actinobacteria,65.34,TP,141,40,0,1631
NC_008268.1,Rhodococcus,Actinobacteria,65.34,TP,100,36,0,1889
NC_008268.1,Rhodococcus,Actinobacteria,65.34,TP,60,26,0,1316
NC_008268.1,Rhodococcus,Actinobacteria,65.34,TP,97,41,0,2051
NC_008268.1,Rhodococcus,Actinobacteria,65.34,TP,118,51,0,2054
NC_008268.1,Rhodococcus,Actinobacteria,65.34,TP,91,34,0,1862
NC_008268.1,Rhodococcus,Actinobacteria,65.34,TP,73,27,0,1343
NC_008268.1,Rhodococcus,Actinobacteria,65.34,TP,117,31,0,1607
NC_008268.1,Rhodococcus,Actinobacteria,65.34,TP,65,28,0,1469
NC_008268.1,Rhodococcus,Actinobacteria,65.34,TP,53,17,0,1616
NC_008268.1,Rhodococcus,Actinobacteria,65.34,TP,92,39,0,2213
NC_008268.1,Rhodococcus,Actinobacteria,65.34,TP,102,57,0,2579
NC_008268.1,Rhodococcus,Actinobacteria,65.34,FP,124,26,0,2174
NC_008268.1,Rhodococcus,Actinobacteria,65.34,TP,53,19,0,1352
NC_008268.1,Rhodococcus,Actinobacteria,65.34,FP,112,11,0,1673
NC_008268.1,Rhodococcus,Actinobacteria,65.34,TP,158,60,0,3368
NC_008268.1,Rhodococcus,Actinobacteria,65.34,FP,171,22,0,2765
NC_008268.1,Rhodococcus,Actinobacteria,65.34,FP,91,18,0,1994
NC_008268.1,Rhodococcus,Actinobacteria,65.34,TP,56,16,0,1451
NC_008268.1,Rhodococcus,Actinobacteria,65.34,TP,73,14,0,1655
NC_008268.1,Rhodococcus,Actinobacteria,65.34,FP,74,17,0,2204
NC_008268.1,Rhodococcus,Actinobacteria,65.34,FP,91,18,0,1601
NC_008268.1,Rhodococcus,Actinobacteria,65.34,FP,96,19,0,1928
NC_008268.1,Rhodococcus,Actinobacteria,65.34,TP,69,13,0,1583
NC_008268.1,Rhodococcus,Actinobacteria,65.34,TP,66,20,0,1295
NC_008268.1,Rhodococcus,Actinobacteria,65.34,TP,100,27,0,1415
NC_008268.1,Rhodococcus,Actinobacteria,65.34,TP,97,43,0,2051
NC_008268.1,Rhodococcus,Actinobacteria,65.34,TP,95,35,0,1466
NC_008268.1,Rhodococcus,Actinobacteria,65.34,FP,82,12,0,1568
NC_008268.1,Rhodococcus,Actinobacteria,65.34,TP,109,32,0,2261
NC_008268.1,Rhodococcus,Actinobacteria,65.34,FP,169,31,0,3452
NC_008268.1,Rhodococcus,Actinobacteria,65.34,TP,79,19,0,1445
NC_008268.1,Rhodococcus,Actinobacteria,65.34,TP,83,30,0,1469
NC_008268.1,Rhodococcus,Actinobacteria,65.34,TP,65,34,0,1451
NC_008268.1,Rhodococcus,Actinobacteria,65.34,FP,70,21,0,1310
NC_008268.1,Rhodococcus,Actinobacteria,65.34,FP,111,29,0,2120
NC_008268.1,Rhodococcus,Actinobacteria,65.34,FP,102,23,0,2489
NC_008268.1,Rhodococcus,Actinobacteria,65.34,FP,69,19,0,1265
NC_008268.1,Rhodococcus,Actinobacteria,65.34,TP,59,26,0,1460
NC_008268.1,Rhodococcus,Actinobacteria,65.34,TP,64,24,0,1553
NC_008268.1,Rhodococcus,Actinobacteria,65.34,FP,62,7,0,1367
NC_008268.1,Rhodococcus,Actinobacteria,65.34,FP,72,26,0,1940
NC_008268.1,Rhodococcus,Actinobacteria,65.34,TP,187,58,0,3650
NC_008268.1,Rhodococcus,Actinobacteria,65.34,TP,113,30,0,1646
NC_008268.1,Rhodococcus,Actinobacteria,65.34,FP,86,17,0,1946
NC_008268.1,Rhodococcus,Actinobacteria,65.34,TP,84,33,0,1646
NC_008268.1,Rhodococcus,Actinobacteria,65.34,TP,96,31,0,1673
NC_008268.1,Rhodococcus,Actinobacteria,65.34,TP,68,32,0,1355
NC_008268.1,Rhodococcus,Actinobacteria,65.34,TP,56,17,0,1334
NC_008268.1,Rhodococcus,Actinobacteria,65.34,TP,90,30,0,1616
NC_008268.1,Rhodococcus,Actinobacteria,65.34,TP,72,24,0,1331
NC_008268.1,Rhodococcus,Actinobacteria,65.34,TP,96,44,0,1415
NC_008268.1,Rhodococcus,Actinobacteria,65.34,TP,70,31,0,1286
NC_008268.1,Rhodococcus,Actinobacteria,65.34,FP,109,31,0,1964
NC_008268.1,Rhodococcus,Actinobacteria,65.34,TP,74,27,0,1553
NC_008268.1,Rhodococcus,Actinobacteria,65.34,TP,100,19,0,1526
NC_008268.1,Rhodococcus,Actinobacteria,65.34,TP,76,35,0,1862
NC_008268.1,Rhodococcus,Actinobacteria,65.34,TP,74,22,0,1382
NC_008268.1,Rhodococcus,Actinobacteria,65.34,FP,42,5,0,1391
NC_008268.1,Rhodococcus,Actinobacteria,65.34,TP,79,16,0,1862
NC_008268.1,Rhodococcus,Actinobacteria,65.34,TP,75,26,0,1352
NC_008268.1,Rhodococcus,Actinobacteria,65.34,TP,64,23,0,1496
NC_008268.1,Rhodococcus,Actinobacteria,65.34,FP,88,14,0,1634
NC_008268.1,Rhodococcus,Actinobacteria,65.34,TP,64,26,0,1361
NC_008268.1,Rhodococcus,Actinobacteria,65.34,TP,84,36,0,1547
NC_008268.1,Rhodococcus,Actinobacteria,65.34,FP,51,10,0,1526
NC_008268.1,Rhodococcus,Actinobacteria,65.34,FP,74,17,0,1745
NC_008268.1,Rhodococcus,Actinobacteria,65.34,TP,103,46,0,2306
NC_008268.1,Rhodococcus,Actinobacteria,65.34,FP,79,28,0,1661
NC_008268.1,Rhodococcus,Actinobacteria,65.34,TP,68,32,0,1418
NC_008268.1,Rhodococcus,Actinobacteria,65.34,FP,78,17,0,1562
NC_008268.1,Rhodococcus,Actinobacteria,65.34,TP,102,36,0,1580
NC_008268.1,Rhodococcus,Actinobacteria,65.34,TP,102,46,0,2078
NC_008268.1,Rhodococcus,Actinobacteria,65.34,TP,108,39,0,2099
NC_008268.1,Rhodococcus,Actinobacteria,65.34,TP,60,25,0,1283
NC_008268.1,Rhodococcus,Actinobacteria,65.34,FP,69,16,0,1718
NC_008268.1,Rhodococcus,Actinobacteria,65.34,TP,66,27,0,1292
NC_008268.1,Rhodococcus,Actinobacteria,65.34,TP,89,27,0,1478
NC_008268.1,Rhodococcus,Actinobacteria,65.34,TP,61,33,0,1349
NC_008268.1,Rhodococcus,Actinobacteria,65.34,TP,40,15,0,1490
NC_008268.1,Rhodococcus,Actinobacteria,65.34,TP,91,28,0,1892
NC_008268.1,Rhodococcus,Actinobacteria,65.34,TP,70,32,0,1415
NC_008268.1,Rhodococcus,Actinobacteria,65.34,FP,59,10,0,1652
NC_008268.1,Rhodococcus,Actinobacteria,65.34,TP,49,18,0,1334
NC_008268.1,Rhodococcus,Actinobacteria,65.34,TP,102,30,0,1496
NC_008268.1,Rhodococcus,Actinobacteria,65.34,FP,65,9,0,1604
NC_008268.1,Rhodococcus,Actinobacteria,65.34,TP,129,60,0,2279
NC_008268.1,Rhodococcus,Actinobacteria,65.34,TP,76,28,0,1952
NC_008268.1,Rhodococcus,Actinobacteria,65.34,TP,66,25,0,1328
NC_008268.1,Rhodococcus,Actinobacteria,65.34,TP,74,22,0,1355
NC_008268.1,Rhodococcus,Actinobacteria,65.34,FP,36,6,0,1727
NC_008268.1,Rhodococcus,Actinobacteria,65.34,TP,93,29,0,1805
NC_008268.1,Rhodococcus,Actinobacteria,65.34,TP,89,47,0,2033
NC_008268.1,Rhodococcus,Actinobacteria,65.34,TP,78,35,0,1673
NC_008268.1,Rhodococcus,Actinobacteria,65.34,TP,87,38,0,1649
NC_008268.1,Rhodococcus,Actinobacteria,65.34,FP,34,13,0,1424
NC_008268.1,Rhodococcus,Actinobacteria,65.34,TP,123,64,0,2108
NC_008268.1,Rhodococcus,Actinobacteria,65.34,TP,60,20,0,1370
NC_008268.1,Rhodococcus,Actinobacteria,65.34,TP,77,33,0,1775
NC_008268.1,Rhodococcus,Actinobacteria,65.34,TP,97,63,0,2531
NC_008268.1,Rhodococcus,Actinobacteria,65.34,TP,107,41,0,1964
NC_008268.1,Rhodococcus,Actinobacteria,65.34,TP,81,36,0,1718
NC_008268.1,Rhodococcus,Actinobacteria,65.34,TP,89,47,0,1424
NC_008268.1,Rhodococcus,Actinobacteria,65.34,FP,111,15,0,2801
NC_008268.1,Rhodococcus,Actinobacteria,65.34,TP,62,23,0,1475
NC_008268.1,Rhodococcus,Actinobacteria,65.34,TP,54,18,0,1373
NC_008268.1,Rhodococcus,Actinobacteria,65.34,TP,148,49,0,3404
NC_008268.1,Rhodococcus,Actinobacteria,65.34,TP,88,30,0,1559
NC_008268.1,Rhodococcus,Actinobacteria,65.34,TP,77,36,0,1670
NC_008268.1,Rhodococcus,Actinobacteria,65.34,TP,86,33,0,2078
NC_008268.1,Rhodococcus,Actinobacteria,65.34,TP,100,54,0,2684
NC_008268.1,Rhodococcus,Actinobacteria,65.34,TP,119,45,0,2348
NC_008268.1,Rhodococcus,Actinobacteria,65.34,TP,106,47,0,2006
NC_008268.1,Rhodococcus,Actinobacteria,65.34,TP,128,52,0,2756
NC_008268.1,Rhodococcus,Actinobacteria,65.34,TP,87,30,0,1802
NC_008268.1,Rhodococcus,Actinobacteria,65.34,TP,79,29,0,1514
NC_008268.1,Rhodococcus,Actinobacteria,65.34,TP,82,33,0,1403
NC_008268.1,Rhodococcus,Actinobacteria,65.34,TP,103,49,0,2096
NC_008268.1,Rhodococcus,Actinobacteria,65.34,TP,80,27,0,1655
NC_008268.1,Rhodococcus,Actinobacteria,65.34,FP,46,12,0,1400
NC_008268.1,Rhodococcus,Actinobacteria,65.34,FP,56,8,0,1340
NC_008268.1,Rhodococcus,Actinobacteria,65.34,FP,76,16,0,1760
NC_008268.1,Rhodococcus,Actinobacteria,65.34,FP,44,14,0,1367
NC_008268.1,Rhodococcus,Actinobacteria,65.34,FP,45,16,0,1367
NC_008268.1,Rhodococcus,Actinobacteria,65.34,FP,59,18,0,1874
NC_008268.1,Rhodococcus,Actinobacteria,65.34,TP,105,23,0,1349
NC_008268.1,Rhodococcus,Actinobacteria,65.34,TP,101,31,0,2300
NC_008268.1,Rhodococcus,Actinobacteria,65.34,TP,37,17,0,1469
NC_008268.1,Rhodococcus,Actinobacteria,65.34,TP,90,21,0,1418
NC_008268.1,Rhodococcus,Actinobacteria,65.34,TP,66,29,0,1331
NC_008268.1,Rhodococcus,Actinobacteria,65.34,TP,135,59,0,2495
NC_008268.1,Rhodococcus,Actinobacteria,65.34,TP,158,41,0,4157
NC_008268.1,Rhodococcus,Actinobacteria,65.34,FP,67,20,0,1313
NC_008268.1,Rhodococcus,Actinobacteria,65.34,TP,86,37,0,2357
NC_008268.1,Rhodococcus,Actinobacteria,65.34,FP,156,45,0,2573
NC_008268.1,Rhodococcus,Actinobacteria,65.34,FP,100,31,0,2066
NC_008268.1,Rhodococcus,Actinobacteria,65.34,FP,54,12,0,1610
NC_008268.1,Rhodococcus,Actinobacteria,65.34,FP,79,10,0,1817
NC_008268.1,Rhodococcus,Actinobacteria,65.34,TP,102,34,0,1601
NC_008268.1,Rhodococcus,Actinobacteria,65.34,TP,74,34,0,1520
NC_008268.1,Rhodococcus,Actinobacteria,65.34,TP,78,39,0,1433
NC_008268.1,Rhodococcus,Actinobacteria,65.34,FP,54,17,0,1589
NC_008268.1,Rhodococcus,Actinobacteria,65.34,TP,72,35,0,1448
NC_008268.1,Rhodococcus,Actinobacteria,65.34,FP,63,17,0,2588
NC_008268.1,Rhodococcus,Actinobacteria,65.34,FP,46,19,0,1451
NC_008268.1,Rhodococcus,Actinobacteria,65.34,TP,66,30,0,1589
NC_008268.1,Rhodococcus,Actinobacteria,65.34,FP,87,19,0,2294
NC_008268.1,Rhodococcus,Actinobacteria,65.34,TP,273,119,0,5804
NC_008268.1,Rhodococcus,Actinobacteria,65.34,TP,73,24,0,1325
NC_008268.1,Rhodococcus,Actinobacteria,65.34,FP,70,5,0,1514
NC_008268.1,Rhodococcus,Actinobacteria,65.34,TP,84,37,0,1619
NC_008268.1,Rhodococcus,Actinobacteria,65.34,FP,42,19,0,1745
NC_008268.1,Rhodococcus,Actinobacteria,65.34,FP,228,61,0,6356
NC_008268.1,Rhodococcus,Actinobacteria,65.34,TP,89,21,0,1538
NC_008268.1,Rhodococcus,Actinobacteria,65.34,TP,647,303,0,14711
NC_008268.1,Rhodococcus,Actinobacteria,65.34,FP,51,12,0,1628
NC_008268.1,Rhodococcus,Actinobacteria,65.34,FP,57,8,0,1820
NC_008268.1,Rhodococcus,Actinobacteria,65.34,FP,44,14,0,1268
NC_008268.1,Rhodococcus,Actinobacteria,65.34,TP,86,36,0,1616
NC_008268.1,Rhodococcus,Actinobacteria,65.34,TP,85,38,0,1604
NC_008268.1,Rhodococcus,Actinobacteria,65.34,FP,39,3,0,1370
NC_008268.1,Rhodococcus,Actinobacteria,65.34,FP,120,46,0,3707
NC_008268.1,Rhodococcus,Actinobacteria,65.34,TP,110,47,0,2327
NC_008268.1,Rhodococcus,Actinobacteria,65.34,TP,56,14,0,1352
NC_008268.1,Rhodococcus,Actinobacteria,65.34,TP,83,29,0,1754
NC_008268.1,Rhodococcus,Actinobacteria,65.34,TP,67,26,0,1352
NC_008268.1,Rhodococcus,Actinobacteria,65.34,FP,38,14,0,1454
NC_008268.1,Rhodococcus,Actinobacteria,65.34,TP,56,22,0,1355
NC_008268.1,Rhodococcus,Actinobacteria,65.34,FP,122,51,0,2354
NC_008268.1,Rhodococcus,Actinobacteria,65.34,TP,49,18,0,1391
NC_008268.1,Rhodococcus,Actinobacteria,65.34,TP,54,26,0,1307
NC_008268.1,Rhodococcus,Actinobacteria,65.34,TP,65,22,0,1502
NC_008268.1,Rhodococcus,Actinobacteria,65.34,FP,71,36,0,2075
NC_008268.1,Rhodococcus,Actinobacteria,65.34,FP,45,10,0,1388
NC_008268.1,Rhodococcus,Actinobacteria,65.34,TP,48,24,0,1370
NC_008268.1,Rhodococcus,Actinobacteria,65.34,FP,69,7,0,1406
NC_008268.1,Rhodococcus,Actinobacteria,65.34,FP,64,5,0,1427
NC_008268.1,Rhodococcus,Actinobacteria,65.34,TP,37,17,0,1289
NC_008268.1,Rhodococcus,Actinobacteria,65.34,FP,90,5,0,1613
NC_008268.1,Rhodococcus,Actinobacteria,65.34,TP,69,33,0,1844
NC_008268.1,Rhodococcus,Actinobacteria,65.34,FP,125,25,0,1895
NC_008268.1,Rhodococcus,Actinobacteria,65.34,FP,84,22,0,1709
NC_008268.1,Rhodococcus,Actinobacteria,65.34,TP,71,34,0,1994
NC_008268.1,Rhodococcus,Actinobacteria,65.34,FP,87,17,0,2561
NC_008268.1,Rhodococcus,Actinobacteria,65.34,FP,62,9,0,1268
NC_008268.1,Rhodococcus,Actinobacteria,65.34,FP,54,16,0,1382
NC_008268.1,Rhodococcus,Actinobacteria,65.34,TP,67,30,0,1271
NC_008268.1,Rhodococcus,Actinobacteria,65.34,FP,135,30,0,2876
NC_008268.1,Rhodococcus,Actinobacteria,65.34,FP,62,7,0,1274
NC_008268.1,Rhodococcus,Actinobacteria,65.34,TP,53,32,0,1439
NC_008268.1,Rhodococcus,Actinobacteria,65.34,FP,103,25,0,2084
NC_008268.1,Rhodococcus,Actinobacteria,65.34,FP,91,22,0,1772
NC_008268.1,Rhodococcus,Actinobacteria,65.34,FP,60,19,0,1766
NC_008268.1,Rhodococcus,Actinobacteria,65.34,FP,60,17,0,1427
NC_008268.1,Rhodococcus,Actinobacteria,65.34,FP,60,38,0,1337
NC_008268.1,Rhodococcus,Actinobacteria,65.34,TP,44,21,0,1835
NC_008268.1,Rhodococcus,Actinobacteria,65.34,TP,40,25,0,1448
NC_008268.1,Rhodococcus,Actinobacteria,65.34,FP,80,17,0,1844
NC_008268.1,Rhodococcus,Actinobacteria,65.34,FP,184,32,0,3740
NC_008268.1,Rhodococcus,Actinobacteria,65.34,TP,89,1,1,2105
NC_008268.1,Rhodococcus,Actinobacteria,65.34,FP,63,15,0,1310
NC_008268.1,Rhodococcus,Actinobacteria,65.34,FP,74,20,0,1586
NC_008268.1,Rhodococcus,Actinobacteria,65.34,FP,151,31,0,2768
NC_008268.1,Rhodococcus,Actinobacteria,65.34,TP,63,19,0,1490
NC_008268.1,Rhodococcus,Actinobacteria,65.34,FP,82,28,0,1592
NC_008268.1,Rhodococcus,Actinobacteria,65.34,FP,65,29,0,1724
NC_008268.1,Rhodococcus,Actinobacteria,65.34,TP,55,20,0,1607
NC_008268.1,Rhodococcus,Actinobacteria,65.34,FP,46,23,0,1298
NC_008268.1,Rhodococcus,Actinobacteria,65.34,FP,94,19,0,2213
NC_008268.1,Rhodococcus,Actinobacteria,65.34,TP,66,49,0,1781
NC_008268.1,Rhodococcus,Actinobacteria,65.34,FP,49,24,0,1343
NC_008268.1,Rhodococcus,Actinobacteria,65.34,TP,38,28,0,1367
NC_008268.1,Rhodococcus,Actinobacteria,65.34,FP,112,42,0,2456
NC_008268.1,Rhodococcus,Actinobacteria,65.34,TP,39,16,0,1622
NC_008268.1,Rhodococcus,Actinobacteria,65.34,TP,71,29,0,1487
NC_008268.1,Rhodococcus,Actinobacteria,65.34,FP,55,15,0,1316
NC_008268.1,Rhodococcus,Actinobacteria,65.34,TP,55,41,0,1496
NC_008268.1,Rhodococcus,Actinobacteria,65.34,FP,57,40,0,1493
NC_008268.1,Rhodococcus,Actinobacteria,65.34,TP,118,69,0,3239
NC_008268.1,Rhodococcus,Actinobacteria,65.34,FP,60,45,0,1580
NC_008268.1,Rhodococcus,Actinobacteria,65.34,FP,42,12,0,1292
NC_008268.1,Rhodococcus,Actinobacteria,65.34,TP,67,37,0,2000
NC_008268.1,Rhodococcus,Actinobacteria,65.34,TP,56,41,0,1550
NC_008268.1,Rhodococcus,Actinobacteria,65.34,TP,47,41,0,1607
NC_008268.1,Rhodococcus,Actinobacteria,65.34,FP,110,23,0,1835
NC_008268.1,Rhodococcus,Actinobacteria,65.34,TP,82,1,1,1361
NC_008268.1,Rhodococcus,Actinobacteria,65.34,FP,73,25,0,1340
NC_008268.1,Rhodococcus,Actinobacteria,65.34,FP,79,22,0,1448
NC_008268.1,Rhodococcus,Actinobacteria,65.34,FP,72,18,0,1373
NC_008268.1,Rhodococcus,Actinobacteria,65.34,FP,91,26,0,1478
NC_008268.1,Rhodococcus,Actinobacteria,65.34,TP,77,15,0,1403
NC_008268.1,Rhodococcus,Actinobacteria,65.34,TP,52,32,0,1346
NC_008268.1,Rhodococcus,Actinobacteria,65.34,TP,86,39,0,2027
NC_008268.1,Rhodococcus,Actinobacteria,65.34,FP,103,52,0,1712
NC_008268.1,Rhodococcus,Actinobacteria,65.34,TP,59,20,0,1358
NC_008268.1,Rhodococcus,Actinobacteria,65.34,FP,63,23,0,1544
NC_008268.1,Rhodococcus,Actinobacteria,65.34,TP,97,1,1,1283
NC_008268.1,Rhodococcus,Actinobacteria,65.34,FP,99,43,0,1811
NC_008268.1,Rhodococcus,Actinobacteria,65.34,FP,61,3,0,1391
NC_008268.1,Rhodococcus,Actinobacteria,65.34,FP,180,79,0,3335
NC_008268.1,Rhodococcus,Actinobacteria,65.34,FP,95,1,1,1640
NC_008268.1,Rhodococcus,Actinobacteria,65.34,FP,67,19,0,1442
NC_008268.1,Rhodococcus,Actinobacteria,65.34,FP,82,37,0,1508
NC_008268.1,Rhodococcus,Actinobacteria,65.34,TP,99,1,1,2009
NC_008268.1,Rhodococcus,Actinobacteria,65.34,TP,91,30,0,1592
NC_008268.1,Rhodococcus,Actinobacteria,65.34,FP,96,46,0,1949
NC_008268.1,Rhodococcus,Actinobacteria,65.34,FP,65,22,0,1295
NC_008268.1,Rhodococcus,Actinobacteria,65.34,FP,101,27,0,2204
NC_008268.1,Rhodococcus,Actinobacteria,65.34,TP,197,86,0,3575
NC_008268.1,Rhodococcus,Actinobacteria,65.34,TP,78,22,0,1562
NC_008268.1,Rhodococcus,Actinobacteria,65.34,TP,110,50,0,3023
NC_008268.1,Rhodococcus,Actinobacteria,65.34,FP,87,20,0,1334
NC_008268.1,Rhodococcus,Actinobacteria,65.34,FP,65,1,1,1292
NC_008268.1,Rhodococcus,Actinobacteria,65.34,TP,69,27,0,1280
NC_008268.1,Rhodococcus,Actinobacteria,65.34,FP,84,32,0,1784
NC_008268.1,Rhodococcus,Actinobacteria,65.34,FP,69,7,0,1655
NC_008268.1,Rhodococcus,Actinobacteria,65.34,FP,108,22,0,2144
NC_008268.1,Rhodococcus,Actinobacteria,65.34,FP,75,20,0,1274
NC_008268.1,Rhodococcus,Actinobacteria,65.34,TP,64,22,0,1322
NC_008268.1,Rhodococcus,Actinobacteria,65.34,FP,106,22,0,2351
NC_008268.1,Rhodococcus,Actinobacteria,65.34,FP,199,58,0,3824
NC_008268.1,Rhodococcus,Actinobacteria,65.34,FP,81,17,0,1643
NC_008268.1,Rhodococcus,Actinobacteria,65.34,TP,75,15,0,1457
NC_008268.1,Rhodococcus,Actinobacteria,65.34,FP,59,22,0,1337
NC_008268.1,Rhodococcus,Actinobacteria,65.34,TP,78,27,0,1517
NC_008268.1,Rhodococcus,Actinobacteria,65.34,FP,159,67,0,2867
NC_008268.1,Rhodococcus,Actinobacteria,65.34,TP,50,20,0,1364
NC_008268.1,Rhodococcus,Actinobacteria,65.34,FP,79,9,0,1769
NC_008268.1,Rhodococcus,Actinobacteria,65.34,FP,101,24,0,1508
NC_008268.1,Rhodococcus,Actinobacteria,65.34,FP,120,27,0,2012
NC_008268.1,Rhodococcus,Actinobacteria,65.34,TP,73,33,0,1733
NC_008268.1,Rhodococcus,Actinobacteria,65.34,FP,70,22,0,1451
NC_008268.1,Rhodococcus,Actinobacteria,65.34,TP,93,18,0,1994
NC_008268.1,Rhodococcus,Actinobacteria,65.34,TP,121,27,0,1955
NC_008268.1,Rhodococcus,Actinobacteria,65.34,TP,93,29,0,1706
NC_008268.1,Rhodococcus,Actinobacteria,65.34,TP,82,34,0,1616
NC_008268.1,Rhodococcus,Actinobacteria,65.34,FP,78,19,0,1880
NC_008268.1,Rhodococcus,Actinobacteria,65.34,FP,122,19,0,2258
NC_008268.1,Rhodococcus,Actinobacteria,65.34,FP,85,30,0,1328
NC_008268.1,Rhodococcus,Actinobacteria,65.34,TP,64,21,0,1427
NC_008268.1,Rhodococcus,Actinobacteria,65.34,FP,109,19,0,1811
NC_008268.1,Rhodococcus,Actinobacteria,65.34,FP,218,69,0,4550
NC_008268.1,Rhodococcus,Actinobacteria,65.34,TP,129,53,0,2120
NC_008268.1,Rhodococcus,Actinobacteria,65.34,TP,60,22,0,1472
NC_008268.1,Rhodococcus,Actinobacteria,65.34,FP,65,14,0,1577
NC_008268.1,Rhodococcus,Actinobacteria,65.34,FP,107,32,0,2546
NC_008268.1,Rhodococcus,Actinobacteria,65.34,TP,95,29,0,1541
NC_008268.1,Rhodococcus,Actinobacteria,65.34,FP,93,13,0,1433
NC_008268.1,Rhodococcus,Actinobacteria,65.34,TP,78,25,0,1697
NC_008268.1,Rhodococcus,Actinobacteria,65.34,FP,153,43,0,2372
NC_008268.1,Rhodococcus,Actinobacteria,65.34,FP,130,22,0,2294
NC_008268.1,Rhodococcus,Actinobacteria,65.34,TP,103,28,0,1448
NC_008268.1,Rhodococcus,Actinobacteria,65.34,FP,101,24,0,1694
NC_008268.1,Rhodococcus,Actinobacteria,65.34,TP,73,32,0,1673
NC_008268.1,Rhodococcus,Actinobacteria,65.34,FP,70,29,0,1391
NC_008268.1,Rhodococcus,Actinobacteria,65.34,FP,125,26,0,1958
NC_008268.1,Rhodococcus,Actinobacteria,65.34,TP,60,21,0,1472
NC_008268.1,Rhodococcus,Actinobacteria,65.34,TP,97,43,0,2045
NC_008268.1,Rhodococcus,Actinobacteria,65.34,TP,83,15,0,1619
NC_008268.1,Rhodococcus,Actinobacteria,65.34,FP,95,33,0,1709
NC_008268.1,Rhodococcus,Actinobacteria,65.34,TP,68,22,0,1535
NC_008268.1,Rhodococcus,Actinobacteria,65.34,FP,101,19,0,2054
NC_008268.1,Rhodococcus,Actinobacteria,65.34,TP,88,36,0,1601
NC_008268.1,Rhodococcus,Actinobacteria,65.34,TP,89,24,0,1535
NC_008268.1,Rhodococcus,Actinobacteria,65.34,TP,145,52,0,3284
NC_008268.1,Rhodococcus,Actinobacteria,65.34,TP,84,23,0,2318
NC_008268.1,Rhodococcus,Actinobacteria,65.34,TP,78,30,0,1439
NC_008268.1,Rhodococcus,Actinobacteria,65.34,TP,85,27,0,1364
NC_008268.1,Rhodococcus,Actinobacteria,65.34,FP,110,15,0,2123
NC_008268.1,Rhodococcus,Actinobacteria,65.34,TP,52,19,0,1319
NC_008268.1,Rhodococcus,Actinobacteria,65.34,FP,116,22,0,2501
NC_008268.1,Rhodococcus,Actinobacteria,65.34,FP,88,30,0,1274
NC_008268.1,Rhodococcus,Actinobacteria,65.34,FP,175,27,0,3563
NC_008268.1,Rhodococcus,Actinobacteria,65.34,TP,59,18,0,1370
NC_008268.1,Rhodococcus,Actinobacteria,65.34,FP,141,31,0,2729
NC_008268.1,Rhodococcus,Actinobacteria,65.34,TP,105,23,0,1964
NC_008268.1,Rhodococcus,Actinobacteria,65.34,FP,92,31,0,1724
NC_008268.1,Rhodococcus,Actinobacteria,65.34,FP,157,13,0,3014
NC_008268.1,Rhodococcus,Actinobacteria,65.34,TP,113,35,0,1970
NC_008268.1,Rhodococcus,Actinobacteria,65.34,TP,537,223,0,10583
NC_008268.1,Rhodococcus,Actinobacteria,65.34,TP,256,76,0,5486
NC_008268.1,Rhodococcus,Actinobacteria,65.34,TP,86,32,0,1700
NC_008268.1,Rhodococcus,Actinobacteria,65.34,FP,71,25,0,1601
NC_008268.1,Rhodococcus,Actinobacteria,65.34,FP,97,31,0,2303
NC_008268.1,Rhodococcus,Actinobacteria,65.34,FP,55,15,0,1337
NC_008268.1,Rhodococcus,Actinobacteria,65.34,FP,67,34,0,1472
NC_008268.1,Rhodococcus,Actinobacteria,65.34,TP,67,31,0,1313
NC_008268.1,Rhodococcus,Actinobacteria,65.34,FP,66,7,0,2102
NC_008268.1,Rhodococcus,Actinobacteria,65.34,FP,39,12,0,1472
NC_008268.1,Rhodococcus,Actinobacteria,65.34,FP,97,33,0,1442
NC_008268.1,Rhodococcus,Actinobacteria,65.34,FP,53,25,0,1292
NC_008268.1,Rhodococcus,Actinobacteria,65.34,FP,49,10,0,1757
NC_008268.1,Rhodococcus,Actinobacteria,65.34,TP,57,14,0,1427
NC_008268.1,Rhodococcus,Actinobacteria,65.34,FP,48,7,0,1424
NC_008268.1,Rhodococcus,Actinobacteria,65.34,TP,77,22,0,1850
NC_008268.1,Rhodococcus,Actinobacteria,65.34,TP,209,88,0,4136
NC_008268.1,Rhodococcus,Actinobacteria,65.34,TP,65,36,0,1409
NC_008268.1,Rhodococcus,Actinobacteria,65.34,TP,69,24,0,1316
NC_008268.1,Rhodococcus,Actinobacteria,65.34,FP,94,31,0,2123
NC_008268.1,Rhodococcus,Actinobacteria,65.34,TP,93,1,1,1274
NC_008268.1,Rhodococcus,Actinobacteria,65.34,FP,34,24,0,1283
NC_008268.1,Rhodococcus,Actinobacteria,65.34,FP,76,24,0,1910
NC_008268.1,Rhodococcus,Actinobacteria,65.34,TP,58,20,0,1430
NC_008268.1,Rhodococcus,Actinobacteria,65.34,FP,71,34,0,1385
NC_008268.1,Rhodococcus,Actinobacteria,65.34,FP,69,31,0,1685
NC_008268.1,Rhodococcus,Actinobacteria,65.34,TP,49,22,0,1316
NC_008268.1,Rhodococcus,Actinobacteria,65.34,FP,85,23,0,1445
NC_008268.1,Rhodococcus,Actinobacteria,65.34,FP,53,13,0,1574
NC_008268.1,Rhodococcus,Actinobacteria,65.34,TP,68,28,0,1412
NC_008268.1,Rhodococcus,Actinobacteria,65.34,TP,68,35,0,1334
NC_008268.1,Rhodococcus,Actinobacteria,65.34,TP,85,40,0,1523
NC_008268.1,Rhodococcus,Actinobacteria,65.34,FP,93,41,0,1814
NC_008268.1,Rhodococcus,Actinobacteria,65.34,TP,114,43,0,2294
NC_008268.1,Rhodococcus,Actinobacteria,65.34,TP,68,23,0,1565
NC_008268.1,Rhodococcus,Actinobacteria,65.34,FP,100,32,0,2399
NC_008268.1,Rhodococcus,Actinobacteria,65.34,TP,91,30,0,1733
NC_008268.1,Rhodococcus,Actinobacteria,65.34,FP,78,22,0,1787
NC_008268.1,Rhodococcus,Actinobacteria,65.34,TP,73,30,0,1520
NC_008268.1,Rhodococcus,Actinobacteria,65.34,TP,78,27,0,1868
NC_008268.1,Rhodococcus,Actinobacteria,65.34,FP,74,14,0,1340
NC_008268.1,Rhodococcus,Actinobacteria,65.34,FP,117,37,0,1874
NC_008268.1,Rhodococcus,Actinobacteria,65.34,FP,68,16,0,1529
NC_008268.1,Rhodococcus,Actinobacteria,65.34,FP,118,38,0,2066
NC_008268.1,Rhodococcus,Actinobacteria,65.34,TP,73,37,0,1658
NC_008268.1,Rhodococcus,Actinobacteria,65.34,TP,108,53,0,2030
NC_008268.1,Rhodococcus,Actinobacteria,65.34,TP,220,101,0,4901
NC_008268.1,Rhodococcus,Actinobacteria,65.34,TP,52,22,0,1298
NC_008268.1,Rhodococcus,Actinobacteria,65.34,FP,122,29,0,2303
NC_008268.1,Rhodococcus,Actinobacteria,65.34,TP,118,45,0,1934
NC_008268.1,Rhodococcus,Actinobacteria,65.34,FP,113,49,0,2240
NC_008268.1,Rhodococcus,Actinobacteria,65.34,FP,162,57,0,3299
NC_008268.1,Rhodococcus,Actinobacteria,65.34,FP,227,81,0,4574
NC_008268.1,Rhodococcus,Actinobacteria,65.34,TP,92,34,0,1775
NC_008268.1,Rhodococcus,Actinobacteria,65.34,TP,78,29,0,1499
NC_008268.1,Rhodococcus,Actinobacteria,65.34,FP,95,21,0,1913
NC_008268.1,Rhodococcus,Actinobacteria,65.34,TP,104,42,0,2066
NC_008268.1,Rhodococcus,Actinobacteria,65.34,FP,131,40,0,2666
NC_008268.1,Rhodococcus,Actinobacteria,65.34,TP,69,27,0,1277
NC_008268.1,Rhodococcus,Actinobacteria,65.34,FP,71,19,0,1526
NC_008268.1,Rhodococcus,Actinobacteria,65.34,FP,113,34,0,2891
NC_008268.1,Rhodococcus,Actinobacteria,65.34,FP,90,26,0,2405
NC_008268.1,Rhodococcus,Actinobacteria,65.34,FP,40,13,0,1331
NC_008268.1,Rhodococcus,Actinobacteria,65.34,FP,57,24,0,1613
NC_008268.1,Rhodococcus,Actinobacteria,65.34,FP,82,38,0,1763
NC_008268.1,Rhodococcus,Actinobacteria,65.34,FP,57,1,1,1394
NC_008268.1,Rhodococcus,Actinobacteria,65.34,FP,81,8,0,1349
NC_008268.1,Rhodococcus,Actinobacteria,65.34,FP,96,30,0,2234
NC_008268.1,Rhodococcus,Actinobacteria,65.34,TP,116,40,0,1880
NC_008268.1,Rhodococcus,Actinobacteria,65.34,TP,100,48,0,2369
NC_008268.1,Rhodococcus,Actinobacteria,65.34,FP,42,16,0,1274
NC_008268.1,Rhodococcus,Actinobacteria,65.34,TP,70,29,0,1385
NC_008268.1,Rhodococcus,Actinobacteria,65.34,FP,78,12,0,1523
NC_008268.1,Rhodococcus,Actinobacteria,65.34,FP,60,11,0,1682
NC_008268.1,Rhodococcus,Actinobacteria,65.34,TP,67,28,0,1493
NC_008268.1,Rhodococcus,Actinobacteria,65.34,FP,83,24,0,2390
NC_008268.1,Rhodococcus,Actinobacteria,65.34,TP,77,32,0,1751
NC_008268.1,Rhodococcus,Actinobacteria,65.34,FP,83,21,0,2492
NC_008268.1,Rhodococcus,Actinobacteria,65.34,FP,55,22,0,2018
NC_008268.1,Rhodococcus,Actinobacteria,65.34,TP,79,37,0,1562
NC_008268.1,Rhodococcus,Actinobacteria,65.34,FP,177,76,0,3845
NC_008268.1,Rhodococcus,Actinobacteria,65.34,FP,97,23,0,2255
NC_008268.1,Rhodococcus,Actinobacteria,65.34,FP,100,34,0,1670
NC_008268.1,Rhodococcus,Actinobacteria,65.34,FP,72,32,0,1661
NC_008268.1,Rhodococcus,Actinobacteria,65.34,FP,83,11,0,1928
NC_008268.1,Rhodococcus,Actinobacteria,65.34,FP,99,39,0,2120
NC_008268.1,Rhodococcus,Actinobacteria,65.34,FP,88,15,0,1775
NC_008268.1,Rhodococcus,Actinobacteria,65.34,FP,113,8,0,3329
NC_008268.1,Rhodococcus,Actinobacteria,65.34,TP,153,48,0,3236
NC_008268.1,Rhodococcus,Actinobacteria,65.34,TP,140,45,0,2672
NC_008268.1,Rhodococcus,Actinobacteria,65.34,TP,69,30,0,1424
NC_008268.1,Rhodococcus,Actinobacteria,65.34,TP,66,28,0,1391
NC_008268.1,Rhodococcus,Actinobacteria,65.34,FP,46,9,0,1310
NC_008268.1,Rhodococcus,Actinobacteria,65.34,FP,53,5,0,1268
NC_008268.1,Rhodococcus,Actinobacteria,65.34,FP,31,6,0,1532
NC_008268.1,Rhodococcus,Actinobacteria,65.34,TP,91,50,0,1934
NC_008268.1,Rhodococcus,Actinobacteria,65.34,FP,98,14,0,2021
NC_008268.1,Rhodococcus,Actinobacteria,65.34,TP,62,28,0,1499
NC_008268.1,Rhodococcus,Actinobacteria,65.34,TP,50,24,0,1535
NC_008268.1,Rhodococcus,Actinobacteria,65.34,TP,91,43,0,1823
NC_008268.1,Rhodococcus,Actinobacteria,65.34,FP,98,19,0,2045
NC_008268.1,Rhodococcus,Actinobacteria,65.34,FP,55,6,0,1508
NC_008268.1,Rhodococcus,Actinobacteria,65.34,FP,79,24,0,2183
NC_008268.1,Rhodococcus,Actinobacteria,65.34,FP,81,21,0,1496
NC_008268.1,Rhodococcus,Actinobacteria,65.34,FP,111,35,0,2009
NC_008268.1,Rhodococcus,Actinobacteria,65.34,FP,34,4,0,1286
NC_008268.1,Rhodococcus,Actinobacteria,65.34,TP,69,36,0,1475
NC_008268.1,Rhodococcus,Actinobacteria,65.34,FP,79,32,0,1553
NC_008268.1,Rhodococcus,Actinobacteria,65.34,TP,99,30,0,1448
NC_008268.1,Rhodococcus,Actinobacteria,65.34,TP,129,53,0,2711
NC_008268.1,Rhodococcus,Actinobacteria,65.34,FP,181,65,0,3518
NC_008268.1,Rhodococcus,Actinobacteria,65.34,FP,36,12,0,1274
NC_008268.1,Rhodococcus,Actinobacteria,65.34,TP,99,57,0,2084
NC_008268.1,Rhodococcus,Actinobacteria,65.34,TP,67,17,0,1685
NC_008268.1,Rhodococcus,Actinobacteria,65.34,TP,64,28,0,1538
NC_008268.1,Rhodococcus,Actinobacteria,65.34,TP,79,32,0,1448
NC_003155.5,S. avermitilis,Actinobacteria,66.34,TP,92,12,0,2036
NC_003155.5,S. avermitilis,Actinobacteria,66.34,TP,130,46,0,2732
NC_003155.5,S. avermitilis,Actinobacteria,66.34,TP,126,38,0,2276
NC_003155.5,S. avermitilis,Actinobacteria,66.34,FP,93,12,0,1601
NC_003155.5,S. avermitilis,Actinobacteria,66.34,TP,107,17,0,2093
NC_003155.5,S. avermitilis,Actinobacteria,66.34,FP,95,30,0,1550
NC_003155.5,S. avermitilis,Actinobacteria,66.34,TP,88,21,0,2024
NC_003155.5,S. avermitilis,Actinobacteria,66.34,FP,70,8,0,1454
NC_003155.5,S. avermitilis,Actinobacteria,66.34,TP,71,25,0,1469
NC_003155.5,S. avermitilis,Actinobacteria,66.34,TP,82,23,0,1604
NC_003155.5,S. avermitilis,Actinobacteria,66.34,TP,133,29,0,2948
NC_003155.5,S. avermitilis,Actinobacteria,66.34,TP,1405,229,0,18719
NC_003155.5,S. avermitilis,Actinobacteria,66.34,TP,94,33,0,2126
NC_003155.5,S. avermitilis,Actinobacteria,66.34,TP,102,30,0,2132
NC_003155.5,S. avermitilis,Actinobacteria,66.34,FP,67,10,0,1598
NC_003155.5,S. avermitilis,Actinobacteria,66.34,FP,82,9,0,1769
NC_003155.5,S. avermitilis,Actinobacteria,66.34,TP,138,16,0,2738
NC_003155.5,S. avermitilis,Actinobacteria,66.34,TP,124,38,0,2570
NC_003155.5,S. avermitilis,Actinobacteria,66.34,TP,126,36,0,2588
NC_003155.5,S. avermitilis,Actinobacteria,66.34,TP,132,51,0,2081
NC_003155.5,S. avermitilis,Actinobacteria,66.34,TP,119,38,0,2579
NC_003155.5,S. avermitilis,Actinobacteria,66.34,FP,120,20,0,2405
NC_003155.5,S. avermitilis,Actinobacteria,66.34,TP,69,29,0,1532
NC_003155.5,S. avermitilis,Actinobacteria,66.34,TP,60,27,0,1688
NC_003155.5,S. avermitilis,Actinobacteria,66.34,TP,105,39,0,2105
NC_003155.5,S. avermitilis,Actinobacteria,66.34,TP,108,36,0,2921
NC_003155.5,S. avermitilis,Actinobacteria,66.34,FP,72,14,0,1559
NC_003155.5,S. avermitilis,Actinobacteria,66.34,FP,77,18,0,1682
NC_003155.5,S. avermitilis,Actinobacteria,66.34,TP,57,19,0,1625
NC_003155.5,S. avermitilis,Actinobacteria,66.34,TP,122,15,0,2732
NC_003155.5,S. avermitilis,Actinobacteria,66.34,FP,121,20,0,2408
NC_003155.5,S. avermitilis,Actinobacteria,66.34,FP,81,25,0,2162
NC_003155.5,S. avermitilis,Actinobacteria,66.34,FP,143,15,0,2834
NC_003155.5,S. avermitilis,Actinobacteria,66.34,TP,122,53,0,2768
NC_003155.5,S. avermitilis,Actinobacteria,66.34,FP,73,9,0,1565
NC_003155.5,S. avermitilis,Actinobacteria,66.34,FP,82,7,0,1478
NC_003155.5,S. avermitilis,Actinobacteria,66.34,TP,108,35,0,2831
NC_003155.5,S. avermitilis,Actinobacteria,66.34,FP,111,18,0,1985
NC_003155.5,S. avermitilis,Actinobacteria,66.34,FP,61,5,0,1535
NC_003155.5,S. avermitilis,Actinobacteria,66.34,TP,82,41,0,1697
NC_003155.5,S. avermitilis,Actinobacteria,66.34,TP,65,14,0,1823
NC_003155.5,S. avermitilis,Actinobacteria,66.34,TP,300,129,0,5723
NC_003155.5,S. avermitilis,Actinobacteria,66.34,FP,109,21,0,1727
NC_003155.5,S. avermitilis,Actinobacteria,66.34,FP,61,7,0,1652
NC_003155.5,S. avermitilis,Actinobacteria,66.34,FP,97,17,0,1934
NC_003155.5,S. avermitilis,Actinobacteria,66.34,FP,116,13,0,3116
NC_003155.5,S. avermitilis,Actinobacteria,66.34,FP,78,5,0,2474
NC_003155.5,S. avermitilis,Actinobacteria,66.34,TP,100,24,0,1754
NC_003155.5,S. avermitilis,Actinobacteria,66.34,FP,103,19,0,1565
NC_003155.5,S. avermitilis,Actinobacteria,66.34,TP,80,11,0,1658
NC_003155.5,S. avermitilis,Actinobacteria,66.34,FP,134,26,0,3203
NC_003155.5,S. avermitilis,Actinobacteria,66.34,FP,114,38,0,1715
NC_003155.5,S. avermitilis,Actinobacteria,66.34,FP,165,23,0,3893
NC_003155.5,S. avermitilis,Actinobacteria,66.34,TP,74,22,0,2078
NC_003155.5,S. avermitilis,Actinobacteria,66.34,FP,85,6,0,1739
NC_003155.5,S. avermitilis,Actinobacteria,66.34,FP,89,19,0,1844
NC_003155.5,S. avermitilis,Actinobacteria,66.34,TP,116,44,0,2267
NC_003155.5,S. avermitilis,Actinobacteria,66.34,TP,80,31,0,2105
NC_003155.5,S. avermitilis,Actinobacteria,66.34,TP,158,31,0,3440
NC_003155.5,S. avermitilis,Actinobacteria,66.34,TP,104,30,0,1508
NC_003155.5,S. avermitilis,Actinobacteria,66.34,FP,160,31,0,3953
NC_003155.5,S. avermitilis,Actinobacteria,66.34,TP,86,26,0,1907
NC_003155.5,S. avermitilis,Actinobacteria,66.34,TP,121,48,0,2252
NC_003155.5,S. avermitilis,Actinobacteria,66.34,TP,78,24,0,1457
NC_003155.5,S. avermitilis,Actinobacteria,66.34,TP,82,30,0,1454
NC_003155.5,S. avermitilis,Actinobacteria,66.34,TP,64,28,0,1502
NC_003155.5,S. avermitilis,Actinobacteria,66.34,TP,177,45,0,3974
NC_003155.5,S. avermitilis,Actinobacteria,66.34,TP,50,24,0,1478
NC_003155.5,S. avermitilis,Actinobacteria,66.34,TP,85,17,0,1439
NC_003155.5,S. avermitilis,Actinobacteria,66.34,FP,79,21,0,1937
NC_003155.5,S. avermitilis,Actinobacteria,66.34,TP,49,13,0,1646
NC_003155.5,S. avermitilis,Actinobacteria,66.34,TP,81,33,0,2045
NC_003155.5,S. avermitilis,Actinobacteria,66.34,FP,144,25,0,2357
NC_003155.5,S. avermitilis,Actinobacteria,66.34,TP,102,28,0,2300
NC_003155.5,S. avermitilis,Actinobacteria,66.34,TP,109,34,0,2330
NC_003155.5,S. avermitilis,Actinobacteria,66.34,FP,92,17,0,1508
NC_003155.5,S. avermitilis,Actinobacteria,66.34,TP,52,15,0,1865
NC_003155.5,S. avermitilis,Actinobacteria,66.34,TP,149,32,0,2639
NC_003155.5,S. avermitilis,Actinobacteria,66.34,TP,249,67,0,5354
NC_003155.5,S. avermitilis,Actinobacteria,66.34,TP,63,17,0,1580
NC_003155.5,S. avermitilis,Actinobacteria,66.34,TP,117,37,0,2072
NC_003155.5,S. avermitilis,Actinobacteria,66.34,TP,98,43,0,2450
NC_003155.5,S. avermitilis,Actinobacteria,66.34,TP,116,39,0,2120
NC_003155.5,S. avermitilis,Actinobacteria,66.34,FP,71,15,0,1439
NC_003155.5,S. avermitilis,Actinobacteria,66.34,FP,100,43,0,2012
NC_003155.5,S. avermitilis,Actinobacteria,66.34,FP,152,23,0,2534
NC_003155.5,S. avermitilis,Actinobacteria,66.34,TP,139,50,0,2819
NC_003155.5,S. avermitilis,Actinobacteria,66.34,TP,85,39,0,2603
NC_003155.5,S. avermitilis,Actinobacteria,66.34,TP,105,34,0,2429
NC_003155.5,S. avermitilis,Actinobacteria,66.34,TP,54,21,0,1625
NC_003155.5,S. avermitilis,Actinobacteria,66.34,TP,62,26,0,1541
NC_003155.5,S. avermitilis,Actinobacteria,66.34,FP,46,11,0,1463
NC_003155.5,S. avermitilis,Actinobacteria,66.34,FP,97,20,0,1658
NC_003155.5,S. avermitilis,Actinobacteria,66.34,FP,105,23,0,2444
NC_003155.5,S. avermitilis,Actinobacteria,66.34,TP,49,23,0,1469
NC_003155.5,S. avermitilis,Actinobacteria,66.34,TP,72,34,0,2006
NC_003155.5,S. avermitilis,Actinobacteria,66.34,FP,81,12,0,1550
NC_003155.5,S. avermitilis,Actinobacteria,66.34,FP,61,13,0,1922
NC_003155.5,S. avermitilis,Actinobacteria,66.34,TP,62,29,0,1481
NC_003155.5,S. avermitilis,Actinobacteria,66.34,FP,43,11,0,1532
NC_003155.5,S. avermitilis,Actinobacteria,66.34,FP,127,34,0,3212
NC_003155.5,S. avermitilis,Actinobacteria,66.34,FP,91,18,0,2216
NC_003155.5,S. avermitilis,Actinobacteria,66.34,TP,71,27,0,1619
NC_003155.5,S. avermitilis,Actinobacteria,66.34,TP,198,60,0,4235
NC_003155.5,S. avermitilis,Actinobacteria,66.34,TP,43,21,0,1457
NC_003155.5,S. avermitilis,Actinobacteria,66.34,TP,90,21,0,1877
NC_003155.5,S. avermitilis,Actinobacteria,66.34,FP,85,7,0,1739
NC_003155.5,S. avermitilis,Actinobacteria,66.34,FP,61,38,0,1541
NC_003155.5,S. avermitilis,Actinobacteria,66.34,FP,85,13,0,1544
NC_003155.5,S. avermitilis,Actinobacteria,66.34,TP,78,37,0,1460
NC_003155.5,S. avermitilis,Actinobacteria,66.34,TP,50,17,0,1511
NC_003155.5,S. avermitilis,Actinobacteria,66.34,FP,145,48,0,3722
NC_003155.5,S. avermitilis,Actinobacteria,66.34,TP,121,40,0,3047
NC_003155.5,S. avermitilis,Actinobacteria,66.34,TP,92,38,0,2387
NC_003155.5,S. avermitilis,Actinobacteria,66.34,TP,144,60,0,3845
NC_003155.5,S. avermitilis,Actinobacteria,66.34,TP,62,15,0,1460
NC_003155.5,S. avermitilis,Actinobacteria,66.34,TP,165,69,0,4058
NC_003155.5,S. avermitilis,Actinobacteria,66.34,FP,124,21,0,3104
NC_003155.5,S. avermitilis,Actinobacteria,66.34,FP,74,11,0,1442
NC_003155.5,S. avermitilis,Actinobacteria,66.34,TP,72,32,0,1472
NC_003155.5,S. avermitilis,Actinobacteria,66.34,FP,57,3,0,1667
NC_003155.5,S. avermitilis,Actinobacteria,66.34,FP,54,22,0,1487
NC_003155.5,S. avermitilis,Actinobacteria,66.34,TP,70,20,0,1496
NC_003155.5,S. avermitilis,Actinobacteria,66.34,FP,188,52,0,6890
NC_003155.5,S. avermitilis,Actinobacteria,66.34,FP,79,29,0,1577
NC_003155.5,S. avermitilis,Actinobacteria,66.34,TP,44,9,0,1502
NC_003155.5,S. avermitilis,Actinobacteria,66.34,FP,109,22,0,2255
NC_003155.5,S. avermitilis,Actinobacteria,66.34,FP,81,14,0,2132
NC_003155.5,S. avermitilis,Actinobacteria,66.34,FP,66,20,0,1895
NC_003155.5,S. avermitilis,Actinobacteria,66.34,TP,104,39,0,2003
NC_003155.5,S. avermitilis,Actinobacteria,66.34,TP,107,36,0,2150
NC_003155.5,S. avermitilis,Actinobacteria,66.34,TP,94,51,0,2336
NC_003155.5,S. avermitilis,Actinobacteria,66.34,FP,97,13,0,1727
NC_003155.5,S. avermitilis,Actinobacteria,66.34,FP,50,9,0,1634
NC_003155.5,S. avermitilis,Actinobacteria,66.34,FP,91,5,0,1940
NC_003155.5,S. avermitilis,Actinobacteria,66.34,TP,85,31,0,1547
NC_003155.5,S. avermitilis,Actinobacteria,66.34,FP,69,23,0,1733
NC_003155.5,S. avermitilis,Actinobacteria,66.34,TP,80,26,0,1628
NC_003155.5,S. avermitilis,Actinobacteria,66.34,TP,129,48,0,2561
NC_003155.5,S. avermitilis,Actinobacteria,66.34,FP,71,12,0,1607
NC_003155.5,S. avermitilis,Actinobacteria,66.34,TP,140,39,0,2594
NC_003155.5,S. avermitilis,Actinobacteria,66.34,TP,137,41,0,2597
NC_003155.5,S. avermitilis,Actinobacteria,66.34,TP,100,24,0,2525
NC_003155.5,S. avermitilis,Actinobacteria,66.34,FP,25,9,0,1472
NC_003155.5,S. avermitilis,Actinobacteria,66.34,TP,137,35,0,2504
NC_003155.5,S. avermitilis,Actinobacteria,66.34,TP,143,42,0,3677
NC_003155.5,S. avermitilis,Actinobacteria,66.34,FP,114,33,0,2762
NC_003155.5,S. avermitilis,Actinobacteria,66.34,FP,50,22,0,1727
NC_003155.5,S. avermitilis,Actinobacteria,66.34,TP,128,54,0,2318
NC_003155.5,S. avermitilis,Actinobacteria,66.34,TP,123,53,0,2636
NC_003155.5,S. avermitilis,Actinobacteria,66.34,TP,80,31,0,2222
NC_003155.5,S. avermitilis,Actinobacteria,66.34,TP,144,64,0,2522
NC_003155.5,S. avermitilis,Actinobacteria,66.34,FP,96,20,0,2117
NC_003155.5,S. avermitilis,Actinobacteria,66.34,FP,48,11,0,1571
NC_003155.5,S. avermitilis,Actinobacteria,66.34,FP,123,46,0,3113
NC_003155.5,S. avermitilis,Actinobacteria,66.34,TP,159,61,0,3137
NC_003155.5,S. avermitilis,Actinobacteria,66.34,FP,106,31,0,3761
NC_003155.5,S. avermitilis,Actinobacteria,66.34,FP,87,11,0,2786
NC_003155.5,S. avermitilis,Actinobacteria,66.34,TP,82,28,0,1982
NC_003155.5,S. avermitilis,Actinobacteria,66.34,TP,74,24,0,1436
NC_003155.5,S. avermitilis,Actinobacteria,66.34,FP,86,35,0,2366
NC_003155.5,S. avermitilis,Actinobacteria,66.34,TP,65,30,0,1445
NC_003155.5,S. avermitilis,Actinobacteria,66.34,TP,76,31,0,1451
NC_003155.5,S. avermitilis,Actinobacteria,66.34,TP,54,11,0,1805
NC_003155.5,S. avermitilis,Actinobacteria,66.34,TP,55,36,0,1499
NC_003155.5,S. avermitilis,Actinobacteria,66.34,FP,137,19,0,3677
NC_003155.5,S. avermitilis,Actinobacteria,66.34,TP,92,29,0,2453
NC_003155.5,S. avermitilis,Actinobacteria,66.34,FP,78,25,0,1955
NC_003155.5,S. avermitilis,Actinobacteria,66.34,FP,119,34,0,2657
NC_003155.5,S. avermitilis,Actinobacteria,66.34,FP,108,37,0,2486
NC_003155.5,S. avermitilis,Actinobacteria,66.34,TP,74,20,0,1511
NC_003155.5,S. avermitilis,Actinobacteria,66.34,TP,121,41,0,2615
NC_003155.5,S. avermitilis,Actinobacteria,66.34,TP,173,61,0,3860
NC_003155.5,S. avermitilis,Actinobacteria,66.34,TP,121,30,0,2906
NC_003155.5,S. avermitilis,Actinobacteria,66.34,TP,141,48,0,4040
NC_003155.5,S. avermitilis,Actinobacteria,66.34,FP,85,22,0,2309
NC_003155.5,S. avermitilis,Actinobacteria,66.34,TP,110,29,0,2192
NC_003155.5,S. avermitilis,Actinobacteria,66.34,FP,75,12,0,1919
NC_003155.5,S. avermitilis,Actinobacteria,66.34,FP,51,12,0,1550
NC_003155.5,S. avermitilis,Actinobacteria,66.34,TP,92,35,0,1784
NC_003155.5,S. avermitilis,Actinobacteria,66.34,TP,70,12,0,1775
NC_003155.5,S. avermitilis,Actinobacteria,66.34,FP,85,15,0,1604
NC_003155.5,S. avermitilis,Actinobacteria,66.34,TP,133,39,0,2543
NC_003155.5,S. avermitilis,Actinobacteria,66.34,TP,123,34,0,2306
NC_003155.5,S. avermitilis,Actinobacteria,66.34,TP,50,14,0,1631
NC_003155.5,S. avermitilis,Actinobacteria,66.34,TP,67,17,0,1676
NC_003155.5,S. avermitilis,Actinobacteria,66.34,TP,52,18,0,1583
NC_003155.5,S. avermitilis,Actinobacteria,66.34,TP,55,20,0,1529
NC_003155.5,S. avermitilis,Actinobacteria,66.34,TP,123,67,0,2834
NC_003155.5,S. avermitilis,Actinobacteria,66.34,TP,77,42,0,1964
NC_003155.5,S. avermitilis,Actinobacteria,66.34,TP,82,43,0,1787
NC_003155.5,S. avermitilis,Actinobacteria,66.34,TP,104,47,0,2915
NC_003155.5,S. avermitilis,Actinobacteria,66.34,TP,313,159,0,10016
NC_003155.5,S. avermitilis,Actinobacteria,66.34,TP,166,59,0,4727
NC_003155.5,S. avermitilis,Actinobacteria,66.34,TP,66,33,0,2483
NC_003155.5,S. avermitilis,Actinobacteria,66.34,FP,90,24,0,2000
NC_003155.5,S. avermitilis,Actinobacteria,66.34,TP,71,23,0,2096
NC_003155.5,S. avermitilis,Actinobacteria,66.34,FP,95,16,0,1901
NC_003155.5,S. avermitilis,Actinobacteria,66.34,TP,55,20,0,1847
NC_003155.5,S. avermitilis,Actinobacteria,66.34,TP,35,17,0,1589
NC_003155.5,S. avermitilis,Actinobacteria,66.34,TP,57,23,0,1496
NC_003155.5,S. avermitilis,Actinobacteria,66.34,TP,40,25,0,1601
NC_003155.5,S. avermitilis,Actinobacteria,66.34,TP,82,44,0,3389
NC_003155.5,S. avermitilis,Actinobacteria,66.34,TP,60,30,0,1538
NC_003155.5,S. avermitilis,Actinobacteria,66.34,FP,77,19,0,1673
NC_003155.5,S. avermitilis,Actinobacteria,66.34,FP,83,19,0,2063
NC_003155.5,S. avermitilis,Actinobacteria,66.34,FP,165,27,0,3029
NC_003155.5,S. avermitilis,Actinobacteria,66.34,TP,74,35,0,2048
NC_003155.5,S. avermitilis,Actinobacteria,66.34,TP,58,28,0,1817
NC_003155.5,S. avermitilis,Actinobacteria,66.34,FP,114,24,0,1982
NC_003155.5,S. avermitilis,Actinobacteria,66.34,TP,92,48,0,2222
NC_003155.5,S. avermitilis,Actinobacteria,66.34,FP,149,9,0,3134
NC_003155.5,S. avermitilis,Actinobacteria,66.34,TP,148,57,0,4025
NC_003155.5,S. avermitilis,Actinobacteria,66.34,FP,121,19,0,1910
NC_003155.5,S. avermitilis,Actinobacteria,66.34,FP,123,20,0,2441
NC_003155.5,S. avermitilis,Actinobacteria,66.34,FP,339,17,0,5744
NC_003155.5,S. avermitilis,Actinobacteria,66.34,FP,123,14,0,2888
NC_003155.5,S. avermitilis,Actinobacteria,66.34,FP,85,38,0,1700
NC_003155.5,S. avermitilis,Actinobacteria,66.34,FP,91,15,0,1979
NC_003155.5,S. avermitilis,Actinobacteria,66.34,FP,72,5,0,2129
NC_003155.5,S. avermitilis,Actinobacteria,66.34,TP,60,38,0,1454
NC_003155.5,S. avermitilis,Actinobacteria,66.34,FP,76,20,0,1715
NC_003155.5,S. avermitilis,Actinobacteria,66.34,TP,81,39,0,2747
NC_003155.5,S. avermitilis,Actinobacteria,66.34,TP,70,20,0,1550
NC_003155.5,S. avermitilis,Actinobacteria,66.34,TP,165,57,0,3191
NC_003155.5,S. avermitilis,Actinobacteria,66.34,FP,114,11,0,2312
NC_003155.5,S. avermitilis,Actinobacteria,66.34,FP,90,22,0,1682
NC_003155.5,S. avermitilis,Actinobacteria,66.34,FP,146,12,0,2228
NC_003155.5,S. avermitilis,Actinobacteria,66.34,FP,76,37,0,1526
NC_003155.5,S. avermitilis,Actinobacteria,66.34,TP,164,47,0,2528
NC_003155.5,S. avermitilis,Actinobacteria,66.34,TP,100,29,0,1631
NC_003155.5,S. avermitilis,Actinobacteria,66.34,TP,98,29,0,1817
NC_003155.5,S. avermitilis,Actinobacteria,66.34,FP,85,9,0,1574
NC_003155.5,S. avermitilis,Actinobacteria,66.34,TP,108,62,0,2393
NC_003155.5,S. avermitilis,Actinobacteria,66.34,TP,80,27,0,1595
NC_003155.5,S. avermitilis,Actinobacteria,66.34,FP,80,2,0,1628
NC_003155.5,S. avermitilis,Actinobacteria,66.34,FP,88,17,0,1601
NC_003155.5,S. avermitilis,Actinobacteria,66.34,FP,125,9,0,2228
NC_003155.5,S. avermitilis,Actinobacteria,66.34,FP,85,10,0,1643
NC_003155.5,S. avermitilis,Actinobacteria,66.34,FP,141,21,0,2333
NC_003155.5,S. avermitilis,Actinobacteria,66.34,FP,71,21,0,1532
NC_003155.5,S. avermitilis,Actinobacteria,66.34,FP,141,23,0,2798
NC_003155.5,S. avermitilis,Actinobacteria,66.34,FP,87,15,0,1877
NC_003155.5,S. avermitilis,Actinobacteria,66.34,FP,84,24,0,1835
NC_003155.5,S. avermitilis,Actinobacteria,66.34,TP,86,33,0,1568
NC_003155.5,S. avermitilis,Actinobacteria,66.34,FP,82,44,0,1541
NC_003155.5,S. avermitilis,Actinobacteria,66.34,FP,94,19,0,1613
NC_003155.5,S. avermitilis,Actinobacteria,66.34,FP,140,29,0,3308
NC_003155.5,S. avermitilis,Actinobacteria,66.34,FP,68,21,0,1631
NC_003155.5,S. avermitilis,Actinobacteria,66.34,FP,114,39,0,1856
NC_003155.5,S. avermitilis,Actinobacteria,66.34,FP,142,3,0,2420
NC_003155.5,S. avermitilis,Actinobacteria,66.34,FP,123,29,0,2216
NC_003155.5,S. avermitilis,Actinobacteria,66.34,FP,81,16,0,1502
NC_003155.5,S. avermitilis,Actinobacteria,66.34,FP,89,28,0,1751
NC_003155.5,S. avermitilis,Actinobacteria,66.34,FP,72,14,0,2003
NC_003155.5,S. avermitilis,Actinobacteria,66.34,FP,115,29,0,1835
NC_003155.5,S. avermitilis,Actinobacteria,66.34,FP,86,27,0,1691
NC_003155.5,S. avermitilis,Actinobacteria,66.34,TP,108,39,0,2702
NC_003155.5,S. avermitilis,Actinobacteria,66.34,FP,69,14,0,1652
NC_003155.5,S. avermitilis,Actinobacteria,66.34,TP,188,56,0,3944
NC_003155.5,S. avermitilis,Actinobacteria,66.34,TP,128,37,0,2606
NC_003155.5,S. avermitilis,Actinobacteria,66.34,FP,62,10,0,1604
NC_003155.5,S. avermitilis,Actinobacteria,66.34,FP,103,14,0,2366
NC_003155.5,S. avermitilis,Actinobacteria,66.34,TP,170,55,0,3428
NC_003155.5,S. avermitilis,Actinobacteria,66.34,FP,116,16,0,2111
NC_003155.5,S. avermitilis,Actinobacteria,66.34,TP,61,21,0,1592
NC_003155.5,S. avermitilis,Actinobacteria,66.34,FP,94,23,0,2345
NC_003155.5,S. avermitilis,Actinobacteria,66.34,FP,79,12,0,1697
NC_003155.5,S. avermitilis,Actinobacteria,66.34,FP,87,27,0,2336
NC_003155.5,S. avermitilis,Actinobacteria,66.34,TP,76,27,0,2189
NC_003155.5,S. avermitilis,Actinobacteria,66.34,FP,102,34,0,1997
NC_003155.5,S. avermitilis,Actinobacteria,66.34,FP,78,17,0,1676
NC_003155.5,S. avermitilis,Actinobacteria,66.34,FP,113,22,0,2231
NC_003155.5,S. avermitilis,Actinobacteria,66.34,TP,96,28,0,1805
NC_003155.5,S. avermitilis,Actinobacteria,66.34,FP,100,26,0,1523
NC_003155.5,S. avermitilis,Actinobacteria,66.34,TP,71,25,0,1805
NC_003155.5,S. avermitilis,Actinobacteria,66.34,TP,67,22,0,1703
NC_003155.5,S. avermitilis,Actinobacteria,66.34,TP,163,45,0,2585
NC_003155.5,S. avermitilis,Actinobacteria,66.34,TP,116,42,0,2489
NC_003155.5,S. avermitilis,Actinobacteria,66.34,TP,83,20,0,1748
NC_003155.5,S. avermitilis,Actinobacteria,66.34,TP,69,30,0,1664
NC_003155.5,S. avermitilis,Actinobacteria,66.34,FP,94,27,0,1994
NC_003155.5,S. avermitilis,Actinobacteria,66.34,FP,94,39,0,1499
NC_003155.5,S. avermitilis,Actinobacteria,66.34,FP,99,14,0,2360
NC_003155.5,S. avermitilis,Actinobacteria,66.34,TP,53,10,0,1718
NC_003155.5,S. avermitilis,Actinobacteria,66.34,FP,76,26,0,2033
NC_003155.5,S. avermitilis,Actinobacteria,66.34,TP,152,28,0,2924
NC_003155.5,S. avermitilis,Actinobacteria,66.34,FP,119,35,0,2819
NC_003155.5,S. avermitilis,Actinobacteria,66.34,FP,96,1,1,1478
NC_003155.5,S. avermitilis,Actinobacteria,66.34,TP,171,54,0,3137
NC_003155.5,S. avermitilis,Actinobacteria,66.34,TP,102,30,0,1856
NC_003155.5,S. avermitilis,Actinobacteria,66.34,TP,91,25,0,1604
NC_003155.5,S. avermitilis,Actinobacteria,66.34,TP,135,45,0,3035
NC_003155.5,S. avermitilis,Actinobacteria,66.34,FP,163,21,0,3527
NC_003155.5,S. avermitilis,Actinobacteria,66.34,TP,64,16,0,1535
NC_003155.5,S. avermitilis,Actinobacteria,66.34,FP,135,34,0,3269
NC_003155.5,S. avermitilis,Actinobacteria,66.34,TP,98,30,0,1682
NC_003155.5,S. avermitilis,Actinobacteria,66.34,FP,76,12,0,2099
NC_003155.5,S. avermitilis,Actinobacteria,66.34,TP,79,27,0,1442
NC_003155.5,S. avermitilis,Actinobacteria,66.34,FP,139,28,0,2768
NC_003155.5,S. avermitilis,Actinobacteria,66.34,TP,81,23,0,1604
NC_003155.5,S. avermitilis,Actinobacteria,66.34,TP,71,23,0,1559
NC_003155.5,S. avermitilis,Actinobacteria,66.34,TP,83,32,0,1991
NC_003155.5,S. avermitilis,Actinobacteria,66.34,TP,60,17,0,1784
NC_003155.5,S. avermitilis,Actinobacteria,66.34,FP,78,25,0,1889
NC_003155.5,S. avermitilis,Actinobacteria,66.34,FP,82,30,0,1592
NC_003155.5,S. avermitilis,Actinobacteria,66.34,FP,126,28,0,2564
NC_003155.5,S. avermitilis,Actinobacteria,66.34,FP,80,30,0,1616
NC_003155.5,S. avermitilis,Actinobacteria,66.34,FP,107,16,0,2156
NC_003155.5,S. avermitilis,Actinobacteria,66.34,TP,101,25,0,1553
NC_003155.5,S. avermitilis,Actinobacteria,66.34,TP,128,41,0,2552
NC_003155.5,S. avermitilis,Actinobacteria,66.34,FP,133,42,0,2456
NC_003155.5,S. avermitilis,Actinobacteria,66.34,FP,62,1,1,1745
NC_003155.5,S. avermitilis,Actinobacteria,66.34,FP,111,27,0,2447
NC_003155.5,S. avermitilis,Actinobacteria,66.34,FP,192,70,0,3158
NC_003155.5,S. avermitilis,Actinobacteria,66.34,TP,150,68,0,2774
NC_003155.5,S. avermitilis,Actinobacteria,66.34,TP,126,59,0,2255
NC_003155.5,S. avermitilis,Actinobacteria,66.34,FP,98,15,0,1532
NC_003155.5,S. avermitilis,Actinobacteria,66.34,TP,876,347,0,18482
NC_003155.5,S. avermitilis,Actinobacteria,66.34,FP,87,13,0,1634
NC_003155.5,S. avermitilis,Actinobacteria,66.34,FP,50,17,0,1703
NC_003155.5,S. avermitilis,Actinobacteria,66.34,FP,89,32,0,1976
NC_003155.5,S. avermitilis,Actinobacteria,66.34,FP,76,8,0,1553
NC_003155.5,S. avermitilis,Actinobacteria,66.34,FP,122,21,0,2246
NC_003155.5,S. avermitilis,Actinobacteria,66.34,FP,110,25,0,2555
NC_003155.5,S. avermitilis,Actinobacteria,66.34,TP,118,44,0,2507
NC_003155.5,S. avermitilis,Actinobacteria,66.34,TP,99,33,0,2648
NC_003155.5,S. avermitilis,Actinobacteria,66.34,TP,49,14,0,1550
NC_003155.5,S. avermitilis,Actinobacteria,66.34,FP,57,19,0,1790
NC_003155.5,S. avermitilis,Actinobacteria,66.34,FP,80,23,0,1601
NC_003155.5,S. avermitilis,Actinobacteria,66.34,TP,125,49,0,2384
NC_003155.5,S. avermitilis,Actinobacteria,66.34,FP,86,26,0,3185
NC_003155.5,S. avermitilis,Actinobacteria,66.34,FP,99,31,0,2552
NC_003155.5,S. avermitilis,Actinobacteria,66.34,FP,46,11,0,1532
NC_003155.5,S. avermitilis,Actinobacteria,66.34,TP,78,40,0,1670
NC_003155.5,S. avermitilis,Actinobacteria,66.34,TP,71,31,0,1550
NC_003155.5,S. avermitilis,Actinobacteria,66.34,FP,100,20,0,2909
NC_003155.5,S. avermitilis,Actinobacteria,66.34,FP,60,6,0,1622
NC_003155.5,S. avermitilis,Actinobacteria,66.34,FP,78,18,0,1781
NC_003155.5,S. avermitilis,Actinobacteria,66.34,FP,69,16,0,1763
NC_003155.5,S. avermitilis,Actinobacteria,66.34,FP,79,26,0,1739
NC_003155.5,S. avermitilis,Actinobacteria,66.34,FP,71,21,0,2345
NC_003155.5,S. avermitilis,Actinobacteria,66.34,TP,69,21,0,1652
NC_003155.5,S. avermitilis,Actinobacteria,66.34,TP,150,66,0,3875
NC_003155.5,S. avermitilis,Actinobacteria,66.34,FP,82,16,0,2159
NC_003155.5,S. avermitilis,Actinobacteria,66.34,TP,61,24,0,1451
NC_003155.5,S. avermitilis,Actinobacteria,66.34,TP,75,36,0,2207
NC_003155.5,S. avermitilis,Actinobacteria,66.34,FP,90,25,0,2195
NC_003155.5,S. avermitilis,Actinobacteria,66.34,FP,124,19,0,4298
NC_003155.5,S. avermitilis,Actinobacteria,66.34,FP,76,24,0,1985
NC_003155.5,S. avermitilis,Actinobacteria,66.34,FP,134,42,0,3287
NC_003155.5,S. avermitilis,Actinobacteria,66.34,FP,46,11,0,1445
NC_003155.5,S. avermitilis,Actinobacteria,66.34,TP,84,23,0,1856
NC_003155.5,S. avermitilis,Actinobacteria,66.34,FP,56,7,0,1541
NC_003155.5,S. avermitilis,Actinobacteria,66.34,FP,62,17,0,1448
NC_003155.5,S. avermitilis,Actinobacteria,66.34,TP,108,26,0,2891
NC_003155.5,S. avermitilis,Actinobacteria,66.34,TP,231,91,0,4151
NC_003155.5,S. avermitilis,Actinobacteria,66.34,FP,49,5,0,1493
NC_003155.5,S. avermitilis,Actinobacteria,66.34,FP,150,22,0,3746
NC_003155.5,S. avermitilis,Actinobacteria,66.34,FP,103,24,0,2984
NC_003155.5,S. avermitilis,Actinobacteria,66.34,TP,60,20,0,1772
NC_003155.5,S. avermitilis,Actinobacteria,66.34,FP,53,13,0,1619
NC_003155.5,S. avermitilis,Actinobacteria,66.34,FP,165,40,0,4847
NC_003155.5,S. avermitilis,Actinobacteria,66.34,FP,93,15,0,2681
NC_003155.5,S. avermitilis,Actinobacteria,66.34,FP,45,6,0,1655
NC_003155.5,S. avermitilis,Actinobacteria,66.34,FP,72,21,0,1916
NC_003155.5,S. avermitilis,Actinobacteria,66.34,FP,86,25,0,2321
NC_003155.5,S. avermitilis,Actinobacteria,66.34,FP,64,13,0,1997
NC_003155.5,S. avermitilis,Actinobacteria,66.34,TP,91,40,0,2291
NC_003155.5,S. avermitilis,Actinobacteria,66.34,FP,79,14,0,1922
NC_003155.5,S. avermitilis,Actinobacteria,66.34,FP,98,26,0,1745
NC_003155.5,S. avermitilis,Actinobacteria,66.34,TP,130,46,0,2984
NC_003155.5,S. avermitilis,Actinobacteria,66.34,FP,119,43,0,2414
NC_003155.5,S. avermitilis,Actinobacteria,66.34,FP,91,32,0,1436
NC_003155.5,S. avermitilis,Actinobacteria,66.34,FP,93,27,0,1559
NC_003155.5,S. avermitilis,Actinobacteria,66.34,TP,75,1,1,1706
NC_003155.5,S. avermitilis,Actinobacteria,66.34,TP,96,25,0,1676
NC_003155.5,S. avermitilis,Actinobacteria,66.34,TP,81,33,0,1535
NC_003155.5,S. avermitilis,Actinobacteria,66.34,TP,81,44,0,1673
NC_003155.5,S. avermitilis,Actinobacteria,66.34,TP,90,31,0,2045
NC_003155.5,S. avermitilis,Actinobacteria,66.34,FP,88,11,0,1913
NC_003155.5,S. avermitilis,Actinobacteria,66.34,FP,122,24,0,2174
NC_003155.5,S. avermitilis,Actinobacteria,66.34,TP,106,27,0,2375
NC_003155.5,S. avermitilis,Actinobacteria,66.34,TP,56,14,0,1529
NC_003155.5,S. avermitilis,Actinobacteria,66.34,FP,138,22,0,3329
NC_003155.5,S. avermitilis,Actinobacteria,66.34,TP,149,58,0,2567
NC_003155.5,S. avermitilis,Actinobacteria,66.34,FP,147,21,0,2345
NC_003155.5,S. avermitilis,Actinobacteria,66.34,TP,109,31,0,2585
NC_003155.5,S. avermitilis,Actinobacteria,66.34,FP,92,4,0,1682
NC_003155.5,S. avermitilis,Actinobacteria,66.34,FP,98,13,0,2093
NC_003155.5,S. avermitilis,Actinobacteria,66.34,TP,84,24,0,1772
NC_003155.5,S. avermitilis,Actinobacteria,66.34,FP,156,16,0,2201
NC_003155.5,S. avermitilis,Actinobacteria,66.34,FP,91,31,0,1643
NC_003155.5,S. avermitilis,Actinobacteria,66.34,TP,544,276,0,10841
NC_003155.5,S. avermitilis,Actinobacteria,66.34,FP,145,50,0,3686
NC_003155.5,S. avermitilis,Actinobacteria,66.34,FP,70,13,0,1754
NC_003155.5,S. avermitilis,Actinobacteria,66.34,TP,156,55,0,3599
NC_003155.5,S. avermitilis,Actinobacteria,66.34,TP,88,34,0,2033
NC_003155.5,S. avermitilis,Actinobacteria,66.34,FP,89,8,0,2627
NC_003155.5,S. avermitilis,Actinobacteria,66.34,TP,684,349,0,13511
NC_003155.5,S. avermitilis,Actinobacteria,66.34,FP,78,11,0,1634
NC_003155.5,S. avermitilis,Actinobacteria,66.34,FP,78,21,0,2111
NC_003155.5,S. avermitilis,Actinobacteria,66.34,TP,147,36,0,3761
NC_003155.5,S. avermitilis,Actinobacteria,66.34,FP,53,17,0,2288
NC_003155.5,S. avermitilis,Actinobacteria,66.34,TP,69,24,0,1709
NC_003155.5,S. avermitilis,Actinobacteria,66.34,TP,129,35,0,2387
NC_003155.5,S. avermitilis,Actinobacteria,66.34,FP,77,25,0,1439
NC_003155.5,S. avermitilis,Actinobacteria,66.34,FP,85,29,0,1562
NC_003155.5,S. avermitilis,Actinobacteria,66.34,FP,72,23,0,1958
NC_003155.5,S. avermitilis,Actinobacteria,66.34,FP,73,26,0,1847
NC_003155.5,S. avermitilis,Actinobacteria,66.34,FP,70,10,0,1922
NC_003155.5,S. avermitilis,Actinobacteria,66.34,TP,82,27,0,2000
NC_003155.5,S. avermitilis,Actinobacteria,66.34,FP,46,5,0,1679
NC_003155.5,S. avermitilis,Actinobacteria,66.34,TP,72,24,0,1538
NC_003155.5,S. avermitilis,Actinobacteria,66.34,FP,103,37,0,2618
NC_003155.5,S. avermitilis,Actinobacteria,66.34,FP,82,21,0,1700
NC_003155.5,S. avermitilis,Actinobacteria,66.34,FP,203,56,0,5450
NC_003155.5,S. avermitilis,Actinobacteria,66.34,TP,99,25,0,1799
NC_003155.5,S. avermitilis,Actinobacteria,66.34,FP,59,18,0,1808
NC_003155.5,S. avermitilis,Actinobacteria,66.34,TP,122,34,0,2264
NC_003155.5,S. avermitilis,Actinobacteria,66.34,TP,51,9,0,1448
NC_003155.5,S. avermitilis,Actinobacteria,66.34,TP,121,39,0,2342
NC_003155.5,S. avermitilis,Actinobacteria,66.34,FP,85,21,0,1517
NC_003155.5,S. avermitilis,Actinobacteria,66.34,TP,822,417,0,14645
NC_003155.5,S. avermitilis,Actinobacteria,66.34,FP,78,18,0,1520
NC_003155.5,S. avermitilis,Actinobacteria,66.34,FP,179,65,0,3446
NC_003155.5,S. avermitilis,Actinobacteria,66.34,FP,84,24,0,1724
NC_003155.5,S. avermitilis,Actinobacteria,66.34,FP,152,58,0,3233
NC_003155.5,S. avermitilis,Actinobacteria,66.34,FP,116,45,0,2444
NC_003155.5,S. avermitilis,Actinobacteria,66.34,FP,481,191,0,10067
NC_003155.5,S. avermitilis,Actinobacteria,66.34,TP,77,45,0,1556
NC_003155.5,S. avermitilis,Actinobacteria,66.34,TP,73,37,0,1466
NC_003155.5,S. avermitilis,Actinobacteria,66.34,FP,174,75,0,3338
NC_003155.5,S. avermitilis,Actinobacteria,66.34,FP,72,17,0,1631
NC_003155.5,S. avermitilis,Actinobacteria,66.34,TP,97,37,0,2210
NC_003155.5,S. avermitilis,Actinobacteria,66.34,FP,62,18,0,1598
NC_003155.5,S. avermitilis,Actinobacteria,66.34,FP,62,30,0,2027
NC_003155.5,S. avermitilis,Actinobacteria,66.34,TP,44,18,0,1571
NC_003155.5,S. avermitilis,Actinobacteria,66.34,FP,89,20,0,1886
NC_003155.5,S. avermitilis,Actinobacteria,66.34,TP,166,1,1,4571
NC_003155.5,S. avermitilis,Actinobacteria,66.34,TP,44,22,0,1994
NC_003155.5,S. avermitilis,Actinobacteria,66.34,TP,73,29,0,1781
NC_003155.5,S. avermitilis,Actinobacteria,66.34,FP,85,38,0,1748
NC_003155.5,S. avermitilis,Actinobacteria,66.34,FP,67,14,0,1586
NC_003155.5,S. avermitilis,Actinobacteria,66.34,TP,44,21,0,1616
NC_003155.5,S. avermitilis,Actinobacteria,66.34,FP,81,16,0,1550
NC_003155.5,S. avermitilis,Actinobacteria,66.34,FP,158,37,0,3188
NC_003155.5,S. avermitilis,Actinobacteria,66.34,FP,108,19,0,2360
NC_003155.5,S. avermitilis,Actinobacteria,66.34,FP,88,5,0,1787
NC_003155.5,S. avermitilis,Actinobacteria,66.34,FP,59,13,0,1589
NC_003155.5,S. avermitilis,Actinobacteria,66.34,FP,89,20,0,1940
NC_003155.5,S. avermitilis,Actinobacteria,66.34,FP,42,18,0,1574
NC_003155.5,S. avermitilis,Actinobacteria,66.34,TP,66,23,0,1910
NC_003155.5,S. avermitilis,Actinobacteria,66.34,FP,95,3,0,1727
NC_003155.5,S. avermitilis,Actinobacteria,66.34,FP,115,11,0,1949
NC_003155.5,S. avermitilis,Actinobacteria,66.34,FP,51,10,0,1577
NC_003155.5,S. avermitilis,Actinobacteria,66.34,FP,79,19,0,1967
NC_003155.5,S. avermitilis,Actinobacteria,66.34,FP,59,23,0,1547
NC_003155.5,S. avermitilis,Actinobacteria,66.34,FP,109,29,0,1901
NC_003155.5,S. avermitilis,Actinobacteria,66.34,FP,61,46,0,3311
NC_003155.5,S. avermitilis,Actinobacteria,66.34,TP,61,45,0,2252
NC_003155.5,S. avermitilis,Actinobacteria,66.34,FP,49,1,1,1835
NC_003155.5,S. avermitilis,Actinobacteria,66.34,TP,58,36,0,1631
NC_003155.5,S. avermitilis,Actinobacteria,66.34,TP,93,37,0,1994
NC_003155.5,S. avermitilis,Actinobacteria,66.34,FP,117,17,0,2780
NC_003155.5,S. avermitilis,Actinobacteria,66.34,TP,87,38,0,2405
NC_003155.5,S. avermitilis,Actinobacteria,66.34,TP,74,38,0,3119
NC_003155.5,S. avermitilis,Actinobacteria,66.34,TP,104,34,0,2507
NC_003155.5,S. avermitilis,Actinobacteria,66.34,FP,106,52,0,2546
NC_003155.5,S. avermitilis,Actinobacteria,66.34,TP,108,30,0,2468
NC_003155.5,S. avermitilis,Actinobacteria,66.34,FP,143,15,0,2489
NC_003155.5,S. avermitilis,Actinobacteria,66.34,FP,113,21,0,1649
NC_003155.5,S. avermitilis,Actinobacteria,66.34,TP,89,24,0,1694
NC_003155.5,S. avermitilis,Actinobacteria,66.34,FP,125,33,0,2789
NC_003155.5,S. avermitilis,Actinobacteria,66.34,TP,83,21,0,1697
NC_003155.5,S. avermitilis,Actinobacteria,66.34,FP,206,57,0,4070
NC_003155.5,S. avermitilis,Actinobacteria,66.34,FP,96,35,0,1463
NC_003155.5,S. avermitilis,Actinobacteria,66.34,FP,95,43,0,1535
NC_003155.5,S. avermitilis,Actinobacteria,66.34,TP,162,69,0,3089
NC_003155.5,S. avermitilis,Actinobacteria,66.34,FP,101,13,0,1949
NC_003155.5,S. avermitilis,Actinobacteria,66.34,FP,91,20,0,1742
NC_003155.5,S. avermitilis,Actinobacteria,66.34,TP,69,20,0,1448
NC_003155.5,S. avermitilis,Actinobacteria,66.34,TP,111,39,0,2060
NC_003155.5,S. avermitilis,Actinobacteria,66.34,FP,140,35,0,2990
NC_003155.5,S. avermitilis,Actinobacteria,66.34,FP,149,43,0,2654
NC_003155.5,S. avermitilis,Actinobacteria,66.34,TP,70,25,0,1676
NC_003030.1,C. acetobutyl.,Firmicutes,88.01,TP,15,10,0,1403
NC_003030.1,C. acetobutyl.,Firmicutes,88.01,TP,25,15,0,1070
NC_003030.1,C. acetobutyl.,Firmicutes,88.01,TP,19,10,0,1277
NC_003030.1,C. acetobutyl.,Firmicutes,88.01,TP,16,10,0,1274
NC_003030.1,C. acetobutyl.,Firmicutes,88.01,TP,32,27,0,1370
NC_003030.1,C. acetobutyl.,Firmicutes,88.01,TP,18,11,0,1061
NC_003030.1,C. acetobutyl.,Firmicutes,88.01,TP,14,11,0,812
NC_003030.1,C. acetobutyl.,Firmicutes,88.01,TP,18,9,0,911
NC_003030.1,C. acetobutyl.,Firmicutes,88.01,TP,44,26,0,2069
NC_003030.1,C. acetobutyl.,Firmicutes,88.01,TP,28,15,0,1472
NC_003030.1,C. acetobutyl.,Firmicutes,88.01,TP,17,13,0,962
NC_003030.1,C. acetobutyl.,Firmicutes,88.01,TP,25,15,0,1229
NC_003030.1,C. acetobutyl.,Firmicutes,88.01,TP,15,8,0,1106
NC_003030.1,C. acetobutyl.,Firmicutes,88.01,TP,35,26,0,1667
NC_003030.1,C. acetobutyl.,Firmicutes,88.01,TP,25,18,0,1445
NC_003030.1,C. acetobutyl.,Firmicutes,88.01,TP,27,19,0,1175
NC_003030.1,C. acetobutyl.,Firmicutes,88.01,TP,26,20,0,929
NC_003030.1,C. acetobutyl.,Firmicutes,88.01,TP,17,15,0,905
NC_003030.1,C. acetobutyl.,Firmicutes,88.01,TP,29,13,0,1148
NC_003030.1,C. acetobutyl.,Firmicutes,88.01,TP,25,16,0,1076
NC_003030.1,C. acetobutyl.,Firmicutes,88.01,TP,28,17,0,1136
NC_003030.1,C. acetobutyl.,Firmicutes,88.01,TP,45,29,0,2066
NC_003030.1,C. acetobutyl.,Firmicutes,88.01,TP,11,11,0,941
NC_003030.1,C. acetobutyl.,Firmicutes,88.01,TP,13,7,0,743
NC_003030.1,C. acetobutyl.,Firmicutes,88.01,TP,27,19,0,1403
NC_003030.1,C. acetobutyl.,Firmicutes,88.01,TP,12,10,0,734
NC_003030.1,C. acetobutyl.,Firmicutes,88.01,TP,14,11,0,848
NC_003030.1,C. acetobutyl.,Firmicutes,88.01,TP,24,19,0,1001
NC_003030.1,C. acetobutyl.,Firmicutes,88.01,TP,16,13,0,779
NC_003030.1,C. acetobutyl.,Firmicutes,88.01,TP,30,19,0,1649
NC_003030.1,C. acetobutyl.,Firmicutes,88.01,TP,19,13,0,1286
NC_003030.1,C. acetobutyl.,Firmicutes,88.01,TP,18,14,0,1004
NC_003030.1,C. acetobutyl.,Firmicutes,88.01,TP,29,20,0,731
NC_003030.1,C. acetobutyl.,Firmicutes,88.01,TP,26,21,0,1391
NC_003030.1,C. acetobutyl.,Firmicutes,88.01,TP,16,12,0,779
NC_003030.1,C. acetobutyl.,Firmicutes,88.01,TP,12,9,0,848
NC_003030.1,C. acetobutyl.,Firmicutes,88.01,TP,42,26,0,1763
NC_003030.1,C. acetobutyl.,Firmicutes,88.01,TP,39,33,0,2498
NC_003030.1,C. acetobutyl.,Firmicutes,88.01,TP,23,17,0,1331
NC_003030.1,C. acetobutyl.,Firmicutes,88.01,TP,17,10,0,851
NC_003030.1,C. acetobutyl.,Firmicutes,88.01,TP,26,20,0,1160
NC_003030.1,C. acetobutyl.,Firmicutes,88.01,TP,43,35,0,1304
NC_003030.1,C. acetobutyl.,Firmicutes,88.01,TP,27,19,0,953
NC_003030.1,C. acetobutyl.,Firmicutes,88.01,TP,29,17,0,1304
NC_003030.1,C. acetobutyl.,Firmicutes,88.01,TP,19,11,0,773
NC_003030.1,C. acetobutyl.,Firmicutes,88.01,TP,40,12,0,1517
NC_003030.1,C. acetobutyl.,Firmicutes,88.01,TP,27,21,0,1727
NC_003030.1,C. acetobutyl.,Firmicutes,88.01,TP,12,6,0,974
NC_003030.1,C. acetobutyl.,Firmicutes,88.01,TP,20,17,0,764
NC_003030.1,C. acetobutyl.,Firmicutes,88.01,TP,43,28,0,1109
NC_003030.1,C. acetobutyl.,Firmicutes,88.01,TP,31,16,0,875
NC_003030.1,C. acetobutyl.,Firmicutes,88.01,TP,32,19,0,1523
NC_003030.1,C. acetobutyl.,Firmicutes,88.01,TP,47,27,0,2165
NC_003030.1,C. acetobutyl.,Firmicutes,88.01,TP,26,25,0,1253
NC_003030.1,C. acetobutyl.,Firmicutes,88.01,TP,46,31,0,2318
NC_003030.1,C. acetobutyl.,Firmicutes,88.01,TP,25,17,0,1541
NC_003030.1,C. acetobutyl.,Firmicutes,88.01,TP,14,12,0,1358
NC_003030.1,C. acetobutyl.,Firmicutes,88.01,TP,20,18,0,827
NC_003030.1,C. acetobutyl.,Firmicutes,88.01,TP,34,31,0,1226
NC_003030.1,C. acetobutyl.,Firmicutes,88.01,TP,9,9,0,743
NC_003030.1,C. acetobutyl.,Firmicutes,88.01,TP,17,13,0,1073
NC_003030.1,C. acetobutyl.,Firmicutes,88.01,TP,32,18,0,1544
NC_003030.1,C. acetobutyl.,Firmicutes,88.01,TP,25,14,0,1532
NC_003030.1,C. acetobutyl.,Firmicutes,88.01,TP,39,23,0,2192
NC_003030.1,C. acetobutyl.,Firmicutes,88.01,TP,31,23,0,2177
NC_003030.1,C. acetobutyl.,Firmicutes,88.01,TP,13,9,0,824
NC_003030.1,C. acetobutyl.,Firmicutes,88.01,TP,24,14,0,1784
NC_003030.1,C. acetobutyl.,Firmicutes,88.01,TP,21,19,0,1415
NC_003030.1,C. acetobutyl.,Firmicutes,88.01,TP,15,9,0,725
NC_003030.1,C. acetobutyl.,Firmicutes,88.01,TP,12,11,0,806
NC_003030.1,C. acetobutyl.,Firmicutes,88.01,TP,31,21,0,1361
NC_003030.1,C. acetobutyl.,Firmicutes,88.01,TP,14,10,0,1235
NC_003030.1,C. acetobutyl.,Firmicutes,88.01,TP,26,19,0,1130
NC_003030.1,C. acetobutyl.,Firmicutes,88.01,TP,22,16,0,1280
NC_003030.1,C. acetobutyl.,Firmicutes,88.01,TP,17,10,0,728
NC_003030.1,C. acetobutyl.,Firmicutes,88.01,TP,21,17,0,1202
NC_003030.1,C. acetobutyl.,Firmicutes,88.01,TP,12,8,0,830
NC_003030.1,C. acetobutyl.,Firmicutes,88.01,TP,43,39,0,2006
NC_003030.1,C. acetobutyl.,Firmicutes,88.01,TP,31,24,0,1715
NC_003030.1,C. acetobutyl.,Firmicutes,88.01,TP,11,8,0,767
NC_003030.1,C. acetobutyl.,Firmicutes,88.01,TP,21,18,0,947
NC_003030.1,C. acetobutyl.,Firmicutes,88.01,TP,15,13,0,920
NC_003030.1,C. acetobutyl.,Firmicutes,88.01,TP,11,7,0,818
NC_003030.1,C. acetobutyl.,Firmicutes,88.01,TP,52,31,0,2003
NC_003030.1,C. acetobutyl.,Firmicutes,88.01,TP,60,24,0,2180
NC_003030.1,C. acetobutyl.,Firmicutes,88.01,TP,25,16,0,1448
NC_003030.1,C. acetobutyl.,Firmicutes,88.01,TP,50,25,0,2138
NC_003030.1,C. acetobutyl.,Firmicutes,88.01,TP,30,20,0,1277
NC_003030.1,C. acetobutyl.,Firmicutes,88.01,TP,27,16,0,1148
NC_003030.1,C. acetobutyl.,Firmicutes,88.01,TP,16,11,0,986
NC_003030.1,C. acetobutyl.,Firmicutes,88.01,TP,23,17,0,1304
NC_003030.1,C. acetobutyl.,Firmicutes,88.01,TP,13,11,0,824
NC_003030.1,C. acetobutyl.,Firmicutes,88.01,TP,25,19,0,1289
NC_003030.1,C. acetobutyl.,Firmicutes,88.01,TP,40,29,0,2198
NC_003030.1,C. acetobutyl.,Firmicutes,88.01,TP,9,8,0,956
NC_003030.1,C. acetobutyl.,Firmicutes,88.01,TP,37,36,0,1619
NC_003030.1,C. acetobutyl.,Firmicutes,88.01,TP,8,5,0,737
NC_003030.1,C. acetobutyl.,Firmicutes,88.01,TP,14,13,0,884
NC_003030.1,C. acetobutyl.,Firmicutes,88.01,TP,30,21,0,1400
NC_003030.1,C. acetobutyl.,Firmicutes,88.01,TP,26,18,0,1412
NC_003030.1,C. acetobutyl.,Firmicutes,88.01,TP,19,11,0,896
NC_003030.1,C. acetobutyl.,Firmicutes,88.01,TP,43,34,0,3698
NC_003030.1,C. acetobutyl.,Firmicutes,88.01,TP,21,14,0,1439
NC_003030.1,C. acetobutyl.,Firmicutes,88.01,TP,43,31,0,2309
NC_003030.1,C. acetobutyl.,Firmicutes,88.01,TP,16,12,0,1277
NC_003030.1,C. acetobutyl.,Firmicutes,88.01,TP,14,7,0,851
NC_003030.1,C. acetobutyl.,Firmicutes,88.01,TP,13,9,0,1115
NC_003030.1,C. acetobutyl.,Firmicutes,88.01,TP,24,14,0,869
NC_003030.1,C. acetobutyl.,Firmicutes,88.01,TP,22,12,0,1061
NC_003030.1,C. acetobutyl.,Firmicutes,88.01,TP,26,21,0,1511
NC_003030.1,C. acetobutyl.,Firmicutes,88.01,TP,11,8,0,761
NC_003030.1,C. acetobutyl.,Firmicutes,88.01,TP,23,15,0,890
NC_003030.1,C. acetobutyl.,Firmicutes,88.01,TP,44,23,0,1868
NC_003030.1,C. acetobutyl.,Firmicutes,88.01,TP,22,15,0,1136
NC_003030.1,C. acetobutyl.,Firmicutes,88.01,TP,26,17,0,1253
NC_003030.1,C. acetobutyl.,Firmicutes,88.01,TP,30,20,0,1367
NC_003030.1,C. acetobutyl.,Firmicutes,88.01,TP,28,19,0,1466
NC_003030.1,C. acetobutyl.,Firmicutes,88.01,TP,43,30,0,1991
NC_003030.1,C. acetobutyl.,Firmicutes,88.01,TP,20,16,0,1343
NC_003030.1,C. acetobutyl.,Firmicutes,88.01,TP,25,10,0,1085
NC_003030.1,C. acetobutyl.,Firmicutes,88.01,TP,32,20,0,1058
NC_003030.1,C. acetobutyl.,Firmicutes,88.01,TP,35,20,0,1475
NC_003030.1,C. acetobutyl.,Firmicutes,88.01,TP,5,5,0,788
NC_003030.1,C. acetobutyl.,Firmicutes,88.01,TP,20,14,0,758
NC_003030.1,C. acetobutyl.,Firmicutes,88.01,TP,9,9,0,731
NC_003030.1,C. acetobutyl.,Firmicutes,88.01,TP,39,29,0,2321
NC_003030.1,C. acetobutyl.,Firmicutes,88.01,TP,15,9,0,731
NC_003030.1,C. acetobutyl.,Firmicutes,88.01,TP,24,19,0,1421
NC_003030.1,C. acetobutyl.,Firmicutes,88.01,TP,31,23,0,1886
NC_003030.1,C. acetobutyl.,Firmicutes,88.01,TP,40,24,0,2480
NC_003030.1,C. acetobutyl.,Firmicutes,88.01,TP,32,20,0,1193
NC_003030.1,C. acetobutyl.,Firmicutes,88.01,TP,22,14,0,1370
NC_003030.1,C. acetobutyl.,Firmicutes,88.01,TP,25,20,0,980
NC_003030.1,C. acetobutyl.,Firmicutes,88.01,TP,22,19,0,728
NC_003030.1,C. acetobutyl.,Firmicutes,88.01,TP,23,14,0,1019
NC_003030.1,C. acetobutyl.,Firmicutes,88.01,TP,25,19,0,1235
NC_003030.1,C. acetobutyl.,Firmicutes,88.01,TP,22,14,0,1217
NC_003030.1,C. acetobutyl.,Firmicutes,88.01,TP,20,14,0,1475
NC_003030.1,C. acetobutyl.,Firmicutes,88.01,TP,55,29,0,2309
NC_003030.1,C. acetobutyl.,Firmicutes,88.01,TP,20,14,0,1250
NC_003030.1,C. acetobutyl.,Firmicutes,88.01,TP,16,8,0,833
NC_003030.1,C. acetobutyl.,Firmicutes,88.01,TP,39,18,0,1997
NC_003030.1,C. acetobutyl.,Firmicutes,88.01,TP,24,18,0,1358
NC_003030.1,C. acetobutyl.,Firmicutes,88.01,FP,38,23,0,1061
NC_003030.1,C. acetobutyl.,Firmicutes,88.01,TP,16,15,0,842
NC_003030.1,C. acetobutyl.,Firmicutes,88.01,TP,38,25,0,1952
NC_003030.1,C. acetobutyl.,Firmicutes,88.01,TP,22,13,0,1052
NC_003030.1,C. acetobutyl.,Firmicutes,88.01,TP,33,14,0,1133
NC_003030.1,C. acetobutyl.,Firmicutes,88.01,TP,24,20,0,1199
NC_003030.1,C. acetobutyl.,Firmicutes,88.01,TP,21,16,0,1085
NC_003030.1,C. acetobutyl.,Firmicutes,88.01,TP,51,32,0,2645
NC_003030.1,C. acetobutyl.,Firmicutes,88.01,TP,16,11,0,1028
NC_003030.1,C. acetobutyl.,Firmicutes,88.01,TP,17,12,0,890
NC_003030.1,C. acetobutyl.,Firmicutes,88.01,TP,26,14,0,1316
NC_003030.1,C. acetobutyl.,Firmicutes,88.01,TP,25,17,0,995
NC_003030.1,C. acetobutyl.,Firmicutes,88.01,TP,13,8,0,1154
NC_003030.1,C. acetobutyl.,Firmicutes,88.01,TP,18,11,0,1001
NC_003030.1,C. acetobutyl.,Firmicutes,88.01,TP,15,13,0,1076
NC_003030.1,C. acetobutyl.,Firmicutes,88.01,TP,32,26,0,1349
NC_003030.1,C. acetobutyl.,Firmicutes,88.01,TP,12,9,0,728
NC_003030.1,C. acetobutyl.,Firmicutes,88.01,TP,22,12,0,851
NC_003030.1,C. acetobutyl.,Firmicutes,88.01,TP,15,10,0,743
NC_003030.1,C. acetobutyl.,Firmicutes,88.01,TP,25,23,0,1298
NC_003030.1,C. acetobutyl.,Firmicutes,88.01,TP,8,5,0,803
NC_003030.1,C. acetobutyl.,Firmicutes,88.01,TP,14,10,0,818
NC_003030.1,C. acetobutyl.,Firmicutes,88.01,TP,17,9,0,1049
NC_003030.1,C. acetobutyl.,Firmicutes,88.01,TP,45,27,0,2096
NC_003030.1,C. acetobutyl.,Firmicutes,88.01,TP,18,13,0,965
NC_003030.1,C. acetobutyl.,Firmicutes,88.01,TP,42,29,0,2297
NC_003030.1,C. acetobutyl.,Firmicutes,88.01,TP,18,14,0,1196
NC_003030.1,C. acetobutyl.,Firmicutes,88.01,TP,30,22,0,1430
NC_003030.1,C. acetobutyl.,Firmicutes,88.01,TP,17,10,0,1364
NC_003030.1,C. acetobutyl.,Firmicutes,88.01,TP,25,19,0,1514
NC_003030.1,C. acetobutyl.,Firmicutes,88.01,TP,19,13,0,1712
NC_003030.1,C. acetobutyl.,Firmicutes,88.01,TP,13,7,0,917
NC_003030.1,C. acetobutyl.,Firmicutes,88.01,TP,18,6,0,752
NC_003030.1,C. acetobutyl.,Firmicutes,88.01,TP,19,11,0,1301
NC_003030.1,C. acetobutyl.,Firmicutes,88.01,TP,11,5,0,1175
NC_003030.1,C. acetobutyl.,Firmicutes,88.01,TP,16,4,0,962
NC_003030.1,C. acetobutyl.,Firmicutes,88.01,TP,23,15,0,1097
NC_003030.1,C. acetobutyl.,Firmicutes,88.01,TP,32,19,0,2129
NC_003030.1,C. acetobutyl.,Firmicutes,88.01,TP,12,7,0,854
NC_003030.1,C. acetobutyl.,Firmicutes,88.01,TP,25,17,0,2174
NC_003030.1,C. acetobutyl.,Firmicutes,88.01,TP,43,29,0,2171
NC_003030.1,C. acetobutyl.,Firmicutes,88.01,TP,30,18,0,1778
NC_003030.1,C. acetobutyl.,Firmicutes,88.01,TP,25,10,0,1157
NC_003030.1,C. acetobutyl.,Firmicutes,88.01,TP,13,7,0,806
NC_003030.1,C. acetobutyl.,Firmicutes,88.01,TP,55,9,0,1532
NC_003030.1,C. acetobutyl.,Firmicutes,88.01,TP,26,16,0,1493
NC_003030.1,C. acetobutyl.,Firmicutes,88.01,TP,13,9,0,1013
NC_003030.1,C. acetobutyl.,Firmicutes,88.01,TP,24,15,0,1136
NC_003030.1,C. acetobutyl.,Firmicutes,88.01,TP,7,6,0,1088
NC_003030.1,C. acetobutyl.,Firmicutes,88.01,TP,14,8,0,1067
NC_003030.1,C. acetobutyl.,Firmicutes,88.01,TP,19,12,0,962
NC_003030.1,C. acetobutyl.,Firmicutes,88.01,TP,17,12,0,1280
NC_003030.1,C. acetobutyl.,Firmicutes,88.01,TP,33,10,0,2549
NC_003030.1,C. acetobutyl.,Firmicutes,88.01,TP,17,11,0,1226
NC_003030.1,C. acetobutyl.,Firmicutes,88.01,TP,24,15,0,1256
NC_003030.1,C. acetobutyl.,Firmicutes,88.01,TP,26,23,0,1418
NC_003030.1,C. acetobutyl.,Firmicutes,88.01,TP,14,7,0,1133
NC_003030.1,C. acetobutyl.,Firmicutes,88.01,TP,27,17,0,1337
NC_003030.1,C. acetobutyl.,Firmicutes,88.01,TP,38,17,0,2507
NC_003030.1,C. acetobutyl.,Firmicutes,88.01,TP,14,12,0,923
NC_003030.1,C. acetobutyl.,Firmicutes,88.01,TP,28,26,0,1184
NC_003030.1,C. acetobutyl.,Firmicutes,88.01,TP,43,29,0,2351
NC_003030.1,C. acetobutyl.,Firmicutes,88.01,TP,26,11,0,1217
NC_003030.1,C. acetobutyl.,Firmicutes,88.01,TP,11,7,0,860
NC_003030.1,C. acetobutyl.,Firmicutes,88.01,TP,22,8,0,1013
NC_003030.1,C. acetobutyl.,Firmicutes,88.01,TP,26,17,0,2015
NC_003030.1,C. acetobutyl.,Firmicutes,88.01,TP,22,13,0,1340
NC_003030.1,C. acetobutyl.,Firmicutes,88.01,TP,31,20,0,1913
NC_003030.1,C. acetobutyl.,Firmicutes,88.01,TP,8,5,0,860
NC_003030.1,C. acetobutyl.,Firmicutes,88.01,TP,17,10,0,917
NC_003030.1,C. acetobutyl.,Firmicutes,88.01,TP,28,18,0,1334
NC_003030.1,C. acetobutyl.,Firmicutes,88.01,TP,39,31,0,1343
NC_003030.1,C. acetobutyl.,Firmicutes,88.01,TP,25,13,0,1550
NC_003030.1,C. acetobutyl.,Firmicutes,88.01,TP,33,25,0,1229
NC_003030.1,C. acetobutyl.,Firmicutes,88.01,TP,26,13,0,1679
NC_003030.1,C. acetobutyl.,Firmicutes,88.01,TP,29,18,0,1214
NC_003030.1,C. acetobutyl.,Firmicutes,88.01,TP,11,8,0,839
NC_003030.1,C. acetobutyl.,Firmicutes,88.01,TP,17,14,0,947
NC_003030.1,C. acetobutyl.,Firmicutes,88.01,TP,26,19,0,968
NC_003030.1,C. acetobutyl.,Firmicutes,88.01,TP,16,12,0,941
NC_003030.1,C. acetobutyl.,Firmicutes,88.01,TP,19,10,0,851
NC_003030.1,C. acetobutyl.,Firmicutes,88.01,TP,25,17,0,1121
NC_003030.1,C. acetobutyl.,Firmicutes,88.01,TP,20,10,0,929
NC_003030.1,C. acetobutyl.,Firmicutes,88.01,TP,14,12,0,932
NC_003030.1,C. acetobutyl.,Firmicutes,88.01,TP,14,10,0,1157
NC_003030.1,C. acetobutyl.,Firmicutes,88.01,TP,9,10,0,818
NC_003030.1,C. acetobutyl.,Firmicutes,88.01,TP,16,13,0,1400
NC_003030.1,C. acetobutyl.,Firmicutes,88.01,TP,56,37,0,2648
NC_003030.1,C. acetobutyl.,Firmicutes,88.01,TP,19,11,0,749
NC_003030.1,C. acetobutyl.,Firmicutes,88.01,TP,25,23,0,755
NC_003030.1,C. acetobutyl.,Firmicutes,88.01,TP,40,27,0,1676
NC_003030.1,C. acetobutyl.,Firmicutes,88.01,TP,24,16,0,947
NC_003030.1,C. acetobutyl.,Firmicutes,88.01,TP,27,13,0,1115
NC_003030.1,C. acetobutyl.,Firmicutes,88.01,TP,30,23,0,1535
NC_003030.1,C. acetobutyl.,Firmicutes,88.01,TP,15,10,0,1193
NC_003030.1,C. acetobutyl.,Firmicutes,88.01,TP,18,16,0,914
NC_003030.1,C. acetobutyl.,Firmicutes,88.01,TP,23,13,0,1352
NC_003030.1,C. acetobutyl.,Firmicutes,88.01,TP,33,14,0,1133
NC_003030.1,C. acetobutyl.,Firmicutes,88.01,TP,21,9,0,1034
NC_003030.1,C. acetobutyl.,Firmicutes,88.01,TP,12,8,0,947
NC_003030.1,C. acetobutyl.,Firmicutes,88.01,TP,41,25,0,1973
NC_003030.1,C. acetobutyl.,Firmicutes,88.01,TP,103,64,0,4574
NC_003030.1,C. acetobutyl.,Firmicutes,88.01,TP,25,14,0,1136
NC_003030.1,C. acetobutyl.,Firmicutes,88.01,TP,20,13,0,980
NC_003030.1,C. acetobutyl.,Firmicutes,88.01,TP,22,19,0,869
NC_003030.1,C. acetobutyl.,Firmicutes,88.01,TP,17,14,0,887
NC_003030.1,C. acetobutyl.,Firmicutes,88.01,TP,21,12,0,1013
NC_003030.1,C. acetobutyl.,Firmicutes,88.01,TP,31,22,0,1709
NC_003030.1,C. acetobutyl.,Firmicutes,88.01,TP,19,14,0,758
NC_003030.1,C. acetobutyl.,Firmicutes,88.01,TP,44,31,0,2096
NC_003030.1,C. acetobutyl.,Firmicutes,88.01,TP,22,18,0,947
NC_003030.1,C. acetobutyl.,Firmicutes,88.01,TP,33,16,0,1439
NC_003030.1,C. acetobutyl.,Firmicutes,88.01,TP,18,14,0,1274
NC_003030.1,C. acetobutyl.,Firmicutes,88.01,TP,32,25,0,1325
NC_003030.1,C. acetobutyl.,Firmicutes,88.01,TP,11,6,0,806
NC_003030.1,C. acetobutyl.,Firmicutes,88.01,TP,17,15,0,1097
NC_003030.1,C. acetobutyl.,Firmicutes,88.01,TP,47,19,0,1595
NC_003030.1,C. acetobutyl.,Firmicutes,88.01,TP,44,22,0,1598
NC_003030.1,C. acetobutyl.,Firmicutes,88.01,TP,19,15,0,722
NC_003030.1,C. acetobutyl.,Firmicutes,88.01,TP,25,21,0,1265
NC_003030.1,C. acetobutyl.,Firmicutes,88.01,TP,20,10,0,824
NC_003030.1,C. acetobutyl.,Firmicutes,88.01,TP,21,11,0,947
NC_003030.1,C. acetobutyl.,Firmicutes,88.01,TP,40,27,0,1922
NC_003030.1,C. acetobutyl.,Firmicutes,88.01,TP,12,11,0,1085
NC_003030.1,C. acetobutyl.,Firmicutes,88.01,TP,36,26,0,1223
NC_003030.1,C. acetobutyl.,Firmicutes,88.01,TP,44,30,0,1853
NC_003030.1,C. acetobutyl.,Firmicutes,88.01,TP,16,11,0,788
NC_003030.1,C. acetobutyl.,Firmicutes,88.01,TP,19,17,0,1319
NC_003030.1,C. acetobutyl.,Firmicutes,88.01,TP,20,16,0,1403
NC_003030.1,C. acetobutyl.,Firmicutes,88.01,TP,14,9,0,1448
NC_003030.1,C. acetobutyl.,Firmicutes,88.01,TP,23,16,0,1478
NC_003030.1,C. acetobutyl.,Firmicutes,88.01,TP,14,7,0,1010
NC_003030.1,C. acetobutyl.,Firmicutes,88.01,TP,26,21,0,1034
NC_003030.1,C. acetobutyl.,Firmicutes,88.01,TP,38,15,0,2168
NC_003030.1,C. acetobutyl.,Firmicutes,88.01,TP,31,21,0,1526
NC_003030.1,C. acetobutyl.,Firmicutes,88.01,TP,24,17,0,1151
NC_003030.1,C. acetobutyl.,Firmicutes,88.01,TP,21,15,0,881
NC_003030.1,C. acetobutyl.,Firmicutes,88.01,TP,16,12,0,725
NC_003030.1,C. acetobutyl.,Firmicutes,88.01,TP,17,14,0,854
NC_003030.1,C. acetobutyl.,Firmicutes,88.01,TP,44,29,0,2519
NC_003030.1,C. acetobutyl.,Firmicutes,88.01,TP,26,15,0,1694
NC_003030.1,C. acetobutyl.,Firmicutes,88.01,TP,22,9,0,1325
NC_003030.1,C. acetobutyl.,Firmicutes,88.01,TP,9,10,0,749
NC_003030.1,C. acetobutyl.,Firmicutes,88.01,TP,52,28,0,3350
NC_003030.1,C. acetobutyl.,Firmicutes,88.01,TP,10,9,0,770
NC_003030.1,C. acetobutyl.,Firmicutes,88.01,TP,41,29,0,1934
NC_003030.1,C. acetobutyl.,Firmicutes,88.01,TP,18,14,0,1007
NC_003030.1,C. acetobutyl.,Firmicutes,88.01,TP,11,9,0,902
NC_003030.1,C. acetobutyl.,Firmicutes,88.01,TP,22,21,0,1049
NC_003030.1,C. acetobutyl.,Firmicutes,88.01,TP,31,21,0,1307
NC_003030.1,C. acetobutyl.,Firmicutes,88.01,TP,33,26,0,1346
NC_003030.1,C. acetobutyl.,Firmicutes,88.01,TP,19,11,0,1022
NC_003030.1,C. acetobutyl.,Firmicutes,88.01,TP,16,12,0,1163
NC_003030.1,C. acetobutyl.,Firmicutes,88.01,TP,14,10,0,1145
NC_003030.1,C. acetobutyl.,Firmicutes,88.01,TP,17,11,0,767
NC_003030.1,C. acetobutyl.,Firmicutes,88.01,TP,34,24,0,1928
NC_003030.1,C. acetobutyl.,Firmicutes,88.01,TP,23,12,0,1004
NC_003030.1,C. acetobutyl.,Firmicutes,88.01,TP,48,32,0,2249
NC_003030.1,C. acetobutyl.,Firmicutes,88.01,TP,29,19,0,1487
NC_003030.1,C. acetobutyl.,Firmicutes,88.01,TP,33,21,0,1646
NC_003030.1,C. acetobutyl.,Firmicutes,88.01,TP,10,9,0,827
NC_003030.1,C. acetobutyl.,Firmicutes,88.01,TP,17,12,0,1163
NC_003030.1,C. acetobutyl.,Firmicutes,88.01,TP,19,14,0,1304
NC_003030.1,C. acetobutyl.,Firmicutes,88.01,TP,37,25,0,1991
NC_003030.1,C. acetobutyl.,Firmicutes,88.01,TP,22,11,0,968
NC_003030.1,C. acetobutyl.,Firmicutes,88.01,TP,16,13,0,914
NC_003030.1,C. acetobutyl.,Firmicutes,88.01,TP,55,39,0,2615
NC_003030.1,C. acetobutyl.,Firmicutes,88.01,TP,16,12,0,1058
NC_003030.1,C. acetobutyl.,Firmicutes,88.01,TP,12,7,0,899
NC_003030.1,C. acetobutyl.,Firmicutes,88.01,TP,24,9,0,1016
NC_003030.1,C. acetobutyl.,Firmicutes,88.01,TP,27,20,0,1013
NC_003030.1,C. acetobutyl.,Firmicutes,88.01,TP,35,18,0,1991
NC_003030.1,C. acetobutyl.,Firmicutes,88.01,TP,34,26,0,2099
NC_003030.1,C. acetobutyl.,Firmicutes,88.01,TP,22,20,0,1304
NC_003030.1,C. acetobutyl.,Firmicutes,88.01,TP,18,13,0,1148
NC_003030.1,C. acetobutyl.,Firmicutes,88.01,TP,22,8,0,1634
NC_003030.1,C. acetobutyl.,Firmicutes,88.01,TP,20,18,0,995
NC_003030.1,C. acetobutyl.,Firmicutes,88.01,TP,12,9,0,851
NC_003030.1,C. acetobutyl.,Firmicutes,88.01,TP,47,22,0,2735
NC_003030.1,C. acetobutyl.,Firmicutes,88.01,TP,13,12,0,806
NC_003030.1,C. acetobutyl.,Firmicutes,88.01,TP,21,17,0,1031
NC_003030.1,C. acetobutyl.,Firmicutes,88.01,TP,20,16,0,1070
NC_003030.1,C. acetobutyl.,Firmicutes,88.01,TP,24,13,0,1124
NC_003030.1,C. acetobutyl.,Firmicutes,88.01,TP,25,18,0,1031
NC_003030.1,C. acetobutyl.,Firmicutes,88.01,TP,21,13,0,1847
NC_003030.1,C. acetobutyl.,Firmicutes,88.01,TP,21,11,0,935
NC_003030.1,C. acetobutyl.,Firmicutes,88.01,TP,33,15,0,1310
NC_003030.1,C. acetobutyl.,Firmicutes,88.01,TP,29,11,0,806
NC_003030.1,C. acetobutyl.,Firmicutes,88.01,TP,24,17,0,1496
NC_003030.1,C. acetobutyl.,Firmicutes,88.01,TP,11,7,0,857
NC_003030.1,C. acetobutyl.,Firmicutes,88.01,TP,44,32,0,2390
NC_003030.1,C. acetobutyl.,Firmicutes,88.01,TP,10,7,0,833
NC_003030.1,C. acetobutyl.,Firmicutes,88.01,TP,26,19,0,776
NC_003030.1,C. acetobutyl.,Firmicutes,88.01,TP,22,16,0,1499
NC_003030.1,C. acetobutyl.,Firmicutes,88.01,TP,12,8,0,758
NC_003030.1,C. acetobutyl.,Firmicutes,88.01,TP,20,14,0,752
NC_003030.1,C. acetobutyl.,Firmicutes,88.01,TP,10,11,0,896
NC_003030.1,C. acetobutyl.,Firmicutes,88.01,TP,27,18,0,1115
NC_003030.1,C. acetobutyl.,Firmicutes,88.01,TP,12,8,0,899
NC_003030.1,C. acetobutyl.,Firmicutes,88.01,TP,19,14,0,740
NC_003030.1,C. acetobutyl.,Firmicutes,88.01,TP,38,29,0,1436
NC_003030.1,C. acetobutyl.,Firmicutes,88.01,TP,66,35,0,3428
NC_003030.1,C. acetobutyl.,Firmicutes,88.01,TP,24,20,0,797
NC_003030.1,C. acetobutyl.,Firmicutes,88.01,TP,15,11,0,911
NC_003030.1,C. acetobutyl.,Firmicutes,88.01,TP,29,14,0,1016
NC_003030.1,C. acetobutyl.,Firmicutes,88.01,TP,11,9,0,962
NC_003030.1,C. acetobutyl.,Firmicutes,88.01,TP,44,39,0,1958
NC_003030.1,C. acetobutyl.,Firmicutes,88.01,TP,18,15,0,887
NC_003030.1,C. acetobutyl.,Firmicutes,88.01,TP,19,16,0,782
NC_003030.1,C. acetobutyl.,Firmicutes,88.01,TP,13,9,0,986
NC_003030.1,C. acetobutyl.,Firmicutes,88.01,TP,27,15,0,965
NC_003030.1,C. acetobutyl.,Firmicutes,88.01,TP,30,20,0,1373
NC_003030.1,C. acetobutyl.,Firmicutes,88.01,TP,18,16,0,1115
NC_003030.1,C. acetobutyl.,Firmicutes,88.01,TP,14,9,0,857
NC_003030.1,C. acetobutyl.,Firmicutes,88.01,TP,34,27,0,1739
NC_003030.1,C. acetobutyl.,Firmicutes,88.01,TP,58,37,0,3773
NC_003030.1,C. acetobutyl.,Firmicutes,88.01,TP,13,8,0,782
NC_003030.1,C. acetobutyl.,Firmicutes,88.01,TP,23,19,0,1034
NC_003030.1,C. acetobutyl.,Firmicutes,88.01,TP,38,16,0,1253
NC_003030.1,C. acetobutyl.,Firmicutes,88.01,TP,17,12,0,1598
NC_003030.1,C. acetobutyl.,Firmicutes,88.01,TP,12,12,0,1058
NC_003030.1,C. acetobutyl.,Firmicutes,88.01,TP,14,11,0,896
NC_003030.1,C. acetobutyl.,Firmicutes,88.01,TP,15,10,0,749
NC_003030.1,C. acetobutyl.,Firmicutes,88.01,TP,24,20,0,1313
NC_003030.1,C. acetobutyl.,Firmicutes,88.01,TP,23,16,0,998
NC_003030.1,C. acetobutyl.,Firmicutes,88.01,TP,22,15,0,1196
NC_003030.1,C. acetobutyl.,Firmicutes,88.01,TP,15,11,0,1325
NC_003030.1,C. acetobutyl.,Firmicutes,88.01,TP,16,10,0,923
NC_003030.1,C. acetobutyl.,Firmicutes,88.01,TP,30,23,0,1928
NC_003030.1,C. acetobutyl.,Firmicutes,88.01,TP,18,13,0,1064
NC_003030.1,C. acetobutyl.,Firmicutes,88.01,TP,34,19,0,2093
NC_003030.1,C. acetobutyl.,Firmicutes,88.01,TP,12,13,0,1157
NC_003030.1,C. acetobutyl.,Firmicutes,88.01,TP,20,16,0,911
NC_003030.1,C. acetobutyl.,Firmicutes,88.01,TP,12,5,0,845
NC_003030.1,C. acetobutyl.,Firmicutes,88.01,TP,27,17,0,1580
NC_003030.1,C. acetobutyl.,Firmicutes,88.01,TP,22,13,0,920
NC_003030.1,C. acetobutyl.,Firmicutes,88.01,TP,18,8,0,1097
NC_003030.1,C. acetobutyl.,Firmicutes,88.01,FP,15,7,0,1193
NC_003030.1,C. acetobutyl.,Firmicutes,88.01,TP,17,9,0,1184
NC_003030.1,C. acetobutyl.,Firmicutes,88.01,TP,9,7,0,773
NC_003030.1,C. acetobutyl.,Firmicutes,88.01,TP,14,11,0,989
NC_003030.1,C. acetobutyl.,Firmicutes,88.01,TP,9,4,0,860
NC_003030.1,C. acetobutyl.,Firmicutes,88.01,TP,27,15,0,1139
NC_003030.1,C. acetobutyl.,Firmicutes,88.01,TP,25,13,0,1091
NC_003030.1,C. acetobutyl.,Firmicutes,88.01,TP,16,12,0,1415
NC_003030.1,C. acetobutyl.,Firmicutes,88.01,TP,9,6,0,1163
NC_003030.1,C. acetobutyl.,Firmicutes,88.01,TP,19,9,0,1154
NC_003030.1,C. acetobutyl.,Firmicutes,88.01,TP,71,46,0,3521
NC_003030.1,C. acetobutyl.,Firmicutes,88.01,TP,43,22,0,2168
NC_003030.1,C. acetobutyl.,Firmicutes,88.01,TP,8,5,0,767
NC_003030.1,C. acetobutyl.,Firmicutes,88.01,TP,24,17,0,1397
NC_003030.1,C. acetobutyl.,Firmicutes,88.01,TP,15,8,0,1355
NC_003030.1,C. acetobutyl.,Firmicutes,88.01,TP,11,7,0,911
NC_003030.1,C. acetobutyl.,Firmicutes,88.01,TP,23,14,0,1451
NC_003030.1,C. acetobutyl.,Firmicutes,88.01,TP,16,10,0,1253
NC_003030.1,C. acetobutyl.,Firmicutes,88.01,TP,25,12,0,1376
NC_003030.1,C. acetobutyl.,Firmicutes,88.01,TP,15,13,0,1154
NC_003030.1,C. acetobutyl.,Firmicutes,88.01,TP,12,10,0,1124
NC_003030.1,C. acetobutyl.,Firmicutes,88.01,TP,15,7,0,836
NC_003030.1,C. acetobutyl.,Firmicutes,88.01,TP,55,7,0,1535
NC_003030.1,C. acetobutyl.,Firmicutes,88.01,TP,14,11,0,989
NC_003030.1,C. acetobutyl.,Firmicutes,88.01,TP,15,9,0,1004
NC_003030.1,C. acetobutyl.,Firmicutes,88.01,TP,23,15,0,1898
NC_003030.1,C. acetobutyl.,Firmicutes,88.01,TP,25,6,0,1496
NC_003030.1,C. acetobutyl.,Firmicutes,88.01,TP,28,21,0,2003
NC_003030.1,C. acetobutyl.,Firmicutes,88.01,TP,12,11,0,974
NC_003030.1,C. acetobutyl.,Firmicutes,88.01,TP,14,8,0,917
NC_003030.1,C. acetobutyl.,Firmicutes,88.01,TP,26,15,0,743
NC_003030.1,C. acetobutyl.,Firmicutes,88.01,TP,10,4,0,944
NC_003030.1,C. acetobutyl.,Firmicutes,88.01,TP,10,3,0,1037
NC_003030.1,C. acetobutyl.,Firmicutes,88.01,TP,35,23,0,1556
NC_003030.1,C. acetobutyl.,Firmicutes,88.01,TP,11,8,0,929
NC_003030.1,C. acetobutyl.,Firmicutes,88.01,TP,17,11,0,1601
NC_003030.1,C. acetobutyl.,Firmicutes,88.01,TP,14,8,0,788
NC_003030.1,C. acetobutyl.,Firmicutes,88.01,TP,12,9,0,878
NC_003030.1,C. acetobutyl.,Firmicutes,88.01,TP,29,13,0,983
NC_003030.1,C. acetobutyl.,Firmicutes,88.01,TP,32,24,0,1433
NC_003030.1,C. acetobutyl.,Firmicutes,88.01,TP,14,10,0,809
NC_003030.1,C. acetobutyl.,Firmicutes,88.01,TP,18,14,0,1193
NC_003030.1,C. acetobutyl.,Firmicutes,88.01,TP,12,9,0,1007
NC_003030.1,C. acetobutyl.,Firmicutes,88.01,TP,13,12,0,1253
NC_003030.1,C. acetobutyl.,Firmicutes,88.01,TP,19,10,0,938
NC_003030.1,C. acetobutyl.,Firmicutes,88.01,TP,16,16,0,1100
NC_003030.1,C. acetobutyl.,Firmicutes,88.01,TP,27,13,0,1445
NC_003030.1,C. acetobutyl.,Firmicutes,88.01,TP,21,11,0,1091
NC_003030.1,C. acetobutyl.,Firmicutes,88.01,TP,47,31,0,2492
NC_003030.1,C. acetobutyl.,Firmicutes,88.01,TP,15,12,0,1244
NC_003030.1,C. acetobutyl.,Firmicutes,88.01,TP,14,11,0,812
NC_003030.1,C. acetobutyl.,Firmicutes,88.01,TP,30,16,0,1406
NC_003030.1,C. acetobutyl.,Firmicutes,88.01,TP,28,20,0,1112
NC_003030.1,C. acetobutyl.,Firmicutes,88.01,TP,22,12,0,1244
NC_003030.1,C. acetobutyl.,Firmicutes,88.01,TP,11,7,0,881
NC_003030.1,C. acetobutyl.,Firmicutes,88.01,TP,30,19,0,773
NC_003030.1,C. acetobutyl.,Firmicutes,88.01,TP,14,10,0,881
NC_003030.1,C. acetobutyl.,Firmicutes,88.01,TP,17,11,0,1013
NC_003030.1,C. acetobutyl.,Firmicutes,88.01,TP,26,13,0,1889
NC_003030.1,C. acetobutyl.,Firmicutes,88.01,TP,32,19,0,1826
NC_003030.1,C. acetobutyl.,Firmicutes,88.01,TP,17,18,0,866
NC_003030.1,C. acetobutyl.,Firmicutes,88.01,TP,23,20,0,1262
NC_003030.1,C. acetobutyl.,Firmicutes,88.01,TP,27,17,0,1709
NC_003030.1,C. acetobutyl.,Firmicutes,88.01,TP,29,20,0,977
NC_003030.1,C. acetobutyl.,Firmicutes,88.01,TP,27,16,0,965
NC_003030.1,C. acetobutyl.,Firmicutes,88.01,TP,11,8,0,920
NC_003030.1,C. acetobutyl.,Firmicutes,88.01,TP,20,10,0,851
NC_003030.1,C. acetobutyl.,Firmicutes,88.01,TP,21,18,0,1178
NC_003030.1,C. acetobutyl.,Firmicutes,88.01,TP,20,15,0,1019
NC_003030.1,C. acetobutyl.,Firmicutes,88.01,TP,29,22,0,1106
NC_003030.1,C. acetobutyl.,Firmicutes,88.01,TP,32,15,0,1595
NC_003030.1,C. acetobutyl.,Firmicutes,88.01,TP,19,14,0,1397
NC_003030.1,C. acetobutyl.,Firmicutes,88.01,TP,18,12,0,1118
NC_003030.1,C. acetobutyl.,Firmicutes,88.01,TP,10,8,0,737
NC_003030.1,C. acetobutyl.,Firmicutes,88.01,TP,26,20,0,1190
NC_003030.1,C. acetobutyl.,Firmicutes,88.01,TP,16,12,0,740
NC_003030.1,C. acetobutyl.,Firmicutes,88.01,TP,31,21,0,1196
NC_003030.1,C. acetobutyl.,Firmicutes,88.01,TP,25,17,0,1256
NC_003030.1,C. acetobutyl.,Firmicutes,88.01,TP,17,16,0,818
NC_003030.1,C. acetobutyl.,Firmicutes,88.01,TP,95,40,0,2360
NC_003030.1,C. acetobutyl.,Firmicutes,88.01,TP,11,8,0,782
NC_003030.1,C. acetobutyl.,Firmicutes,88.01,TP,38,29,0,1316
NC_003030.1,C. acetobutyl.,Firmicutes,88.01,TP,21,12,0,1409
NC_003030.1,C. acetobutyl.,Firmicutes,88.01,TP,23,10,0,1154
NC_003030.1,C. acetobutyl.,Firmicutes,88.01,TP,28,20,0,1550
NC_003030.1,C. acetobutyl.,Firmicutes,88.01,TP,30,26,0,1883
NC_003030.1,C. acetobutyl.,Firmicutes,88.01,TP,15,11,0,950
NC_003030.1,C. acetobutyl.,Firmicutes,88.01,TP,38,26,0,1472
NC_003030.1,C. acetobutyl.,Firmicutes,88.01,TP,29,19,0,1343
NC_003030.1,C. acetobutyl.,Firmicutes,88.01,TP,22,21,0,896
NC_003030.1,C. acetobutyl.,Firmicutes,88.01,TP,18,15,0,779
NC_003030.1,C. acetobutyl.,Firmicutes,88.01,TP,13,8,0,1196
NC_003030.1,C. acetobutyl.,Firmicutes,88.01,TP,27,18,0,1655
NC_003030.1,C. acetobutyl.,Firmicutes,88.01,TP,19,14,0,1055
NC_003030.1,C. acetobutyl.,Firmicutes,88.01,TP,23,16,0,1226
NC_003030.1,C. acetobutyl.,Firmicutes,88.01,TP,22,17,0,1304
NC_003030.1,C. acetobutyl.,Firmicutes,88.01,TP,28,20,0,1355
NC_003030.1,C. acetobutyl.,Firmicutes,88.01,TP,24,16,0,1346
NC_003030.1,C. acetobutyl.,Firmicutes,88.01,TP,30,21,0,1532
NC_003030.1,C. acetobutyl.,Firmicutes,88.01,TP,52,33,0,2819
NC_003030.1,C. acetobutyl.,Firmicutes,88.01,TP,22,15,0,1355
NC_003030.1,C. acetobutyl.,Firmicutes,88.01,TP,16,9,0,959
NC_003030.1,C. acetobutyl.,Firmicutes,88.01,TP,48,25,0,989
NC_003030.1,C. acetobutyl.,Firmicutes,88.01,TP,121,76,0,2591
NC_003030.1,C. acetobutyl.,Firmicutes,88.01,TP,40,24,0,1595
NC_003030.1,C. acetobutyl.,Firmicutes,88.01,TP,10,10,0,746
NC_003030.1,C. acetobutyl.,Firmicutes,88.01,TP,30,25,0,1739
NC_003030.1,C. acetobutyl.,Firmicutes,88.01,TP,14,10,0,1196
NC_003030.1,C. acetobutyl.,Firmicutes,88.01,TP,73,24,0,2636
NC_003030.1,C. acetobutyl.,Firmicutes,88.01,TP,37,26,0,1997
NC_003030.1,C. acetobutyl.,Firmicutes,88.01,TP,30,21,0,1940
NC_003030.1,C. acetobutyl.,Firmicutes,88.01,TP,21,18,0,923
NC_003030.1,C. acetobutyl.,Firmicutes,88.01,TP,29,22,0,1601
NC_003030.1,C. acetobutyl.,Firmicutes,88.01,TP,25,16,0,1877
NC_003030.1,C. acetobutyl.,Firmicutes,88.01,TP,32,15,0,1580
NC_003030.1,C. acetobutyl.,Firmicutes,88.01,TP,31,28,0,1883
NC_003030.1,C. acetobutyl.,Firmicutes,88.01,TP,14,14,0,1355
NC_003030.1,C. acetobutyl.,Firmicutes,88.01,TP,23,22,0,1676
NC_003030.1,C. acetobutyl.,Firmicutes,88.01,TP,12,10,0,1235
NC_003030.1,C. acetobutyl.,Firmicutes,88.01,TP,33,14,0,1079
NC_003030.1,C. acetobutyl.,Firmicutes,88.01,TP,8,9,0,740
NC_003030.1,C. acetobutyl.,Firmicutes,88.01,TP,25,22,0,1436
NC_003030.1,C. acetobutyl.,Firmicutes,88.01,FP,33,10,0,1106
NC_003030.1,C. acetobutyl.,Firmicutes,88.01,TP,21,15,0,1400
NC_003030.1,C. acetobutyl.,Firmicutes,88.01,TP,19,14,0,1091
NC_003030.1,C. acetobutyl.,Firmicutes,88.01,TP,17,11,0,818
NC_003030.1,C. acetobutyl.,Firmicutes,88.01,TP,31,20,0,1175
NC_003030.1,C. acetobutyl.,Firmicutes,88.01,TP,22,20,0,968
NC_003030.1,C. acetobutyl.,Firmicutes,88.01,TP,26,18,0,1757
NC_003030.1,C. acetobutyl.,Firmicutes,88.01,TP,15,8,0,737
NC_003030.1,C. acetobutyl.,Firmicutes,88.01,TP,27,20,0,1058
NC_003030.1,C. acetobutyl.,Firmicutes,88.01,TP,20,13,0,923
NC_003030.1,C. acetobutyl.,Firmicutes,88.01,TP,13,12,0,731
NC_003030.1,C. acetobutyl.,Firmicutes,88.01,TP,14,11,0,1085
NC_003030.1,C. acetobutyl.,Firmicutes,88.01,TP,51,19,0,1820
NC_003030.1,C. acetobutyl.,Firmicutes,88.01,TP,43,23,0,2078
NC_003030.1,C. acetobutyl.,Firmicutes,88.01,TP,72,19,0,2534
NC_003030.1,C. acetobutyl.,Firmicutes,88.01,TP,25,19,0,1292
NC_003030.1,C. acetobutyl.,Firmicutes,88.01,TP,21,19,0,1040
NC_003030.1,C. acetobutyl.,Firmicutes,88.01,TP,19,9,0,1238
NC_003030.1,C. acetobutyl.,Firmicutes,88.01,TP,41,24,0,1988
NC_003030.1,C. acetobutyl.,Firmicutes,88.01,TP,19,16,0,962
NC_003030.1,C. acetobutyl.,Firmicutes,88.01,TP,62,37,0,2597
NC_003030.1,C. acetobutyl.,Firmicutes,88.01,TP,21,18,0,725
NC_003030.1,C. acetobutyl.,Firmicutes,88.01,TP,37,34,0,1700
NC_003030.1,C. acetobutyl.,Firmicutes,88.01,TP,30,21,0,1529
NC_003030.1,C. acetobutyl.,Firmicutes,88.01,TP,25,16,0,1346
NC_003030.1,C. acetobutyl.,Firmicutes,88.01,TP,41,31,0,1313
NC_003030.1,C. acetobutyl.,Firmicutes,88.01,TP,12,5,0,818
NC_003030.1,C. acetobutyl.,Firmicutes,88.01,TP,29,21,0,1490
NC_003030.1,C. acetobutyl.,Firmicutes,88.01,TP,13,11,0,983
NC_003030.1,C. acetobutyl.,Firmicutes,88.01,TP,29,25,0,1178
NC_003030.1,C. acetobutyl.,Firmicutes,88.01,TP,12,10,0,911
NC_003030.1,C. acetobutyl.,Firmicutes,88.01,TP,19,18,0,1049
NC_003030.1,C. acetobutyl.,Firmicutes,88.01,TP,83,52,0,5459
NC_003030.1,C. acetobutyl.,Firmicutes,88.01,TP,30,19,0,974
NC_003030.1,C. acetobutyl.,Firmicutes,88.01,TP,20,14,0,1397
NC_003030.1,C. acetobutyl.,Firmicutes,88.01,TP,23,17,0,1160
NC_003030.1,C. acetobutyl.,Firmicutes,88.01,TP,16,8,0,815
NC_003030.1,C. acetobutyl.,Firmicutes,88.01,TP,66,48,0,3338
NC_003030.1,C. acetobutyl.,Firmicutes,88.01,TP,16,14,0,902
NC_003030.1,C. acetobutyl.,Firmicutes,88.01,TP,58,20,0,2750
NC_003030.1,C. acetobutyl.,Firmicutes,88.01,TP,46,21,0,2810
NC_003030.1,C. acetobutyl.,Firmicutes,88.01,TP,15,12,0,806
NC_003030.1,C. acetobutyl.,Firmicutes,88.01,TP,26,21,0,1172
NC_003030.1,C. acetobutyl.,Firmicutes,88.01,TP,26,16,0,1274
NC_003030.1,C. acetobutyl.,Firmicutes,88.01,TP,20,16,0,1214
NC_003030.1,C. acetobutyl.,Firmicutes,88.01,TP,14,13,0,899
NC_003030.1,C. acetobutyl.,Firmicutes,88.01,FP,17,13,0,854
NC_003030.1,C. acetobutyl.,Firmicutes,88.01,TP,21,16,0,983
NC_003030.1,C. acetobutyl.,Firmicutes,88.01,TP,33,21,0,1808
NC_003030.1,C. acetobutyl.,Firmicutes,88.01,FP,48,35,0,2087
NC_003030.1,C. acetobutyl.,Firmicutes,88.01,TP,20,14,0,890
NC_003030.1,C. acetobutyl.,Firmicutes,88.01,TP,25,17,0,1496
NC_003030.1,C. acetobutyl.,Firmicutes,88.01,TP,15,11,0,860
NC_003030.1,C. acetobutyl.,Firmicutes,88.01,TP,23,17,0,1466
NC_003030.1,C. acetobutyl.,Firmicutes,88.01,TP,24,22,0,1085
NC_003030.1,C. acetobutyl.,Firmicutes,88.01,TP,20,14,0,1427
NC_003030.1,C. acetobutyl.,Firmicutes,88.01,TP,9,7,0,833
NC_003030.1,C. acetobutyl.,Firmicutes,88.01,TP,21,19,0,740
NC_003030.1,C. acetobutyl.,Firmicutes,88.01,TP,17,11,0,854
NC_003030.1,C. acetobutyl.,Firmicutes,88.01,TP,32,20,0,1286
NC_003030.1,C. acetobutyl.,Firmicutes,88.01,TP,27,22,0,1238
NC_003030.1,C. acetobutyl.,Firmicutes,88.01,TP,12,10,0,734
NC_003030.1,C. acetobutyl.,Firmicutes,88.01,TP,25,20,0,857
NC_003030.1,C. acetobutyl.,Firmicutes,88.01,TP,20,16,0,959
NC_003030.1,C. acetobutyl.,Firmicutes,88.01,TP,19,14,0,977
NC_003030.1,C. acetobutyl.,Firmicutes,88.01,TP,23,14,0,1247
NC_003030.1,C. acetobutyl.,Firmicutes,88.01,TP,25,21,0,1190
NC_003030.1,C. acetobutyl.,Firmicutes,88.01,TP,18,13,0,734
NC_003030.1,C. acetobutyl.,Firmicutes,88.01,TP,30,22,0,1421
NC_003030.1,C. acetobutyl.,Firmicutes,88.01,TP,15,12,0,950
NC_003030.1,C. acetobutyl.,Firmicutes,88.01,TP,23,21,0,791
NC_003030.1,C. acetobutyl.,Firmicutes,88.01,TP,24,19,0,1049
NC_003030.1,C. acetobutyl.,Firmicutes,88.01,TP,20,11,0,869
NC_003030.1,C. acetobutyl.,Firmicutes,88.01,TP,15,15,0,899
NC_003030.1,C. acetobutyl.,Firmicutes,88.01,TP,33,22,0,1445
NC_003030.1,C. acetobutyl.,Firmicutes,88.01,TP,27,21,0,1301
NC_003030.1,C. acetobutyl.,Firmicutes,88.01,TP,12,11,0,1091
NC_003030.1,C. acetobutyl.,Firmicutes,88.01,TP,13,11,0,764
NC_003030.1,C. acetobutyl.,Firmicutes,88.01,TP,41,30,0,2021
NC_003030.1,C. acetobutyl.,Firmicutes,88.01,TP,14,11,0,839
NC_003030.1,C. acetobutyl.,Firmicutes,88.01,TP,14,10,0,926
NC_003030.1,C. acetobutyl.,Firmicutes,88.01,TP,17,17,0,872
NC_003030.1,C. acetobutyl.,Firmicutes,88.01,TP,49,40,0,2864
NC_003030.1,C. acetobutyl.,Firmicutes,88.01,TP,14,8,0,959
NC_003030.1,C. acetobutyl.,Firmicutes,88.01,TP,52,36,0,2930
NC_003030.1,C. acetobutyl.,Firmicutes,88.01,TP,8,8,0,761
NC_003030.1,C. acetobutyl.,Firmicutes,88.01,TP,77,52,0,4523
NC_003030.1,C. acetobutyl.,Firmicutes,88.01,TP,33,24,0,1439
NC_003030.1,C. acetobutyl.,Firmicutes,88.01,TP,37,24,0,1667
NC_003030.1,C. acetobutyl.,Firmicutes,88.01,TP,26,19,0,1256
NC_003030.1,C. acetobutyl.,Firmicutes,88.01,TP,12,12,0,800
NC_003030.1,C. acetobutyl.,Firmicutes,88.01,TP,19,6,0,866
NC_003030.1,C. acetobutyl.,Firmicutes,88.01,TP,24,20,0,1205
NC_003030.1,C. acetobutyl.,Firmicutes,88.01,TP,20,12,0,995
NC_003030.1,C. acetobutyl.,Firmicutes,88.01,TP,67,41,0,3575
NC_003030.1,C. acetobutyl.,Firmicutes,88.01,TP,10,11,0,725
NC_003030.1,C. acetobutyl.,Firmicutes,88.01,TP,24,17,0,1469
NC_003030.1,C. acetobutyl.,Firmicutes,88.01,TP,22,10,0,920
NC_003030.1,C. acetobutyl.,Firmicutes,88.01,TP,17,12,0,869
NC_003030.1,C. acetobutyl.,Firmicutes,88.01,TP,41,28,0,2207
NC_003030.1,C. acetobutyl.,Firmicutes,88.01,TP,18,10,0,1049
NC_003030.1,C. acetobutyl.,Firmicutes,88.01,TP,24,14,0,1544
NC_003030.1,C. acetobutyl.,Firmicutes,88.01,TP,16,12,0,788
NC_003030.1,C. acetobutyl.,Firmicutes,88.01,TP,16,10,0,932
NC_003030.1,C. acetobutyl.,Firmicutes,88.01,TP,50,26,0,2504
NC_003030.1,C. acetobutyl.,Firmicutes,88.01,TP,13,7,0,872
NC_003030.1,C. acetobutyl.,Firmicutes,88.01,TP,47,19,0,2429
NC_003030.1,C. acetobutyl.,Firmicutes,88.01,TP,6,3,0,1037
NC_003030.1,C. acetobutyl.,Firmicutes,88.01,TP,27,16,0,1244
NC_003030.1,C. acetobutyl.,Firmicutes,88.01,TP,13,6,0,788
NC_003030.1,C. acetobutyl.,Firmicutes,88.01,TP,14,8,0,875
NC_003030.1,C. acetobutyl.,Firmicutes,88.01,TP,40,24,0,3128
NC_003030.1,C. acetobutyl.,Firmicutes,88.01,TP,20,12,0,1673
NC_003030.1,C. acetobutyl.,Firmicutes,88.01,TP,10,8,0,824
NC_003030.1,C. acetobutyl.,Firmicutes,88.01,TP,13,12,0,878
NC_003030.1,C. acetobutyl.,Firmicutes,88.01,TP,17,11,0,881
NC_003030.1,C. acetobutyl.,Firmicutes,88.01,TP,13,12,0,980
NC_003030.1,C. acetobutyl.,Firmicutes,88.01,TP,16,10,0,1757
NC_003030.1,C. acetobutyl.,Firmicutes,88.01,TP,35,21,0,1787
NC_003030.1,C. acetobutyl.,Firmicutes,88.01,TP,24,18,0,1721
NC_003030.1,C. acetobutyl.,Firmicutes,88.01,TP,16,9,0,821
NC_003030.1,C. acetobutyl.,Firmicutes,88.01,TP,34,21,0,1289
NC_003030.1,C. acetobutyl.,Firmicutes,88.01,TP,22,10,0,1139
NC_003030.1,C. acetobutyl.,Firmicutes,88.01,TP,21,12,0,830
NC_003030.1,C. acetobutyl.,Firmicutes,88.01,TP,13,6,0,845
NC_003030.1,C. acetobutyl.,Firmicutes,88.01,TP,11,9,0,1169
NC_003030.1,C. acetobutyl.,Firmicutes,88.01,TP,17,13,0,791
NC_003030.1,C. acetobutyl.,Firmicutes,88.01,TP,31,15,0,2135
NC_003030.1,C. acetobutyl.,Firmicutes,88.01,TP,20,10,0,1376
NC_003030.1,C. acetobutyl.,Firmicutes,88.01,TP,22,14,0,1352
NC_003030.1,C. acetobutyl.,Firmicutes,88.01,TP,18,12,0,1052
NC_003030.1,C. acetobutyl.,Firmicutes,88.01,TP,12,9,0,896
NC_003030.1,C. acetobutyl.,Firmicutes,88.01,TP,25,22,0,1571
NC_003030.1,C. acetobutyl.,Firmicutes,88.01,TP,9,5,0,803
NC_003030.1,C. acetobutyl.,Firmicutes,88.01,TP,18,12,0,1256
NC_003030.1,C. acetobutyl.,Firmicutes,88.01,TP,8,9,0,746
NC_003030.1,C. acetobutyl.,Firmicutes,88.01,TP,21,14,0,1400
NC_003030.1,C. acetobutyl.,Firmicutes,88.01,FP,11,3,0,1070
NC_003030.1,C. acetobutyl.,Firmicutes,88.01,TP,12,7,0,725
NC_003030.1,C. acetobutyl.,Firmicutes,88.01,TP,26,16,0,1151
NC_003030.1,C. acetobutyl.,Firmicutes,88.01,TP,15,14,0,893
NC_003030.1,C. acetobutyl.,Firmicutes,88.01,TP,27,16,0,2015
NC_003030.1,C. acetobutyl.,Firmicutes,88.01,TP,10,7,0,1241
NC_003030.1,C. acetobutyl.,Firmicutes,88.01,TP,17,8,0,1268
NC_003030.1,C. acetobutyl.,Firmicutes,88.01,TP,41,23,0,1712
NC_003030.1,C. acetobutyl.,Firmicutes,88.01,TP,22,12,0,1295
NC_003030.1,C. acetobutyl.,Firmicutes,88.01,TP,43,27,0,1889
NC_003030.1,C. acetobutyl.,Firmicutes,88.01,TP,19,16,0,1337
NC_003030.1,C. acetobutyl.,Firmicutes,88.01,TP,15,13,0,869
NC_003030.1,C. acetobutyl.,Firmicutes,88.01,TP,17,7,0,1028
NC_003030.1,C. acetobutyl.,Firmicutes,88.01,TP,17,6,0,761
NC_003030.1,C. acetobutyl.,Firmicutes,88.01,TP,30,21,0,2033
NC_003030.1,C. acetobutyl.,Firmicutes,88.01,TP,30,16,0,1355
NC_003030.1,C. acetobutyl.,Firmicutes,88.01,TP,32,24,0,1316
NC_003030.1,C. acetobutyl.,Firmicutes,88.01,TP,23,8,0,992
NC_003030.1,C. acetobutyl.,Firmicutes,88.01,TP,26,19,0,2588
NC_003030.1,C. acetobutyl.,Firmicutes,88.01,TP,15,7,0,914
NC_003030.1,C. acetobutyl.,Firmicutes,88.01,TP,9,7,0,794
NC_003030.1,C. acetobutyl.,Firmicutes,88.01,TP,2,3,0,935
NC_003030.1,C. acetobutyl.,Firmicutes,88.01,TP,18,13,0,764
NC_003030.1,C. acetobutyl.,Firmicutes,88.01,TP,43,31,0,1880
NC_003030.1,C. acetobutyl.,Firmicutes,88.01,TP,12,6,0,851
NC_003030.1,C. acetobutyl.,Firmicutes,88.01,TP,11,8,0,836
NC_003030.1,C. acetobutyl.,Firmicutes,88.01,TP,51,24,0,2114
NC_003030.1,C. acetobutyl.,Firmicutes,88.01,TP,87,51,0,2825
NC_003030.1,C. acetobutyl.,Firmicutes,88.01,TP,17,9,0,1604
NC_003030.1,C. acetobutyl.,Firmicutes,88.01,TP,52,36,0,2702
NC_003030.1,C. acetobutyl.,Firmicutes,88.01,TP,15,12,0,1157
NC_003030.1,C. acetobutyl.,Firmicutes,88.01,TP,23,17,0,968
NC_003030.1,C. acetobutyl.,Firmicutes,88.01,TP,20,14,0,884
NC_003030.1,C. acetobutyl.,Firmicutes,88.01,TP,19,13,0,1649
NC_003030.1,C. acetobutyl.,Firmicutes,88.01,TP,17,10,0,917
NC_003030.1,C. acetobutyl.,Firmicutes,88.01,TP,18,13,0,932
NC_003030.1,C. acetobutyl.,Firmicutes,88.01,TP,15,11,0,794
NC_003030.1,C. acetobutyl.,Firmicutes,88.01,FP,21,17,0,1208
NC_003030.1,C. acetobutyl.,Firmicutes,88.01,TP,17,13,0,1286
NC_003030.1,C. acetobutyl.,Firmicutes,88.01,TP,23,13,0,932
NC_003030.1,C. acetobutyl.,Firmicutes,88.01,TP,16,10,0,749
NC_003030.1,C. acetobutyl.,Firmicutes,88.01,TP,22,12,0,1235
NC_003030.1,C. acetobutyl.,Firmicutes,88.01,TP,27,18,0,1343
NC_003030.1,C. acetobutyl.,Firmicutes,88.01,TP,25,15,0,824
NC_003030.1,C. acetobutyl.,Firmicutes,88.01,TP,24,16,0,1733
NC_003030.1,C. acetobutyl.,Firmicutes,88.01,TP,18,9,0,962
NC_003030.1,C. acetobutyl.,Firmicutes,88.01,TP,45,32,0,1028
NC_003030.1,C. acetobutyl.,Firmicutes,88.01,FP,34,16,0,1043
NC_003030.1,C. acetobutyl.,Firmicutes,88.01,FP,9,8,0,926
NC_003030.1,C. acetobutyl.,Firmicutes,88.01,FP,15,12,0,881
NC_003030.1,C. acetobutyl.,Firmicutes,88.01,TP,31,17,0,1037
NC_003030.1,C. acetobutyl.,Firmicutes,88.01,TP,12,8,0,797
NC_003030.1,C. acetobutyl.,Firmicutes,88.01,TP,26,18,0,1367
NC_003030.1,C. acetobutyl.,Firmicutes,88.01,TP,33,24,0,1703
NC_003030.1,C. acetobutyl.,Firmicutes,88.01,TP,38,26,0,1694
NC_003030.1,C. acetobutyl.,Firmicutes,88.01,FP,23,17,0,971
NC_003030.1,C. acetobutyl.,Firmicutes,88.01,TP,47,32,0,1892
NC_003030.1,C. acetobutyl.,Firmicutes,88.01,TP,25,14,0,1160
NC_003030.1,C. acetobutyl.,Firmicutes,88.01,TP,81,46,0,5819
NC_003030.1,C. acetobutyl.,Firmicutes,88.01,TP,21,18,0,1148
NC_003030.1,C. acetobutyl.,Firmicutes,88.01,TP,18,11,0,920
NC_003030.1,C. acetobutyl.,Firmicutes,88.01,FP,49,39,0,1787
NC_003030.1,C. acetobutyl.,Firmicutes,88.01,TP,37,27,0,2111
NC_003030.1,C. acetobutyl.,Firmicutes,88.01,TP,30,25,0,1235
NC_003030.1,C. acetobutyl.,Firmicutes,88.01,TP,35,24,0,1667
NC_003030.1,C. acetobutyl.,Firmicutes,88.01,FP,14,1,1,914
NC_003030.1,C. acetobutyl.,Firmicutes,88.01,TP,16,4,0,899
NC_003030.1,C. acetobutyl.,Firmicutes,88.01,TP,41,33,0,3233
NC_003030.1,C. acetobutyl.,Firmicutes,88.01,TP,80,31,0,2120
NC_003030.1,C. acetobutyl.,Firmicutes,88.01,TP,18,11,0,1391
NC_003030.1,C. acetobutyl.,Firmicutes,88.01,TP,13,7,0,875
NC_003030.1,C. acetobutyl.,Firmicutes,88.01,TP,33,22,0,1799
NC_003030.1,C. acetobutyl.,Firmicutes,88.01,TP,17,10,0,1343
NC_003030.1,C. acetobutyl.,Firmicutes,88.01,TP,22,11,0,1412
NC_003030.1,C. acetobutyl.,Firmicutes,88.01,TP,72,47,0,3515
NC_003030.1,C. acetobutyl.,Firmicutes,88.01,TP,26,21,0,1547
NC_003030.1,C. acetobutyl.,Firmicutes,88.01,TP,43,30,0,1712
NC_003030.1,C. acetobutyl.,Firmicutes,88.01,FP,18,8,0,776
NC_003030.1,C. acetobutyl.,Firmicutes,88.01,TP,61,40,0,3725
NC_003030.1,C. acetobutyl.,Firmicutes,88.01,TP,52,13,0,1193
NC_003030.1,C. acetobutyl.,Firmicutes,88.01,TP,32,26,0,1283
NC_003030.1,C. acetobutyl.,Firmicutes,88.01,TP,19,12,0,752
NC_003030.1,C. acetobutyl.,Firmicutes,88.01,TP,31,12,0,860
NC_003030.1,C. acetobutyl.,Firmicutes,88.01,FP,42,23,0,1676
NC_003030.1,C. acetobutyl.,Firmicutes,88.01,TP,38,19,0,1118
NC_003030.1,C. acetobutyl.,Firmicutes,88.01,TP,25,19,0,1157
NC_003030.1,C. acetobutyl.,Firmicutes,88.01,TP,25,14,0,1052
NC_003030.1,C. acetobutyl.,Firmicutes,88.01,FP,31,31,0,1577
NC_003030.1,C. acetobutyl.,Firmicutes,88.01,TP,22,16,0,1025
NC_003030.1,C. acetobutyl.,Firmicutes,88.01,TP,16,8,0,728
NC_003030.1,C. acetobutyl.,Firmicutes,88.01,TP,34,21,0,1586
NC_003030.1,C. acetobutyl.,Firmicutes,88.01,TP,10,8,0,761
NC_003030.1,C. acetobutyl.,Firmicutes,88.01,FP,16,9,0,863
NC_003030.1,C. acetobutyl.,Firmicutes,88.01,TP,55,39,0,2447
NC_003030.1,C. acetobutyl.,Firmicutes,88.01,FP,23,15,0,1205
NC_003030.1,C. acetobutyl.,Firmicutes,88.01,TP,40,26,0,2186
NC_003030.1,C. acetobutyl.,Firmicutes,88.01,FP,29,14,0,989
NC_003030.1,C. acetobutyl.,Firmicutes,88.01,FP,11,8,0,1001
NC_003030.1,C. acetobutyl.,Firmicutes,88.01,TP,16,11,0,818
NC_003030.1,C. acetobutyl.,Firmicutes,88.01,TP,22,13,0,1001
NC_003030.1,C. acetobutyl.,Firmicutes,88.01,TP,27,22,0,1562
NC_003030.1,C. acetobutyl.,Firmicutes,88.01,FP,18,13,0,848
NC_003030.1,C. acetobutyl.,Firmicutes,88.01,TP,27,17,0,953
NC_003030.1,C. acetobutyl.,Firmicutes,88.01,FP,27,21,0,1292
NC_003030.1,C. acetobutyl.,Firmicutes,88.01,TP,58,34,0,2219
NC_003030.1,C. acetobutyl.,Firmicutes,88.01,TP,19,16,0,1154
NC_003030.1,C. acetobutyl.,Firmicutes,88.01,TP,19,9,0,1181
NC_003030.1,C. acetobutyl.,Firmicutes,88.01,TP,37,30,0,2480
NC_003030.1,C. acetobutyl.,Firmicutes,88.01,TP,56,38,0,2219
NC_003030.1,C. acetobutyl.,Firmicutes,88.01,TP,18,14,0,1007
NC_003030.1,C. acetobutyl.,Firmicutes,88.01,TP,23,15,0,953
NC_003030.1,C. acetobutyl.,Firmicutes,88.01,TP,15,13,0,866
NC_003030.1,C. acetobutyl.,Firmicutes,88.01,FP,32,20,0,1754
NC_003030.1,C. acetobutyl.,Firmicutes,88.01,FP,65,35,0,3509
NC_003030.1,C. acetobutyl.,Firmicutes,88.01,TP,11,9,0,767
NC_003030.1,C. acetobutyl.,Firmicutes,88.01,TP,23,18,0,992
NC_003030.1,C. acetobutyl.,Firmicutes,88.01,TP,30,19,0,1316
NC_003030.1,C. acetobutyl.,Firmicutes,88.01,TP,7,7,0,728
NC_003030.1,C. acetobutyl.,Firmicutes,88.01,TP,19,11,0,785
NC_003030.1,C. acetobutyl.,Firmicutes,88.01,TP,15,11,0,848
NC_003030.1,C. acetobutyl.,Firmicutes,88.01,TP,13,8,0,815
NC_003030.1,C. acetobutyl.,Firmicutes,88.01,TP,25,13,0,1457
NC_003030.1,C. acetobutyl.,Firmicutes,88.01,TP,17,16,0,1598
NC_003030.1,C. acetobutyl.,Firmicutes,88.01,TP,50,35,0,3197
NC_003030.1,C. acetobutyl.,Firmicutes,88.01,TP,17,10,0,791
NC_003030.1,C. acetobutyl.,Firmicutes,88.01,TP,20,13,0,782
NC_003030.1,C. acetobutyl.,Firmicutes,88.01,TP,16,11,0,1298
NC_003030.1,C. acetobutyl.,Firmicutes,88.01,TP,19,14,0,812
NC_003030.1,C. acetobutyl.,Firmicutes,88.01,TP,15,9,0,923
NC_003030.1,C. acetobutyl.,Firmicutes,88.01,TP,12,6,0,821
NC_003030.1,C. acetobutyl.,Firmicutes,88.01,TP,12,10,0,803
NC_003030.1,C. acetobutyl.,Firmicutes,88.01,TP,23,18,0,1256
NC_003030.1,C. acetobutyl.,Firmicutes,88.01,TP,28,18,0,1445
NC_003030.1,C. acetobutyl.,Firmicutes,88.01,FP,18,16,0,1481
NC_003030.1,C. acetobutyl.,Firmicutes,88.01,FP,44,28,0,1376
NC_003030.1,C. acetobutyl.,Firmicutes,88.01,FP,7,7,0,749
NC_003030.1,C. acetobutyl.,Firmicutes,88.01,TP,26,20,0,1403
NC_003030.1,C. acetobutyl.,Firmicutes,88.01,FP,21,14,0,1067
NC_003030.1,C. acetobutyl.,Firmicutes,88.01,FP,41,24,0,986
NC_003030.1,C. acetobutyl.,Firmicutes,88.01,TP,40,27,0,1343
NC_003030.1,C. acetobutyl.,Firmicutes,88.01,TP,11,9,0,755
NC_003030.1,C. acetobutyl.,Firmicutes,88.01,FP,23,17,0,1283
NC_003030.1,C. acetobutyl.,Firmicutes,88.01,FP,47,41,0,1358
NC_003030.1,C. acetobutyl.,Firmicutes,88.01,TP,15,13,0,959
NC_003030.1,C. acetobutyl.,Firmicutes,88.01,TP,20,9,0,833
NC_003030.1,C. acetobutyl.,Firmicutes,88.01,TP,16,15,0,731
NC_003030.1,C. acetobutyl.,Firmicutes,88.01,TP,34,29,0,1904
NC_003030.1,C. acetobutyl.,Firmicutes,88.01,TP,20,13,0,791
NC_003030.1,C. acetobutyl.,Firmicutes,88.01,TP,28,18,0,1124
NC_003030.1,C. acetobutyl.,Firmicutes,88.01,TP,93,70,0,4454
NC_003030.1,C. acetobutyl.,Firmicutes,88.01,TP,53,17,0,1163
NC_003030.1,C. acetobutyl.,Firmicutes,88.01,TP,34,15,0,893
NC_003030.1,C. acetobutyl.,Firmicutes,88.01,TP,17,13,0,1010
NC_003030.1,C. acetobutyl.,Firmicutes,88.01,TP,14,11,0,905
NC_003030.1,C. acetobutyl.,Firmicutes,88.01,FP,52,40,0,3155
NC_003030.1,C. acetobutyl.,Firmicutes,88.01,TP,26,21,0,1220
NC_003030.1,C. acetobutyl.,Firmicutes,88.01,TP,6,5,0,842
NC_003030.1,C. acetobutyl.,Firmicutes,88.01,TP,13,10,0,758
NC_003030.1,C. acetobutyl.,Firmicutes,88.01,TP,14,10,0,740
NC_003030.1,C. acetobutyl.,Firmicutes,88.01,FP,45,20,0,1391
NC_003030.1,C. acetobutyl.,Firmicutes,88.01,TP,22,12,0,1253
NC_003030.1,C. acetobutyl.,Firmicutes,88.01,TP,41,29,0,2222
NC_003030.1,C. acetobutyl.,Firmicutes,88.01,FP,26,20,0,1007
NC_003030.1,C. acetobutyl.,Firmicutes,88.01,TP,60,41,0,2171
NC_003030.1,C. acetobutyl.,Firmicutes,88.01,TP,17,14,0,863
NC_003030.1,C. acetobutyl.,Firmicutes,88.01,TP,23,8,0,800
NC_003030.1,C. acetobutyl.,Firmicutes,88.01,TP,11,6,0,929
NC_003030.1,C. acetobutyl.,Firmicutes,88.01,TP,9,8,0,1067
NC_003030.1,C. acetobutyl.,Firmicutes,88.01,TP,61,39,0,3515
NC_003030.1,C. acetobutyl.,Firmicutes,88.01,TP,20,13,0,1277
NC_003030.1,C. acetobutyl.,Firmicutes,88.01,TP,29,21,0,1778
NC_003030.1,C. acetobutyl.,Firmicutes,88.01,TP,17,12,0,1052
NC_003030.1,C. acetobutyl.,Firmicutes,88.01,TP,18,14,0,1010
NC_003030.1,C. acetobutyl.,Firmicutes,88.01,TP,20,11,0,1082
NC_003030.1,C. acetobutyl.,Firmicutes,88.01,TP,26,13,0,1271
NC_003030.1,C. acetobutyl.,Firmicutes,88.01,TP,27,21,0,785
NC_003030.1,C. acetobutyl.,Firmicutes,88.01,TP,30,20,0,2285
NC_003030.1,C. acetobutyl.,Firmicutes,88.01,TP,13,10,0,938
NC_003030.1,C. acetobutyl.,Firmicutes,88.01,FP,36,26,0,1472
NC_003030.1,C. acetobutyl.,Firmicutes,88.01,TP,29,12,0,1319
NC_003030.1,C. acetobutyl.,Firmicutes,88.01,TP,22,20,0,1190
NC_003030.1,C. acetobutyl.,Firmicutes,88.01,TP,16,15,0,1070
NC_003030.1,C. acetobutyl.,Firmicutes,88.01,TP,8,7,0,854
NC_003030.1,C. acetobutyl.,Firmicutes,88.01,FP,23,17,0,1211
NC_003030.1,C. acetobutyl.,Firmicutes,88.01,TP,30,20,0,1196
NC_003030.1,C. acetobutyl.,Firmicutes,88.01,TP,24,16,0,956
NC_003030.1,C. acetobutyl.,Firmicutes,88.01,TP,10,10,0,830
NC_003030.1,C. acetobutyl.,Firmicutes,88.01,TP,15,12,0,824
NC_003030.1,C. acetobutyl.,Firmicutes,88.01,TP,19,8,0,830
NC_003030.1,C. acetobutyl.,Firmicutes,88.01,TP,9,8,0,1190
NC_003030.1,C. acetobutyl.,Firmicutes,88.01,FP,24,13,0,908
NC_003030.1,C. acetobutyl.,Firmicutes,88.01,FP,47,18,0,1790
NC_003030.1,C. acetobutyl.,Firmicutes,88.01,TP,136,55,0,5459
NC_003030.1,C. acetobutyl.,Firmicutes,88.01,TP,57,33,0,4211
NC_003030.1,C. acetobutyl.,Firmicutes,88.01,FP,25,7,0,1139
NC_003030.1,C. acetobutyl.,Firmicutes,88.01,TP,14,12,0,779
NC_003030.1,C. acetobutyl.,Firmicutes,88.01,TP,24,11,0,875
NC_003030.1,C. acetobutyl.,Firmicutes,88.01,TP,21,16,0,929
NC_003030.1,C. acetobutyl.,Firmicutes,88.01,TP,37,23,0,1778
NC_003030.1,C. acetobutyl.,Firmicutes,88.01,TP,10,7,0,752
NC_003030.1,C. acetobutyl.,Firmicutes,88.01,FP,16,9,0,962
NC_003030.1,C. acetobutyl.,Firmicutes,88.01,FP,42,26,0,1844
NC_003030.1,C. acetobutyl.,Firmicutes,88.01,TP,12,10,0,878
NC_003030.1,C. acetobutyl.,Firmicutes,88.01,TP,40,26,0,1877
NC_003030.1,C. acetobutyl.,Firmicutes,88.01,TP,11,4,0,863
NC_003030.1,C. acetobutyl.,Firmicutes,88.01,TP,44,21,0,1706
NC_003030.1,C. acetobutyl.,Firmicutes,88.01,FP,19,11,0,977
NC_003030.1,C. acetobutyl.,Firmicutes,88.01,TP,28,16,0,1769
NC_003030.1,C. acetobutyl.,Firmicutes,88.01,TP,10,4,0,752
NC_003030.1,C. acetobutyl.,Firmicutes,88.01,TP,44,33,0,2963
NC_003030.1,C. acetobutyl.,Firmicutes,88.01,TP,12,8,0,839
NC_003030.1,C. acetobutyl.,Firmicutes,88.01,TP,28,13,0,1748
NC_003030.1,C. acetobutyl.,Firmicutes,88.01,TP,6,3,0,1040
NC_003030.1,C. acetobutyl.,Firmicutes,88.01,TP,31,19,0,1379
NC_003030.1,C. acetobutyl.,Firmicutes,88.01,TP,11,5,0,926
NC_003030.1,C. acetobutyl.,Firmicutes,88.01,TP,11,8,0,863
NC_003030.1,C. acetobutyl.,Firmicutes,88.01,TP,14,8,0,947
NC_003030.1,C. acetobutyl.,Firmicutes,88.01,TP,35,12,0,1235
NC_003030.1,C. acetobutyl.,Firmicutes,88.01,TP,38,28,0,1565
NC_003030.1,C. acetobutyl.,Firmicutes,88.01,TP,36,17,0,2345
NC_003030.1,C. acetobutyl.,Firmicutes,88.01,FP,17,14,0,752
NC_003030.1,C. acetobutyl.,Firmicutes,88.01,TP,14,8,0,1016
NC_003030.1,C. acetobutyl.,Firmicutes,88.01,TP,19,12,0,797
NC_003030.1,C. acetobutyl.,Firmicutes,88.01,TP,7,5,0,791
NC_003030.1,C. acetobutyl.,Firmicutes,88.01,TP,29,21,0,1229
NC_003030.1,C. acetobutyl.,Firmicutes,88.01,TP,20,13,0,1541
NC_003030.1,C. acetobutyl.,Firmicutes,88.01,TP,10,6,0,728
NC_003030.1,C. acetobutyl.,Firmicutes,88.01,TP,13,12,0,746
NC_003030.1,C. acetobutyl.,Firmicutes,88.01,TP,14,8,0,809
NC_003030.1,C. acetobutyl.,Firmicutes,88.01,TP,35,10,0,1958
NC_003030.1,C. acetobutyl.,Firmicutes,88.01,TP,14,9,0,968
NC_003030.1,C. acetobutyl.,Firmicutes,88.01,TP,27,19,0,1379
NC_003030.1,C. acetobutyl.,Firmicutes,88.01,TP,16,15,0,920
NC_003030.1,C. acetobutyl.,Firmicutes,88.01,FP,52,18,0,1052
NC_003030.1,C. acetobutyl.,Firmicutes,88.01,TP,32,24,0,1697
NC_003030.1,C. acetobutyl.,Firmicutes,88.01,TP,25,18,0,1373
NC_003030.1,C. acetobutyl.,Firmicutes,88.01,TP,21,17,0,1235
NC_003030.1,C. acetobutyl.,Firmicutes,88.01,FP,43,24,0,1349
NC_003030.1,C. acetobutyl.,Firmicutes,88.01,TP,31,25,0,1331
NC_003030.1,C. acetobutyl.,Firmicutes,88.01,TP,27,10,0,833
NC_003030.1,C. acetobutyl.,Firmicutes,88.01,FP,27,14,0,1268
NC_003030.1,C. acetobutyl.,Firmicutes,88.01,TP,32,18,0,887
NC_003030.1,C. acetobutyl.,Firmicutes,88.01,FP,53,37,0,1775
NC_003030.1,C. acetobutyl.,Firmicutes,88.01,TP,46,29,0,3038
NC_003030.1,C. acetobutyl.,Firmicutes,88.01,FP,13,12,0,953
NC_003030.1,C. acetobutyl.,Firmicutes,88.01,TP,88,65,0,4358
NC_003030.1,C. acetobutyl.,Firmicutes,88.01,TP,27,20,0,1115
NC_003030.1,C. acetobutyl.,Firmicutes,88.01,TP,46,37,0,2189
NC_003030.1,C. acetobutyl.,Firmicutes,88.01,FP,21,19,0,1226
NC_003030.1,C. acetobutyl.,Firmicutes,88.01,FP,39,27,0,1784
NC_003030.1,C. acetobutyl.,Firmicutes,88.01,TP,21,19,0,1112
NC_003030.1,C. acetobutyl.,Firmicutes,88.01,TP,20,15,0,1232
NC_003030.1,C. acetobutyl.,Firmicutes,88.01,TP,23,19,0,1097
NC_003030.1,C. acetobutyl.,Firmicutes,88.01,FP,17,15,0,854
NC_003030.1,C. acetobutyl.,Firmicutes,88.01,TP,23,14,0,1124
NC_003030.1,C. acetobutyl.,Firmicutes,88.01,TP,32,16,0,1187
NC_003030.1,C. acetobutyl.,Firmicutes,88.01,FP,38,25,0,1409
NC_003030.1,C. acetobutyl.,Firmicutes,88.01,FP,23,19,0,866
NC_003030.1,C. acetobutyl.,Firmicutes,88.01,TP,28,12,0,1313
NC_003030.1,C. acetobutyl.,Firmicutes,88.01,TP,21,19,0,1109
NC_003030.1,C. acetobutyl.,Firmicutes,88.01,TP,14,12,0,959
NC_003030.1,C. acetobutyl.,Firmicutes,88.01,TP,41,17,0,1427
NC_003030.1,C. acetobutyl.,Firmicutes,88.01,TP,56,46,0,2387
NC_003030.1,C. acetobutyl.,Firmicutes,88.01,FP,31,21,0,1406
NC_003030.1,C. acetobutyl.,Firmicutes,88.01,FP,38,17,0,1040
NC_003030.1,C. acetobutyl.,Firmicutes,88.01,TP,23,13,0,1394
NC_003030.1,C. acetobutyl.,Firmicutes,88.01,TP,38,20,0,1643
NC_003030.1,C. acetobutyl.,Firmicutes,88.01,TP,19,12,0,1073
NC_003030.1,C. acetobutyl.,Firmicutes,88.01,TP,20,15,0,821
NC_003030.1,C. acetobutyl.,Firmicutes,88.01,TP,35,22,0,992
NC_003030.1,C. acetobutyl.,Firmicutes,88.01,TP,15,11,0,857
NC_003030.1,C. acetobutyl.,Firmicutes,88.01,TP,16,16,0,1019
NC_003030.1,C. acetobutyl.,Firmicutes,88.01,TP,28,26,0,1262
NC_003030.1,C. acetobutyl.,Firmicutes,88.01,TP,36,16,0,1181
NC_003030.1,C. acetobutyl.,Firmicutes,88.01,FP,43,22,0,1016
NC_003030.1,C. acetobutyl.,Firmicutes,88.01,TP,13,11,0,797
NC_003030.1,C. acetobutyl.,Firmicutes,88.01,TP,36,28,0,1310
NC_003030.1,C. acetobutyl.,Firmicutes,88.01,TP,60,50,0,3158
NC_003030.1,C. acetobutyl.,Firmicutes,88.01,TP,21,15,0,788
NC_003030.1,C. acetobutyl.,Firmicutes,88.01,TP,29,21,0,1934
NC_003030.1,C. acetobutyl.,Firmicutes,88.01,TP,23,20,0,833
NC_003030.1,C. acetobutyl.,Firmicutes,88.01,TP,24,18,0,1436
NC_003030.1,C. acetobutyl.,Firmicutes,88.01,TP,37,20,0,1154
NC_003030.1,C. acetobutyl.,Firmicutes,88.01,TP,13,8,0,764
NC_003030.1,C. acetobutyl.,Firmicutes,88.01,TP,20,14,0,1019
NC_003030.1,C. acetobutyl.,Firmicutes,88.01,TP,17,13,0,938
NC_003030.1,C. acetobutyl.,Firmicutes,88.01,TP,18,12,0,1106
NC_003030.1,C. acetobutyl.,Firmicutes,88.01,TP,14,14,0,1034
NC_003030.1,C. acetobutyl.,Firmicutes,88.01,TP,29,9,0,1043
NC_003030.1,C. acetobutyl.,Firmicutes,88.01,TP,14,8,0,1031
NC_003030.1,C. acetobutyl.,Firmicutes,88.01,TP,42,18,0,1517
NC_003030.1,C. acetobutyl.,Firmicutes,88.01,TP,21,1,1,1007
NC_003030.1,C. acetobutyl.,Firmicutes,88.01,TP,47,23,0,1571
NC_003030.1,C. acetobutyl.,Firmicutes,88.01,FP,18,15,0,989
NC_003030.1,C. acetobutyl.,Firmicutes,88.01,TP,11,7,0,920
NC_003030.1,C. acetobutyl.,Firmicutes,88.01,TP,17,14,0,998
NC_003030.1,C. acetobutyl.,Firmicutes,88.01,TP,45,31,0,2036
NC_003030.1,C. acetobutyl.,Firmicutes,88.01,TP,12,9,0,746
NC_003030.1,C. acetobutyl.,Firmicutes,88.01,FP,42,31,0,2204
NC_003030.1,C. acetobutyl.,Firmicutes,88.01,TP,16,9,0,740
NC_003030.1,C. acetobutyl.,Firmicutes,88.01,TP,15,7,0,1184
NC_003030.1,C. acetobutyl.,Firmicutes,88.01,TP,18,13,0,764
NC_003030.1,C. acetobutyl.,Firmicutes,88.01,FP,15,12,0,764
NC_003030.1,C. acetobutyl.,Firmicutes,88.01,TP,40,24,0,1715
NC_003030.1,C. acetobutyl.,Firmicutes,88.01,TP,15,13,0,869
NC_003030.1,C. acetobutyl.,Firmicutes,88.01,TP,35,11,0,1592
NC_003030.1,C. acetobutyl.,Firmicutes,88.01,TP,31,24,0,1289
NC_003030.1,C. acetobutyl.,Firmicutes,88.01,TP,20,15,0,911
NC_003030.1,C. acetobutyl.,Firmicutes,88.01,TP,22,16,0,1139
NC_003030.1,C. acetobutyl.,Firmicutes,88.01,TP,5,6,0,779
NC_003030.1,C. acetobutyl.,Firmicutes,88.01,TP,21,10,0,1010
NC_003030.1,C. acetobutyl.,Firmicutes,88.01,TP,18,13,0,977
NC_003030.1,C. acetobutyl.,Firmicutes,88.01,TP,20,16,0,815
NC_003030.1,C. acetobutyl.,Firmicutes,88.01,TP,10,10,0,728
NC_003030.1,C. acetobutyl.,Firmicutes,88.01,TP,36,21,0,2009
NC_003030.1,C. acetobutyl.,Firmicutes,88.01,TP,33,21,0,1430
NC_003030.1,C. acetobutyl.,Firmicutes,88.01,TP,50,41,0,2336
NC_003030.1,C. acetobutyl.,Firmicutes,88.01,TP,15,11,0,1064
NC_003030.1,C. acetobutyl.,Firmicutes,88.01,TP,16,12,0,746
NC_003030.1,C. acetobutyl.,Firmicutes,88.01,TP,26,20,0,1472
NC_003030.1,C. acetobutyl.,Firmicutes,88.01,FP,17,15,0,866
NC_003030.1,C. acetobutyl.,Firmicutes,88.01,TP,12,7,0,848
NC_003030.1,C. acetobutyl.,Firmicutes,88.01,TP,48,28,0,1997
NC_003030.1,C. acetobutyl.,Firmicutes,88.01,TP,29,26,0,1181
NC_003030.1,C. acetobutyl.,Firmicutes,88.01,TP,20,15,0,1223
NC_003030.1,C. acetobutyl.,Firmicutes,88.01,TP,31,10,0,1160
NC_003030.1,C. acetobutyl.,Firmicutes,88.01,TP,12,9,0,800
NC_003030.1,C. acetobutyl.,Firmicutes,88.01,TP,27,21,0,1676
NC_003030.1,C. acetobutyl.,Firmicutes,88.01,TP,36,25,0,1478
NC_003030.1,C. acetobutyl.,Firmicutes,88.01,FP,25,18,0,1265
NC_003030.1,C. acetobutyl.,Firmicutes,88.01,TP,13,8,0,881
NC_003030.1,C. acetobutyl.,Firmicutes,88.01,FP,24,14,0,1187
NC_003030.1,C. acetobutyl.,Firmicutes,88.01,TP,24,23,0,869
NC_003030.1,C. acetobutyl.,Firmicutes,88.01,FP,16,15,0,914
NC_003030.1,C. acetobutyl.,Firmicutes,88.01,TP,17,16,0,1139
NC_003030.1,C. acetobutyl.,Firmicutes,88.01,TP,17,11,0,758
NC_003030.1,C. acetobutyl.,Firmicutes,88.01,TP,16,12,0,1094
NC_003030.1,C. acetobutyl.,Firmicutes,88.01,TP,11,1,1,731
NC_003030.1,C. acetobutyl.,Firmicutes,88.01,TP,30,8,0,1106
NC_003030.1,C. acetobutyl.,Firmicutes,88.01,FP,77,35,0,2432
NC_003030.1,C. acetobutyl.,Firmicutes,88.01,TP,24,20,0,1310
NC_003030.1,C. acetobutyl.,Firmicutes,88.01,TP,48,33,0,2297
NC_003030.1,C. acetobutyl.,Firmicutes,88.01,FP,17,15,0,764
NC_003030.1,C. acetobutyl.,Firmicutes,88.01,FP,9,8,0,869
NC_003030.1,C. acetobutyl.,Firmicutes,88.01,TP,14,12,0,896
NC_003030.1,C. acetobutyl.,Firmicutes,88.01,TP,13,11,0,1049
NC_003030.1,C. acetobutyl.,Firmicutes,88.01,FP,21,17,0,965
NC_003030.1,C. acetobutyl.,Firmicutes,88.01,TP,47,32,0,1430
NC_003030.1,C. acetobutyl.,Firmicutes,88.01,TP,20,12,0,1091
NC_003030.1,C. acetobutyl.,Firmicutes,88.01,FP,13,13,0,1085
NC_003030.1,C. acetobutyl.,Firmicutes,88.01,TP,35,19,0,1904
NC_003030.1,C. acetobutyl.,Firmicutes,88.01,TP,36,22,0,1916
NC_003030.1,C. acetobutyl.,Firmicutes,88.01,FP,23,17,0,1223
NC_003030.1,C. acetobutyl.,Firmicutes,88.01,TP,56,38,0,1754
NC_003030.1,C. acetobutyl.,Firmicutes,88.01,TP,10,8,0,758
NC_003030.1,C. acetobutyl.,Firmicutes,88.01,TP,10,6,0,947
NC_003030.1,C. acetobutyl.,Firmicutes,88.01,TP,20,11,0,899
NC_003030.1,C. acetobutyl.,Firmicutes,88.01,FP,23,14,0,1007
NC_003030.1,C. acetobutyl.,Firmicutes,88.01,TP,25,15,0,1316
NC_003030.1,C. acetobutyl.,Firmicutes,88.01,TP,28,21,0,1397
NC_003030.1,C. acetobutyl.,Firmicutes,88.01,TP,16,11,0,770
NC_003030.1,C. acetobutyl.,Firmicutes,88.01,TP,21,16,0,953
NC_003030.1,C. acetobutyl.,Firmicutes,88.01,TP,13,12,0,749
NC_003030.1,C. acetobutyl.,Firmicutes,88.01,TP,16,11,0,731
NC_003030.1,C. acetobutyl.,Firmicutes,88.01,TP,12,9,0,740
NC_003030.1,C. acetobutyl.,Firmicutes,88.01,FP,24,13,0,929
NC_003030.1,C. acetobutyl.,Firmicutes,88.01,TP,30,22,0,1148
NC_003030.1,C. acetobutyl.,Firmicutes,88.01,FP,26,17,0,905
NC_003030.1,C. acetobutyl.,Firmicutes,88.01,TP,41,30,0,1859
NC_003030.1,C. acetobutyl.,Firmicutes,88.01,TP,19,14,0,803
NC_003030.1,C. acetobutyl.,Firmicutes,88.01,TP,36,25,0,1712
NC_003030.1,C. acetobutyl.,Firmicutes,88.01,FP,16,11,0,893
NC_003030.1,C. acetobutyl.,Firmicutes,88.01,TP,27,22,0,1214
NC_003030.1,C. acetobutyl.,Firmicutes,88.01,TP,14,10,0,728
NC_003030.1,C. acetobutyl.,Firmicutes,88.01,TP,25,22,0,950
NC_003030.1,C. acetobutyl.,Firmicutes,88.01,FP,42,19,0,1439
NC_003030.1,C. acetobutyl.,Firmicutes,88.01,TP,34,26,0,1220
NC_003030.1,C. acetobutyl.,Firmicutes,88.01,TP,31,22,0,1376
NC_003030.1,C. acetobutyl.,Firmicutes,88.01,TP,36,22,0,1754
NC_003030.1,C. acetobutyl.,Firmicutes,88.01,TP,19,17,0,1061
NC_003030.1,C. acetobutyl.,Firmicutes,88.01,TP,20,18,0,857
NC_003030.1,C. acetobutyl.,Firmicutes,88.01,FP,31,21,0,1592
NC_003030.1,C. acetobutyl.,Firmicutes,88.01,TP,29,8,0,848
NC_003030.1,C. acetobutyl.,Firmicutes,88.01,TP,20,16,0,1190
NC_003030.1,C. acetobutyl.,Firmicutes,88.01,TP,19,18,0,1034
NC_003030.1,C. acetobutyl.,Firmicutes,88.01,TP,25,13,0,1928
NC_003030.1,C. acetobutyl.,Firmicutes,88.01,TP,31,21,0,1325
NC_003030.1,C. acetobutyl.,Firmicutes,88.01,TP,43,37,0,2609
NC_003030.1,C. acetobutyl.,Firmicutes,88.01,TP,22,15,0,1280
NC_003030.1,C. acetobutyl.,Firmicutes,88.01,TP,9,6,0,899
NC_003030.1,C. acetobutyl.,Firmicutes,88.01,FP,31,17,0,1640
NC_003030.1,C. acetobutyl.,Firmicutes,88.01,FP,25,14,0,1460
NC_003030.1,C. acetobutyl.,Firmicutes,88.01,TP,17,11,0,881
NC_003030.1,C. acetobutyl.,Firmicutes,88.01,FP,23,12,0,962
NC_003030.1,C. acetobutyl.,Firmicutes,88.01,TP,18,13,0,1097
NC_003030.1,C. acetobutyl.,Firmicutes,88.01,TP,20,9,0,1025
NC_003030.1,C. acetobutyl.,Firmicutes,88.01,TP,7,4,0,887
NC_003030.1,C. acetobutyl.,Firmicutes,88.01,TP,13,13,0,1070
NC_003030.1,C. acetobutyl.,Firmicutes,88.01,TP,31,17,0,1418
NC_003030.1,C. acetobutyl.,Firmicutes,88.01,TP,32,20,0,1409
NC_003030.1,C. acetobutyl.,Firmicutes,88.01,TP,20,9,0,1055
NC_003030.1,C. acetobutyl.,Firmicutes,88.01,TP,26,12,0,1277
NC_003030.1,C. acetobutyl.,Firmicutes,88.01,FP,17,17,0,1025
NC_003030.1,C. acetobutyl.,Firmicutes,88.01,TP,95,58,0,6158
NC_003030.1,C. acetobutyl.,Firmicutes,88.01,FP,27,14,0,1073
NC_003030.1,C. acetobutyl.,Firmicutes,88.01,TP,163,82,0,8453
NC_003030.1,C. acetobutyl.,Firmicutes,88.01,TP,24,18,0,1145
NC_003030.1,C. acetobutyl.,Firmicutes,88.01,TP,19,16,0,1622
NC_003030.1,C. acetobutyl.,Firmicutes,88.01,TP,31,10,0,1112
NC_003030.1,C. acetobutyl.,Firmicutes,88.01,TP,16,11,0,1124
NC_003030.1,C. acetobutyl.,Firmicutes,88.01,FP,30,20,0,1367
NC_003030.1,C. acetobutyl.,Firmicutes,88.01,FP,12,9,0,857
NC_003030.1,C. acetobutyl.,Firmicutes,88.01,FP,20,9,0,1361
NC_003030.1,C. acetobutyl.,Firmicutes,88.01,TP,21,11,0,1004
NC_003030.1,C. acetobutyl.,Firmicutes,88.01,TP,52,35,0,3638
NC_003030.1,C. acetobutyl.,Firmicutes,88.01,TP,18,9,0,824
NC_003030.1,C. acetobutyl.,Firmicutes,88.01,TP,16,9,0,875
NC_003030.1,C. acetobutyl.,Firmicutes,88.01,TP,46,27,0,2690
NC_003030.1,C. acetobutyl.,Firmicutes,88.01,TP,8,9,0,800
NC_003030.1,C. acetobutyl.,Firmicutes,88.01,TP,14,14,0,1307
NC_003030.1,C. acetobutyl.,Firmicutes,88.01,TP,14,6,0,839
NC_003030.1,C. acetobutyl.,Firmicutes,88.01,TP,21,12,0,986
NC_003030.1,C. acetobutyl.,Firmicutes,88.01,TP,13,7,0,1145
NC_003030.1,C. acetobutyl.,Firmicutes,88.01,FP,14,12,0,1364
NC_003030.1,C. acetobutyl.,Firmicutes,88.01,TP,52,31,0,1298
NC_003030.1,C. acetobutyl.,Firmicutes,88.01,TP,11,5,0,1079
NC_003030.1,C. acetobutyl.,Firmicutes,88.01,TP,26,16,0,1598
NC_003030.1,C. acetobutyl.,Firmicutes,88.01,FP,13,7,0,794
NC_003030.1,C. acetobutyl.,Firmicutes,88.01,TP,17,8,0,887
NC_003030.1,C. acetobutyl.,Firmicutes,88.01,TP,62,28,0,1985
NC_003030.1,C. acetobutyl.,Firmicutes,88.01,TP,21,17,0,1328
NC_003030.1,C. acetobutyl.,Firmicutes,88.01,TP,26,13,0,1115
NC_003030.1,C. acetobutyl.,Firmicutes,88.01,TP,154,100,0,4496
NC_003030.1,C. acetobutyl.,Firmicutes,88.01,TP,53,31,0,2108
NC_003030.1,C. acetobutyl.,Firmicutes,88.01,FP,15,12,0,776
NC_003030.1,C. acetobutyl.,Firmicutes,88.01,TP,40,28,0,1673
NC_003030.1,C. acetobutyl.,Firmicutes,88.01,TP,38,32,0,2057
NC_003030.1,C. acetobutyl.,Firmicutes,88.01,TP,26,16,0,1391
NC_003030.1,C. acetobutyl.,Firmicutes,88.01,FP,15,15,0,797
NC_003030.1,C. acetobutyl.,Firmicutes,88.01,TP,33,23,0,1691
NC_003030.1,C. acetobutyl.,Firmicutes,88.01,TP,16,12,0,920
NC_003030.1,C. acetobutyl.,Firmicutes,88.01,TP,28,20,0,1652
NC_003030.1,C. acetobutyl.,Firmicutes,88.01,TP,17,16,0,920
NC_003030.1,C. acetobutyl.,Firmicutes,88.01,TP,29,20,0,1019
NC_003030.1,C. acetobutyl.,Firmicutes,88.01,TP,18,12,0,731
NC_003030.1,C. acetobutyl.,Firmicutes,88.01,TP,16,10,0,1319
NC_003030.1,C. acetobutyl.,Firmicutes,88.01,FP,20,10,0,1310
NC_003030.1,C. acetobutyl.,Firmicutes,88.01,TP,41,29,0,2981
NC_003030.1,C. acetobutyl.,Firmicutes,88.01,TP,26,18,0,1715
NC_003030.1,C. acetobutyl.,Firmicutes,88.01,TP,34,20,0,1166
NC_003030.1,C. acetobutyl.,Firmicutes,88.01,TP,11,8,0,752
NC_003030.1,C. acetobutyl.,Firmicutes,88.01,TP,20,14,0,1178
NC_003030.1,C. acetobutyl.,Firmicutes,88.01,TP,33,31,0,1178
NC_003030.1,C. acetobutyl.,Firmicutes,88.01,TP,30,22,0,1319
NC_003030.1,C. acetobutyl.,Firmicutes,88.01,TP,15,12,0,872
NC_003030.1,C. acetobutyl.,Firmicutes,88.01,FP,32,19,0,1463
NC_003030.1,C. acetobutyl.,Firmicutes,88.01,TP,10,10,0,827
NC_003030.1,C. acetobutyl.,Firmicutes,88.01,TP,23,14,0,1358
NC_003030.1,C. acetobutyl.,Firmicutes,88.01,FP,20,16,0,818
NC_003030.1,C. acetobutyl.,Firmicutes,88.01,TP,16,12,0,743
NC_003030.1,C. acetobutyl.,Firmicutes,88.01,TP,14,7,0,815
NC_003030.1,C. acetobutyl.,Firmicutes,88.01,TP,6,4,0,938
NC_003030.1,C. acetobutyl.,Firmicutes,88.01,FP,105,78,0,5396
NC_003030.1,C. acetobutyl.,Firmicutes,88.01,TP,9,9,0,857
NC_003030.1,C. acetobutyl.,Firmicutes,88.01,TP,27,20,0,1481
NC_003030.1,C. acetobutyl.,Firmicutes,88.01,FP,30,23,0,1190
NC_003030.1,C. acetobutyl.,Firmicutes,88.01,TP,25,22,0,1748
NC_003030.1,C. acetobutyl.,Firmicutes,88.01,TP,18,16,0,1169
NC_003030.1,C. acetobutyl.,Firmicutes,88.01,TP,33,26,0,1385
NC_003030.1,C. acetobutyl.,Firmicutes,88.01,TP,15,7,0,740
NC_003030.1,C. acetobutyl.,Firmicutes,88.01,TP,21,15,0,1370
NC_003030.1,C. acetobutyl.,Firmicutes,88.01,FP,30,18,0,1400
NC_003030.1,C. acetobutyl.,Firmicutes,88.01,TP,46,31,0,1670
NC_003030.1,C. acetobutyl.,Firmicutes,88.01,TP,31,18,0,965
NC_003030.1,C. acetobutyl.,Firmicutes,88.01,TP,19,14,0,1388
NC_003030.1,C. acetobutyl.,Firmicutes,88.01,TP,36,22,0,2441
NC_003030.1,C. acetobutyl.,Firmicutes,88.01,TP,24,13,0,995
NC_003030.1,C. acetobutyl.,Firmicutes,88.01,TP,42,24,0,1184
NC_003030.1,C. acetobutyl.,Firmicutes,88.01,TP,17,6,0,833
NC_003030.1,C. acetobutyl.,Firmicutes,88.01,TP,16,14,0,947
NC_003030.1,C. acetobutyl.,Firmicutes,88.01,TP,14,9,0,734
NC_003030.1,C. acetobutyl.,Firmicutes,88.01,TP,24,21,0,1238
NC_003030.1,C. acetobutyl.,Firmicutes,88.01,TP,17,7,0,1067
NC_003030.1,C. acetobutyl.,Firmicutes,88.01,TP,24,14,0,1052
NC_003030.1,C. acetobutyl.,Firmicutes,88.01,TP,18,15,0,764
NC_003030.1,C. acetobutyl.,Firmicutes,88.01,TP,15,11,0,764
NC_003030.1,C. acetobutyl.,Firmicutes,88.01,TP,38,13,0,1058
NC_003030.1,C. acetobutyl.,Firmicutes,88.01,TP,88,57,0,4055
NC_003030.1,C. acetobutyl.,Firmicutes,88.01,TP,9,8,0,842
NC_003030.1,C. acetobutyl.,Firmicutes,88.01,TP,38,32,0,1796
NC_003030.1,C. acetobutyl.,Firmicutes,88.01,TP,23,15,0,1166
NC_003030.1,C. acetobutyl.,Firmicutes,88.01,FP,20,17,0,1172
NC_003030.1,C. acetobutyl.,Firmicutes,88.01,TP,26,20,0,1292
NC_003030.1,C. acetobutyl.,Firmicutes,88.01,FP,22,19,0,1226
NC_003030.1,C. acetobutyl.,Firmicutes,88.01,TP,38,30,0,1682
NC_003030.1,C. acetobutyl.,Firmicutes,88.01,TP,30,16,0,1424
NC_003030.1,C. acetobutyl.,Firmicutes,88.01,TP,22,13,0,800
NC_003030.1,C. acetobutyl.,Firmicutes,88.01,TP,6,6,0,779
NC_003030.1,C. acetobutyl.,Firmicutes,88.01,TP,26,16,0,1298
NC_003030.1,C. acetobutyl.,Firmicutes,88.01,FP,31,19,0,1448
NC_003030.1,C. acetobutyl.,Firmicutes,88.01,TP,78,43,0,3473
NC_003030.1,C. acetobutyl.,Firmicutes,88.01,TP,24,19,0,1034
NC_003030.1,C. acetobutyl.,Firmicutes,88.01,TP,13,9,0,848
NC_003030.1,C. acetobutyl.,Firmicutes,88.01,TP,21,16,0,1400
NC_003030.1,C. acetobutyl.,Firmicutes,88.01,FP,25,19,0,1181
NC_003030.1,C. acetobutyl.,Firmicutes,88.01,TP,19,13,0,1244
NC_003030.1,C. acetobutyl.,Firmicutes,88.01,TP,25,21,0,1187
NC_003030.1,C. acetobutyl.,Firmicutes,88.01,TP,22,20,0,863
NC_003030.1,C. acetobutyl.,Firmicutes,88.01,TP,17,15,0,1289
NC_003030.1,C. acetobutyl.,Firmicutes,88.01,TP,33,26,0,1232
NC_003030.1,C. acetobutyl.,Firmicutes,88.01,TP,27,20,0,1445
NC_003030.1,C. acetobutyl.,Firmicutes,88.01,TP,16,11,0,1292
NC_003030.1,C. acetobutyl.,Firmicutes,88.01,TP,18,15,0,905
NC_003030.1,C. acetobutyl.,Firmicutes,88.01,TP,59,44,0,2627
NC_003030.1,C. acetobutyl.,Firmicutes,88.01,TP,25,16,0,1397
NC_003030.1,C. acetobutyl.,Firmicutes,88.01,FP,34,9,0,1127
NC_003030.1,C. acetobutyl.,Firmicutes,88.01,TP,18,9,0,878
NC_003030.1,C. acetobutyl.,Firmicutes,88.01,TP,22,14,0,1631
NC_003030.1,C. acetobutyl.,Firmicutes,88.01,TP,33,19,0,1457
NC_003030.1,C. acetobutyl.,Firmicutes,88.01,TP,31,13,0,1532
NC_003030.1,C. acetobutyl.,Firmicutes,88.01,TP,27,14,0,1352
NC_003030.1,C. acetobutyl.,Firmicutes,88.01,TP,27,25,0,2000
NC_003030.1,C. acetobutyl.,Firmicutes,88.01,TP,40,29,0,2270
NC_003030.1,C. acetobutyl.,Firmicutes,88.01,TP,26,13,0,2090
NC_003030.1,C. acetobutyl.,Firmicutes,88.01,TP,17,13,0,860
NC_003030.1,C. acetobutyl.,Firmicutes,88.01,TP,39,18,0,896
NC_003030.1,C. acetobutyl.,Firmicutes,88.01,TP,18,18,0,818
NC_003030.1,C. acetobutyl.,Firmicutes,88.01,TP,14,11,0,1295
NC_003030.1,C. acetobutyl.,Firmicutes,88.01,TP,14,11,0,1034
NC_003030.1,C. acetobutyl.,Firmicutes,88.01,TP,21,11,0,1043
NC_003030.1,C. acetobutyl.,Firmicutes,88.01,TP,22,16,0,1091
NC_003030.1,C. acetobutyl.,Firmicutes,88.01,FP,105,78,0,5384
NC_003030.1,C. acetobutyl.,Firmicutes,88.01,TP,41,26,0,1994
NC_003030.1,C. acetobutyl.,Firmicutes,88.01,TP,13,10,0,941
NC_003030.1,C. acetobutyl.,Firmicutes,88.01,FP,50,29,0,1379
NC_003030.1,C. acetobutyl.,Firmicutes,88.01,TP,18,8,0,1001
NC_003030.1,C. acetobutyl.,Firmicutes,88.01,TP,29,15,0,1496
NC_003030.1,C. acetobutyl.,Firmicutes,88.01,TP,13,8,0,962
NC_003030.1,C. acetobutyl.,Firmicutes,88.01,TP,17,14,0,788
NC_003030.1,C. acetobutyl.,Firmicutes,88.01,TP,22,15,0,1181
NC_003030.1,C. acetobutyl.,Firmicutes,88.01,TP,15,14,0,911
NC_003030.1,C. acetobutyl.,Firmicutes,88.01,TP,19,16,0,1304
NC_003030.1,C. acetobutyl.,Firmicutes,88.01,TP,19,15,0,962
NC_003030.1,C. acetobutyl.,Firmicutes,88.01,TP,17,8,0,782
NC_003030.1,C. acetobutyl.,Firmicutes,88.01,TP,14,1,1,854
NC_003030.1,C. acetobutyl.,Firmicutes,88.01,TP,72,52,0,4295
NC_003030.1,C. acetobutyl.,Firmicutes,88.01,TP,56,36,0,2645
NC_003030.1,C. acetobutyl.,Firmicutes,88.01,TP,41,28,0,1739
NC_003030.1,C. acetobutyl.,Firmicutes,88.01,TP,33,23,0,1913
NC_003030.1,C. acetobutyl.,Firmicutes,88.01,TP,21,14,0,1019
NC_003030.1,C. acetobutyl.,Firmicutes,88.01,TP,45,33,0,2378
NC_003030.1,C. acetobutyl.,Firmicutes,88.01,TP,14,9,0,794
NC_003030.1,C. acetobutyl.,Firmicutes,88.01,TP,11,11,0,821
NC_003030.1,C. acetobutyl.,Firmicutes,88.01,TP,10,7,0,866
NC_003030.1,C. acetobutyl.,Firmicutes,88.01,TP,20,12,0,1055
NC_003030.1,C. acetobutyl.,Firmicutes,88.01,FP,17,13,0,920
NC_003030.1,C. acetobutyl.,Firmicutes,88.01,TP,16,13,0,1133
NC_003030.1,C. acetobutyl.,Firmicutes,88.01,TP,25,18,0,1745
NC_003030.1,C. acetobutyl.,Firmicutes,88.01,TP,30,22,0,1781
NC_003030.1,C. acetobutyl.,Firmicutes,88.01,TP,41,26,0,1787
NC_003030.1,C. acetobutyl.,Firmicutes,88.01,TP,30,17,0,1235
NC_003030.1,C. acetobutyl.,Firmicutes,88.01,TP,77,40,0,3653
NC_003030.1,C. acetobutyl.,Firmicutes,88.01,TP,31,18,0,1571
NC_003030.1,C. acetobutyl.,Firmicutes,88.01,TP,29,20,0,2099
NC_003030.1,C. acetobutyl.,Firmicutes,88.01,FP,21,15,0,1142
NC_003030.1,C. acetobutyl.,Firmicutes,88.01,TP,12,6,0,767
NC_003030.1,C. acetobutyl.,Firmicutes,88.01,TP,42,25,0,2081
NC_003030.1,C. acetobutyl.,Firmicutes,88.01,TP,10,9,0,827
NC_003030.1,C. acetobutyl.,Firmicutes,88.01,TP,7,8,0,794
NC_003030.1,C. acetobutyl.,Firmicutes,88.01,TP,29,18,0,1304
NC_003030.1,C. acetobutyl.,Firmicutes,88.01,TP,21,19,0,929
NC_003030.1,C. acetobutyl.,Firmicutes,88.01,TP,8,8,0,1154
NC_003030.1,C. acetobutyl.,Firmicutes,88.01,TP,18,12,0,1001
NC_003030.1,C. acetobutyl.,Firmicutes,88.01,TP,25,19,0,1349
NC_003030.1,C. acetobutyl.,Firmicutes,88.01,TP,24,13,0,1016
NC_003030.1,C. acetobutyl.,Firmicutes,88.01,TP,14,11,0,725
NC_003030.1,C. acetobutyl.,Firmicutes,88.01,TP,13,9,0,776
NC_003030.1,C. acetobutyl.,Firmicutes,88.01,FP,75,49,0,2552
NC_003030.1,C. acetobutyl.,Firmicutes,88.01,FP,18,13,0,743
NC_003030.1,C. acetobutyl.,Firmicutes,88.01,TP,14,14,0,728
NC_003030.1,C. acetobutyl.,Firmicutes,88.01,TP,21,15,0,1199
NC_003030.1,C. acetobutyl.,Firmicutes,88.01,TP,41,31,0,2054
NC_003030.1,C. acetobutyl.,Firmicutes,88.01,TP,11,8,0,737
NC_003030.1,C. acetobutyl.,Firmicutes,88.01,TP,19,1,1,1139
NC_003030.1,C. acetobutyl.,Firmicutes,88.01,TP,29,21,0,1364
NC_003030.1,C. acetobutyl.,Firmicutes,88.01,TP,56,41,0,2498
NC_003030.1,C. acetobutyl.,Firmicutes,88.01,TP,24,17,0,1319
NC_003030.1,C. acetobutyl.,Firmicutes,88.01,TP,24,15,0,1334
NC_003030.1,C. acetobutyl.,Firmicutes,88.01,FP,37,22,0,1064
NC_003030.1,C. acetobutyl.,Firmicutes,88.01,TP,19,14,0,920
NC_003030.1,C. acetobutyl.,Firmicutes,88.01,TP,17,16,0,1064
NC_003030.1,C. acetobutyl.,Firmicutes,88.01,TP,24,17,0,764
NC_003030.1,C. acetobutyl.,Firmicutes,88.01,TP,35,24,0,2438
NC_003030.1,C. acetobutyl.,Firmicutes,88.01,FP,10,5,0,767
NC_003030.1,C. acetobutyl.,Firmicutes,88.01,TP,12,8,0,737
NC_003030.1,C. acetobutyl.,Firmicutes,88.01,TP,30,15,0,1631
NC_003030.1,C. acetobutyl.,Firmicutes,88.01,TP,25,17,0,1277
NC_003030.1,C. acetobutyl.,Firmicutes,88.01,TP,23,17,0,1016
NC_003030.1,C. acetobutyl.,Firmicutes,88.01,TP,13,6,0,983
NC_003030.1,C. acetobutyl.,Firmicutes,88.01,TP,12,7,0,959
NC_003030.1,C. acetobutyl.,Firmicutes,88.01,TP,25,11,0,1088
NC_003030.1,C. acetobutyl.,Firmicutes,88.01,TP,13,1,1,857
NC_003030.1,C. acetobutyl.,Firmicutes,88.01,TP,10,6,0,1103
NC_003030.1,C. acetobutyl.,Firmicutes,88.01,TP,19,9,0,878
NC_003030.1,C. acetobutyl.,Firmicutes,88.01,FP,15,9,0,848
NC_003030.1,C. acetobutyl.,Firmicutes,88.01,TP,13,6,0,1070
NC_003030.1,C. acetobutyl.,Firmicutes,88.01,FP,30,17,0,1934
NC_003030.1,C. acetobutyl.,Firmicutes,88.01,FP,25,18,0,1451
NC_003030.1,C. acetobutyl.,Firmicutes,88.01,TP,15,5,0,1037
NC_003030.1,C. acetobutyl.,Firmicutes,88.01,FP,22,15,0,1499
NC_003030.1,C. acetobutyl.,Firmicutes,88.01,TP,15,8,0,755
NC_003030.1,C. acetobutyl.,Firmicutes,88.01,TP,33,14,0,1064
NC_003030.1,C. acetobutyl.,Firmicutes,88.01,TP,22,9,0,1031
NC_003030.1,C. acetobutyl.,Firmicutes,88.01,TP,14,7,0,851
NC_003030.1,C. acetobutyl.,Firmicutes,88.01,TP,10,9,0,1106
NC_003030.1,C. acetobutyl.,Firmicutes,88.01,TP,17,12,0,806
NC_003030.1,C. acetobutyl.,Firmicutes,88.01,FP,20,10,0,872
NC_003030.1,C. acetobutyl.,Firmicutes,88.01,TP,13,4,0,812
NC_003030.1,C. acetobutyl.,Firmicutes,88.01,TP,29,15,0,2030
NC_003030.1,C. acetobutyl.,Firmicutes,88.01,TP,15,9,0,1079
NC_003030.1,C. acetobutyl.,Firmicutes,88.01,FP,26,15,0,1898
NC_003030.1,C. acetobutyl.,Firmicutes,88.01,TP,25,18,0,2360
NC_003030.1,C. acetobutyl.,Firmicutes,88.01,TP,21,12,0,1160
NC_003030.1,C. acetobutyl.,Firmicutes,88.01,TP,13,8,0,1085
NC_003030.1,C. acetobutyl.,Firmicutes,88.01,TP,29,17,0,1541
NC_003030.1,C. acetobutyl.,Firmicutes,88.01,TP,34,24,0,1634
NC_003030.1,C. acetobutyl.,Firmicutes,88.01,FP,42,32,0,3596
NC_003030.1,C. acetobutyl.,Firmicutes,88.01,TP,19,14,0,947
NC_003030.1,C. acetobutyl.,Firmicutes,88.01,TP,11,1,1,734
NC_003030.1,C. acetobutyl.,Firmicutes,88.01,TP,18,14,0,1160
NC_003030.1,C. acetobutyl.,Firmicutes,88.01,FP,35,15,0,1199
NC_003030.1,C. acetobutyl.,Firmicutes,88.01,TP,37,20,0,1748
NC_004350.2,S. agalactiae,Firmicutes,87.08,TP,25,14,0,1136
NC_004350.2,S. agalactiae,Firmicutes,87.08,TP,20,16,0,1271
NC_004350.2,S. agalactiae,Firmicutes,87.08,TP,11,10,0,542
NC_004350.2,S. agalactiae,Firmicutes,87.08,TP,65,24,0,1970
NC_004350.2,S. agalactiae,Firmicutes,87.08,TP,12,12,0,506
NC_004350.2,S. agalactiae,Firmicutes,87.08,TP,32,25,0,1175
NC_004350.2,S. agalactiae,Firmicutes,87.08,TP,13,4,0,620
NC_004350.2,S. agalactiae,Firmicutes,87.08,TP,21,18,0,1379
NC_004350.2,S. agalactiae,Firmicutes,87.08,TP,44,28,0,1091
NC_004350.2,S. agalactiae,Firmicutes,87.08,TP,18,7,0,425
NC_004350.2,S. agalactiae,Firmicutes,87.08,TP,44,30,0,1790
NC_004350.2,S. agalactiae,Firmicutes,87.08,TP,42,25,0,1484
NC_004350.2,S. agalactiae,Firmicutes,87.08,TP,68,24,0,1838
NC_004350.2,S. agalactiae,Firmicutes,87.08,TP,22,22,0,998
NC_004350.2,S. agalactiae,Firmicutes,87.08,TP,21,15,0,1100
NC_004350.2,S. agalactiae,Firmicutes,87.08,TP,48,20,0,989
NC_004350.2,S. agalactiae,Firmicutes,87.08,TP,35,22,0,1013
NC_004350.2,S. agalactiae,Firmicutes,87.08,TP,46,25,0,1367
NC_004350.2,S. agalactiae,Firmicutes,87.08,TP,18,12,0,653
NC_004350.2,S. agalactiae,Firmicutes,87.08,TP,101,47,0,1652
NC_004350.2,S. agalactiae,Firmicutes,87.08,TP,6,6,0,419
NC_004350.2,S. agalactiae,Firmicutes,87.08,TP,5,3,0,308
NC_004350.2,S. agalactiae,Firmicutes,87.08,TP,106,41,0,2192
NC_004350.2,S. agalactiae,Firmicutes,87.08,TP,38,18,0,1343
NC_004350.2,S. agalactiae,Firmicutes,87.08,TP,20,3,0,392
NC_004350.2,S. agalactiae,Firmicutes,87.08,TP,41,27,0,1220
NC_004350.2,S. agalactiae,Firmicutes,87.08,TP,24,17,0,998
NC_004350.2,S. agalactiae,Firmicutes,87.08,TP,22,14,0,653
NC_004350.2,S. agalactiae,Firmicutes,87.08,TP,54,28,0,1901
NC_004350.2,S. agalactiae,Firmicutes,87.08,TP,24,19,0,845
NC_004350.2,S. agalactiae,Firmicutes,87.08,TP,38,21,0,1052
NC_004350.2,S. agalactiae,Firmicutes,87.08,TP,39,28,0,1052
NC_004350.2,S. agalactiae,Firmicutes,87.08,TP,65,31,0,1457
NC_004350.2,S. agalactiae,Firmicutes,87.08,TP,6,7,0,485
NC_004350.2,S. agalactiae,Firmicutes,87.08,TP,43,10,0,710
NC_004350.2,S. agalactiae,Firmicutes,87.08,TP,37,30,0,1667
NC_004350.2,S. agalactiae,Firmicutes,87.08,TP,82,27,0,1976
NC_004350.2,S. agalactiae,Firmicutes,87.08,TP,14,5,0,428
NC_004350.2,S. agalactiae,Firmicutes,87.08,TP,43,22,0,1142
NC_004350.2,S. agalactiae,Firmicutes,87.08,TP,28,9,0,776
NC_004350.2,S. agalactiae,Firmicutes,87.08,TP,25,17,0,734
NC_004350.2,S. agalactiae,Firmicutes,87.08,TP,20,8,0,1235
NC_004350.2,S. agalactiae,Firmicutes,87.08,TP,30,14,0,968
NC_004350.2,S. agalactiae,Firmicutes,87.08,TP,27,10,0,635
NC_004350.2,S. agalactiae,Firmicutes,87.08,TP,11,11,0,521
NC_004350.2,S. agalactiae,Firmicutes,87.08,TP,19,15,0,617
NC_004350.2,S. agalactiae,Firmicutes,87.08,TP,10,9,0,518
NC_004350.2,S. agalactiae,Firmicutes,87.08,TP,48,24,0,1346
NC_004350.2,S. agalactiae,Firmicutes,87.08,TP,165,88,0,4517
NC_004350.2,S. agalactiae,Firmicutes,87.08,TP,12,8,0,845
NC_004350.2,S. agalactiae,Firmicutes,87.08,TP,24,20,0,1163
NC_004350.2,S. agalactiae,Firmicutes,87.08,TP,22,21,0,908
NC_004350.2,S. agalactiae,Firmicutes,87.08,TP,27,14,0,686
NC_004350.2,S. agalactiae,Firmicutes,87.08,TP,29,19,0,890
NC_004350.2,S. agalactiae,Firmicutes,87.08,TP,21,19,0,599
NC_004350.2,S. agalactiae,Firmicutes,87.08,TP,57,33,0,1430
NC_004350.2,S. agalactiae,Firmicutes,87.08,TP,16,11,0,635
NC_004350.2,S. agalactiae,Firmicutes,87.08,TP,47,14,0,1193
NC_004350.2,S. agalactiae,Firmicutes,87.08,TP,9,3,0,302
NC_004350.2,S. agalactiae,Firmicutes,87.08,TP,27,20,0,809
NC_004350.2,S. agalactiae,Firmicutes,87.08,TP,37,21,0,1250
NC_004350.2,S. agalactiae,Firmicutes,87.08,TP,31,27,0,1019
NC_004350.2,S. agalactiae,Firmicutes,87.08,TP,31,15,0,803
NC_004350.2,S. agalactiae,Firmicutes,87.08,TP,15,5,0,317
NC_004350.2,S. agalactiae,Firmicutes,87.08,TP,50,26,0,1850
NC_004350.2,S. agalactiae,Firmicutes,87.08,TP,37,20,0,1415
NC_004350.2,S. agalactiae,Firmicutes,87.08,TP,28,13,0,938
NC_004350.2,S. agalactiae,Firmicutes,87.08,TP,18,10,0,824
NC_004350.2,S. agalactiae,Firmicutes,87.08,TP,18,14,0,548
NC_004350.2,S. agalactiae,Firmicutes,87.08,TP,38,26,0,1085
NC_004350.2,S. agalactiae,Firmicutes,87.08,TP,46,24,0,1361
NC_004350.2,S. agalactiae,Firmicutes,87.08,TP,74,44,0,2150
NC_004350.2,S. agalactiae,Firmicutes,87.08,TP,51,26,0,1352
NC_004350.2,S. agalactiae,Firmicutes,87.08,TP,13,12,0,857
NC_004350.2,S. agalactiae,Firmicutes,87.08,TP,25,8,0,692
NC_004350.2,S. agalactiae,Firmicutes,87.08,TP,56,28,0,2078
NC_004350.2,S. agalactiae,Firmicutes,87.08,TP,16,7,0,599
NC_004350.2,S. agalactiae,Firmicutes,87.08,TP,13,11,0,464
NC_004350.2,S. agalactiae,Firmicutes,87.08,TP,120,47,0,2618
NC_004350.2,S. agalactiae,Firmicutes,87.08,TP,12,13,0,689
NC_004350.2,S. agalactiae,Firmicutes,87.08,TP,67,40,0,2666
NC_004350.2,S. agalactiae,Firmicutes,87.08,TP,27,21,0,797
NC_004350.2,S. agalactiae,Firmicutes,87.08,TP,12,6,0,497
NC_004350.2,S. agalactiae,Firmicutes,87.08,TP,46,23,0,1220
NC_004350.2,S. agalactiae,Firmicutes,87.08,TP,10,9,0,359
NC_004350.2,S. agalactiae,Firmicutes,87.08,TP,16,14,0,524
NC_004350.2,S. agalactiae,Firmicutes,87.08,TP,63,16,0,1196
NC_004350.2,S. agalactiae,Firmicutes,87.08,TP,12,10,0,392
NC_004350.2,S. agalactiae,Firmicutes,87.08,TP,15,10,0,740
NC_004350.2,S. agalactiae,Firmicutes,87.08,TP,16,13,0,884
NC_004350.2,S. agalactiae,Firmicutes,87.08,TP,15,13,0,449
NC_004350.2,S. agalactiae,Firmicutes,87.08,TP,24,10,0,1058
NC_004350.2,S. agalactiae,Firmicutes,87.08,TP,20,16,0,830
NC_004350.2,S. agalactiae,Firmicutes,87.08,TP,45,20,0,1496
NC_004350.2,S. agalactiae,Firmicutes,87.08,TP,14,9,0,560
NC_004350.2,S. agalactiae,Firmicutes,87.08,TP,42,26,0,1532
NC_004350.2,S. agalactiae,Firmicutes,87.08,TP,38,22,0,902
NC_004350.2,S. agalactiae,Firmicutes,87.08,TP,42,14,0,869
NC_004350.2,S. agalactiae,Firmicutes,87.08,TP,16,5,0,341
NC_004350.2,S. agalactiae,Firmicutes,87.08,TP,44,21,0,1295
NC_004350.2,S. agalactiae,Firmicutes,87.08,TP,13,6,0,824
NC_004350.2,S. agalactiae,Firmicutes,87.08,TP,12,7,0,389
NC_004350.2,S. agalactiae,Firmicutes,87.08,TP,21,17,0,1214
NC_004350.2,S. agalactiae,Firmicutes,87.08,TP,38,25,0,917
NC_004350.2,S. agalactiae,Firmicutes,87.08,TP,32,22,0,1397
NC_004350.2,S. agalactiae,Firmicutes,87.08,TP,24,13,0,695
NC_004350.2,S. agalactiae,Firmicutes,87.08,TP,12,12,0,491
NC_004350.2,S. agalactiae,Firmicutes,87.08,TP,49,31,0,1265
NC_004350.2,S. agalactiae,Firmicutes,87.08,TP,25,18,0,1244
NC_004350.2,S. agalactiae,Firmicutes,87.08,TP,16,10,0,722
NC_004350.2,S. agalactiae,Firmicutes,87.08,TP,76,35,0,2237
NC_004350.2,S. agalactiae,Firmicutes,87.08,TP,75,37,0,2195
NC_004350.2,S. agalactiae,Firmicutes,87.08,TP,33,19,0,1262
NC_004350.2,S. agalactiae,Firmicutes,87.08,TP,31,20,0,872
NC_004350.2,S. agalactiae,Firmicutes,87.08,TP,23,15,0,920
NC_004350.2,S. agalactiae,Firmicutes,87.08,TP,117,48,0,4388
NC_004350.2,S. agalactiae,Firmicutes,87.08,TP,16,14,0,674
NC_004350.2,S. agalactiae,Firmicutes,87.08,TP,29,19,0,764
NC_004350.2,S. agalactiae,Firmicutes,87.08,TP,18,11,0,995
NC_004350.2,S. agalactiae,Firmicutes,87.08,TP,18,9,0,512
NC_004350.2,S. agalactiae,Firmicutes,87.08,TP,52,39,0,1376
NC_004350.2,S. agalactiae,Firmicutes,87.08,TP,25,15,0,950
NC_004350.2,S. agalactiae,Firmicutes,87.08,TP,43,28,0,1421
NC_004350.2,S. agalactiae,Firmicutes,87.08,TP,12,7,0,674
NC_004350.2,S. agalactiae,Firmicutes,87.08,TP,12,5,0,557
NC_004350.2,S. agalactiae,Firmicutes,87.08,TP,29,15,0,1361
NC_004350.2,S. agalactiae,Firmicutes,87.08,TP,44,18,0,1076
NC_004350.2,S. agalactiae,Firmicutes,87.08,TP,143,68,0,4430
NC_004350.2,S. agalactiae,Firmicutes,87.08,TP,10,5,0,308
NC_004350.2,S. agalactiae,Firmicutes,87.08,TP,64,28,0,1535
NC_004350.2,S. agalactiae,Firmicutes,87.08,TP,41,5,0,986
NC_004350.2,S. agalactiae,Firmicutes,87.08,TP,21,13,0,908
NC_004350.2,S. agalactiae,Firmicutes,87.08,TP,14,11,0,614
NC_004350.2,S. agalactiae,Firmicutes,87.08,TP,1,1,0,302
NC_004350.2,S. agalactiae,Firmicutes,87.08,TP,9,3,0,452
NC_004350.2,S. agalactiae,Firmicutes,87.08,TP,13,7,0,644
NC_004350.2,S. agalactiae,Firmicutes,87.08,FP,12,4,0,326
NC_004350.2,S. agalactiae,Firmicutes,87.08,TP,9,7,0,536
NC_004350.2,S. agalactiae,Firmicutes,87.08,TP,30,12,0,1082
NC_004350.2,S. agalactiae,Firmicutes,87.08,TP,13,9,0,656
NC_004350.2,S. agalactiae,Firmicutes,87.08,TP,19,9,0,893
NC_004350.2,S. agalactiae,Firmicutes,87.08,FP,11,1,0,320
NC_004350.2,S. agalactiae,Firmicutes,87.08,TP,5,3,0,314
NC_004350.2,S. agalactiae,Firmicutes,87.08,TP,15,8,0,650
NC_004350.2,S. agalactiae,Firmicutes,87.08,FP,23,3,0,308
NC_004350.2,S. agalactiae,Firmicutes,87.08,TP,39,20,0,935
NC_004350.2,S. agalactiae,Firmicutes,87.08,TP,15,8,0,776
NC_004350.2,S. agalactiae,Firmicutes,87.08,TP,43,26,0,1355
NC_004350.2,S. agalactiae,Firmicutes,87.08,TP,39,26,0,1439
NC_004350.2,S. agalactiae,Firmicutes,87.08,FP,12,4,0,377
NC_004350.2,S. agalactiae,Firmicutes,87.08,TP,8,7,0,533
NC_004350.2,S. agalactiae,Firmicutes,87.08,FP,12,4,0,377
NC_004350.2,S. agalactiae,Firmicutes,87.08,TP,33,17,0,1004
NC_004350.2,S. agalactiae,Firmicutes,87.08,TP,28,15,0,944
NC_004350.2,S. agalactiae,Firmicutes,87.08,TP,22,15,0,1145
NC_004350.2,S. agalactiae,Firmicutes,87.08,TP,24,7,0,587
NC_004350.2,S. agalactiae,Firmicutes,87.08,TP,41,14,0,992
NC_004350.2,S. agalactiae,Firmicutes,87.08,TP,21,14,0,926
NC_004350.2,S. agalactiae,Firmicutes,87.08,FP,46,26,0,1511
NC_004350.2,S. agalactiae,Firmicutes,87.08,TP,13,9,0,713
NC_004350.2,S. agalactiae,Firmicutes,87.08,TP,10,7,0,866
NC_004350.2,S. agalactiae,Firmicutes,87.08,TP,30,18,0,1268
NC_004350.2,S. agalactiae,Firmicutes,87.08,TP,25,11,0,956
NC_004350.2,S. agalactiae,Firmicutes,87.08,TP,20,14,0,875
NC_004350.2,S. agalactiae,Firmicutes,87.08,TP,31,22,0,1379
NC_004350.2,S. agalactiae,Firmicutes,87.08,TP,33,25,0,1151
NC_004350.2,S. agalactiae,Firmicutes,87.08,TP,31,17,0,935
NC_004350.2,S. agalactiae,Firmicutes,87.08,TP,14,10,0,623
NC_004350.2,S. agalactiae,Firmicutes,87.08,TP,18,15,0,944
NC_004350.2,S. agalactiae,Firmicutes,87.08,TP,10,4,0,554
NC_004350.2,S. agalactiae,Firmicutes,87.08,TP,9,7,0,1091
NC_004350.2,S. agalactiae,Firmicutes,87.08,TP,35,33,0,2573
NC_004350.2,S. agalactiae,Firmicutes,87.08,TP,8,8,0,773
NC_004350.2,S. agalactiae,Firmicutes,87.08,TP,25,11,0,1358
NC_004350.2,S. agalactiae,Firmicutes,87.08,TP,30,16,0,1115
NC_004350.2,S. agalactiae,Firmicutes,87.08,TP,37,31,0,1604
NC_004350.2,S. agalactiae,Firmicutes,87.08,TP,30,8,0,1295
NC_004350.2,S. agalactiae,Firmicutes,87.08,TP,32,15,0,998
NC_004350.2,S. agalactiae,Firmicutes,87.08,TP,17,8,0,581
NC_004350.2,S. agalactiae,Firmicutes,87.08,TP,75,27,0,1439
NC_004350.2,S. agalactiae,Firmicutes,87.08,TP,67,24,0,1022
NC_004350.2,S. agalactiae,Firmicutes,87.08,TP,17,6,0,707
NC_004350.2,S. agalactiae,Firmicutes,87.08,TP,10,11,0,509
NC_004350.2,S. agalactiae,Firmicutes,87.08,TP,16,10,0,878
NC_004350.2,S. agalactiae,Firmicutes,87.08,FP,13,11,0,611
NC_004350.2,S. agalactiae,Firmicutes,87.08,TP,19,16,0,1181
NC_004350.2,S. agalactiae,Firmicutes,87.08,TP,19,14,0,914
NC_004350.2,S. agalactiae,Firmicutes,87.08,TP,57,27,0,1412
NC_004350.2,S. agalactiae,Firmicutes,87.08,TP,152,73,0,4331
NC_004350.2,S. agalactiae,Firmicutes,87.08,TP,28,19,0,794
NC_004350.2,S. agalactiae,Firmicutes,87.08,TP,52,15,0,1283
NC_004350.2,S. agalactiae,Firmicutes,87.08,TP,26,17,0,932
NC_004350.2,S. agalactiae,Firmicutes,87.08,TP,7,6,0,452
NC_004350.2,S. agalactiae,Firmicutes,87.08,TP,15,12,0,449
NC_004350.2,S. agalactiae,Firmicutes,87.08,TP,8,6,0,554
NC_004350.2,S. agalactiae,Firmicutes,87.08,TP,37,17,0,995
NC_004350.2,S. agalactiae,Firmicutes,87.08,TP,64,27,0,1745
NC_004350.2,S. agalactiae,Firmicutes,87.08,TP,39,10,0,989
NC_004350.2,S. agalactiae,Firmicutes,87.08,TP,41,16,0,1136
NC_004350.2,S. agalactiae,Firmicutes,87.08,TP,39,34,0,1184
NC_004350.2,S. agalactiae,Firmicutes,87.08,FP,12,5,0,302
NC_004350.2,S. agalactiae,Firmicutes,87.08,TP,26,15,0,707
NC_004350.2,S. agalactiae,Firmicutes,87.08,TP,33,23,0,860
NC_004350.2,S. agalactiae,Firmicutes,87.08,TP,38,23,0,839
NC_004350.2,S. agalactiae,Firmicutes,87.08,TP,38,30,0,1160
NC_004350.2,S. agalactiae,Firmicutes,87.08,TP,50,23,0,1415
NC_004350.2,S. agalactiae,Firmicutes,87.08,TP,18,14,0,773
NC_004350.2,S. agalactiae,Firmicutes,87.08,TP,50,32,0,1358
NC_004350.2,S. agalactiae,Firmicutes,87.08,TP,43,20,0,1109
NC_004350.2,S. agalactiae,Firmicutes,87.08,TP,29,14,0,863
NC_004350.2,S. agalactiae,Firmicutes,87.08,FP,15,2,0,329
NC_004350.2,S. agalactiae,Firmicutes,87.08,TP,23,8,0,902
NC_004350.2,S. agalactiae,Firmicutes,87.08,TP,118,63,0,2636
NC_004350.2,S. agalactiae,Firmicutes,87.08,TP,18,12,0,563
NC_004350.2,S. agalactiae,Firmicutes,87.08,TP,7,5,0,365
NC_004350.2,S. agalactiae,Firmicutes,87.08,TP,10,10,0,500
NC_004350.2,S. agalactiae,Firmicutes,87.08,TP,61,26,0,1457
NC_004350.2,S. agalactiae,Firmicutes,87.08,TP,34,12,0,1190
NC_004350.2,S. agalactiae,Firmicutes,87.08,TP,52,38,0,1382
NC_004350.2,S. agalactiae,Firmicutes,87.08,TP,33,20,0,899
NC_004350.2,S. agalactiae,Firmicutes,87.08,TP,24,12,0,659
NC_004350.2,S. agalactiae,Firmicutes,87.08,TP,29,15,0,815
NC_004350.2,S. agalactiae,Firmicutes,87.08,TP,31,8,0,470
NC_004350.2,S. agalactiae,Firmicutes,87.08,TP,107,40,0,2081
NC_004350.2,S. agalactiae,Firmicutes,87.08,TP,55,12,0,1196
NC_004350.2,S. agalactiae,Firmicutes,87.08,TP,45,24,0,1436
NC_004350.2,S. agalactiae,Firmicutes,87.08,TP,36,8,0,635
NC_004350.2,S. agalactiae,Firmicutes,87.08,TP,31,22,0,1010
NC_004350.2,S. agalactiae,Firmicutes,87.08,TP,10,7,0,515
NC_004350.2,S. agalactiae,Firmicutes,87.08,TP,11,8,0,491
NC_004350.2,S. agalactiae,Firmicutes,87.08,FP,12,7,0,326
NC_004350.2,S. agalactiae,Firmicutes,87.08,TP,96,51,0,2228
NC_004350.2,S. agalactiae,Firmicutes,87.08,TP,24,20,0,851
NC_004350.2,S. agalactiae,Firmicutes,87.08,TP,11,10,0,398
NC_004350.2,S. agalactiae,Firmicutes,87.08,TP,48,26,0,1178
NC_004350.2,S. agalactiae,Firmicutes,87.08,TP,21,9,0,458
NC_004350.2,S. agalactiae,Firmicutes,87.08,TP,68,42,0,2039
NC_004350.2,S. agalactiae,Firmicutes,87.08,TP,28,10,0,914
NC_004350.2,S. agalactiae,Firmicutes,87.08,TP,31,17,0,1154
NC_004350.2,S. agalactiae,Firmicutes,87.08,TP,9,5,0,632
NC_004350.2,S. agalactiae,Firmicutes,87.08,TP,33,22,0,1004
NC_004350.2,S. agalactiae,Firmicutes,87.08,TP,82,42,0,2456
NC_004350.2,S. agalactiae,Firmicutes,87.08,TP,26,10,0,668
NC_004350.2,S. agalactiae,Firmicutes,87.08,TP,14,6,0,548
NC_004350.2,S. agalactiae,Firmicutes,87.08,TP,19,16,0,1094
NC_004350.2,S. agalactiae,Firmicutes,87.08,TP,16,15,0,857
NC_004350.2,S. agalactiae,Firmicutes,87.08,TP,26,18,0,779
NC_004350.2,S. agalactiae,Firmicutes,87.08,TP,36,17,0,1007
NC_004350.2,S. agalactiae,Firmicutes,87.08,TP,76,34,0,1844
NC_004350.2,S. agalactiae,Firmicutes,87.08,TP,22,7,0,671
NC_004350.2,S. agalactiae,Firmicutes,87.08,TP,71,39,0,2792
NC_004350.2,S. agalactiae,Firmicutes,87.08,TP,40,19,0,734
NC_004350.2,S. agalactiae,Firmicutes,87.08,TP,9,6,0,476
NC_004350.2,S. agalactiae,Firmicutes,87.08,TP,26,20,0,1049
NC_004350.2,S. agalactiae,Firmicutes,87.08,TP,32,22,0,1358
NC_004350.2,S. agalactiae,Firmicutes,87.08,TP,22,20,0,1040
NC_004350.2,S. agalactiae,Firmicutes,87.08,TP,23,21,0,758
NC_004350.2,S. agalactiae,Firmicutes,87.08,TP,25,19,0,1229
NC_004350.2,S. agalactiae,Firmicutes,87.08,TP,9,8,0,500
NC_004350.2,S. agalactiae,Firmicutes,87.08,TP,23,16,0,968
NC_004350.2,S. agalactiae,Firmicutes,87.08,TP,47,30,0,1382
NC_004350.2,S. agalactiae,Firmicutes,87.08,TP,79,40,0,1733
NC_004350.2,S. agalactiae,Firmicutes,87.08,TP,23,10,0,587
NC_004350.2,S. agalactiae,Firmicutes,87.08,TP,44,35,0,1277
NC_004350.2,S. agalactiae,Firmicutes,87.08,TP,28,8,0,758
NC_004350.2,S. agalactiae,Firmicutes,87.08,TP,15,12,0,425
NC_004350.2,S. agalactiae,Firmicutes,87.08,TP,56,31,0,2126
NC_004350.2,S. agalactiae,Firmicutes,87.08,TP,40,25,0,935
NC_004350.2,S. agalactiae,Firmicutes,87.08,TP,69,29,0,2180
NC_004350.2,S. agalactiae,Firmicutes,87.08,TP,36,25,0,1067
NC_004350.2,S. agalactiae,Firmicutes,87.08,TP,29,13,0,833
NC_004350.2,S. agalactiae,Firmicutes,87.08,TP,119,46,0,1991
NC_004350.2,S. agalactiae,Firmicutes,87.08,TP,27,17,0,1520
NC_004350.2,S. agalactiae,Firmicutes,87.08,TP,54,21,0,1115
NC_004350.2,S. agalactiae,Firmicutes,87.08,TP,16,7,0,335
NC_004350.2,S. agalactiae,Firmicutes,87.08,TP,49,38,0,2540
NC_004350.2,S. agalactiae,Firmicutes,87.08,TP,25,23,0,1316
NC_004350.2,S. agalactiae,Firmicutes,87.08,TP,24,16,0,842
NC_004350.2,S. agalactiae,Firmicutes,87.08,TP,43,19,0,1352
NC_004350.2,S. agalactiae,Firmicutes,87.08,TP,44,19,0,1181
NC_004350.2,S. agalactiae,Firmicutes,87.08,TP,7,7,0,530
NC_004350.2,S. agalactiae,Firmicutes,87.08,TP,16,13,0,587
NC_004350.2,S. agalactiae,Firmicutes,87.08,TP,29,18,0,905
NC_004350.2,S. agalactiae,Firmicutes,87.08,TP,20,17,0,926
NC_004350.2,S. agalactiae,Firmicutes,87.08,TP,32,15,0,1334
NC_004350.2,S. agalactiae,Firmicutes,87.08,TP,12,6,0,341
NC_004350.2,S. agalactiae,Firmicutes,87.08,TP,13,10,0,542
NC_004350.2,S. agalactiae,Firmicutes,87.08,TP,51,22,0,1811
NC_004350.2,S. agalactiae,Firmicutes,87.08,TP,17,15,0,1145
NC_004350.2,S. agalactiae,Firmicutes,87.08,TP,25,16,0,845
NC_004350.2,S. agalactiae,Firmicutes,87.08,TP,51,35,0,1868
NC_004350.2,S. agalactiae,Firmicutes,87.08,TP,68,43,0,1736
NC_004350.2,S. agalactiae,Firmicutes,87.08,TP,18,11,0,485
NC_004350.2,S. agalactiae,Firmicutes,87.08,TP,14,10,0,623
NC_004350.2,S. agalactiae,Firmicutes,87.08,TP,24,12,0,854
NC_004350.2,S. agalactiae,Firmicutes,87.08,TP,17,16,0,692
NC_004350.2,S. agalactiae,Firmicutes,87.08,TP,33,14,0,839
NC_004350.2,S. agalactiae,Firmicutes,87.08,TP,30,4,0,503
NC_004350.2,S. agalactiae,Firmicutes,87.08,TP,21,15,0,1067
NC_004350.2,S. agalactiae,Firmicutes,87.08,TP,52,27,0,1286
NC_004350.2,S. agalactiae,Firmicutes,87.08,TP,25,19,0,920
NC_004350.2,S. agalactiae,Firmicutes,87.08,TP,55,30,0,1934
NC_004350.2,S. agalactiae,Firmicutes,87.08,TP,23,11,0,881
NC_004350.2,S. agalactiae,Firmicutes,87.08,TP,7,5,0,305
NC_004350.2,S. agalactiae,Firmicutes,87.08,TP,35,26,0,1391
NC_004350.2,S. agalactiae,Firmicutes,87.08,TP,14,8,0,743
NC_004350.2,S. agalactiae,Firmicutes,87.08,TP,6,5,0,566
NC_004350.2,S. agalactiae,Firmicutes,87.08,TP,22,12,0,980
NC_004350.2,S. agalactiae,Firmicutes,87.08,TP,10,10,0,686
NC_004350.2,S. agalactiae,Firmicutes,87.08,TP,10,8,0,572
NC_004350.2,S. agalactiae,Firmicutes,87.08,TP,31,18,0,1508
NC_004350.2,S. agalactiae,Firmicutes,87.08,TP,10,6,0,656
NC_004350.2,S. agalactiae,Firmicutes,87.08,TP,28,12,0,728
NC_004350.2,S. agalactiae,Firmicutes,87.08,TP,32,23,0,1382
NC_004350.2,S. agalactiae,Firmicutes,87.08,TP,11,6,0,707
NC_004350.2,S. agalactiae,Firmicutes,87.08,TP,5,6,0,818
NC_004350.2,S. agalactiae,Firmicutes,87.08,TP,53,18,0,1367
NC_004350.2,S. agalactiae,Firmicutes,87.08,TP,10,4,0,599
NC_004350.2,S. agalactiae,Firmicutes,87.08,TP,26,11,0,932
NC_004350.2,S. agalactiae,Firmicutes,87.08,TP,19,9,0,638
NC_004350.2,S. agalactiae,Firmicutes,87.08,TP,38,25,0,1433
NC_004350.2,S. agalactiae,Firmicutes,87.08,TP,49,29,0,1175
NC_004350.2,S. agalactiae,Firmicutes,87.08,TP,21,4,0,596
NC_004350.2,S. agalactiae,Firmicutes,87.08,TP,24,15,0,1343
NC_004350.2,S. agalactiae,Firmicutes,87.08,TP,36,17,0,1649
NC_004350.2,S. agalactiae,Firmicutes,87.08,TP,6,3,0,458
NC_004350.2,S. agalactiae,Firmicutes,87.08,TP,4,4,0,413
NC_004350.2,S. agalactiae,Firmicutes,87.08,TP,24,16,0,1133
NC_004350.2,S. agalactiae,Firmicutes,87.08,TP,33,9,0,1019
NC_004350.2,S. agalactiae,Firmicutes,87.08,TP,35,17,0,782
NC_004350.2,S. agalactiae,Firmicutes,87.08,TP,15,10,0,536
NC_004350.2,S. agalactiae,Firmicutes,87.08,TP,13,11,0,962
NC_004350.2,S. agalactiae,Firmicutes,87.08,TP,16,11,0,686
NC_004350.2,S. agalactiae,Firmicutes,87.08,TP,54,23,0,2363
NC_004350.2,S. agalactiae,Firmicutes,87.08,TP,33,17,0,818
NC_004350.2,S. agalactiae,Firmicutes,87.08,TP,12,3,0,368
NC_004350.2,S. agalactiae,Firmicutes,87.08,TP,40,5,0,1019
NC_004350.2,S. agalactiae,Firmicutes,87.08,FP,5,4,0,329
NC_004350.2,S. agalactiae,Firmicutes,87.08,TP,13,7,0,764
NC_004350.2,S. agalactiae,Firmicutes,87.08,FP,12,4,0,377
NC_004350.2,S. agalactiae,Firmicutes,87.08,TP,36,20,0,1307
NC_004350.2,S. agalactiae,Firmicutes,87.08,TP,43,9,0,1691
NC_004350.2,S. agalactiae,Firmicutes,87.08,TP,41,21,0,1376
NC_004350.2,S. agalactiae,Firmicutes,87.08,TP,5,4,0,365
NC_004350.2,S. agalactiae,Firmicutes,87.08,TP,10,4,0,371
NC_004350.2,S. agalactiae,Firmicutes,87.08,TP,26,20,0,968
NC_004350.2,S. agalactiae,Firmicutes,87.08,TP,11,5,0,635
NC_004350.2,S. agalactiae,Firmicutes,87.08,TP,8,4,0,431
NC_004350.2,S. agalactiae,Firmicutes,87.08,TP,30,10,0,692
NC_004350.2,S. agalactiae,Firmicutes,87.08,TP,32,20,0,1295
NC_004350.2,S. agalactiae,Firmicutes,87.08,TP,75,36,0,1298
NC_004350.2,S. agalactiae,Firmicutes,87.08,TP,16,13,0,587
NC_004350.2,S. agalactiae,Firmicutes,87.08,TP,30,20,0,1559
NC_004350.2,S. agalactiae,Firmicutes,87.08,TP,25,7,0,602
NC_004350.2,S. agalactiae,Firmicutes,87.08,TP,33,23,0,833
NC_004350.2,S. agalactiae,Firmicutes,87.08,TP,51,27,0,1400
NC_004350.2,S. agalactiae,Firmicutes,87.08,TP,37,28,0,965
NC_004350.2,S. agalactiae,Firmicutes,87.08,TP,116,46,0,2669
NC_004350.2,S. agalactiae,Firmicutes,87.08,TP,25,18,0,905
NC_004350.2,S. agalactiae,Firmicutes,87.08,TP,18,13,0,746
NC_004350.2,S. agalactiae,Firmicutes,87.08,TP,9,2,0,332
NC_004350.2,S. agalactiae,Firmicutes,87.08,TP,24,10,0,920
NC_004350.2,S. agalactiae,Firmicutes,87.08,TP,12,1,0,353
NC_004350.2,S. agalactiae,Firmicutes,87.08,TP,18,4,0,431
NC_004350.2,S. agalactiae,Firmicutes,87.08,TP,30,19,0,1022
NC_004350.2,S. agalactiae,Firmicutes,87.08,TP,36,15,0,887
NC_004350.2,S. agalactiae,Firmicutes,87.08,TP,34,19,0,722
NC_004350.2,S. agalactiae,Firmicutes,87.08,TP,35,20,0,770
NC_004350.2,S. agalactiae,Firmicutes,87.08,TP,36,20,0,1649
NC_004350.2,S. agalactiae,Firmicutes,87.08,TP,10,3,0,602
NC_004350.2,S. agalactiae,Firmicutes,87.08,TP,21,16,0,950
NC_004350.2,S. agalactiae,Firmicutes,87.08,TP,23,9,0,665
NC_004350.2,S. agalactiae,Firmicutes,87.08,TP,54,19,0,1091
NC_004350.2,S. agalactiae,Firmicutes,87.08,TP,12,8,0,512
NC_004350.2,S. agalactiae,Firmicutes,87.08,TP,37,23,0,1013
NC_004350.2,S. agalactiae,Firmicutes,87.08,TP,28,11,0,800
NC_004350.2,S. agalactiae,Firmicutes,87.08,TP,18,15,0,557
NC_004350.2,S. agalactiae,Firmicutes,87.08,TP,30,14,0,1010
NC_004350.2,S. agalactiae,Firmicutes,87.08,TP,49,23,0,1130
NC_004350.2,S. agalactiae,Firmicutes,87.08,TP,45,26,0,1400
NC_004350.2,S. agalactiae,Firmicutes,87.08,TP,51,25,0,875
NC_004350.2,S. agalactiae,Firmicutes,87.08,TP,13,8,0,404
NC_004350.2,S. agalactiae,Firmicutes,87.08,TP,30,23,0,1274
NC_004350.2,S. agalactiae,Firmicutes,87.08,TP,13,5,0,413
NC_004350.2,S. agalactiae,Firmicutes,87.08,TP,13,9,0,710
NC_004350.2,S. agalactiae,Firmicutes,87.08,TP,7,5,0,458
NC_004350.2,S. agalactiae,Firmicutes,87.08,TP,28,11,0,950
NC_004350.2,S. agalactiae,Firmicutes,87.08,TP,25,17,0,1112
NC_004350.2,S. agalactiae,Firmicutes,87.08,TP,14,8,0,443
NC_004350.2,S. agalactiae,Firmicutes,87.08,TP,36,17,0,1220
NC_004350.2,S. agalactiae,Firmicutes,87.08,TP,24,12,0,869
NC_004350.2,S. agalactiae,Firmicutes,87.08,TP,22,20,0,857
NC_004350.2,S. agalactiae,Firmicutes,87.08,TP,33,12,0,917
NC_004350.2,S. agalactiae,Firmicutes,87.08,TP,37,14,0,950
NC_004350.2,S. agalactiae,Firmicutes,87.08,TP,4,2,0,323
NC_004350.2,S. agalactiae,Firmicutes,87.08,TP,68,40,0,2249
NC_004350.2,S. agalactiae,Firmicutes,87.08,TP,29,15,0,1343
NC_004350.2,S. agalactiae,Firmicutes,87.08,TP,11,9,0,821
NC_004350.2,S. agalactiae,Firmicutes,87.08,TP,45,22,0,1460
NC_004350.2,S. agalactiae,Firmicutes,87.08,TP,39,22,0,1334
NC_004350.2,S. agalactiae,Firmicutes,87.08,TP,20,8,0,521
NC_004350.2,S. agalactiae,Firmicutes,87.08,TP,13,4,0,338
NC_004350.2,S. agalactiae,Firmicutes,87.08,TP,46,22,0,1607
NC_004350.2,S. agalactiae,Firmicutes,87.08,TP,52,37,0,2384
NC_004350.2,S. agalactiae,Firmicutes,87.08,TP,15,12,0,1094
NC_004350.2,S. agalactiae,Firmicutes,87.08,TP,29,13,0,1700
NC_004350.2,S. agalactiae,Firmicutes,87.08,TP,15,13,0,566
NC_004350.2,S. agalactiae,Firmicutes,87.08,FP,3,4,0,308
NC_004350.2,S. agalactiae,Firmicutes,87.08,TP,47,29,0,1331
NC_004350.2,S. agalactiae,Firmicutes,87.08,TP,68,56,0,1763
NC_004350.2,S. agalactiae,Firmicutes,87.08,TP,43,23,0,1034
NC_004350.2,S. agalactiae,Firmicutes,87.08,TP,20,16,0,704
NC_004350.2,S. agalactiae,Firmicutes,87.08,TP,44,19,0,1211
NC_004350.2,S. agalactiae,Firmicutes,87.08,TP,18,12,0,782
NC_004350.2,S. agalactiae,Firmicutes,87.08,TP,17,10,0,527
NC_004350.2,S. agalactiae,Firmicutes,87.08,TP,33,11,0,971
NC_004350.2,S. agalactiae,Firmicutes,87.08,TP,8,6,0,389
NC_004350.2,S. agalactiae,Firmicutes,87.08,TP,22,14,0,1124
NC_004350.2,S. agalactiae,Firmicutes,87.08,TP,47,16,0,1304
NC_004350.2,S. agalactiae,Firmicutes,87.08,TP,19,14,0,980
NC_004350.2,S. agalactiae,Firmicutes,87.08,TP,39,32,0,953
NC_004350.2,S. agalactiae,Firmicutes,87.08,TP,30,19,0,683
NC_004350.2,S. agalactiae,Firmicutes,87.08,TP,69,33,0,1610
NC_004350.2,S. agalactiae,Firmicutes,87.08,TP,20,7,0,626
NC_004350.2,S. agalactiae,Firmicutes,87.08,TP,19,7,0,719
NC_004350.2,S. agalactiae,Firmicutes,87.08,TP,13,11,0,701
NC_004350.2,S. agalactiae,Firmicutes,87.08,TP,22,14,0,716
NC_004350.2,S. agalactiae,Firmicutes,87.08,TP,19,10,0,617
NC_004350.2,S. agalactiae,Firmicutes,87.08,TP,24,16,0,746
NC_004350.2,S. agalactiae,Firmicutes,87.08,TP,29,21,0,839
NC_004350.2,S. agalactiae,Firmicutes,87.08,TP,24,17,0,1022
NC_004350.2,S. agalactiae,Firmicutes,87.08,TP,15,13,0,737
NC_004350.2,S. agalactiae,Firmicutes,87.08,TP,41,14,0,842
NC_004350.2,S. agalactiae,Firmicutes,87.08,TP,39,22,0,866
NC_004350.2,S. agalactiae,Firmicutes,87.08,TP,90,53,0,3413
NC_004350.2,S. agalactiae,Firmicutes,87.08,TP,15,8,0,689
NC_004350.2,S. agalactiae,Firmicutes,87.08,TP,90,34,0,2939
NC_004350.2,S. agalactiae,Firmicutes,87.08,TP,21,16,0,740
NC_004350.2,S. agalactiae,Firmicutes,87.08,TP,38,28,0,878
NC_004350.2,S. agalactiae,Firmicutes,87.08,TP,26,18,0,1208
NC_004350.2,S. agalactiae,Firmicutes,87.08,TP,5,5,0,299
NC_004350.2,S. agalactiae,Firmicutes,87.08,TP,9,5,0,455
NC_004350.2,S. agalactiae,Firmicutes,87.08,TP,29,14,0,926
NC_004350.2,S. agalactiae,Firmicutes,87.08,TP,33,27,0,1286
NC_004350.2,S. agalactiae,Firmicutes,87.08,TP,34,21,0,1166
NC_004350.2,S. agalactiae,Firmicutes,87.08,TP,33,18,0,1106
NC_004350.2,S. agalactiae,Firmicutes,87.08,TP,58,25,0,1388
NC_004350.2,S. agalactiae,Firmicutes,87.08,TP,8,4,0,377
NC_004350.2,S. agalactiae,Firmicutes,87.08,TP,12,6,0,407
NC_004350.2,S. agalactiae,Firmicutes,87.08,TP,54,26,0,1310
NC_004350.2,S. agalactiae,Firmicutes,87.08,TP,7,5,0,332
NC_004350.2,S. agalactiae,Firmicutes,87.08,TP,15,11,0,890
NC_004350.2,S. agalactiae,Firmicutes,87.08,TP,21,17,0,815
NC_004350.2,S. agalactiae,Firmicutes,87.08,TP,27,11,0,854
NC_004350.2,S. agalactiae,Firmicutes,87.08,TP,49,21,0,1217
NC_004350.2,S. agalactiae,Firmicutes,87.08,TP,25,14,0,926
NC_004350.2,S. agalactiae,Firmicutes,87.08,TP,41,30,0,1217
NC_004350.2,S. agalactiae,Firmicutes,87.08,TP,10,6,0,335
NC_004350.2,S. agalactiae,Firmicutes,87.08,TP,103,45,0,3179
NC_004350.2,S. agalactiae,Firmicutes,87.08,TP,60,40,0,1967
NC_004350.2,S. agalactiae,Firmicutes,87.08,TP,29,26,0,833
NC_004350.2,S. agalactiae,Firmicutes,87.08,TP,45,22,0,1133
NC_004350.2,S. agalactiae,Firmicutes,87.08,TP,61,32,0,1610
NC_004350.2,S. agalactiae,Firmicutes,87.08,TP,55,27,0,1064
NC_004350.2,S. agalactiae,Firmicutes,87.08,TP,58,37,0,3047
NC_004350.2,S. agalactiae,Firmicutes,87.08,TP,8,7,0,374
NC_004350.2,S. agalactiae,Firmicutes,87.08,TP,31,24,0,1205
NC_004350.2,S. agalactiae,Firmicutes,87.08,TP,59,38,0,1772
NC_004350.2,S. agalactiae,Firmicutes,87.08,TP,51,14,0,1349
NC_004350.2,S. agalactiae,Firmicutes,87.08,TP,10,4,0,434
NC_004350.2,S. agalactiae,Firmicutes,87.08,TP,70,47,0,1802
NC_004350.2,S. agalactiae,Firmicutes,87.08,TP,12,11,0,470
NC_004350.2,S. agalactiae,Firmicutes,87.08,TP,25,13,0,1016
NC_004350.2,S. agalactiae,Firmicutes,87.08,TP,54,19,0,1232
NC_004350.2,S. agalactiae,Firmicutes,87.08,TP,16,14,0,851
NC_004350.2,S. agalactiae,Firmicutes,87.08,TP,13,14,0,866
NC_004350.2,S. agalactiae,Firmicutes,87.08,TP,21,12,0,578
NC_004350.2,S. agalactiae,Firmicutes,87.08,TP,18,14,0,800
NC_004350.2,S. agalactiae,Firmicutes,87.08,TP,11,5,0,479
NC_004350.2,S. agalactiae,Firmicutes,87.08,TP,33,19,0,1157
NC_004350.2,S. agalactiae,Firmicutes,87.08,FP,19,13,0,887
NC_004350.2,S. agalactiae,Firmicutes,87.08,TP,7,5,0,500
NC_004350.2,S. agalactiae,Firmicutes,87.08,TP,15,7,0,368
NC_004350.2,S. agalactiae,Firmicutes,87.08,TP,31,25,0,1085
NC_004350.2,S. agalactiae,Firmicutes,87.08,TP,21,16,0,1022
NC_004350.2,S. agalactiae,Firmicutes,87.08,TP,15,11,0,842
NC_004350.2,S. agalactiae,Firmicutes,87.08,TP,48,19,0,1334
NC_004350.2,S. agalactiae,Firmicutes,87.08,TP,24,12,0,953
NC_004350.2,S. agalactiae,Firmicutes,87.08,TP,14,9,0,392
NC_004350.2,S. agalactiae,Firmicutes,87.08,TP,12,9,0,380
NC_004350.2,S. agalactiae,Firmicutes,87.08,FP,7,5,0,356
NC_004350.2,S. agalactiae,Firmicutes,87.08,FP,28,14,0,1166
NC_004350.2,S. agalactiae,Firmicutes,87.08,TP,36,29,0,1607
NC_004350.2,S. agalactiae,Firmicutes,87.08,TP,6,2,0,347
NC_004350.2,S. agalactiae,Firmicutes,87.08,TP,28,8,0,695
NC_004350.2,S. agalactiae,Firmicutes,87.08,TP,61,19,0,1715
NC_004350.2,S. agalactiae,Firmicutes,87.08,TP,38,11,0,1523
NC_004350.2,S. agalactiae,Firmicutes,87.08,TP,9,10,0,920
NC_004350.2,S. agalactiae,Firmicutes,87.08,TP,8,5,0,548
NC_004350.2,S. agalactiae,Firmicutes,87.08,TP,13,11,0,638
NC_004350.2,S. agalactiae,Firmicutes,87.08,TP,18,12,0,908
NC_004350.2,S. agalactiae,Firmicutes,87.08,FP,20,13,0,1070
NC_004350.2,S. agalactiae,Firmicutes,87.08,TP,4,3,0,350
NC_004350.2,S. agalactiae,Firmicutes,87.08,FP,17,6,0,311
NC_004350.2,S. agalactiae,Firmicutes,87.08,TP,10,7,0,575
NC_004350.2,S. agalactiae,Firmicutes,87.08,TP,55,30,0,1397
NC_004350.2,S. agalactiae,Firmicutes,87.08,TP,26,9,0,1151
NC_004350.2,S. agalactiae,Firmicutes,87.08,TP,25,9,0,812
NC_004350.2,S. agalactiae,Firmicutes,87.08,TP,53,36,0,1361
NC_004350.2,S. agalactiae,Firmicutes,87.08,TP,7,2,0,392
NC_004350.2,S. agalactiae,Firmicutes,87.08,TP,46,30,0,1685
NC_004350.2,S. agalactiae,Firmicutes,87.08,TP,6,7,0,353
NC_004350.2,S. agalactiae,Firmicutes,87.08,TP,29,20,0,1451
NC_004350.2,S. agalactiae,Firmicutes,87.08,TP,2,2,0,326
NC_004350.2,S. agalactiae,Firmicutes,87.08,TP,14,5,0,827
NC_004350.2,S. agalactiae,Firmicutes,87.08,FP,12,5,0,323
NC_004350.2,S. agalactiae,Firmicutes,87.08,TP,14,4,0,776
NC_004350.2,S. agalactiae,Firmicutes,87.08,TP,9,4,0,320
NC_004350.2,S. agalactiae,Firmicutes,87.08,TP,31,15,0,1169
NC_004350.2,S. agalactiae,Firmicutes,87.08,TP,31,15,0,1250
NC_004350.2,S. agalactiae,Firmicutes,87.08,TP,11,6,0,464
NC_004350.2,S. agalactiae,Firmicutes,87.08,TP,40,8,0,1439
NC_004350.2,S. agalactiae,Firmicutes,87.08,TP,18,10,0,662
NC_004350.2,S. agalactiae,Firmicutes,87.08,TP,32,12,0,920
NC_004350.2,S. agalactiae,Firmicutes,87.08,FP,12,6,0,482
NC_004350.2,S. agalactiae,Firmicutes,87.08,TP,79,40,0,2696
NC_004350.2,S. agalactiae,Firmicutes,87.08,TP,14,11,0,629
NC_004350.2,S. agalactiae,Firmicutes,87.08,TP,13,5,0,686
NC_004350.2,S. agalactiae,Firmicutes,87.08,TP,9,2,0,653
NC_004350.2,S. agalactiae,Firmicutes,87.08,TP,12,9,0,731
NC_004350.2,S. agalactiae,Firmicutes,87.08,TP,7,4,0,434
NC_004350.2,S. agalactiae,Firmicutes,87.08,TP,10,4,0,446
NC_004350.2,S. agalactiae,Firmicutes,87.08,TP,13,10,0,755
NC_004350.2,S. agalactiae,Firmicutes,87.08,TP,12,12,0,662
NC_004350.2,S. agalactiae,Firmicutes,87.08,TP,35,14,0,842
NC_004350.2,S. agalactiae,Firmicutes,87.08,TP,15,10,0,866
NC_004350.2,S. agalactiae,Firmicutes,87.08,TP,51,32,0,1973
NC_004350.2,S. agalactiae,Firmicutes,87.08,TP,21,12,0,761
NC_004350.2,S. agalactiae,Firmicutes,87.08,TP,10,6,0,374
NC_004350.2,S. agalactiae,Firmicutes,87.08,TP,39,28,0,1955
NC_004350.2,S. agalactiae,Firmicutes,87.08,FP,44,25,0,1445
NC_004350.2,S. agalactiae,Firmicutes,87.08,TP,4,2,0,398
NC_004350.2,S. agalactiae,Firmicutes,87.08,FP,14,5,0,320
NC_004350.2,S. agalactiae,Firmicutes,87.08,TP,95,37,0,2222
NC_004350.2,S. agalactiae,Firmicutes,87.08,TP,47,28,0,1967
NC_004350.2,S. agalactiae,Firmicutes,87.08,TP,37,29,0,1853
NC_004350.2,S. agalactiae,Firmicutes,87.08,TP,12,6,0,344
NC_004350.2,S. agalactiae,Firmicutes,87.08,TP,25,6,0,413
NC_004350.2,S. agalactiae,Firmicutes,87.08,TP,24,10,0,542
NC_004350.2,S. agalactiae,Firmicutes,87.08,TP,4,2,0,398
NC_004350.2,S. agalactiae,Firmicutes,87.08,FP,9,4,0,365
NC_004350.2,S. agalactiae,Firmicutes,87.08,TP,13,5,0,494
NC_004350.2,S. agalactiae,Firmicutes,87.08,TP,17,12,0,482
NC_004350.2,S. agalactiae,Firmicutes,87.08,TP,8,8,0,446
NC_004350.2,S. agalactiae,Firmicutes,87.08,FP,43,24,0,845
NC_004350.2,S. agalactiae,Firmicutes,87.08,FP,14,14,0,974
NC_004350.2,S. agalactiae,Firmicutes,87.08,FP,26,14,0,482
NC_004350.2,S. agalactiae,Firmicutes,87.08,TP,11,8,0,395
NC_004350.2,S. agalactiae,Firmicutes,87.08,FP,49,18,0,863
NC_004350.2,S. agalactiae,Firmicutes,87.08,TP,53,26,0,1628
NC_004350.2,S. agalactiae,Firmicutes,87.08,TP,66,39,0,2276
NC_004350.2,S. agalactiae,Firmicutes,87.08,TP,25,12,0,536
NC_004350.2,S. agalactiae,Firmicutes,87.08,TP,13,8,0,842
NC_004350.2,S. agalactiae,Firmicutes,87.08,TP,43,29,0,1676
NC_004350.2,S. agalactiae,Firmicutes,87.08,TP,9,10,0,575
NC_004350.2,S. agalactiae,Firmicutes,87.08,TP,21,11,0,692
NC_004350.2,S. agalactiae,Firmicutes,87.08,TP,38,26,0,1325
NC_004350.2,S. agalactiae,Firmicutes,87.08,TP,3,4,0,401
NC_004350.2,S. agalactiae,Firmicutes,87.08,TP,10,7,0,422
NC_004350.2,S. agalactiae,Firmicutes,87.08,FP,11,9,0,302
NC_004350.2,S. agalactiae,Firmicutes,87.08,FP,7,6,0,311
NC_004350.2,S. agalactiae,Firmicutes,87.08,TP,20,5,0,314
NC_004350.2,S. agalactiae,Firmicutes,87.08,FP,5,4,0,323
NC_004350.2,S. agalactiae,Firmicutes,87.08,FP,24,16,0,518
NC_004350.2,S. agalactiae,Firmicutes,87.08,TP,114,50,0,2831
NC_004350.2,S. agalactiae,Firmicutes,87.08,TP,30,24,0,1034
NC_004350.2,S. agalactiae,Firmicutes,87.08,TP,35,23,0,1217
NC_004350.2,S. agalactiae,Firmicutes,87.08,TP,19,15,0,785
NC_004350.2,S. agalactiae,Firmicutes,87.08,TP,63,48,0,1751
NC_004350.2,S. agalactiae,Firmicutes,87.08,TP,30,16,0,1379
NC_004350.2,S. agalactiae,Firmicutes,87.08,TP,22,8,0,353
NC_004350.2,S. agalactiae,Firmicutes,87.08,FP,26,16,0,806
NC_004350.2,S. agalactiae,Firmicutes,87.08,TP,34,19,0,1100
NC_004350.2,S. agalactiae,Firmicutes,87.08,TP,63,28,0,1850
NC_004350.2,S. agalactiae,Firmicutes,87.08,TP,60,34,0,2408
NC_004350.2,S. agalactiae,Firmicutes,87.08,TP,26,12,0,791
NC_004350.2,S. agalactiae,Firmicutes,87.08,TP,28,16,0,977
NC_004350.2,S. agalactiae,Firmicutes,87.08,TP,23,17,0,734
NC_004350.2,S. agalactiae,Firmicutes,87.08,TP,43,15,0,1232
NC_004350.2,S. agalactiae,Firmicutes,87.08,TP,12,3,0,482
NC_004350.2,S. agalactiae,Firmicutes,87.08,TP,13,9,0,740
NC_004350.2,S. agalactiae,Firmicutes,87.08,TP,38,11,0,722
NC_004350.2,S. agalactiae,Firmicutes,87.08,TP,34,11,0,650
NC_004350.2,S. agalactiae,Firmicutes,87.08,TP,18,11,0,791
NC_004350.2,S. agalactiae,Firmicutes,87.08,TP,33,18,0,1265
NC_004350.2,S. agalactiae,Firmicutes,87.08,TP,17,11,0,650
NC_004350.2,S. agalactiae,Firmicutes,87.08,TP,19,15,0,923
NC_004350.2,S. agalactiae,Firmicutes,87.08,TP,8,7,0,575
NC_004350.2,S. agalactiae,Firmicutes,87.08,TP,10,3,0,374
NC_004350.2,S. agalactiae,Firmicutes,87.08,TP,22,9,0,620
NC_004350.2,S. agalactiae,Firmicutes,87.08,TP,8,7,0,497
NC_004350.2,S. agalactiae,Firmicutes,87.08,TP,22,15,0,632
NC_004350.2,S. agalactiae,Firmicutes,87.08,TP,13,6,0,557
NC_004350.2,S. agalactiae,Firmicutes,87.08,FP,25,10,0,500
NC_004350.2,S. agalactiae,Firmicutes,87.08,TP,7,6,0,512
NC_004350.2,S. agalactiae,Firmicutes,87.08,TP,13,11,0,518
NC_004350.2,S. agalactiae,Firmicutes,87.08,TP,51,26,0,1358
NC_004350.2,S. agalactiae,Firmicutes,87.08,TP,97,39,0,1949
NC_004350.2,S. agalactiae,Firmicutes,87.08,TP,10,7,0,524
NC_004350.2,S. agalactiae,Firmicutes,87.08,TP,41,25,0,1259
NC_004350.2,S. agalactiae,Firmicutes,87.08,TP,16,11,0,653
NC_004350.2,S. agalactiae,Firmicutes,87.08,TP,25,18,0,860
NC_004350.2,S. agalactiae,Firmicutes,87.08,FP,11,8,0,605
NC_004350.2,S. agalactiae,Firmicutes,87.08,TP,13,7,0,536
NC_004350.2,S. agalactiae,Firmicutes,87.08,TP,27,18,0,878
NC_004350.2,S. agalactiae,Firmicutes,87.08,TP,113,60,0,3536
NC_004350.2,S. agalactiae,Firmicutes,87.08,TP,79,41,0,2405
NC_004350.2,S. agalactiae,Firmicutes,87.08,TP,186,77,0,3638
NC_004350.2,S. agalactiae,Firmicutes,87.08,FP,11,9,0,521
NC_004350.2,S. agalactiae,Firmicutes,87.08,TP,15,13,0,932
NC_004350.2,S. agalactiae,Firmicutes,87.08,TP,47,1,1,1406
NC_004350.2,S. agalactiae,Firmicutes,87.08,TP,22,14,0,896
NC_004350.2,S. agalactiae,Firmicutes,87.08,TP,33,16,0,626
NC_004350.2,S. agalactiae,Firmicutes,87.08,TP,27,15,0,884
NC_004350.2,S. agalactiae,Firmicutes,87.08,TP,12,7,0,929
NC_004350.2,S. agalactiae,Firmicutes,87.08,TP,15,7,0,632
NC_004350.2,S. agalactiae,Firmicutes,87.08,FP,18,8,0,554
NC_004350.2,S. agalactiae,Firmicutes,87.08,TP,40,15,0,788
NC_004350.2,S. agalactiae,Firmicutes,87.08,TP,42,13,0,869
NC_004350.2,S. agalactiae,Firmicutes,87.08,TP,24,21,0,869
NC_004350.2,S. agalactiae,Firmicutes,87.08,TP,22,18,0,1148
NC_004350.2,S. agalactiae,Firmicutes,87.08,TP,57,34,0,1313
NC_004350.2,S. agalactiae,Firmicutes,87.08,TP,28,18,0,1253
NC_004350.2,S. agalactiae,Firmicutes,87.08,TP,21,11,0,728
NC_004350.2,S. agalactiae,Firmicutes,87.08,TP,75,43,0,2528
NC_004350.2,S. agalactiae,Firmicutes,87.08,TP,20,11,0,866
NC_004350.2,S. agalactiae,Firmicutes,87.08,FP,12,9,0,398
NC_004350.2,S. agalactiae,Firmicutes,87.08,TP,18,11,0,827
NC_004350.2,S. agalactiae,Firmicutes,87.08,TP,5,5,0,476
NC_004350.2,S. agalactiae,Firmicutes,87.08,TP,28,13,0,785
NC_004350.2,S. agalactiae,Firmicutes,87.08,TP,19,5,0,605
NC_004350.2,S. agalactiae,Firmicutes,87.08,FP,16,1,1,635
NC_004350.2,S. agalactiae,Firmicutes,87.08,TP,66,46,0,3353
NC_004350.2,S. agalactiae,Firmicutes,87.08,TP,149,104,0,8174
NC_004350.2,S. agalactiae,Firmicutes,87.08,FP,80,57,0,4436
NC_004350.2,S. agalactiae,Firmicutes,87.08,TP,3,4,0,299
NC_004350.2,S. agalactiae,Firmicutes,87.08,FP,81,51,0,2528
NC_004350.2,S. agalactiae,Firmicutes,87.08,TP,15,5,0,377
NC_004350.2,S. agalactiae,Firmicutes,87.08,TP,48,23,0,1520
NC_004350.2,S. agalactiae,Firmicutes,87.08,TP,8,7,0,347
NC_004350.2,S. agalactiae,Firmicutes,87.08,TP,25,23,0,1220
NC_004350.2,S. agalactiae,Firmicutes,87.08,TP,39,33,0,1226
NC_004350.2,S. agalactiae,Firmicutes,87.08,TP,82,33,0,1952
NC_004350.2,S. agalactiae,Firmicutes,87.08,TP,79,26,0,1283
NC_004350.2,S. agalactiae,Firmicutes,87.08,TP,27,13,0,719
NC_004350.2,S. agalactiae,Firmicutes,87.08,TP,72,32,0,1787
NC_004350.2,S. agalactiae,Firmicutes,87.08,TP,21,19,0,677
NC_004350.2,S. agalactiae,Firmicutes,87.08,TP,42,22,0,1211
NC_004350.2,S. agalactiae,Firmicutes,87.08,TP,17,11,0,809
NC_004350.2,S. agalactiae,Firmicutes,87.08,TP,25,17,0,710
NC_004350.2,S. agalactiae,Firmicutes,87.08,FP,39,19,0,776
NC_004350.2,S. agalactiae,Firmicutes,87.08,TP,42,19,0,929
NC_004350.2,S. agalactiae,Firmicutes,87.08,TP,8,4,0,500
NC_004350.2,S. agalactiae,Firmicutes,87.08,TP,26,17,0,653
NC_004350.2,S. agalactiae,Firmicutes,87.08,TP,70,33,0,2114
NC_004350.2,S. agalactiae,Firmicutes,87.08,FP,32,14,0,755
NC_004350.2,S. agalactiae,Firmicutes,87.08,TP,20,14,0,620
NC_004350.2,S. agalactiae,Firmicutes,87.08,TP,52,39,0,1769
NC_004350.2,S. agalactiae,Firmicutes,87.08,TP,13,5,0,437
NC_004350.2,S. agalactiae,Firmicutes,87.08,TP,35,13,0,1148
NC_004350.2,S. agalactiae,Firmicutes,87.08,TP,20,13,0,629
NC_004350.2,S. agalactiae,Firmicutes,87.08,TP,23,10,0,833
NC_004350.2,S. agalactiae,Firmicutes,87.08,FP,59,17,0,1313
NC_004350.2,S. agalactiae,Firmicutes,87.08,TP,13,4,0,563
NC_004350.2,S. agalactiae,Firmicutes,87.08,TP,43,37,0,3185
NC_004350.2,S. agalactiae,Firmicutes,87.08,TP,41,20,0,911
NC_004350.2,S. agalactiae,Firmicutes,87.08,TP,61,23,0,1367
NC_004350.2,S. agalactiae,Firmicutes,87.08,TP,33,13,0,920
NC_004350.2,S. agalactiae,Firmicutes,87.08,TP,6,7,0,413
NC_004350.2,S. agalactiae,Firmicutes,87.08,TP,28,15,0,803
NC_004350.2,S. agalactiae,Firmicutes,87.08,TP,15,8,0,653
NC_004350.2,S. agalactiae,Firmicutes,87.08,TP,17,14,0,812
NC_004350.2,S. agalactiae,Firmicutes,87.08,TP,19,17,0,596
NC_004350.2,S. agalactiae,Firmicutes,87.08,TP,50,29,0,1520
NC_004350.2,S. agalactiae,Firmicutes,87.08,TP,28,17,0,1079
NC_004350.2,S. agalactiae,Firmicutes,87.08,TP,47,22,0,1262
NC_004350.2,S. agalactiae,Firmicutes,87.08,TP,8,6,0,614
NC_004350.2,S. agalactiae,Firmicutes,87.08,TP,16,10,0,698
NC_004350.2,S. agalactiae,Firmicutes,87.08,TP,11,10,0,632
NC_004350.2,S. agalactiae,Firmicutes,87.08,TP,56,35,0,1550
NC_004350.2,S. agalactiae,Firmicutes,87.08,TP,20,14,0,737
NC_004350.2,S. agalactiae,Firmicutes,87.08,TP,25,12,0,755
NC_004350.2,S. agalactiae,Firmicutes,87.08,TP,25,10,0,833
NC_004350.2,S. agalactiae,Firmicutes,87.08,TP,15,8,0,689
NC_004350.2,S. agalactiae,Firmicutes,87.08,TP,19,11,0,1049
NC_004350.2,S. agalactiae,Firmicutes,87.08,FP,13,4,0,416
NC_004350.2,S. agalactiae,Firmicutes,87.08,FP,26,9,0,731
NC_004350.2,S. agalactiae,Firmicutes,87.08,TP,11,3,0,488
NC_004350.2,S. agalactiae,Firmicutes,87.08,TP,10,6,0,383
NC_004350.2,S. agalactiae,Firmicutes,87.08,FP,16,5,0,320
NC_004350.2,S. agalactiae,Firmicutes,87.08,TP,5,2,0,320
NC_004350.2,S. agalactiae,Firmicutes,87.08,TP,11,3,0,446
NC_004350.2,S. agalactiae,Firmicutes,87.08,TP,15,13,0,1256
NC_004350.2,S. agalactiae,Firmicutes,87.08,TP,67,31,0,2186
NC_004350.2,S. agalactiae,Firmicutes,87.08,FP,7,2,0,308
NC_004350.2,S. agalactiae,Firmicutes,87.08,TP,47,22,0,2153
NC_004350.2,S. agalactiae,Firmicutes,87.08,TP,32,23,0,1340
NC_004350.2,S. agalactiae,Firmicutes,87.08,FP,25,11,0,323
NC_004350.2,S. agalactiae,Firmicutes,87.08,TP,33,13,0,1304
NC_004350.2,S. agalactiae,Firmicutes,87.08,TP,9,5,0,626
NC_004350.2,S. agalactiae,Firmicutes,87.08,TP,36,15,0,959
NC_004350.2,S. agalactiae,Firmicutes,87.08,TP,8,7,0,512
NC_004350.2,S. agalactiae,Firmicutes,87.08,TP,32,15,0,1019
NC_004350.2,S. agalactiae,Firmicutes,87.08,TP,43,31,0,1742
NC_004350.2,S. agalactiae,Firmicutes,87.08,TP,11,9,0,731
NC_004350.2,S. agalactiae,Firmicutes,87.08,FP,3,2,0,515
NC_004350.2,S. agalactiae,Firmicutes,87.08,FP,1,2,0,326
NC_004350.2,S. agalactiae,Firmicutes,87.08,TP,15,13,0,737
NC_004350.2,S. agalactiae,Firmicutes,87.08,TP,35,10,0,926
NC_004350.2,S. agalactiae,Firmicutes,87.08,TP,4,3,0,482
NC_004350.2,S. agalactiae,Firmicutes,87.08,TP,144,61,0,4301
NC_004350.2,S. agalactiae,Firmicutes,87.08,TP,14,10,0,491
NC_004350.2,S. agalactiae,Firmicutes,87.08,TP,14,5,0,419
NC_004350.2,S. agalactiae,Firmicutes,87.08,TP,82,39,0,2327
NC_004350.2,S. agalactiae,Firmicutes,87.08,TP,30,17,0,1172
NC_004350.2,S. agalactiae,Firmicutes,87.08,TP,11,10,0,902
NC_004350.2,S. agalactiae,Firmicutes,87.08,TP,3,3,0,314
NC_004350.2,S. agalactiae,Firmicutes,87.08,TP,51,21,0,1553
NC_004350.2,S. agalactiae,Firmicutes,87.08,TP,47,17,0,1223
NC_004350.2,S. agalactiae,Firmicutes,87.08,TP,9,5,0,563
NC_004350.2,S. agalactiae,Firmicutes,87.08,TP,6,5,0,449
NC_004350.2,S. agalactiae,Firmicutes,87.08,FP,14,12,0,545
NC_004350.2,S. agalactiae,Firmicutes,87.08,TP,7,5,0,452
NC_004350.2,S. agalactiae,Firmicutes,87.08,TP,7,7,0,425
NC_004350.2,S. agalactiae,Firmicutes,87.08,TP,80,49,0,1724
NC_004350.2,S. agalactiae,Firmicutes,87.08,TP,11,11,0,380
NC_004350.2,S. agalactiae,Firmicutes,87.08,TP,47,16,0,1097
NC_004350.2,S. agalactiae,Firmicutes,87.08,TP,61,22,0,977
NC_004350.2,S. agalactiae,Firmicutes,87.08,TP,12,6,0,554
NC_004350.2,S. agalactiae,Firmicutes,87.08,FP,7,6,0,665
NC_004350.2,S. agalactiae,Firmicutes,87.08,TP,39,24,0,1328
NC_004350.2,S. agalactiae,Firmicutes,87.08,TP,8,7,0,542
NC_004350.2,S. agalactiae,Firmicutes,87.08,TP,19,16,0,1247
NC_004350.2,S. agalactiae,Firmicutes,87.08,TP,14,11,0,542
NC_004350.2,S. agalactiae,Firmicutes,87.08,TP,2,3,0,452
NC_004350.2,S. agalactiae,Firmicutes,87.08,FP,67,49,0,2525
NC_004350.2,S. agalactiae,Firmicutes,87.08,FP,5,4,0,365
NC_004350.2,S. agalactiae,Firmicutes,87.08,TP,66,36,0,1769
NC_004350.2,S. agalactiae,Firmicutes,87.08,TP,6,6,0,437
NC_004350.2,S. agalactiae,Firmicutes,87.08,TP,83,56,0,2549
NC_004350.2,S. agalactiae,Firmicutes,87.08,TP,10,10,0,425
NC_004350.2,S. agalactiae,Firmicutes,87.08,TP,12,5,0,419
NC_004350.2,S. agalactiae,Firmicutes,87.08,TP,69,22,0,2204
NC_004350.2,S. agalactiae,Firmicutes,87.08,TP,121,66,0,2924
NC_004350.2,S. agalactiae,Firmicutes,87.08,TP,38,21,0,1025
NC_004350.2,S. agalactiae,Firmicutes,87.08,FP,90,48,0,2705
NC_004350.2,S. agalactiae,Firmicutes,87.08,TP,42,29,0,1628
NC_004350.2,S. agalactiae,Firmicutes,87.08,TP,46,14,0,785
NC_004350.2,S. agalactiae,Firmicutes,87.08,TP,48,19,0,1046
NC_004350.2,S. agalactiae,Firmicutes,87.08,TP,70,51,0,2441
NC_004350.2,S. agalactiae,Firmicutes,87.08,TP,11,3,0,308
NC_004350.2,S. agalactiae,Firmicutes,87.08,TP,25,9,0,626
NC_004350.2,S. agalactiae,Firmicutes,87.08,TP,24,2,0,623
NC_004350.2,S. agalactiae,Firmicutes,87.08,TP,11,3,0,368
NC_004350.2,S. agalactiae,Firmicutes,87.08,TP,17,2,0,305
NC_004350.2,S. agalactiae,Firmicutes,87.08,TP,22,5,0,536
NC_004350.2,S. agalactiae,Firmicutes,87.08,TP,41,23,0,1304
NC_004350.2,S. agalactiae,Firmicutes,87.08,TP,13,4,0,383
NC_004350.2,S. agalactiae,Firmicutes,87.08,TP,14,10,0,938
NC_004350.2,S. agalactiae,Firmicutes,87.08,TP,15,5,0,386
NC_004350.2,S. agalactiae,Firmicutes,87.08,TP,28,13,0,1286
NC_004350.2,S. agalactiae,Firmicutes,87.08,TP,64,37,0,2354
NC_004350.2,S. agalactiae,Firmicutes,87.08,FP,130,75,0,3656
NC_004350.2,S. agalactiae,Firmicutes,87.08,TP,24,19,0,662
NC_004350.2,S. agalactiae,Firmicutes,87.08,TP,6,3,0,308
NC_004350.2,S. agalactiae,Firmicutes,87.08,TP,28,12,0,626
NC_004350.2,S. agalactiae,Firmicutes,87.08,TP,14,4,0,494
NC_004350.2,S. agalactiae,Firmicutes,87.08,TP,23,17,0,1703
NC_004350.2,S. agalactiae,Firmicutes,87.08,TP,27,13,0,689
NC_004350.2,S. agalactiae,Firmicutes,87.08,TP,34,17,0,1169
NC_004350.2,S. agalactiae,Firmicutes,87.08,TP,46,21,0,1310
NC_004350.2,S. agalactiae,Firmicutes,87.08,TP,14,8,0,638
NC_004350.2,S. agalactiae,Firmicutes,87.08,TP,29,12,0,1022
NC_004350.2,S. agalactiae,Firmicutes,87.08,TP,6,6,0,353
NC_004350.2,S. agalactiae,Firmicutes,87.08,TP,64,38,0,2291
NC_004350.2,S. agalactiae,Firmicutes,87.08,TP,40,13,0,1049
NC_004350.2,S. agalactiae,Firmicutes,87.08,TP,27,6,0,881
NC_004350.2,S. agalactiae,Firmicutes,87.08,TP,95,45,0,2519
NC_004350.2,S. agalactiae,Firmicutes,87.08,TP,38,22,0,1115
NC_004350.2,S. agalactiae,Firmicutes,87.08,TP,18,7,0,551
NC_004350.2,S. agalactiae,Firmicutes,87.08,TP,34,18,0,908
NC_004350.2,S. agalactiae,Firmicutes,87.08,TP,21,13,0,617
NC_004350.2,S. agalactiae,Firmicutes,87.08,TP,23,15,0,632
NC_004350.2,S. agalactiae,Firmicutes,87.08,FP,19,15,0,734
NC_004350.2,S. agalactiae,Firmicutes,87.08,TP,24,17,0,794
NC_004350.2,S. agalactiae,Firmicutes,87.08,TP,36,26,0,1259
NC_004350.2,S. agalactiae,Firmicutes,87.08,TP,137,51,0,2651
NC_004350.2,S. agalactiae,Firmicutes,87.08,TP,22,17,0,875
NC_004350.2,S. agalactiae,Firmicutes,87.08,TP,30,22,0,920
NC_004350.2,S. agalactiae,Firmicutes,87.08,TP,27,16,0,866
NC_004350.2,S. agalactiae,Firmicutes,87.08,TP,92,59,0,3092
NC_004350.2,S. agalactiae,Firmicutes,87.08,TP,7,7,0,491
NC_004350.2,S. agalactiae,Firmicutes,87.08,TP,47,20,0,1250
NC_004350.2,S. agalactiae,Firmicutes,87.08,TP,36,17,0,977
NC_004350.2,S. agalactiae,Firmicutes,87.08,TP,21,13,0,737
NC_004350.2,S. agalactiae,Firmicutes,87.08,TP,41,18,0,932
NC_004350.2,S. agalactiae,Firmicutes,87.08,TP,50,29,0,1337
NC_004350.2,S. agalactiae,Firmicutes,87.08,TP,49,27,0,1550
NC_004350.2,S. agalactiae,Firmicutes,87.08,TP,43,35,0,1634
NC_004350.2,S. agalactiae,Firmicutes,87.08,TP,35,17,0,1163
NC_004350.2,S. agalactiae,Firmicutes,87.08,TP,19,15,0,629
NC_004350.2,S. agalactiae,Firmicutes,87.08,FP,18,11,0,590
NC_004350.2,S. agalactiae,Firmicutes,87.08,TP,31,24,0,869
NC_004350.2,S. agalactiae,Firmicutes,87.08,TP,32,23,0,956
NC_004350.2,S. agalactiae,Firmicutes,87.08,TP,19,16,0,875
NC_004350.2,S. agalactiae,Firmicutes,87.08,TP,11,5,0,341
NC_004350.2,S. agalactiae,Firmicutes,87.08,TP,37,20,0,1091
NC_004350.2,S. agalactiae,Firmicutes,87.08,TP,23,7,0,803
NC_004350.2,S. agalactiae,Firmicutes,87.08,TP,32,12,0,737
NC_004350.2,S. agalactiae,Firmicutes,87.08,TP,34,14,0,821
NC_004350.2,S. agalactiae,Firmicutes,87.08,TP,32,13,0,836
NC_004350.2,S. agalactiae,Firmicutes,87.08,TP,56,20,0,1433
NC_004350.2,S. agalactiae,Firmicutes,87.08,TP,15,8,0,317
NC_004350.2,S. agalactiae,Firmicutes,87.08,TP,22,14,0,1001
NC_004350.2,S. agalactiae,Firmicutes,87.08,TP,55,23,0,1460
NC_004350.2,S. agalactiae,Firmicutes,87.08,TP,40,21,0,1769
NC_004350.2,S. agalactiae,Firmicutes,87.08,TP,65,33,0,1676
NC_004350.2,S. agalactiae,Firmicutes,87.08,TP,35,20,0,2048
NC_004350.2,S. agalactiae,Firmicutes,87.08,FP,50,25,0,1364
NC_004350.2,S. agalactiae,Firmicutes,87.08,TP,23,20,0,1019
NC_004350.2,S. agalactiae,Firmicutes,87.08,TP,10,8,0,659
NC_004350.2,S. agalactiae,Firmicutes,87.08,FP,10,3,0,410
NC_004350.2,S. agalactiae,Firmicutes,87.08,FP,29,18,0,896
NC_004350.2,S. agalactiae,Firmicutes,87.08,TP,62,33,0,2315
NC_004350.2,S. agalactiae,Firmicutes,87.08,TP,100,41,0,1886
NC_004350.2,S. agalactiae,Firmicutes,87.08,TP,46,18,0,1406
NC_004350.2,S. agalactiae,Firmicutes,87.08,TP,27,13,0,881
NC_004350.2,S. agalactiae,Firmicutes,87.08,TP,44,24,0,1352
NC_004350.2,S. agalactiae,Firmicutes,87.08,TP,22,16,0,1115
NC_004350.2,S. agalactiae,Firmicutes,87.08,TP,40,15,0,977
NC_004350.2,S. agalactiae,Firmicutes,87.08,TP,8,4,0,314
NC_004350.2,S. agalactiae,Firmicutes,87.08,TP,61,35,0,1706
NC_004350.2,S. agalactiae,Firmicutes,87.08,TP,11,8,0,734
NC_004350.2,S. agalactiae,Firmicutes,87.08,TP,44,23,0,1703
NC_004350.2,S. agalactiae,Firmicutes,87.08,TP,82,39,0,2204
NC_004350.2,S. agalactiae,Firmicutes,87.08,TP,25,16,0,695
NC_004350.2,S. agalactiae,Firmicutes,87.08,TP,20,1,1,596
NC_004350.2,S. agalactiae,Firmicutes,87.08,TP,42,15,0,1046
NC_004350.2,S. agalactiae,Firmicutes,87.08,TP,14,8,0,479
NC_004350.2,S. agalactiae,Firmicutes,87.08,FP,57,24,0,1706
NC_004350.2,S. agalactiae,Firmicutes,87.08,FP,8,8,0,551
NC_004350.2,S. agalactiae,Firmicutes,87.08,TP,11,7,0,698
NC_004350.2,S. agalactiae,Firmicutes,87.08,TP,51,29,0,1349
NC_004350.2,S. agalactiae,Firmicutes,87.08,TP,67,47,0,2582
NC_004350.2,S. agalactiae,Firmicutes,87.08,TP,40,26,0,1142
NC_004350.2,S. agalactiae,Firmicutes,87.08,TP,25,13,0,662
NC_004350.2,S. agalactiae,Firmicutes,87.08,TP,9,4,0,608
NC_004350.2,S. agalactiae,Firmicutes,87.08,TP,32,19,0,1034
NC_004350.2,S. agalactiae,Firmicutes,87.08,TP,11,8,0,599
NC_004350.2,S. agalactiae,Firmicutes,87.08,TP,12,7,0,701
NC_004350.2,S. agalactiae,Firmicutes,87.08,TP,12,7,0,701
NC_004350.2,S. agalactiae,Firmicutes,87.08,TP,25,17,0,1217
NC_004350.2,S. agalactiae,Firmicutes,87.08,TP,11,12,0,749
NC_004350.2,S. agalactiae,Firmicutes,87.08,FP,39,24,0,977
NC_004350.2,S. agalactiae,Firmicutes,87.08,TP,32,16,0,1178
NC_004350.2,S. agalactiae,Firmicutes,87.08,TP,32,13,0,752
NC_004350.2,S. agalactiae,Firmicutes,87.08,FP,25,17,0,797
NC_004350.2,S. agalactiae,Firmicutes,87.08,TP,46,20,0,1091
NC_004350.2,S. agalactiae,Firmicutes,87.08,TP,57,19,0,977
NC_004350.2,S. agalactiae,Firmicutes,87.08,TP,27,20,0,755
NC_004350.2,S. agalactiae,Firmicutes,87.08,TP,14,10,0,677
NC_004350.2,S. agalactiae,Firmicutes,87.08,TP,16,1,1,659
NC_004350.2,S. agalactiae,Firmicutes,87.08,FP,42,28,0,1181
NC_004350.2,S. agalactiae,Firmicutes,87.08,TP,22,9,0,641
NC_004350.2,S. agalactiae,Firmicutes,87.08,TP,41,13,0,1298
NC_004350.2,S. agalactiae,Firmicutes,87.08,TP,54,25,0,1412
NC_004350.2,S. agalactiae,Firmicutes,87.08,TP,26,10,0,587
NC_004350.2,S. agalactiae,Firmicutes,87.08,TP,13,12,0,803
NC_004350.2,S. agalactiae,Firmicutes,87.08,TP,44,25,0,1442
NC_004350.2,S. agalactiae,Firmicutes,87.08,TP,22,17,0,851
NC_004350.2,S. agalactiae,Firmicutes,87.08,TP,27,9,0,653
NC_004350.2,S. agalactiae,Firmicutes,87.08,TP,44,27,0,1268
NC_004350.2,S. agalactiae,Firmicutes,87.08,TP,22,11,0,1340
NC_004350.2,S. agalactiae,Firmicutes,87.08,FP,33,12,0,1025
NC_004350.2,S. agalactiae,Firmicutes,87.08,TP,15,6,0,554
NC_004350.2,S. agalactiae,Firmicutes,87.08,TP,8,7,0,641
NC_004350.2,S. agalactiae,Firmicutes,87.08,TP,23,1,1,740
NC_004350.2,S. agalactiae,Firmicutes,87.08,TP,21,13,0,770
NC_004350.2,S. agalactiae,Firmicutes,87.08,FP,19,14,0,725
NC_004350.2,S. agalactiae,Firmicutes,87.08,TP,63,50,0,2633
NC_004350.2,S. agalactiae,Firmicutes,87.08,TP,15,14,0,611
NC_004350.2,S. agalactiae,Firmicutes,87.08,TP,14,7,0,746
NC_004350.2,S. agalactiae,Firmicutes,87.08,TP,14,9,0,1022
NC_004350.2,S. agalactiae,Firmicutes,87.08,TP,62,27,0,1256
NC_004350.2,S. agalactiae,Firmicutes,87.08,TP,26,1,1,956
NC_004350.2,S. agalactiae,Firmicutes,87.08,TP,31,15,0,1136
NC_004350.2,S. agalactiae,Firmicutes,87.08,FP,83,44,0,2477
NC_004350.2,S. agalactiae,Firmicutes,87.08,TP,22,11,0,740
NC_004350.2,S. agalactiae,Firmicutes,87.08,TP,53,28,0,1436
NC_004350.2,S. agalactiae,Firmicutes,87.08,TP,30,27,0,1124
NC_004350.2,S. agalactiae,Firmicutes,87.08,FP,22,16,0,620
NC_004350.2,S. agalactiae,Firmicutes,87.08,TP,23,18,0,860
NC_004350.2,S. agalactiae,Firmicutes,87.08,FP,11,7,0,527
NC_004350.2,S. agalactiae,Firmicutes,87.08,TP,16,10,0,665
NC_004350.2,S. agalactiae,Firmicutes,87.08,TP,29,17,0,1070
NC_004350.2,S. agalactiae,Firmicutes,87.08,TP,22,18,0,1262
NC_004350.2,S. agalactiae,Firmicutes,87.08,TP,16,7,0,350
NC_004350.2,S. agalactiae,Firmicutes,87.08,TP,19,8,0,836
NC_004350.2,S. agalactiae,Firmicutes,87.08,FP,17,2,0,317
NC_004350.2,S. agalactiae,Firmicutes,87.08,TP,12,3,0,383
NC_004350.2,S. agalactiae,Firmicutes,87.08,TP,2,1,0,317
NC_004350.2,S. agalactiae,Firmicutes,87.08,TP,30,17,0,905
NC_004350.2,S. agalactiae,Firmicutes,87.08,TP,38,30,0,1364
NC_004350.2,S. agalactiae,Firmicutes,87.08,TP,31,16,0,983
NC_004350.2,S. agalactiae,Firmicutes,87.08,TP,10,8,0,1028
NC_004350.2,S. agalactiae,Firmicutes,87.08,TP,22,13,0,560
NC_004350.2,S. agalactiae,Firmicutes,87.08,TP,67,27,0,2261
NC_004350.2,S. agalactiae,Firmicutes,87.08,TP,13,11,0,656
NC_004350.2,S. agalactiae,Firmicutes,87.08,TP,7,2,0,635
NC_004350.2,S. agalactiae,Firmicutes,87.08,FP,38,28,0,1406
NC_004350.2,S. agalactiae,Firmicutes,87.08,TP,7,5,0,407
NC_004350.2,S. agalactiae,Firmicutes,87.08,FP,25,11,0,491
NC_004350.2,S. agalactiae,Firmicutes,87.08,TP,26,14,0,1019
NC_004350.2,S. agalactiae,Firmicutes,87.08,TP,16,12,0,590
NC_004350.2,S. agalactiae,Firmicutes,87.08,TP,11,8,0,641
NC_004350.2,S. agalactiae,Firmicutes,87.08,FP,6,6,0,347
NC_004350.2,S. agalactiae,Firmicutes,87.08,TP,8,5,0,308
NC_004350.2,S. agalactiae,Firmicutes,87.08,TP,69,51,0,2543
NC_004350.2,S. agalactiae,Firmicutes,87.08,FP,18,10,0,1163
NC_004350.2,S. agalactiae,Firmicutes,87.08,FP,14,5,0,419
NC_004350.2,S. agalactiae,Firmicutes,87.08,TP,51,24,0,1118
NC_004350.2,S. agalactiae,Firmicutes,87.08,TP,31,15,0,809
NC_004350.2,S. agalactiae,Firmicutes,87.08,FP,12,4,0,377
NC_004350.2,S. agalactiae,Firmicutes,87.08,TP,30,18,0,1022
NC_004350.2,S. agalactiae,Firmicutes,87.08,TP,52,26,0,1481
NC_004350.2,S. agalactiae,Firmicutes,87.08,TP,12,9,0,977
NC_004350.2,S. agalactiae,Firmicutes,87.08,TP,15,3,0,605
NC_004350.2,S. agalactiae,Firmicutes,87.08,TP,18,11,0,632
NC_004350.2,S. agalactiae,Firmicutes,87.08,TP,70,37,0,1895
NC_004350.2,S. agalactiae,Firmicutes,87.08,TP,11,10,0,578
NC_004350.2,S. agalactiae,Firmicutes,87.08,TP,12,7,0,545
NC_004350.2,S. agalactiae,Firmicutes,87.08,TP,51,13,0,1697
NC_004350.2,S. agalactiae,Firmicutes,87.08,FP,18,7,0,416
NC_004350.2,S. agalactiae,Firmicutes,87.08,TP,36,17,0,1289
NC_004350.2,S. agalactiae,Firmicutes,87.08,TP,28,22,0,878
NC_004350.2,S. agalactiae,Firmicutes,87.08,TP,11,10,0,497
NC_004350.2,S. agalactiae,Firmicutes,87.08,TP,41,30,0,1571
NC_004350.2,S. agalactiae,Firmicutes,87.08,TP,28,14,0,605
NC_004350.2,S. agalactiae,Firmicutes,87.08,TP,20,16,0,1016
NC_004350.2,S. agalactiae,Firmicutes,87.08,TP,23,9,0,959
NC_004350.2,S. agalactiae,Firmicutes,87.08,FP,14,12,0,476
NC_004350.2,S. agalactiae,Firmicutes,87.08,TP,39,19,0,953
NC_004350.2,S. agalactiae,Firmicutes,87.08,TP,35,12,0,743
NC_004350.2,S. agalactiae,Firmicutes,87.08,TP,70,32,0,1895
NC_004350.2,S. agalactiae,Firmicutes,87.08,TP,12,5,0,365
NC_004350.2,S. agalactiae,Firmicutes,87.08,TP,10,5,0,383
NC_004350.2,S. agalactiae,Firmicutes,87.08,FP,18,9,0,458
NC_004350.2,S. agalactiae,Firmicutes,87.08,TP,15,10,0,431
NC_004350.2,S. agalactiae,Firmicutes,87.08,FP,7,6,0,311
NC_004350.2,S. agalactiae,Firmicutes,87.08,FP,111,42,0,2594
NC_004350.2,S. agalactiae,Firmicutes,87.08,TP,19,9,0,803
NC_004350.2,S. agalactiae,Firmicutes,87.08,TP,33,22,0,1373
NC_004350.2,S. agalactiae,Firmicutes,87.08,TP,29,12,0,845
NC_004350.2,S. agalactiae,Firmicutes,87.08,TP,8,7,0,545
NC_004350.2,S. agalactiae,Firmicutes,87.08,TP,11,11,0,560
NC_004350.2,S. agalactiae,Firmicutes,87.08,TP,25,24,0,899
NC_004350.2,S. agalactiae,Firmicutes,87.08,TP,13,6,0,404
NC_004350.2,S. agalactiae,Firmicutes,87.08,TP,39,29,0,1073
NC_004350.2,S. agalactiae,Firmicutes,87.08,TP,21,12,0,545
NC_004350.2,S. agalactiae,Firmicutes,87.08,TP,19,8,0,452
NC_004350.2,S. agalactiae,Firmicutes,87.08,TP,16,8,0,560
NC_004350.2,S. agalactiae,Firmicutes,87.08,TP,37,20,0,1031
NC_004350.2,S. agalactiae,Firmicutes,87.08,TP,63,47,0,2015
NC_004350.2,S. agalactiae,Firmicutes,87.08,FP,49,21,0,1400
NC_004350.2,S. agalactiae,Firmicutes,87.08,TP,48,23,0,1466
NC_004350.2,S. agalactiae,Firmicutes,87.08,TP,24,15,0,752
NC_004350.2,S. agalactiae,Firmicutes,87.08,TP,11,6,0,308
NC_004350.2,S. agalactiae,Firmicutes,87.08,TP,30,13,0,716
NC_004350.2,S. agalactiae,Firmicutes,87.08,TP,2,2,0,347
NC_004350.2,S. agalactiae,Firmicutes,87.08,TP,20,8,0,383
NC_004350.2,S. agalactiae,Firmicutes,87.08,TP,18,12,0,749
NC_004350.2,S. agalactiae,Firmicutes,87.08,TP,42,24,0,1379
NC_004350.2,S. agalactiae,Firmicutes,87.08,TP,4,3,0,461
NC_004350.2,S. agalactiae,Firmicutes,87.08,TP,21,14,0,974
NC_004350.2,S. agalactiae,Firmicutes,87.08,TP,18,10,0,671
NC_004350.2,S. agalactiae,Firmicutes,87.08,FP,10,6,0,395
NC_004350.2,S. agalactiae,Firmicutes,87.08,TP,34,12,0,965
NC_004350.2,S. agalactiae,Firmicutes,87.08,TP,18,17,0,689
NC_004350.2,S. agalactiae,Firmicutes,87.08,TP,15,10,0,548
NC_004350.2,S. agalactiae,Firmicutes,87.08,TP,38,16,0,695
NC_004350.2,S. agalactiae,Firmicutes,87.08,TP,32,30,0,1094
NC_004350.2,S. agalactiae,Firmicutes,87.08,TP,28,17,0,1094
NC_004350.2,S. agalactiae,Firmicutes,87.08,TP,7,7,0,440
NC_004350.2,S. agalactiae,Firmicutes,87.08,TP,26,10,0,1172
NC_004350.2,S. agalactiae,Firmicutes,87.08,TP,43,17,0,710
NC_004350.2,S. agalactiae,Firmicutes,87.08,TP,24,10,0,1181
NC_004350.2,S. agalactiae,Firmicutes,87.08,TP,32,19,0,641
NC_004350.2,S. agalactiae,Firmicutes,87.08,TP,17,10,0,551
NC_004350.2,S. agalactiae,Firmicutes,87.08,FP,28,17,0,725
NC_004350.2,S. agalactiae,Firmicutes,87.08,TP,89,52,0,2363
NC_004350.2,S. agalactiae,Firmicutes,87.08,TP,20,10,0,470
NC_004350.2,S. agalactiae,Firmicutes,87.08,TP,12,8,0,524
NC_004350.2,S. agalactiae,Firmicutes,87.08,TP,95,50,0,2336
NC_004350.2,S. agalactiae,Firmicutes,87.08,TP,66,43,0,3749
NC_004350.2,S. agalactiae,Firmicutes,87.08,FP,106,43,0,2285
NC_004350.2,S. agalactiae,Firmicutes,87.08,TP,52,30,0,1958
NC_004350.2,S. agalactiae,Firmicutes,87.08,TP,27,13,0,1043
NC_004350.2,S. agalactiae,Firmicutes,87.08,FP,55,17,0,1145
NC_004350.2,S. agalactiae,Firmicutes,87.08,TP,68,24,0,1430
NC_004350.2,S. agalactiae,Firmicutes,87.08,TP,71,31,0,2396
NC_004350.2,S. agalactiae,Firmicutes,87.08,TP,15,7,0,416
NC_004350.2,S. agalactiae,Firmicutes,87.08,TP,34,20,0,1043
NC_004350.2,S. agalactiae,Firmicutes,87.08,TP,53,29,0,1280
NC_004350.2,S. agalactiae,Firmicutes,87.08,FP,26,17,0,833
NC_004350.2,S. agalactiae,Firmicutes,87.08,FP,10,8,0,434
NC_004350.2,S. agalactiae,Firmicutes,87.08,TP,26,10,0,1103
NC_004350.2,S. agalactiae,Firmicutes,87.08,TP,45,23,0,1664
NC_004350.2,S. agalactiae,Firmicutes,87.08,TP,79,39,0,1913
NC_004350.2,S. agalactiae,Firmicutes,87.08,TP,44,27,0,1031
NC_004350.2,S. agalactiae,Firmicutes,87.08,FP,13,11,0,884
NC_004350.2,S. agalactiae,Firmicutes,87.08,FP,45,20,0,1760
NC_004350.2,S. agalactiae,Firmicutes,87.08,TP,75,44,0,1835
NC_004350.2,S. agalactiae,Firmicutes,87.08,TP,10,2,0,320
NC_004350.2,S. agalactiae,Firmicutes,87.08,TP,37,30,0,2345
NC_004350.2,S. agalactiae,Firmicutes,87.08,TP,38,30,0,2345
NC_004350.2,S. agalactiae,Firmicutes,87.08,TP,28,24,0,1901
NC_004350.2,S. agalactiae,Firmicutes,87.08,TP,170,80,0,4889
NC_004350.2,S. agalactiae,Firmicutes,87.08,TP,13,12,0,938
NC_004350.2,S. agalactiae,Firmicutes,87.08,FP,24,18,0,992
NC_004350.2,S. agalactiae,Firmicutes,87.08,TP,12,8,0,692
NC_004350.2,S. agalactiae,Firmicutes,87.08,TP,23,16,0,1124
NC_004350.2,S. agalactiae,Firmicutes,87.08,FP,50,11,0,779
NC_004350.2,S. agalactiae,Firmicutes,87.08,TP,13,14,0,653
NC_004350.2,S. agalactiae,Firmicutes,87.08,TP,35,28,0,1184
NC_004350.2,S. agalactiae,Firmicutes,87.08,TP,24,19,0,1049
NC_004350.2,S. agalactiae,Firmicutes,87.08,TP,43,26,0,1220
NC_004350.2,S. agalactiae,Firmicutes,87.08,TP,18,3,0,347
NC_004350.2,S. agalactiae,Firmicutes,87.08,TP,61,30,0,1724
NC_004350.2,S. agalactiae,Firmicutes,87.08,TP,25,17,0,1049
NC_004350.2,S. agalactiae,Firmicutes,87.08,TP,33,17,0,605
NC_004350.2,S. agalactiae,Firmicutes,87.08,TP,35,15,0,755
NC_004350.2,S. agalactiae,Firmicutes,87.08,TP,11,4,0,662
NC_004350.2,S. agalactiae,Firmicutes,87.08,TP,10,8,0,602
NC_004350.2,S. agalactiae,Firmicutes,87.08,FP,15,7,0,476
NC_004350.2,S. agalactiae,Firmicutes,87.08,TP,25,15,0,629
NC_004350.2,S. agalactiae,Firmicutes,87.08,TP,31,14,0,605
NC_004350.2,S. agalactiae,Firmicutes,87.08,TP,17,8,0,557
NC_004350.2,S. agalactiae,Firmicutes,87.08,TP,84,35,0,2456
NC_004350.2,S. agalactiae,Firmicutes,87.08,TP,68,23,0,1502
NC_004350.2,S. agalactiae,Firmicutes,87.08,TP,65,39,0,1814
NC_004350.2,S. agalactiae,Firmicutes,87.08,TP,40,28,0,1952
NC_004350.2,S. agalactiae,Firmicutes,87.08,TP,52,36,0,1772
NC_004350.2,S. agalactiae,Firmicutes,87.08,TP,18,15,0,689
NC_004350.2,S. agalactiae,Firmicutes,87.08,TP,26,21,0,1313
NC_004350.2,S. agalactiae,Firmicutes,87.08,TP,18,15,0,758
NC_004350.2,S. agalactiae,Firmicutes,87.08,TP,45,22,0,1307
NC_004350.2,S. agalactiae,Firmicutes,87.08,TP,13,6,0,596
NC_004350.2,S. agalactiae,Firmicutes,87.08,TP,13,5,0,662
NC_004350.2,S. agalactiae,Firmicutes,87.08,TP,43,8,0,1049
NC_004350.2,S. agalactiae,Firmicutes,87.08,TP,37,25,0,1532
NC_004350.2,S. agalactiae,Firmicutes,87.08,TP,24,16,0,971
NC_004350.2,S. agalactiae,Firmicutes,87.08,TP,51,32,0,1253
NC_004350.2,S. agalactiae,Firmicutes,87.08,TP,22,9,0,614
NC_004350.2,S. agalactiae,Firmicutes,87.08,TP,92,39,0,1745
NC_004350.2,S. agalactiae,Firmicutes,87.08,TP,49,21,0,1670
NC_004350.2,S. agalactiae,Firmicutes,87.08,TP,9,3,0,491
NC_004350.2,S. agalactiae,Firmicutes,87.08,TP,28,17,0,851
NC_004350.2,S. agalactiae,Firmicutes,87.08,TP,25,16,0,995
NC_004350.2,S. agalactiae,Firmicutes,87.08,TP,34,32,0,1403
NC_004350.2,S. agalactiae,Firmicutes,87.08,TP,23,14,0,890
NC_004350.2,S. agalactiae,Firmicutes,87.08,TP,9,5,0,515
NC_004350.2,S. agalactiae,Firmicutes,87.08,TP,55,32,0,2105
NC_004350.2,S. agalactiae,Firmicutes,87.08,TP,22,7,0,911
NC_004350.2,S. agalactiae,Firmicutes,87.08,TP,10,7,0,653
NC_004350.2,S. agalactiae,Firmicutes,87.08,TP,9,5,0,509
NC_004350.2,S. agalactiae,Firmicutes,87.08,TP,46,20,0,1505
NC_004350.2,S. agalactiae,Firmicutes,87.08,TP,4,5,0,362
NC_004350.2,S. agalactiae,Firmicutes,87.08,TP,30,14,0,1556
NC_004350.2,S. agalactiae,Firmicutes,87.08,TP,23,12,0,1232
NC_004350.2,S. agalactiae,Firmicutes,87.08,FP,13,11,0,614
NC_004350.2,S. agalactiae,Firmicutes,87.08,TP,13,2,0,368
NC_004350.2,S. agalactiae,Firmicutes,87.08,TP,81,31,0,2159
NC_004350.2,S. agalactiae,Firmicutes,87.08,TP,43,26,0,1373
NC_004350.2,S. agalactiae,Firmicutes,87.08,TP,20,10,0,935
NC_004350.2,S. agalactiae,Firmicutes,87.08,TP,6,6,0,641
NC_004350.2,S. agalactiae,Firmicutes,87.08,TP,9,6,0,1118
NC_004350.2,S. agalactiae,Firmicutes,87.08,TP,14,13,0,836
NC_004350.2,S. agalactiae,Firmicutes,87.08,TP,11,4,0,440
NC_004350.2,S. agalactiae,Firmicutes,87.08,TP,67,26,0,2276
NC_004350.2,S. agalactiae,Firmicutes,87.08,TP,16,9,0,299
NC_004350.2,S. agalactiae,Firmicutes,87.08,TP,34,15,0,1046
NC_004350.2,S. agalactiae,Firmicutes,87.08,TP,50,20,0,1682
NC_004350.2,S. agalactiae,Firmicutes,87.08,TP,30,18,0,1244
NC_004350.2,S. agalactiae,Firmicutes,87.08,TP,13,8,0,527
NC_004350.2,S. agalactiae,Firmicutes,87.08,TP,12,9,0,473
NC_004350.2,S. agalactiae,Firmicutes,87.08,TP,22,17,0,980
NC_004350.2,S. agalactiae,Firmicutes,87.08,FP,12,4,0,377
NC_004350.2,S. agalactiae,Firmicutes,87.08,TP,26,14,0,992
NC_004350.2,S. agalactiae,Firmicutes,87.08,FP,26,11,0,665
NC_004350.2,S. agalactiae,Firmicutes,87.08,TP,14,9,0,893
NC_004350.2,S. agalactiae,Firmicutes,87.08,TP,43,30,0,1394
NC_004350.2,S. agalactiae,Firmicutes,87.08,TP,25,11,0,857
NC_004350.2,S. agalactiae,Firmicutes,87.08,TP,64,13,0,1841
