type,acc,name,genome_cat,correct_rank,gap_01,gap_to_correct,prob_keep,clf_flipped,d_rbs,d_anti_sd,d_codon,d_imm,d_length,d_f4,d_baseline,gc_pct,d_len_zscore
B2,NC_002677.1,M.leprae,problem,1,0.0715125465146329,0.0715125465146329,0.2302568981921979,False,,,,,,,,,
B2,NC_002677.1,M.leprae,problem,1,0.1785973764169917,0.1785973764169917,0.6141552511415522,False,,,,,,,,,
B2,NC_002677.1,M.leprae,problem,1,0.013717492208659365,0.013717492208659365,0.9991835994194485,False,,,,,,,,,
B2,NC_002677.1,M.leprae,problem,1,0.28601103299989816,0.28601103299989816,0.7785817655571635,False,,,,,,,,,
B2,NC_002677.1,M.leprae,problem,1,0.1309386454063617,0.1309386454063617,0.9808187804179788,False,,,,,,,,,
B2,NC_002677.1,M.leprae,problem,1,0.08078877737628076,0.08078877737628076,0.013297872340425532,True,,,,,,,,,
B2,NC_002677.1,M.leprae,problem,1,0.06659469829144271,0.06659469829144271,0.12403100775193801,True,,,,,,,,,
B2,NC_002677.1,M.leprae,problem,1,0.00011121126352442445,0.00011121126352442445,0.7785817655571635,False,,,,,,,,,
B4r2,NC_002677.1,M.leprae,problem,2,0.05990352164933199,0.22430449644952688,0.17354497354497356,True,0.4776217133801087,0.03846153846153849,0.03145820786140252,0.017125116241513583,-51.0,0.0,0.22430449644952688,0.5779674640773538,-0.6453720935073051
B2,NC_002677.1,M.leprae,problem,1,0.07577267186529468,0.07577267186529468,0.9280303030303029,False,,,,,,,,,
B2,NC_002677.1,M.leprae,problem,1,0.14124554001973877,0.14124554001973877,0.9721784776902888,False,,,,,,,,,
B2,NC_002677.1,M.leprae,problem,1,0.9189535080440887,0.9189535080440887,0.9997844827586206,False,,,,,,,,,
B2,NC_002677.1,M.leprae,problem,1,0.044581088145662306,0.044581088145662306,0.9389140271493213,False,,,,,,,,,
B2,NC_002677.1,M.leprae,problem,1,0.06890453648314221,0.06890453648314221,0.7785817655571635,False,,,,,,,,,
B2,NC_002677.1,M.leprae,problem,1,0.024364449682654055,0.024364449682654055,0.452755905511811,False,,,,,,,,,
B2,NC_002677.1,M.leprae,problem,1,0.02704390675996393,0.02704390675996393,0.2302568981921979,False,,,,,,,,,
B2,NC_002677.1,M.leprae,problem,1,0.1284797875094732,0.1284797875094732,0.6975881261595547,False,,,,,,,,,
B4r2,NC_002677.1,M.leprae,problem,2,0.20537499537494242,0.4022139680202521,0.955984555984556,False,-0.04264479583750935,-0.038461538461538436,-0.11116520392977791,-0.07742492508107879,75.0,0.0,0.4022139680202521,0.5779674640773538,0.9490766080989794
B2,NC_002677.1,M.leprae,problem,1,0.247152571907705,0.247152571907705,0.9913700107874865,False,,,,,,,,,
B2,NC_002677.1,M.leprae,problem,1,0.14725644623011291,0.14725644623011291,0.955984555984556,False,,,,,,,,,
B4r2,NC_002677.1,M.leprae,problem,2,0.0022924053356412344,0.2734859956727185,0.9389140271493213,False,0.07676063250751786,0.07692307692307698,-0.013807341734688006,-0.025076485672641757,39.0,0.0,0.2734859956727185,0.5779674640773538,0.493519836211469
B2,NC_002677.1,M.leprae,problem,1,0.11184740201553112,0.11184740201553112,0.002785515320334262,True,,,,,,,,,
B2,NC_002677.1,M.leprae,problem,1,0.3326597269021594,0.3326597269021594,0.5525210084033613,False,,,,,,,,,
B2,NC_002677.1,M.leprae,problem,1,0.046973878266532765,0.046973878266532765,0.38977072310405636,False,,,,,,,,,
B2,NC_002677.1,M.leprae,problem,1,0.2353689778738115,0.2353689778738115,0.9389140271493213,False,,,,,,,,,
B2,NC_002677.1,M.leprae,problem,1,0.23697431509040356,0.23697431509040356,0.9861248761149654,False,,,,,,,,,
B2,NC_002677.1,M.leprae,problem,1,0.16453667848096742,0.16453667848096742,0.9913700107874865,False,,,,,,,,,
B2,NC_002677.1,M.leprae,problem,1,0.11046306295672537,0.11046306295672537,0.6079545454545454,False,,,,,,,,,
B2,NC_002677.1,M.leprae,problem,1,0.0616356156877913,0.0616356156877913,0.2863157894736842,False,,,,,,,,,
B4r2,NC_002677.1,M.leprae,problem,2,0.12356262629294434,0.17656425673099463,0.8832807570977917,False,0.1791081425175407,-0.038461538461538436,0.013569479507122395,0.05671524127628014,-42.0,0.7142857142857143,0.17656425673099463,0.5779674640773538,-0.531482900535428
B2,NC_002677.1,M.leprae,problem,1,0.02645392404289737,0.02645392404289737,0.2302568981921979,False,,,,,,,,,
B4r2,NC_002677.1,M.leprae,problem,2,0.28257934830978115,0.3953645699917132,0.5525210084033613,False,-0.4179189992075952,-0.038461538461538436,0.0009115204338567828,-0.008415209058705297,-39.0,-0.5714285714285714,0.3953645699917132,0.5779674640773538,-0.4935198362114761
B2,NC_002677.1,M.leprae,problem,1,0.033860455920337706,0.033860455920337706,0.8989547038327527,False,,,,,,,,,
B2,NC_002677.1,M.leprae,problem,1,0.3637482774029772,0.3637482774029772,0.10052910052910052,True,,,,,,,,,
B2,NC_002677.1,M.leprae,problem,1,0.30170360479882063,0.30170360479882063,0.9991835994194485,False,,,,,,,,,
B4r2,NC_002677.1,M.leprae,problem,2,0.055114240067943854,0.3013091029454813,0.452755905511811,False,0.15920723779336987,0.038461538461538436,0.05512454616106477,0.12504475632069623,-84.0,0.0,0.3013091029454813,0.5779674640773538,-1.0629658010708578
B2,NC_002677.1,M.leprae,problem,1,0.14838956444718931,0.14838956444718931,0.3169642857142857,False,,,,,,,,,
B2,NC_002677.1,M.leprae,problem,1,0.22104742133390687,0.22104742133390687,0.9721784776902888,False,,,,,,,,,
B2,NC_002677.1,M.leprae,problem,1,0.10466367866259318,0.10466367866259318,0.013297872340425532,True,,,,,,,,,
B2,NC_002677.1,M.leprae,problem,1,0.2590317005671485,0.2590317005671485,0.9808187804179788,False,,,,,,,,,
B2,NC_002677.1,M.leprae,problem,1,0.03596876610479516,0.03596876610479516,0.09019607843137255,True,,,,,,,,,
B2,NC_002677.1,M.leprae,problem,1,0.04380927042673477,0.04380927042673477,0.17354497354497356,True,,,,,,,,,
B4r2,NC_002677.1,M.leprae,problem,2,0.03710924971036533,0.4436457641860798,0.9808187804179788,False,0.017057918335004252,0.11538461538461536,-0.019419658765175596,-0.03665536347122722,42.0,0.0,0.4436457641860798,0.5779674640773538,0.5314829005354289
B2,NC_002677.1,M.leprae,problem,1,0.23019379754206915,0.23019379754206915,0.7489878542510121,False,,,,,,,,,
B2,NC_002677.1,M.leprae,problem,1,0.47183419501280266,0.47183419501280266,0.06521739130434782,True,,,,,,,,,
B2,NC_002677.1,M.leprae,problem,1,0.10257569175883319,0.10257569175883319,0.8507936507936508,False,,,,,,,,,
B2,NC_002677.1,M.leprae,problem,1,0.12102804941339329,0.12102804941339329,0.6363636363636365,False,,,,,,,,,
B4r2,NC_002677.1,M.leprae,problem,2,0.10552473964073883,0.1916926204324696,0.8231827111984283,False,0.059702714172513605,-0.3076923076923077,0.006557175139295102,0.042129696216618995,6.0,0.5714285714285714,0.1916926204324696,0.5779674640773538,0.07592612864791892
B4r2,NC_002677.1,M.leprae,problem,2,0.41601543614218883,0.7481277710501608,0.9147982062780269,False,0.9870848743188914,0.03846153846153849,0.06784602750505919,0.07331065582220697,-54.0,0.0,0.7481277710501608,0.5779674640773538,-0.6833351578312659
B2,NC_002677.1,M.leprae,problem,1,0.002307222025404343,0.002307222025404343,0.452755905511811,False,,,,,,,,,
B2,NC_002677.1,M.leprae,problem,1,0.4575698815038365,0.4575698815038365,0.9721784776902888,False,,,,,,,,,
B2,NC_002677.1,M.leprae,problem,1,0.19853639980704685,0.19853639980704685,0.6975881261595547,False,,,,,,,,,
B2,NC_002677.1,M.leprae,problem,1,0.06720310632135096,0.06720310632135096,0.2993630573248407,False,,,,,,,,,
B2,NC_002677.1,M.leprae,problem,1,0.3564710824492643,0.3564710824492643,0.9997844827586206,False,,,,,,,,,
B2,NC_002677.1,M.leprae,problem,1,0.12199611640577501,0.12199611640577501,0.5842696629213482,False,,,,,,,,,
B2,NC_002677.1,M.leprae,problem,1,0.3591435192915675,0.3591435192915675,0.999468085106383,False,,,,,,,,,
B2,NC_002677.1,M.leprae,problem,1,0.11956662576216459,0.11956662576216459,0.774390243902439,False,,,,,,,,,
B2,NC_002677.1,M.leprae,problem,1,0.3438967942227027,0.3438967942227027,0.3169642857142857,False,,,,,,,,,
B2,NC_002677.1,M.leprae,problem,1,0.09691517418516327,0.09691517418516327,1.0,False,,,,,,,,,
B2,NC_002677.1,M.leprae,problem,1,0.34473009970426105,0.34473009970426105,0.3169642857142857,False,,,,,,,,,
B2,NC_002677.1,M.leprae,problem,1,0.10350492373749276,0.10350492373749276,0.17354497354497356,True,,,,,,,,,
B2,NC_002677.1,M.leprae,problem,1,0.3098155514040464,0.3098155514040464,0.11922141119221409,True,,,,,,,,,
B2,NC_002677.1,M.leprae,problem,1,0.007949101154878235,0.007949101154878235,0.9389140271493213,False,,,,,,,,,
B2,NC_002677.1,M.leprae,problem,1,0.18243391015954913,0.18243391015954913,0.17354497354497356,True,,,,,,,,,
B2,NC_002677.1,M.leprae,problem,1,0.6569224781873348,0.6569224781873348,0.02761904761904762,True,,,,,,,,,
B2,NC_002677.1,M.leprae,problem,1,0.1543601453929444,0.1543601453929444,0.09019607843137255,True,,,,,,,,,
B2,NC_002677.1,M.leprae,problem,1,0.14775493022646558,0.14775493022646558,0.541850220264317,False,,,,,,,,,
B2,NC_002677.1,M.leprae,problem,1,0.2302574526149952,0.2302574526149952,0.07407407407407407,True,,,,,,,,,
B2,NC_002677.1,M.leprae,problem,1,0.43564585454995,0.43564585454995,0.9913700107874865,False,,,,,,,,,
B2,NC_002677.1,M.leprae,problem,1,0.09668169090149448,0.09668169090149448,0.02761904761904762,True,,,,,,,,,
B2,NC_002677.1,M.leprae,problem,1,0.1255583793595969,0.1255583793595969,0.031746031746031744,True,,,,,,,,,
B4r2,NC_002677.1,M.leprae,problem,2,0.0789656639925429,0.12717425317589814,0.04488330341113106,True,-0.09552434267602183,0.07692307692307693,-0.21321130820593148,-0.13780655749205706,78.0,0.0,0.12717425317589814,0.5779674640773538,0.9870396724229389
B2,NC_002677.1,M.leprae,problem,1,0.11237943627190106,0.11237943627190106,0.06586021505376345,True,,,,,,,,,
B4r2,NC_002677.1,M.leprae,problem,2,0.1828283599676901,0.5387320045105035,0.9721784776902888,False,0.517423522828451,0.07692307692307693,0.07464991796737674,0.0815397243341971,-24.0,0.0,0.5387320045105035,0.5779674640773538,-0.3037045145916739
B4r2,NC_002677.1,M.leprae,problem,2,0.5254919968933187,0.549540536816643,0.6363636363636365,False,1.4567462258093318,-0.038461538461538436,-0.02611602976533156,-0.05349199467355659,15.0,0.0,0.549540536816643,0.5779674640773538,0.18981532161979597
B2,NC_002677.1,M.leprae,problem,1,0.4338100385799635,0.4338100385799635,0.9628787878787879,False,,,,,,,,,
B2,NC_002677.1,M.leprae,problem,1,0.07703119885075793,0.07703119885075793,0.06586021505376345,True,,,,,,,,,
B2,NC_002677.1,M.leprae,problem,1,0.017293709944169677,0.017293709944169677,0.8832807570977917,False,,,,,,,,,
B2,NC_002677.1,M.leprae,problem,1,0.08005309329000099,0.08005309329000099,0.7897091722595079,False,,,,,,,,,
B4r2,NC_002677.1,M.leprae,problem,2,0.1842581420460121,0.19764477360300603,0.9147982062780269,False,0.29851357086256797,-0.07692307692307687,-0.0019835374698843333,0.014170136556013069,33.0,0.0,0.19764477360300603,0.5779674640773538,0.4175937075635501
B2,NC_002677.1,M.leprae,problem,1,0.0014224729077376708,0.0014224729077376708,0.054673721340388004,True,,,,,,,,,
B2,NC_002677.1,M.leprae,problem,1,0.3953057148853416,0.3953057148853416,0.07407407407407407,True,,,,,,,,,
B2,NC_002677.1,M.leprae,problem,1,0.06303270041787101,0.06303270041787101,0.2302568981921979,False,,,,,,,,,
B2,NC_002677.1,M.leprae,problem,1,0.07864276690184369,0.07864276690184369,0.955984555984556,False,,,,,,,,,
B2,NC_002677.1,M.leprae,problem,1,0.4487568081836173,0.4487568081836173,0.7785817655571635,False,,,,,,,,,
B2,NC_002677.1,M.leprae,problem,1,0.002918905577256936,0.002918905577256936,0.04488330341113106,True,,,,,,,,,
B2,NC_002677.1,M.leprae,problem,1,0.27809687256046445,0.27809687256046445,0.2863157894736842,False,,,,,,,,,
B4r2,NC_002677.1,M.leprae,problem,2,0.26416046474618327,0.8434964313019186,1.0,False,0.2786126661383965,0.0,-0.0046844772210032914,0.003231063833398551,-3.0,0.0,0.8434964313019186,0.5779674640773538,-0.03796306432395902
B2,NC_002677.1,M.leprae,problem,1,0.3422677780725216,0.3422677780725216,0.9991835994194485,False,,,,,,,,,
B2,NC_002677.1,M.leprae,problem,1,0.4285368713063331,0.4285368713063331,0.575609756097561,False,,,,,,,,,
B4r2,NC_002677.1,M.leprae,problem,2,0.09433597364650836,0.16797734344804738,0.2302568981921979,False,0.895540712587704,0.11538461538461542,-0.08845946875253863,-0.16310624048375555,51.0,0.5714285714285714,0.16797734344804738,0.5779674640773538,0.6453720935073068
B2,NC_002677.1,M.leprae,problem,1,0.05596423621278035,0.05596423621278035,0.5164319248826291,False,,,,,,,,,
B2,NC_002677.1,M.leprae,problem,1,0.45417986114339115,0.45417986114339115,0.9991835994194485,False,,,,,,,,,
B2,NC_002677.1,M.leprae,problem,1,0.4018851175446372,0.4018851175446372,0.9972051425377306,False,,,,,,,,,
B2,NC_002677.1,M.leprae,problem,1,0.2337513647235987,0.2337513647235987,0.9808187804179788,False,,,,,,,,,
B2,NC_002677.1,M.leprae,problem,1,0.02559297778962133,0.02559297778962133,0.2302568981921979,False,,,,,,,,,
B2,NC_002677.1,M.leprae,problem,1,0.17596247557715117,0.17596247557715117,0.8111111111111111,False,,,,,,,,,
B2,NC_002677.1,M.leprae,problem,1,0.018351930992807297,0.018351930992807297,0.054673721340388004,True,,,,,,,,,
B2,NC_002677.1,M.leprae,problem,1,0.10766600709420615,0.10766600709420615,0.11922141119221409,True,,,,,,,,,
B2,NC_002677.1,M.leprae,problem,1,0.10871958886641586,0.10871958886641586,0.3169642857142857,False,,,,,,,,,
B2,NC_002677.1,M.leprae,problem,1,0.18237187146002398,0.18237187146002398,0.04488330341113106,True,,,,,,,,,
B2,NC_002677.1,M.leprae,problem,1,0.5194302339231074,0.5194302339231074,0.9913700107874865,False,,,,,,,,,
B2,NC_002677.1,M.leprae,problem,1,0.36661076120937697,0.36661076120937697,0.3169642857142857,False,,,,,,,,,
B2,NC_002677.1,M.leprae,problem,1,0.5643816815009084,0.5643816815009084,0.3169642857142857,False,,,,,,,,,
B2,NC_002677.1,M.leprae,problem,1,0.04200080260468475,0.04200080260468475,0.002770083102493075,True,,,,,,,,,
B2,NC_002677.1,M.leprae,problem,1,0.06492485285276928,0.06492485285276928,0.38977072310405636,False,,,,,,,,,
B2,NC_002677.1,M.leprae,problem,1,0.19596651263417186,0.19596651263417186,0.2302568981921979,False,,,,,,,,,
B2,NC_002677.1,M.leprae,problem,1,0.5141902141964492,0.5141902141964492,0.9808187804179788,False,,,,,,,,,
B4r2,NC_002677.1,M.leprae,problem,2,0.4893867757127275,0.5330955611085813,0.9991835994194485,False,-0.03980180944834266,0.11538461538461542,0.007894721994258669,0.0155210372022061,15.0,0.0,0.5330955611085813,0.5779674640773538,0.18981532161979509
B2,NC_002677.1,M.leprae,problem,1,0.18330364239884034,0.18330364239884034,0.8735119047619048,False,,,,,,,,,
B2,NC_002677.1,M.leprae,problem,1,0.5824050980654496,0.5824050980654496,0.9865591397849462,False,,,,,,,,,
B2,NC_002677.1,M.leprae,problem,1,0.2522849964098697,0.2522849964098697,0.031746031746031744,True,,,,,,,,,
B2,NC_002677.1,M.leprae,problem,1,0.7469373787351579,0.7469373787351579,1.0,False,,,,,,,,,
B2,NC_002677.1,M.leprae,problem,1,0.29013594385296404,0.29013594385296404,0.8507936507936508,False,,,,,,,,,
B4r2,NC_002677.1,M.leprae,problem,2,0.41415239692704553,0.4381892046504987,0.8498659517426272,False,0.6209082273941413,0.11538461538461536,-0.31930414507586224,-0.3619583703115785,84.0,0.0,0.4381892046504987,0.5779674640773538,1.0629658010708571
B2,NC_002677.1,M.leprae,problem,1,0.5083693812215486,0.5083693812215486,0.9991835994194485,False,,,,,,,,,
B2,NC_002677.1,M.leprae,problem,1,0.010396138060944082,0.010396138060944082,0.7513297872340425,False,,,,,,,,,
B2,NC_002677.1,M.leprae,problem,1,0.2496705410167941,0.2496705410167941,0.9972051425377306,False,,,,,,,,,
B4r2,NC_002677.1,M.leprae,problem,2,0.17079621472660733,0.3650112049945271,0.3169642857142857,False,0.6806109415666549,-0.11538461538461542,0.10180333212664161,0.007613085872234748,-189.0,0.0,0.3650112049945271,0.5779674640773538,-2.391673052409427
B2,NC_002677.1,M.leprae,problem,1,0.6759480715804815,0.6759480715804815,0.4566929133858268,False,,,,,,,,,
B2,NC_002677.1,M.leprae,problem,1,0.5201296800442581,0.5201296800442581,0.955984555984556,False,,,,,,,,,
B2,NC_002677.1,M.leprae,problem,1,0.8001865448957357,0.8001865448957357,0.9991835994194485,False,,,,,,,,,
B4r2,NC_002677.1,M.leprae,problem,2,0.05046349046854104,0.19749782450227116,0.09019607843137255,True,-0.09950452362085627,-0.1538461538461538,0.04494500770390131,0.04403397575926893,-66.0,0.0,0.19749782450227116,0.5779674640773538,-0.8351874151271019
B4r2,NC_002677.1,M.leprae,problem,2,0.2318570007390548,0.4049363957986287,0.4583333333333333,False,0.5970271417251359,-0.07692307692307687,-0.08287623719831905,-0.16443579056875995,69.0,0.0,0.4049363957986287,0.5779674640773538,0.873150479451061
B4r2,NC_002677.1,M.leprae,problem,2,0.2678956771757477,0.44221779241597403,0.8507936507936508,False,0.28998461169506573,-0.038461538461538436,0.08487877898071483,0.11070969924220697,-75.0,-0.5714285714285714,0.44221779241597403,0.5779674640773538,-0.949076608098979
B2,NC_002677.1,M.leprae,problem,1,0.14241016237089532,0.14241016237089532,0.002785515320334262,True,,,,,,,,,
B2,NC_002677.1,M.leprae,problem,1,0.012856999285702386,0.012856999285702386,0.49443207126948785,False,,,,,,,,,
B2,NC_002677.1,M.leprae,problem,1,0.6819194944236271,0.6819194944236271,0.9997844827586206,False,,,,,,,,,
B2,NC_002677.1,M.leprae,problem,1,0.1460321812133003,0.1460321812133003,0.6141552511415522,False,,,,,,,,,
B4r2,NC_002677.1,M.leprae,problem,2,0.4755582859644818,0.6991350972553825,0.9913700107874865,False,1.0149461409327312,0.1538461538461538,0.01288208030877347,0.022203680749494525,39.0,0.0,0.6991350972553825,0.5779674640773538,0.493519836211469
B2,NC_002677.1,M.leprae,problem,1,0.4307122041940019,0.4307122041940019,0.9628787878787879,False,,,,,,,,,
B4r2,NC_002677.1,M.leprae,problem,2,0.4776292533792805,0.6554403443858909,1.0,False,0.2985135708625679,-0.11538461538461536,-0.06526576567365416,0.0002461384857129767,39.0,0.7142857142857143,0.6554403443858909,0.5779674640773538,0.493519836211469
B2,NC_002677.1,M.leprae,problem,1,0.2127233540013087,0.2127233540013087,0.2993630573248407,False,,,,,,,,,
B4r2,NC_002677.1,M.leprae,problem,2,0.2650852746875909,0.47533023446132816,0.9991835994194485,False,-0.3070425300300702,0.038461538461538436,-0.06036234992055567,-0.026580433338013965,78.0,-0.7142857142857143,0.47533023446132816,0.5779674640773538,0.9870396724229389
B2,NC_002677.1,M.leprae,problem,1,0.1877921208944482,0.1877921208944482,0.9808187804179788,False,,,,,,,,,
B2,NC_002677.1,M.leprae,problem,1,0.1603452548167752,0.1603452548167752,0.774390243902439,False,,,,,,,,,
B4r2,NC_002677.1,M.leprae,problem,2,0.000749508782400099,0.09064182355237982,0.3169642857142857,False,-0.7562343795185056,0.1538461538461538,-0.10223909287243149,-0.08190081415702599,108.0,-0.7142857142857143,0.09064182355237982,0.5779674640773538,1.3666703156625304
B2,NC_002677.1,M.leprae,problem,1,0.11907908075938067,0.11907908075938067,0.9972051425377306,False,,,,,,,,,
B2,NC_002677.1,M.leprae,problem,1,0.08441086663197517,0.08441086663197517,0.5164319248826291,False,,,,,,,,,
B4r2,NC_002677.1,M.leprae,problem,2,0.15888868351532537,0.15984088375105543,0.17354497354497356,True,-0.6567298558976495,-0.07692307692307687,-0.028333542564724423,-0.04990590736956768,42.0,-0.7142857142857143,0.15984088375105543,0.5779674640773538,0.531482900535428
B2,NC_002677.1,M.leprae,problem,1,0.2525477644613314,0.2525477644613314,0.452755905511811,False,,,,,,,,,
B2,NC_002677.1,M.leprae,problem,1,0.3263024713199094,0.3263024713199094,0.7785817655571635,False,,,,,,,,,
B4r2,NC_002677.1,M.leprae,problem,2,0.244293911801293,0.3043638113388454,0.49443207126948785,False,0.5799692233901317,0.15384615384615385,0.11969507958721493,0.011949658393065943,-132.0,0.0,0.3043638113388454,0.5779674640773538,-1.6703748302542039
B2,NC_002677.1,M.leprae,problem,1,0.7599488418069704,0.7599488418069704,0.7513297872340425,False,,,,,,,,,
B2,NC_002677.1,M.leprae,problem,1,0.46410369797605,0.46410369797605,0.9147982062780269,False,,,,,,,,,
B4r2,NC_002677.1,M.leprae,problem,2,0.4889978950843066,0.8407727443593629,0.9991835994194485,False,-0.05458533867201221,-0.11538461538461536,-0.2043472205365504,0.06865725147663848,195.0,0.0,0.8407727443593629,0.5779674640773538,2.4675991810573468
B2,NC_002677.1,M.leprae,problem,1,0.12425735382478109,0.12425735382478109,0.7489878542510121,False,,,,,,,,,
B2,NC_002677.1,M.leprae,problem,1,0.2935186504286804,0.2935186504286804,0.3169642857142857,False,,,,,,,,,
B2,NC_002677.1,M.leprae,problem,1,0.38211203820572237,0.38211203820572237,0.9100467289719626,False,,,,,,,,,
B2,NC_002677.1,M.leprae,problem,1,0.09453276878509875,0.09453276878509875,0.12588652482269502,True,,,,,,,,,
B2,NC_002677.1,M.leprae,problem,1,0.07493337152576629,0.07493337152576629,0.2993630573248407,False,,,,,,,,,
B2,NC_002677.1,M.leprae,problem,1,0.0650390006313728,0.0650390006313728,0.07407407407407407,True,,,,,,,,,
B2,NC_002677.1,M.leprae,problem,1,0.341040700881436,0.341040700881436,0.452755905511811,False,,,,,,,,,
B2,NC_002677.1,M.leprae,problem,1,0.06945935992996866,0.06945935992996866,0.06521739130434782,True,,,,,,,,,
B2,NC_002677.1,M.leprae,problem,1,0.021828679247665406,0.021828679247665406,0.2302568981921979,False,,,,,,,,,
B2,NC_002677.1,M.leprae,problem,1,0.3330514226207484,0.3330514226207484,0.9808187804179788,False,,,,,,,,,
B2,NC_002677.1,M.leprae,problem,1,0.10086887945021772,0.10086887945021772,0.01126126126126126,True,,,,,,,,,
B4r2,NC_002677.1,M.leprae,problem,2,0.20329573610128904,0.21130146520053117,0.49443207126948785,False,1.4965480352576743,0.3076923076923077,0.22643265739382756,0.08468971724075436,-75.0,0.0,0.21130146520053117,0.5779674640773538,-0.9490766080989796
B2,NC_002677.1,M.leprae,problem,1,0.07068335941849924,0.07068335941849924,0.38977072310405636,False,,,,,,,,,
B2,NC_002677.1,M.leprae,problem,1,0.04304097332607171,0.04304097332607171,0.054673721340388004,True,,,,,,,,,
B2,NC_002677.1,M.leprae,problem,1,0.131318641474504,0.131318641474504,0.575609756097561,False,,,,,,,,,
B2,NC_002677.1,M.leprae,problem,1,0.2123608050413779,0.2123608050413779,0.452755905511811,False,,,,,,,,,
B4r2,NC_002677.1,M.leprae,problem,2,0.41709891922209863,0.5350641652746049,0.9389140271493213,False,0.8955407125877038,0.038461538461538436,0.24152915199025016,0.1573923123696882,-33.0,0.0,0.5350641652746049,0.5779674640773538,-0.417593707563551
B2,NC_002677.1,M.leprae,problem,1,0.024449325750030226,0.024449325750030226,0.036065573770491806,True,,,,,,,,,
B2,NC_002677.1,M.leprae,problem,1,0.06020621883331145,0.06020621883331145,0.7785817655571635,False,,,,,,,,,
B2,NC_002677.1,M.leprae,problem,1,0.1559050871347729,0.1559050871347729,0.3169642857142857,False,,,,,,,,,
B4r2,NC_002677.1,M.leprae,problem,2,0.1601059577957038,0.6233437312008974,0.17354497354497356,True,1.3930633306919837,0.0,0.001207994241849697,0.0019518280218207007,-51.0,0.0,0.6233437312008974,0.5779674640773538,-0.6453720935073051
B2,NC_002677.1,M.leprae,problem,1,0.16586727304999727,0.16586727304999727,0.3169642857142857,False,,,,,,,,,
B2,NC_002677.1,M.leprae,problem,1,0.08946478221145782,0.08946478221145782,0.2993630573248407,False,,,,,,,,,
B2,NC_002677.1,M.leprae,problem,1,0.19515346789995114,0.19515346789995114,0.8231827111984283,False,,,,,,,,,
B4r2,NC_002677.1,M.leprae,problem,2,0.15906620790792303,0.7281533553649346,0.955984555984556,False,0.6686703987321524,0.03846153846153849,-0.010730215245252639,0.021241689494330918,-3.0,0.0,0.7281533553649346,0.5779674640773538,-0.03796306432395902
B2,NC_002677.1,M.leprae,problem,1,0.09450915352086042,0.09450915352086042,0.7210216110019646,False,,,,,,,,,
B2,NC_002677.1,M.leprae,problem,1,0.09560587018963318,0.09560587018963318,0.9628787878787879,False,,,,,,,,,
B2,NC_002677.1,M.leprae,problem,1,0.09523793577807282,0.09523793577807282,0.9686411149825784,False,,,,,,,,,
B2,NC_002677.1,M.leprae,problem,1,0.0872074098265756,0.0872074098265756,0.11922141119221409,True,,,,,,,,,
B2,NC_002677.1,M.leprae,problem,1,0.12506953178287894,0.12506953178287894,0.8111111111111111,False,,,,,,,,,
B2,NC_002677.1,M.leprae,problem,1,0.11467172606651133,0.11467172606651133,0.2993630573248407,False,,,,,,,,,
B4r2,NC_002677.1,M.leprae,problem,2,0.12671168718882697,0.46864820060906354,0.8832807570977917,False,0.28145565252756366,0.07692307692307687,0.03477568446443202,-0.014427405149804118,-162.0,0.5714285714285714,0.46864820060906354,0.5779674640773538,-2.0500054734937976
B2,NC_002677.1,M.leprae,problem,1,0.6218358441583689,0.6218358441583689,0.9861248761149654,False,,,,,,,,,
B2,NC_002677.1,M.leprae,problem,1,0.018560750239302592,0.018560750239302592,0.12588652482269502,True,,,,,,,,,
B4r2,NC_002677.1,M.leprae,problem,2,0.26137431659438093,0.46597965637729644,0.3169642857142857,False,1.0945497598294158,-0.03846153846153849,0.09815018869164027,0.024005551764850308,-69.0,0.0,0.46597965637729644,0.5779674640773538,-0.8731504794510614
B2,NC_002677.1,M.leprae,problem,1,0.056026061823779116,0.056026061823779116,0.7513297872340425,False,,,,,,,,,
B2,NC_002677.1,M.leprae,problem,1,0.13973341630460112,0.13973341630460112,0.5223880597014925,False,,,,,,,,,
B4r2,NC_002677.1,M.leprae,problem,2,0.2275293639393503,0.3033722161212502,0.94921875,False,0.0,-0.07692307692307693,0.015434067365947435,0.040283368086564186,-18.0,0.0,0.3033722161212502,0.5779674640773538,-0.2277783859437541
B2,NC_002677.1,M.leprae,problem,1,0.04152519222720841,0.04152519222720841,0.2863157894736842,False,,,,,,,,,
B2,NC_002677.1,M.leprae,problem,1,0.01228358063802304,0.01228358063802304,0.0051635111876075735,True,,,,,,,,,
B2,NC_002677.1,M.leprae,problem,1,0.18213632714088313,0.18213632714088313,0.9389140271493213,False,,,,,,,,,
B2,NC_002677.1,M.leprae,problem,1,0.00813076013477243,0.00813076013477243,0.0051635111876075735,True,,,,,,,,,
B2,NC_002677.1,M.leprae,problem,1,0.13715226018157622,0.13715226018157622,0.01126126126126126,True,,,,,,,,,
B2,NC_002677.1,M.leprae,problem,1,0.19366513668316898,0.19366513668316898,0.036065573770491806,True,,,,,,,,,
B2,NC_002677.1,M.leprae,problem,1,0.12273956513324613,0.12273956513324613,0.30113636363636365,False,,,,,,,,,
B2,NC_002677.1,M.leprae,problem,1,0.07989132214314765,0.07989132214314765,0.06521739130434782,True,,,,,,,,,
B2,NC_002677.1,M.leprae,problem,1,0.1053912463411244,0.1053912463411244,0.3169642857142857,False,,,,,,,,,
B2,NC_002677.1,M.leprae,problem,1,0.0023422800796026877,0.0023422800796026877,0.02761904761904762,True,,,,,,,,,
B4r2,NC_002677.1,M.leprae,problem,2,0.10755367505363367,0.11398160199063057,0.01126126126126126,True,-0.17910814251754076,0.0,0.013683073967105885,0.008272218111449847,-60.0,0.0,0.11398160199063057,0.5779674640773538,-0.7592612864791839
B2,NC_002677.1,M.leprae,problem,1,0.21383847912228404,0.21383847912228404,0.7513297872340425,False,,,,,,,,,
B2,NC_002677.1,M.leprae,problem,1,0.016096440393294387,0.016096440393294387,0.09019607843137255,True,,,,,,,,,
B2,NC_002677.1,M.leprae,problem,1,0.17252992016168278,0.17252992016168278,0.5525210084033613,False,,,,,,,,,
B2,NC_002677.1,M.leprae,problem,1,0.30984062203965124,0.30984062203965124,0.9808187804179788,False,,,,,,,,,
B2,NC_002677.1,M.leprae,problem,1,0.12976727336534033,0.12976727336534033,0.9318681318681319,False,,,,,,,,,
B2,NC_003155.5,Streptomyces,problem,1,0.08031802320109449,0.08031802320109449,0.11922141119221409,True,,,,,,,,,
B2,NC_003155.5,Streptomyces,problem,1,0.6757596268328498,0.6757596268328498,0.9913700107874865,False,,,,,,,,,
B4r2,NC_003155.5,Streptomyces,problem,2,0.2409797205295643,0.8132795352048996,0.0051635111876075735,True,-0.1615131580723821,-0.07692307692307687,-0.3698787986898021,-0.5456999833906044,189.0,0.0,0.8132795352048996,0.7071655449693804,1.3369419486129117
B2,NC_003155.5,Streptomyces,problem,1,0.6999484505500817,0.6999484505500817,0.9997844827586206,False,,,,,,,,,
B2,NC_003155.5,Streptomyces,problem,1,0.026977935164238076,0.026977935164238076,0.14018691588785046,True,,,,,,,,,
B2,NC_003155.5,Streptomyces,problem,1,0.7079144078864115,0.7079144078864115,0.0008904719501335708,True,,,,,,,,,
B2,NC_003155.5,Streptomyces,problem,1,0.01911084765146498,0.01911084765146498,0.06586021505376345,True,,,,,,,,,
B2,NC_003155.5,Streptomyces,problem,1,0.24724088656756749,0.24724088656756749,0.3169642857142857,False,,,,,,,,,
B2,NC_003155.5,Streptomyces,problem,1,0.8054044477541504,0.8054044477541504,0.0008904719501335708,True,,,,,,,,,
B4r2,NC_003155.5,Streptomyces,problem,2,0.2615023549664688,0.6175212381988917,0.9808187804179788,False,0.035891812904973674,-0.038461538461538436,-0.08454814339794925,-0.01915945147781295,45.0,0.0,0.6175212381988917,0.7071655449693804,0.31831951157450256
B2,NC_003155.5,Streptomyces,problem,1,0.4058620428982245,0.4058620428982245,0.0008904719501335708,True,,,,,,,,,
B2,NC_003155.5,Streptomyces,problem,1,0.3713962599513847,0.3713962599513847,0.0008904719501335708,True,,,,,,,,,
B2,NC_003155.5,Streptomyces,problem,1,0.6144813242243465,0.6144813242243465,0.002785515320334262,True,,,,,,,,,
B2,NC_003155.5,Streptomyces,problem,1,0.9175238201172577,0.9175238201172577,0.9991835994194485,False,,,,,,,,,
B2,NC_003155.5,Streptomyces,problem,1,0.8089240857667588,0.8089240857667588,0.09019607843137255,True,,,,,,,,,
B4r2,NC_003155.5,Streptomyces,problem,2,0.44283591085956964,0.5832472261938406,0.0008904719501335708,True,0.8183333342334026,-0.038461538461538436,-0.5765659634841237,-0.4521424214197999,663.0,0.0,0.5832472261938406,0.7071655449693804,4.689907470531007
B2,NC_003155.5,Streptomyces,problem,1,0.4203007542260071,0.4203007542260071,0.031746031746031744,True,,,,,,,,,
B2,NC_003155.5,Streptomyces,problem,1,0.33879971317429636,0.33879971317429636,0.8111111111111111,False,,,,,,,,,
B2,NC_003155.5,Streptomyces,problem,1,0.02525174672627095,0.02525174672627095,0.2863157894736842,False,,,,,,,,,
B2,NC_003155.5,Streptomyces,problem,1,0.1360231672587151,0.1360231672587151,0.0008904719501335708,True,,,,,,,,,
B2,NC_003155.5,Streptomyces,problem,1,0.011074212393072713,0.011074212393072713,0.11922141119221409,True,,,,,,,,,
B2,NC_003155.5,Streptomyces,problem,1,0.2588772868127158,0.2588772868127158,0.8735119047619048,False,,,,,,,,,
B2,NC_003155.5,Streptomyces,problem,1,0.017717620467079698,0.017717620467079698,0.11922141119221409,True,,,,,,,,,
B2,NC_003155.5,Streptomyces,problem,1,0.07895502359386342,0.07895502359386342,0.6826347305389222,False,,,,,,,,,
B2,NC_003155.5,Streptomyces,problem,1,0.020728512758857676,0.020728512758857676,0.04488330341113106,True,,,,,,,,,
B2,NC_003155.5,Streptomyces,problem,1,0.24485822584161454,0.24485822584161454,0.9147982062780269,False,,,,,,,,,
B2,NC_003155.5,Streptomyces,problem,1,0.3406034504159239,0.3406034504159239,0.7897091722595079,False,,,,,,,,,
B2,NC_003155.5,Streptomyces,problem,1,0.0698491457041257,0.0698491457041257,0.3169642857142857,False,,,,,,,,,
B2,NC_003155.5,Streptomyces,problem,1,0.15907402772384138,0.15907402772384138,0.8735119047619048,False,,,,,,,,,
B4r2,NC_003155.5,Streptomyces,problem,2,0.3307445679536247,0.38045456975668657,0.0008904719501335708,True,-0.7537280710044496,0.07692307692307693,-0.9411367625105775,-0.7002164236638206,966.0,0.0,0.38045456975668657,0.7071655449693804,6.833258848465993
B2,NC_003155.5,Streptomyces,problem,1,0.359560301809422,0.359560301809422,0.0008904719501335708,True,,,,,,,,,
B2,NC_003155.5,Streptomyces,problem,1,0.011556842908072795,0.011556842908072795,0.031746031746031744,True,,,,,,,,,
B2,NC_003155.5,Streptomyces,problem,1,0.24839508270596866,0.24839508270596866,0.9721784776902888,False,,,,,,,,,
B4r2,NC_003155.5,Streptomyces,problem,2,0.0011171030925396508,0.36372489818984377,0.7210216110019646,False,-0.15792397678188447,0.0,-0.017069302295745103,-0.0664736174983862,24.0,0.0,0.36372489818984377,0.7071655449693804,0.16977040617306827
B4r2,NC_003155.5,Streptomyces,problem,2,0.08299167994780987,0.4862107136597089,0.0008904719501335708,True,0.7106578955184812,-0.03846153846153849,-0.3025001582357729,-0.10405477269749186,306.0,0.0,0.4862107136597089,0.7071655449693804,2.1645726787066186
B2,NC_003155.5,Streptomyces,problem,1,0.2102624443535568,0.2102624443535568,0.02761904761904762,True,,,,,,,,,
B4r2,NC_003155.5,Streptomyces,problem,2,0.12030246240162734,0.2584834449452953,0.07407407407407407,True,-0.39480994195471175,0.11538461538461536,-0.03141272486799035,-0.06657192313885418,78.0,-0.7142857142857143,0.2584834449452953,0.7071655449693804,0.5517538200624719
B2,NC_003155.5,Streptomyces,problem,1,0.1415832765929821,0.1415832765929821,0.01126126126126126,True,,,,,,,,,
B2,NC_003155.5,Streptomyces,problem,1,0.11006587377374899,0.11006587377374899,0.17354497354497356,True,,,,,,,,,
B2,NC_003155.5,Streptomyces,problem,1,0.18905297437498803,0.18905297437498803,0.0008904719501335708,True,,,,,,,,,
B2,NC_003155.5,Streptomyces,problem,1,0.260568494638882,0.260568494638882,0.8735119047619048,False,,,,,,,,,
B2,NC_003155.5,Streptomyces,problem,1,0.3402209369184046,0.3402209369184046,0.0,True,,,,,,,,,
B2,NC_003155.5,Streptomyces,problem,1,0.10139237624940023,0.10139237624940023,0.12403100775193801,True,,,,,,,,,
B4r2,NC_003155.5,Streptomyces,problem,2,0.07990688471676854,0.4567589815140547,0.2993630573248407,False,0.053837719357460734,-0.038461538461538436,-0.22759668521866083,-0.19760178664271566,225.0,0.5714285714285714,0.4567589815140547,0.7071655449693804,1.5915975578725137
B2,NC_003155.5,Streptomyces,problem,1,0.1351599432550934,0.1351599432550934,0.0051635111876075735,True,,,,,,,,,
B2,NC_003155.5,Streptomyces,problem,1,0.4535880646881516,0.4535880646881516,0.2863157894736842,False,,,,,,,,,
B2,NC_003155.5,Streptomyces,problem,1,0.0007754916744104889,0.0007754916744104889,0.0008904719501335708,True,,,,,,,,,
B2,NC_003155.5,Streptomyces,problem,1,0.1085022807715248,0.1085022807715248,0.0008904719501335708,True,,,,,,,,,
B4r2,NC_003155.5,Streptomyces,problem,2,0.19616152187925806,0.2116969949423435,0.17354497354497356,True,-0.10767543871492136,0.07692307692307687,-0.09860683151975769,-0.16414397917888257,108.0,-0.1428571428571428,0.2116969949423435,0.7071655449693804,0.7639668277788072
B2,NC_003155.5,Streptomyces,problem,1,0.38796950855477874,0.38796950855477874,0.002785515320334262,True,,,,,,,,,
B2,NC_003155.5,Streptomyces,problem,1,0.13896367998765768,0.13896367998765768,0.0008904719501335708,True,,,,,,,,,
B2,NC_003155.5,Streptomyces,problem,1,0.013139815051552262,0.013139815051552262,0.02761904761904762,True,,,,,,,,,
B4r2,NC_003155.5,Streptomyces,problem,2,0.01248026999543228,0.03147184809471604,0.09019607843137255,True,0.5588868009488775,-0.11538461538461531,0.06469291085746143,0.1415308413319163,-33.0,0.0,0.03147184809471604,0.7071655449693804,-0.23343430848796842
B4r2,NC_003155.5,Streptomyces,problem,2,0.672760735170133,0.9378089459594392,0.0008904719501335708,True,-0.32302631614476407,0.0,-0.5728052370008891,-0.5159530700245732,1002.0,-0.5714285714285714,0.9378089459594392,0.7071655449693804,7.087914457725595
B2,NC_003155.5,Streptomyces,problem,1,0.01267030345718112,0.01267030345718112,0.09019607843137255,True,,,,,,,,,
B4r2,NC_003155.5,Streptomyces,problem,2,0.2839861142952316,0.49688209921593796,0.8989547038327527,False,-0.7537280710044496,-0.07692307692307687,-0.020282589154736907,0.03424888905377621,15.0,-0.7142857142857143,0.49688209921593796,0.7071655449693804,0.10610650385816722
B2,NC_003155.5,Streptomyces,problem,1,0.08338149401545181,0.08338149401545181,0.6141552511415522,False,,,,,,,,,
B4r2,NC_003155.5,Streptomyces,problem,2,0.003016579436852851,0.21236604095675204,0.0,True,-1.0306077705571046,-0.038461538461538436,-1.2882427409988728,-1.0014175451418248,1713.0,-0.7142857142857143,0.21236604095675204,0.7071655449693804,12.11736274060274
B4r2,NC_003155.5,Streptomyces,problem,2,0.1443144377660417,0.30242658189246896,0.0,True,0.05383771935746062,0.0,-1.177152020438092,-0.4606089095900715,1563.0,-0.5714285714285714,0.30242658189246896,0.7071655449693804,11.056297702021062
B2,NC_003155.5,Streptomyces,problem,1,0.8144042347757967,0.8144042347757967,0.002785515320334262,True,,,,,,,,,
B2,NC_003155.5,Streptomyces,problem,1,0.05476053304066841,0.05476053304066841,0.11922141119221409,True,,,,,,,,,
B4r2,NC_003155.5,Streptomyces,problem,2,0.17111546564529334,0.5065711035056779,0.3169642857142857,False,-0.3743003345804411,-0.038461538461538436,-0.2566669966127535,-0.20069340191305896,171.0,-0.5714285714285714,0.5065711035056779,0.7071655449693804,1.2096141439831103
B2,NC_003155.5,Streptomyces,problem,1,0.20070123833668418,0.20070123833668418,0.002976190476190476,True,,,,,,,,,
B4r2,NC_003155.5,Streptomyces,problem,2,0.14962696115858254,0.21293313729053853,0.036065573770491806,True,1.087521931020706,0.03846153846153849,-0.05463388415621817,-0.11851023232451073,24.0,0.5714285714285714,0.21293313729053853,0.7071655449693804,0.16977040617306804
B2,NC_003155.5,Streptomyces,problem,1,0.20825892805682145,0.20825892805682145,0.2302568981921979,False,,,,,,,,,
B2,NC_003155.5,Streptomyces,problem,1,0.04590355908274901,0.04590355908274901,0.6826347305389222,False,,,,,,,,,
B2,NC_003155.5,Streptomyces,problem,1,0.4408608296849508,0.4408608296849508,0.036065573770491806,True,,,,,,,,,
B2,NC_003155.5,Streptomyces,problem,1,0.3058267408478983,0.3058267408478983,0.8111111111111111,False,,,,,,,,,
B4r2,NC_003155.5,Streptomyces,problem,2,0.10880889430289642,0.15371465338814616,0.002785515320334262,True,-0.30508040969227745,-0.07692307692307687,0.082273352277348,0.03848578392647184,-201.0,-0.5714285714285714,0.15371465338814616,0.7071655449693804,-1.4218271516994463
B2,NC_003155.5,Streptomyces,problem,1,0.3702518407370867,0.3702518407370867,0.9100467289719626,False,,,,,,,,,
B2,NC_003155.5,Streptomyces,problem,1,0.17428760222964357,0.17428760222964357,0.0008904719501335708,True,,,,,,,,,
B2,NC_003155.5,Streptomyces,problem,1,0.1672663494034783,0.1672663494034783,1.0,False,,,,,,,,,
B2,NC_003155.5,Streptomyces,problem,1,0.18048063562587657,0.18048063562587657,0.7785817655571635,False,,,,,,,,,
B2,NC_003155.5,Streptomyces,problem,1,0.30760173121375534,0.30760173121375534,0.07407407407407407,True,,,,,,,,,
B2,NC_003155.5,Streptomyces,problem,1,0.44169087279310304,0.44169087279310304,0.8832807570977917,False,,,,,,,,,
B2,NC_003155.5,Streptomyces,problem,1,0.13112465144255836,0.13112465144255836,0.17354497354497356,True,,,,,,,,,
B2,NC_003155.5,Streptomyces,problem,1,0.34594545413207456,0.34594545413207456,0.4583333333333333,False,,,,,,,,,
B2,NC_003155.5,Streptomyces,problem,1,0.3961604239681904,0.3961604239681904,0.12403100775193801,True,,,,,,,,,
B2,NC_003155.5,Streptomyces,problem,1,0.39677135837895916,0.39677135837895916,0.2993630573248407,False,,,,,,,,,
B2,NC_003155.5,Streptomyces,problem,1,0.10236290707672424,0.10236290707672424,0.7323943661971831,False,,,,,,,,,
B2,NC_003155.5,Streptomyces,problem,1,0.1282709252504226,0.1282709252504226,0.02761904761904762,True,,,,,,,,,
B2,NC_003155.5,Streptomyces,problem,1,0.21786872740362995,0.21786872740362995,0.12403100775193801,True,,,,,,,,,
B2,NC_003155.5,Streptomyces,problem,1,0.43846655006266033,0.43846655006266033,0.0008904719501335708,True,,,,,,,,,
B2,NC_003155.5,Streptomyces,problem,1,0.243083274126068,0.243083274126068,0.01126126126126126,True,,,,,,,,,
B4r2,NC_003155.5,Streptomyces,problem,2,0.07104081391844286,0.6676431648284886,0.002785515320334262,True,3.3666520504865414,-0.15384615384615385,0.06861159224325486,0.10476396996685433,-48.0,0.0,0.6676431648284886,0.7071655449693804,-0.33954081234613626
B2,NC_003155.5,Streptomyces,problem,1,0.0886148674377516,0.0886148674377516,0.7210216110019646,False,,,,,,,,,
B2,NC_003155.5,Streptomyces,problem,1,0.19340440690118932,0.19340440690118932,0.11922141119221409,True,,,,,,,,,
B4r2,NC_003155.5,Streptomyces,problem,2,0.3521230903794912,0.44112348993521167,0.9808187804179788,False,0.9690789484342923,-0.03846153846153849,-0.014726834567701852,0.0023418951608302763,-12.0,0.7142857142857143,0.44112348993521167,0.7071655449693804,-0.08488520308653413
B4r2,NC_003155.5,Streptomyces,problem,2,0.6439086991365723,0.7074984624453737,0.6826347305389222,False,0.053837719357460734,0.038461538461538436,-0.1423358795839067,-0.06172060620075204,105.0,-0.5714285714285714,0.7074984624453737,0.7071655449693804,0.7427455270071732
B2,NC_003155.5,Streptomyces,problem,1,0.18951994373753678,0.18951994373753678,0.7785817655571635,False,,,,,,,,,
B2,NC_003155.5,Streptomyces,problem,1,0.277603732260145,0.277603732260145,0.7489878542510121,False,,,,,,,,,
B4r2,NC_003155.5,Streptomyces,problem,2,0.2608376964628194,0.5653874890804937,0.8507936507936508,False,0.25842105291581113,-0.038461538461538436,0.13676202219688205,0.12157672800973363,-21.0,0.0,0.5653874890804937,0.7071655449693804,-0.14854910540143462
B2,NC_003155.5,Streptomyces,problem,1,0.016746469932247265,0.016746469932247265,0.02761904761904762,True,,,,,,,,,
B2,NC_003155.5,Streptomyces,problem,1,0.019151283781940975,0.019151283781940975,0.11922141119221409,True,,,,,,,,,
B4r2,NC_003155.5,Streptomyces,problem,2,0.19990645630516823,0.5131485782844329,0.8111111111111111,False,0.7357821645519628,-0.07692307692307693,0.013016143519801515,0.027659489405894355,-6.0,0.0,0.5131485782844329,0.7071655449693804,-0.04244260154326707
B2,NC_003155.5,Streptomyces,problem,1,0.6210722303186174,0.6210722303186174,0.9808187804179788,False,,,,,,,,,
B2,NC_003155.5,Streptomyces,problem,1,0.02462608267165578,0.02462608267165578,0.3169642857142857,False,,,,,,,,,
B2,NC_003155.5,Streptomyces,problem,1,0.1270405075969574,0.1270405075969574,0.14018691588785046,True,,,,,,,,,
B2,NC_003155.5,Streptomyces,problem,1,0.5672658706480096,0.5672658706480096,0.036065573770491806,True,,,,,,,,,
B2,NC_003155.5,Streptomyces,problem,1,0.10079350492687311,0.10079350492687311,0.3169642857142857,False,,,,,,,,,
B2,NC_003155.5,Streptomyces,problem,1,0.02128171844252691,0.02128171844252691,0.7489878542510121,False,,,,,,,,,
B4r2,NC_003155.5,Streptomyces,problem,2,0.29699102802251787,0.459509828267338,0.8231827111984283,False,-0.17228070194387435,-0.07692307692307687,0.13665419394997358,0.19602608135943178,-24.0,0.0,0.459509828267338,0.7071655449693804,-0.16977040617306827
B2,NC_003155.5,Streptomyces,problem,1,0.10135157254845595,0.10135157254845595,0.575609756097561,False,,,,,,,,,
B2,NC_003155.5,Streptomyces,problem,1,0.14075753839908423,0.14075753839908423,0.2302568981921979,False,,,,,,,,,
B2,NC_003155.5,Streptomyces,problem,1,0.23987391325428042,0.23987391325428042,0.031746031746031744,True,,,,,,,,,
B2,NC_003155.5,Streptomyces,problem,1,0.13676836150388283,0.13676836150388283,0.7513297872340425,False,,,,,,,,,
B2,NC_003155.5,Streptomyces,problem,1,0.1258994998107994,0.1258994998107994,0.8989547038327527,False,,,,,,,,,
B2,NC_003155.5,Streptomyces,problem,1,0.021408661550749386,0.021408661550749386,0.002785515320334262,True,,,,,,,,,
B2,NC_003155.5,Streptomyces,problem,1,0.3828259390436486,0.3828259390436486,0.9913700107874865,False,,,,,,,,,
B2,NC_003155.5,Streptomyces,problem,1,0.008809463773737036,0.008809463773737036,0.94921875,False,,,,,,,,,
B2,NC_003155.5,Streptomyces,problem,1,0.18979361059077604,0.18979361059077604,0.17354497354497356,True,,,,,,,,,
B4r2,NC_003155.5,Streptomyces,problem,2,0.0157470544900562,0.2266343310826926,0.04,True,-0.14356725161989548,0.038461538461538436,0.10082119659553879,0.07954322729203311,-168.0,0.0,0.2266343310826926,0.7071655449693804,-1.188392843211476
B4r2,NC_003155.5,Streptomyces,problem,2,0.0496489637477211,0.3522209893564008,0.17354497354497356,True,0.27380325844651454,0.07692307692307698,-0.06150945677311914,-0.046350596064229976,18.0,0.0,0.3522209893564008,0.7071655449693804,0.1273278046298011
B2,NC_003155.5,Streptomyces,problem,1,0.41215144092757594,0.41215144092757594,0.17354497354497356,True,,,,,,,,,
B2,NC_003155.5,Streptomyces,problem,1,0.20201721756281504,0.20201721756281504,0.17354497354497356,True,,,,,,,,,
B2,NC_003155.5,Streptomyces,problem,1,0.11760739604156534,0.11760739604156534,0.9913700107874865,False,,,,,,,,,
B2,NC_003155.5,Streptomyces,problem,1,0.8522069895102931,0.8522069895102931,0.7489878542510121,False,,,,,,,,,
B2,NC_003155.5,Streptomyces,problem,1,0.05735591812621976,0.05735591812621976,0.09019607843137255,True,,,,,,,,,
B2,NC_003155.5,Streptomyces,problem,1,0.0347531511371475,0.0347531511371475,0.036065573770491806,True,,,,,,,,,
B2,NC_003155.5,Streptomyces,problem,1,0.8267094170569522,0.8267094170569522,0.6363636363636365,False,,,,,,,,,
B2,NC_003155.5,Streptomyces,problem,1,0.5049928061311526,0.5049928061311526,0.0,True,,,,,,,,,
B2,NC_003155.5,Streptomyces,problem,1,0.15378339544921893,0.15378339544921893,0.07331378299120235,True,,,,,,,,,
B2,NC_003155.5,Streptomyces,problem,1,0.1601401774122433,0.1601401774122433,0.7210216110019646,False,,,,,,,,,
B2,NC_003155.5,Streptomyces,problem,1,0.09384425326710222,0.09384425326710222,0.06521739130434782,True,,,,,,,,,
B2,NC_003155.5,Streptomyces,problem,1,0.026971034051790355,0.026971034051790355,0.9991835994194485,False,,,,,,,,,
B2,NC_003155.5,Streptomyces,problem,1,0.09971507516097589,0.09971507516097589,0.6141552511415522,False,,,,,,,,,
B2,NC_003155.5,Streptomyces,problem,1,0.6297011031764583,0.6297011031764583,0.031746031746031744,True,,,,,,,,,
B2,NC_003155.5,Streptomyces,problem,1,0.09224011321931691,0.09224011321931691,0.0008904719501335708,True,,,,,,,,,
B4r2,NC_003155.5,Streptomyces,problem,2,0.13782798466572643,0.23867906772218817,0.0008904719501335708,True,-0.08614035097193717,-0.15384615384615385,-0.7242345953362651,-0.3205916639238522,1032.0,0.0,0.23867906772218817,0.7071655449693804,7.300127465441931
B2,NC_003155.5,Streptomyces,problem,1,0.4165188547609109,0.4165188547609109,0.2302568981921979,False,,,,,,,,,
B2,NC_003155.5,Streptomyces,problem,1,0.23377261694902174,0.23377261694902174,0.38977072310405636,False,,,,,,,,,
B2,NC_003155.5,Streptomyces,problem,1,0.11213087916837383,0.11213087916837383,0.3169642857142857,False,,,,,,,,,
B4r2,NC_003155.5,Streptomyces,problem,2,0.23793486328491653,0.23907190468409567,0.7210216110019646,False,0.4307017548596854,-0.038461538461538436,0.07438455160635637,0.07103623363192879,-78.0,0.7142857142857143,0.23907190468409567,0.7071655449693804,-0.5517538200624719
B4r2,NC_003155.5,Streptomyces,problem,2,0.2145595103452873,0.2845721727418624,0.38977072310405636,False,0.5491447374460992,-0.11538461538461531,0.009398651493501609,0.008257578193480553,-12.0,0.0,0.2845721727418624,0.7071655449693804,-0.08488520308653458
B2,NC_003155.5,Streptomyces,problem,1,0.15366775803995303,0.15366775803995303,0.7210216110019646,False,,,,,,,,,
B2,NC_003155.5,Streptomyces,problem,1,0.008574494849819203,0.008574494849819203,0.2302568981921979,False,,,,,,,,,
B4r2,NC_003155.5,Streptomyces,problem,2,0.0728329014607354,0.17008259627753475,0.2302568981921979,False,0.3050804096922771,-0.11538461538461536,-0.02571266684212925,3.0938365876309604e-05,9.0,0.0,0.17008259627753475,0.7071655449693804,0.0636639023149006
B2,NC_003155.5,Streptomyces,problem,1,0.5764702848999796,0.5764702848999796,0.5588235294117647,False,,,,,,,,,
B2,NC_003155.5,Streptomyces,problem,1,0.43787995530686175,0.43787995530686175,1.0,False,,,,,,,,,
B2,NC_003155.5,Streptomyces,problem,1,0.6311141237357596,0.6311141237357596,0.9991835994194485,False,,,,,,,,,
B2,NC_003155.5,Streptomyces,problem,1,0.2977859582707101,0.2977859582707101,0.2302568981921979,False,,,,,,,,,
B2,NC_003155.5,Streptomyces,problem,1,0.09907274132307009,0.09907274132307009,0.09019607843137255,True,,,,,,,,,
B2,NC_003155.5,Streptomyces,problem,1,0.34458477781136043,0.34458477781136043,0.04488330341113106,True,,,,,,,,,
B2,NC_003155.5,Streptomyces,problem,1,0.28499656697421294,0.28499656697421294,0.9808187804179788,False,,,,,,,,,
B4r2,NC_003155.5,Streptomyces,problem,2,0.2987765652691188,0.38286491030811476,0.01633986928104575,True,0.5588868009488774,-0.07692307692307693,-0.10253143281121568,-0.11988990101380859,39.0,0.0,0.38286491030811476,0.7071655449693804,0.2758769100312364
B2,NC_003155.5,Streptomyces,problem,1,0.21962233043353763,0.21962233043353763,0.6826347305389222,False,,,,,,,,,
B2,NC_003155.5,Streptomyces,problem,1,0.5591758940296341,0.5591758940296341,0.5525210084033613,False,,,,,,,,,
B2,NC_003155.5,Streptomyces,problem,1,0.44225258538314804,0.44225258538314804,0.9808187804179788,False,,,,,,,,,
B2,NC_003155.5,Streptomyces,problem,1,0.28495159500622336,0.28495159500622336,0.8111111111111111,False,,,,,,,,,
B2,NC_003155.5,Streptomyces,problem,1,0.08662303561703233,0.08662303561703233,0.02761904761904762,True,,,,,,,,,
B2,NC_003155.5,Streptomyces,problem,1,0.23622175648937827,0.23622175648937827,0.8111111111111111,False,,,,,,,,,
B2,NC_003155.5,Streptomyces,problem,1,0.2582291508829453,0.2582291508829453,0.9721784776902888,False,,,,,,,,,
B4r2,NC_003155.5,Streptomyces,problem,2,0.002288023357629676,0.013144526725915373,0.02761904761904762,True,-0.6675877200325124,-0.15384615384615385,-0.40060503774157985,-0.2680457962059645,102.0,0.0,0.013144526725915373,0.7071655449693804,0.7215242262355397
B2,NC_003155.5,Streptomyces,problem,1,0.042890069981920576,0.042890069981920576,0.6826347305389222,False,,,,,,,,,
B2,NC_003155.5,Streptomyces,problem,1,0.04100339767778216,0.04100339767778216,0.013297872340425532,True,,,,,,,,,
B2,NC_003155.5,Streptomyces,problem,1,0.14736385016059472,0.14736385016059472,0.7785817655571635,False,,,,,,,,,
B2,NC_003155.5,Streptomyces,problem,1,0.09742900565424861,0.09742900565424861,0.7897091722595079,False,,,,,,,,,
B2,NC_003155.5,Streptomyces,problem,1,0.06612201341111756,0.06612201341111756,0.036065573770491806,True,,,,,,,,,
B2,NC_003155.5,Streptomyces,problem,1,0.1305884594436062,0.1305884594436062,0.0008904719501335708,True,,,,,,,,,
B2,NC_003155.5,Streptomyces,problem,1,0.12538501626359277,0.12538501626359277,0.04488330341113106,True,,,,,,,,,
B2,NC_003155.5,Streptomyces,problem,1,0.32705979402144436,0.32705979402144436,0.0008904719501335708,True,,,,,,,,,
B4r2,NC_003155.5,Streptomyces,problem,2,0.46164659943533604,0.4812835005123546,0.5525210084033613,False,-0.7075814544123405,0.07692307692307687,-0.13743684167320436,-0.13248961108741286,66.0,-0.8571428571428571,0.4812835005123546,0.7071655449693804,0.4668686169759374
B4r2,NC_003155.5,Streptomyces,problem,2,0.4947614345083782,0.8943593702377282,0.6141552511415522,False,-0.25124269033481644,0.07692307692307687,-0.1281141158451169,-0.05926676603969705,261.0,0.0,0.8943593702377282,0.7071655449693804,1.8462531671321156
B2,NC_003155.5,Streptomyces,problem,1,0.29754474342592196,0.29754474342592196,0.09019607843137255,True,,,,,,,,,
B2,NC_003155.5,Streptomyces,problem,1,0.8152727341043806,0.8152727341043806,0.0008904719501335708,True,,,,,,,,,
B2,NC_003155.5,Streptomyces,problem,1,0.053870711060698184,0.053870711060698184,0.9808187804179788,False,,,,,,,,,
B4r2,NC_003155.5,Streptomyces,problem,2,0.18192146394609132,0.5470006340936457,0.9861248761149654,False,0.03589181290497406,0.0,0.13123614237997883,0.20635566178851905,-36.0,0.0,0.5470006340936457,0.7071655449693804,-0.2546556092596024
B4r2,NC_003155.5,Streptomyces,problem,2,0.1034450557801847,0.22844807606886874,0.38977072310405636,False,0.21535087742984277,-0.11538461538461542,0.05975610205098025,0.08779786894858277,-27.0,0.0,0.22844807606886874,0.7071655449693804,-0.1909917069447018
B2,NC_003155.5,Streptomyces,problem,1,0.24816922866378377,0.24816922866378377,0.04488330341113106,True,,,,,,,,,
B2,NC_003155.5,Streptomyces,problem,1,0.29055671494177204,0.29055671494177204,0.09019607843137255,True,,,,,,,,,
B4r2,NC_003155.5,Streptomyces,problem,2,0.44617107154171975,0.8947526310943346,0.0008904719501335708,True,0.0615288221228123,0.07692307692307693,-0.48279140512655383,-0.3520239197656282,669.0,-0.1428571428571428,0.8947526310943346,0.7071655449693804,4.732350072074274
B2,NC_003155.5,Streptomyces,problem,1,0.5063439146667275,0.5063439146667275,0.9963931469792606,False,,,,,,,,,
B2,NC_003155.5,Streptomyces,problem,1,0.022732483925057778,0.022732483925057778,0.02761904761904762,True,,,,,,,,,
B2,NC_003155.5,Streptomyces,problem,1,0.7485296978566893,0.7485296978566893,0.9721784776902888,False,,,,,,,,,
B2,NC_003155.5,Streptomyces,problem,1,0.13368549079447956,0.13368549079447956,0.7513297872340425,False,,,,,,,,,
B2,NC_003155.5,Streptomyces,problem,1,0.5054000520704527,0.5054000520704527,0.9389140271493213,False,,,,,,,,,
B2,NC_003155.5,Streptomyces,problem,1,0.11145072521238042,0.11145072521238042,0.17354497354497356,True,,,,,,,,,
B2,NC_003155.5,Streptomyces,problem,1,0.3764225607987477,0.3764225607987477,0.8989547038327527,False,,,,,,,,,
B2,NC_003155.5,Streptomyces,problem,1,0.2416401295572701,0.2416401295572701,0.9721784776902888,False,,,,,,,,,
B2,NC_003155.5,Streptomyces,problem,1,0.19681523045024507,0.19681523045024507,0.09019607843137255,True,,,,,,,,,
B2,NC_003155.5,Streptomyces,problem,1,0.1725569372723763,0.1725569372723763,0.30113636363636365,False,,,,,,,,,
B2,NC_003155.5,Streptomyces,problem,1,0.32648841418853536,0.32648841418853536,0.6141552511415522,False,,,,,,,,,
B2,NC_003155.5,Streptomyces,problem,1,0.2664406927810212,0.2664406927810212,0.4566929133858268,False,,,,,,,,,
B2,NC_003155.5,Streptomyces,problem,1,0.11902088962978219,0.11902088962978219,0.01556420233463035,True,,,,,,,,,
B2,NC_003155.5,Streptomyces,problem,1,0.9843898729672103,0.9843898729672103,0.7513297872340425,False,,,,,,,,,
B2,NC_003155.5,Streptomyces,problem,1,0.024716554492885123,0.024716554492885123,0.038945844183142335,True,,,,,,,,,
B4r2,NC_003155.5,Streptomyces,problem,2,0.7794908141073282,0.8657510213983635,0.9972051425377306,False,0.053837719357460734,0.11538461538461542,0.05537064478488318,0.0789807336719539,-45.0,0.5714285714285714,0.8657510213983635,0.7071655449693804,-0.31831951157450256
B2,NC_003155.5,Streptomyces,problem,1,0.15433257987159,0.15433257987159,0.9318681318681319,False,,,,,,,,,
B2,NC_003155.5,Streptomyces,problem,1,0.14239583574357084,0.14239583574357084,0.02761904761904762,True,,,,,,,,,
B2,NC_003155.5,Streptomyces,problem,1,0.5928955507407707,0.5928955507407707,0.3169642857142857,False,,,,,,,,,
B2,NC_003155.5,Streptomyces,problem,1,0.014911223743343527,0.014911223743343527,0.02761904761904762,True,,,,,,,,,
B2,NC_003155.5,Streptomyces,problem,1,0.02696358462508819,0.02696358462508819,0.01556420233463035,True,,,,,,,,,
B2,NC_003155.5,Streptomyces,problem,1,0.009941821598776102,0.009941821598776102,0.06521739130434782,True,,,,,,,,,
B2,NC_003155.5,Streptomyces,problem,1,0.027837021235288972,0.027837021235288972,0.11922141119221409,True,,,,,,,,,
B2,NC_003155.5,Streptomyces,problem,1,0.3249487015049741,0.3249487015049741,0.12403100775193801,True,,,,,,,,,
B2,NC_003155.5,Streptomyces,problem,1,0.31819310904298526,0.31819310904298526,0.7785817655571635,False,,,,,,,,,
B2,NC_003155.5,Streptomyces,problem,1,0.06303017685415568,0.06303017685415568,0.04488330341113106,True,,,,,,,,,
B2,NC_003155.5,Streptomyces,problem,1,0.11657739523262833,0.11657739523262833,0.036065573770491806,True,,,,,,,,,
B4r2,NC_003155.5,Streptomyces,problem,2,0.7119492308169697,0.9555062790765696,0.01126126126126126,True,-0.6075971184627709,0.0,-0.3600469929100612,-0.06323881751193078,213.0,-0.7142857142857143,0.9555062790765696,0.7071655449693804,1.5067123547859798
B2,NC_003155.5,Streptomyces,problem,1,0.4850167798158562,0.4850167798158562,0.9913700107874865,False,,,,,,,,,
B2,NC_003155.5,Streptomyces,problem,1,0.19036594526168749,0.19036594526168749,0.9808187804179788,False,,,,,,,,,
B2,NC_003155.5,Streptomyces,problem,1,0.04117595672287466,0.04117595672287466,0.002976190476190476,True,,,,,,,,,
B4r2,NC_003155.5,Streptomyces,problem,2,0.2809194507407291,0.33082798756012544,0.9389140271493213,False,0.35532894775924057,0.038461538461538436,-0.12298395965213871,-0.09097833375992881,111.0,0.5714285714285714,0.33082798756012544,0.7071655449693804,0.7851881285504403
B2,NC_003155.5,Streptomyces,problem,1,0.22164847339099936,0.22164847339099936,0.2302568981921979,False,,,,,,,,,
B4r2,NC_003155.5,Streptomyces,problem,2,0.1679556765223218,0.5676249110744429,0.12588652482269502,True,0.7465497084234549,0.0,-0.013731293967951474,-0.006766792343261496,-123.0,0.0,0.5676249110744429,0.7071655449693804,-0.8700733316369735
B2,NC_003155.5,Streptomyces,problem,1,0.3567272243604762,0.3567272243604762,0.2302568981921979,False,,,,,,,,,
B2,NC_003155.5,Streptomyces,problem,1,0.19176583163491223,0.19176583163491223,0.8735119047619048,False,,,,,,,,,
B2,NC_003155.5,Streptomyces,problem,1,0.1710314351323774,0.1710314351323774,0.452755905511811,False,,,,,,,,,
B4r2,NC_003155.5,Streptomyces,problem,2,0.5537627548320039,0.8100154481846542,0.06586021505376345,True,0.5414536346807474,0.07692307692307687,-0.2540853555593808,-0.38903935716710036,153.0,0.7142857142857143,0.8100154481846542,0.7071655449693804,1.0822863393533095
B2,NC_003155.5,Streptomyces,problem,1,0.13689583959686802,0.13689583959686802,0.0,True,,,,,,,,,
B2,NC_003155.5,Streptomyces,problem,1,0.23010002637493443,0.23010002637493443,0.7513297872340425,False,,,,,,,,,
B4r2,NC_003155.5,Streptomyces,problem,2,0.655292395672884,0.7240020167444889,0.9991835994194485,False,1.022916667791753,-0.2692307692307693,0.005628916236084747,-0.0004006799474534084,9.0,1.0,0.7240020167444889,0.7071655449693804,0.06366390231490016
B2,NC_003155.5,Streptomyces,problem,1,0.6664061499135059,0.6664061499135059,1.0,False,,,,,,,,,
B2,NC_003155.5,Streptomyces,problem,1,0.07951297680386293,0.07951297680386293,0.0,True,,,,,,,,,
B2,NC_003155.5,Streptomyces,problem,1,0.03141646274302712,0.03141646274302712,0.5525210084033613,False,,,,,,,,,
B2,NC_003155.5,Streptomyces,problem,1,0.07957045156344833,0.07957045156344833,0.0008904719501335708,True,,,,,,,,,
B2,NC_003155.5,Streptomyces,problem,1,0.6574148170778433,0.6574148170778433,0.01556420233463035,True,,,,,,,,,
B2,NC_003155.5,Streptomyces,problem,1,0.430575359895645,0.430575359895645,0.3169642857142857,False,,,,,,,,,
B4r2,NC_003155.5,Streptomyces,problem,2,0.397337489504638,0.5418291002758053,0.9861248761149654,False,0.49223057698249784,0.038461538461538436,-0.024941782493106857,-0.01641844387145386,30.0,0.7142857142857143,0.5418291002758053,0.7071655449693804,0.21221300771633533
B2,NC_003155.5,Streptomyces,problem,1,0.12458851765146406,0.12458851765146406,0.002785515320334262,True,,,,,,,,,
B2,NC_003155.5,Streptomyces,problem,1,0.07917693027428818,0.07917693027428818,0.8498659517426272,False,,,,,,,,,
B2,NC_003155.5,Streptomyces,problem,1,0.5361202525460591,0.5361202525460591,0.999468085106383,False,,,,,,,,,
B2,NC_003155.5,Streptomyces,problem,1,0.3116036823477337,0.3116036823477337,0.0008904719501335708,True,,,,,,,,,
B2,NC_003155.5,Streptomyces,problem,1,0.12643413440263007,0.12643413440263007,0.0008904719501335708,True,,,,,,,,,
B2,NC_003155.5,Streptomyces,problem,1,0.053898428731280035,0.053898428731280035,0.01556420233463035,True,,,,,,,,,
B2,NC_003155.5,Streptomyces,problem,1,0.0446834394149942,0.0446834394149942,0.2863157894736842,False,,,,,,,,,
B4r2,NC_003155.5,Streptomyces,problem,2,0.38534905214232396,0.44269311071038686,0.002785515320334262,True,1.3782456155509935,0.038461538461538436,0.03952937410920998,0.02201670137244771,-111.0,0.0,0.44269311071038686,0.7071655449693804,-0.7851881285504403
B2,NC_003155.5,Streptomyces,problem,1,0.04799416377130594,0.04799416377130594,0.49443207126948785,False,,,,,,,,,
B2,NC_003155.5,Streptomyces,problem,1,0.32862622863268065,0.32862622863268065,0.06586021505376345,True,,,,,,,,,
B4r2,NC_003155.5,Streptomyces,problem,2,0.3488928790081296,0.4086666730153965,0.9100467289719626,False,0.7357821645519625,-0.11538461538461536,0.0019531872823015384,0.029401606198554697,-9.0,0.5714285714285714,0.4086666730153965,0.7071655449693804,-0.0636639023149006
B2,NC_003155.5,Streptomyces,problem,1,0.6680012241677726,0.6680012241677726,0.6363636363636365,False,,,,,,,,,
B2,NC_003155.5,Streptomyces,problem,1,0.2285299369952316,0.2285299369952316,0.2863157894736842,False,,,,,,,,,
B4r2,NC_003155.5,Streptomyces,problem,2,0.03162653463881604,0.05143765723934024,0.6141552511415522,False,-0.7178362580994757,0.038461538461538436,-0.1719966199796168,-0.06604967721346833,150.0,0.0,0.05143765723934024,0.7071655449693804,1.0610650385816762
B2,NC_003155.5,Streptomyces,problem,1,0.028737817134295796,0.028737817134295796,0.452755905511811,False,,,,,,,,,
B2,NC_003155.5,Streptomyces,problem,1,0.09121980507338279,0.09121980507338279,0.3169642857142857,False,,,,,,,,,
B2,NC_003155.5,Streptomyces,problem,1,0.14576283569888915,0.14576283569888915,0.7513297872340425,False,,,,,,,,,
B2,NC_003155.5,Streptomyces,problem,1,0.1357194626123146,0.1357194626123146,0.036065573770491806,True,,,,,,,,,
B4r2,NC_003155.5,Streptomyces,problem,2,0.15734043254276564,0.17201073117831456,0.054673721340388004,True,-0.08614035097193717,-0.11538461538461536,0.050225731395689754,0.025506433721322996,-36.0,-0.5714285714285714,0.17201073117831456,0.7071655449693804,-0.2546556092596024
B2,NC_003155.5,Streptomyces,problem,1,0.13526330082979499,0.13526330082979499,0.031746031746031744,True,,,,,,,,,
B2,NC_003155.5,Streptomyces,problem,1,0.11240025113499286,0.11240025113499286,0.0051635111876075735,True,,,,,,,,,
B2,NC_003155.5,Streptomyces,problem,1,0.0403809857890951,0.0403809857890951,0.12588652482269502,True,,,,,,,,,
B4r2,NC_003155.5,Streptomyces,problem,2,0.2542976733178186,0.6195086439453696,1.0,False,0.6460526322895283,0.0,0.07285750150283299,0.12460957825572128,-48.0,0.5714285714285714,0.6195086439453696,0.7071655449693804,-0.33954081234613653
B2,NC_003155.5,Streptomyces,problem,1,0.0012058401866958945,0.0012058401866958945,0.0,True,,,,,,,,,
B2,NC_003155.5,Streptomyces,problem,1,0.21172948627716615,0.21172948627716615,0.5223880597014925,False,,,,,,,,,
B2,NC_003155.5,Streptomyces,problem,1,0.4908132270716852,0.4908132270716852,0.09019607843137255,True,,,,,,,,,
B2,NC_003155.5,Streptomyces,problem,1,0.6473686144401896,0.6473686144401896,0.9991835994194485,False,,,,,,,,,
B2,NC_003155.5,Streptomyces,problem,1,0.007485033348192616,0.007485033348192616,0.002976190476190476,True,,,,,,,,,
B2,NC_003155.5,Streptomyces,problem,1,0.23433176121695531,0.23433176121695531,0.5525210084033613,False,,,,,,,,,
B2,NC_003155.5,Streptomyces,problem,1,0.02082505670550816,0.02082505670550816,0.11922141119221409,True,,,,,,,,,
B2,NC_003155.5,Streptomyces,problem,1,0.02619902859468226,0.02619902859468226,0.054673721340388004,True,,,,,,,,,
B2,NC_003155.5,Streptomyces,problem,1,0.9331589628447174,0.9331589628447174,0.0008904719501335708,True,,,,,,,,,
B2,NC_003155.5,Streptomyces,problem,1,0.12332892754468361,0.12332892754468361,0.9389140271493213,False,,,,,,,,,
B4r2,NC_003155.5,Streptomyces,problem,2,0.8601515078866213,0.8612998243766783,0.9972051425377306,False,0.32302631614476407,0.07692307692307687,-0.03210780669743085,0.025935121106140158,54.0,0.7142857142857143,0.8612998243766783,0.7071655449693804,0.3819834138894034
B2,NC_003155.5,Streptomyces,problem,1,0.22428756051488818,0.22428756051488818,0.9628787878787879,False,,,,,,,,,
B2,NC_003155.5,Streptomyces,problem,1,0.1533121499480966,0.1533121499480966,0.02761904761904762,True,,,,,,,,,
B4r2,NC_003155.5,Streptomyces,problem,2,0.11080258739908899,0.14639075638647547,0.14018691588785046,True,-0.48453947421714616,0.0,-0.011021475385249113,-0.03555459282410511,18.0,-0.1428571428571429,0.14639075638647547,0.7071655449693804,0.1273278046298021
B2,NC_003155.5,Streptomyces,problem,1,0.03883361728232693,0.03883361728232693,0.04488330341113106,True,,,,,,,,,
B2,NC_003155.5,Streptomyces,problem,1,0.1314486205615868,0.1314486205615868,0.2302568981921979,False,,,,,,,,,
B2,NC_003155.5,Streptomyces,problem,1,0.4303662912763091,0.4303662912763091,0.9963931469792606,False,,,,,,,,,
B2,NC_003155.5,Streptomyces,problem,1,0.1495324823300237,0.1495324823300237,0.9721784776902888,False,,,,,,,,,
B2,NC_003155.5,Streptomyces,problem,1,0.5068305872223613,0.5068305872223613,0.575609756097561,False,,,,,,,,,
B2,NC_003155.5,Streptomyces,problem,1,0.6916608948701324,0.6916608948701324,0.9997844827586206,False,,,,,,,,,
B2,NC_003155.5,Streptomyces,problem,1,0.2741664191814728,0.2741664191814728,0.0,True,,,,,,,,,
B2,NC_003155.5,Streptomyces,problem,1,0.23592587602029003,0.23592587602029003,0.7897091722595079,False,,,,,,,,,
B4r2,NC_003155.5,Streptomyces,problem,2,0.07890227265874117,0.22969990294612153,0.01633986928104575,True,1.0336842116632452,0.038461538461538436,-0.07112460464686587,-0.14376216712616352,51.0,0.0,0.22969990294612153,0.7071655449693804,0.36076211311777007
B2,NC_003155.5,Streptomyces,problem,1,0.049819086458782635,0.049819086458782635,0.6141552511415522,False,,,,,,,,,
B2,NC_003155.5,Streptomyces,problem,1,0.23707449922351032,0.23707449922351032,0.2302568981921979,False,,,,,,,,,
B2,NC_003155.5,Streptomyces,problem,1,0.14945104262195308,0.14945104262195308,0.38977072310405636,False,,,,,,,,,
B2,NC_003155.5,Streptomyces,problem,1,0.13222682090769755,0.13222682090769755,0.054673721340388004,True,,,,,,,,,
B2,NC_003155.5,Streptomyces,problem,1,0.3201320540637962,0.3201320540637962,0.11922141119221409,True,,,,,,,,,
B4r2,NC_003155.5,Streptomyces,problem,2,0.20379340114712186,0.24239993327774556,0.7897091722595079,False,-0.3014912284017799,-0.15384615384615385,-0.019232519899644585,-0.023503676687651742,12.0,-0.5714285714285714,0.24239993327774556,0.7071655449693804,0.08488520308653413
B2,NC_003155.5,Streptomyces,problem,1,0.21503460662631824,0.21503460662631824,0.999468085106383,False,,,,,,,,,
B2,NC_003155.5,Streptomyces,problem,1,0.14993162133099602,0.14993162133099602,0.4583333333333333,False,,,,,,,,,
B4r2,NC_003155.5,Streptomyces,problem,2,0.18469050197632875,0.27105247496523255,0.11922141119221409,True,0.8721710535908632,0.1538461538461538,0.059533957170660345,0.05178482683227803,-24.0,0.0,0.27105247496523255,0.7071655449693804,-0.16977040617306827
B2,NC_003155.5,Streptomyces,problem,1,0.05482042677089183,0.05482042677089183,0.01126126126126126,True,,,,,,,,,
B2,NC_003155.5,Streptomyces,problem,1,0.06904503728090461,0.06904503728090461,0.9903713892709766,False,,,,,,,,,
B2,NC_003155.5,Streptomyces,problem,1,0.4503930353033425,0.4503930353033425,0.7489878542510121,False,,,,,,,,,
B2,NC_003155.5,Streptomyces,problem,1,0.004184653655595838,0.004184653655595838,0.8735119047619048,False,,,,,,,,,
B2,NC_003155.5,Streptomyces,problem,1,0.051212005339365874,0.051212005339365874,0.0051635111876075735,True,,,,,,,,,
B4r2,NC_003155.5,Streptomyces,problem,2,0.7149955882051602,0.8129926197902986,0.01126126126126126,True,0.7824415213284285,0.0,-0.26231809983496257,-0.20701404864924333,138.0,0.0,0.8129926197902986,0.7071655449693804,0.9761798354951419
B2,NC_003155.5,Streptomyces,problem,1,0.5263898168871535,0.5263898168871535,0.0008904719501335708,True,,,,,,,,,
B2,NC_003155.5,Streptomyces,problem,1,0.00948623021867867,0.00948623021867867,0.6363636363636365,False,,,,,,,,,
B4r2,NC_003155.5,Streptomyces,problem,2,0.005374838635049173,0.12297843188211388,0.2302568981921979,False,0.3373830413067536,0.23076923076923073,-0.03090379717576419,-0.04467340406783227,18.0,0.0,0.12297843188211388,0.7071655449693804,0.1273278046298012
B2,NC_003155.5,Streptomyces,problem,1,0.0462434144161179,0.0462434144161179,0.02761904761904762,True,,,,,,,,,
B4r2,NC_003155.5,Streptomyces,problem,2,0.22370656602418393,0.30830531630828517,0.9963931469792606,False,-0.21535087742984274,0.0,0.0016243178386801116,0.00741238816301415,-3.0,0.0,0.30830531630828517,0.7071655449693804,-0.021221300771633977
B2,NC_003155.5,Streptomyces,problem,1,0.02371297208467027,0.02371297208467027,0.07331378299120235,True,,,,,,,,,
B2,NC_003155.5,Streptomyces,problem,1,0.06887264312737429,0.06887264312737429,0.21301775147928995,False,,,,,,,,,
B2,NC_003155.5,Streptomyces,problem,1,0.06747813918881462,0.06747813918881462,0.02761904761904762,True,,,,,,,,,
B2,NC_003155.5,Streptomyces,problem,1,0.051138422048655485,0.051138422048655485,0.3169642857142857,False,,,,,,,,,
B2,NC_003155.5,Streptomyces,problem,1,0.26795735981797897,0.26795735981797897,0.002785515320334262,True,,,,,,,,,
B2,NC_003155.5,Streptomyces,problem,1,0.19084675836984388,0.19084675836984388,0.002770083102493075,True,,,,,,,,,
B2,NC_003155.5,Streptomyces,problem,1,0.034422032649413126,0.034422032649413126,0.5525210084033613,False,,,,,,,,,
B2,NC_003155.5,Streptomyces,problem,1,0.10397090845254198,0.10397090845254198,0.11922141119221409,True,,,,,,,,,
B2,NC_003155.5,Streptomyces,problem,1,0.05924829227008033,0.05924829227008033,0.01556420233463035,True,,,,,,,,,
B2,NC_003155.5,Streptomyces,problem,1,0.14359958342855705,0.14359958342855705,0.575609756097561,False,,,,,,,,,
B2,NC_003155.5,Streptomyces,problem,1,0.2824993408053924,0.2824993408053924,0.2302568981921979,False,,,,,,,,,
B2,NC_003155.5,Streptomyces,problem,1,0.2619984417405874,0.2619984417405874,0.9972051425377306,False,,,,,,,,,
B2,NC_003155.5,Streptomyces,problem,1,0.36352001313110804,0.36352001313110804,0.9100467289719626,False,,,,,,,,,
B2,NC_003155.5,Streptomyces,problem,1,0.3068336616718952,0.3068336616718952,0.9628787878787879,False,,,,,,,,,
B4r2,NC_003155.5,Streptomyces,problem,2,0.34654403485891905,0.4409043410627689,0.9808187804179788,False,0.4953070180886384,0.1538461538461538,-0.19634301346921856,-0.2853688764316442,156.0,0.0,0.4409043410627689,0.7071655449693804,1.1035076401249428
B2,NC_003155.5,Streptomyces,problem,1,0.21925592499263413,0.21925592499263413,0.5525210084033613,False,,,,,,,,,
B2,NC_003155.5,Streptomyces,problem,1,0.22517619540753486,0.22517619540753486,0.5164319248826291,False,,,,,,,,,
B2,NC_003155.5,Streptomyces,problem,1,0.9290364571830305,0.9290364571830305,0.6826347305389222,False,,,,,,,,,
B2,NC_003155.5,Streptomyces,problem,1,0.028877822835720934,0.028877822835720934,0.07407407407407407,True,,,,,,,,,
B2,NC_003155.5,Streptomyces,problem,1,0.07177909169772789,0.07177909169772789,0.013297872340425532,True,,,,,,,,,
B2,NC_003155.5,Streptomyces,problem,1,0.38278270437301565,0.38278270437301565,0.8231827111984283,False,,,,,,,,,
B2,NC_003155.5,Streptomyces,problem,1,0.15745367382079145,0.15745367382079145,0.7785817655571635,False,,,,,,,,,
B2,NC_003155.5,Streptomyces,problem,1,0.1539719319312205,0.1539719319312205,0.2993630573248407,False,,,,,,,,,
B2,NC_003155.5,Streptomyces,problem,1,0.3070319121537004,0.3070319121537004,0.9903713892709766,False,,,,,,,,,
B2,NC_003155.5,Streptomyces,problem,1,0.405342265357465,0.405342265357465,0.5164319248826291,False,,,,,,,,,
B2,NC_003155.5,Streptomyces,problem,1,0.06800755519993018,0.06800755519993018,0.07331378299120235,True,,,,,,,,,
B2,NC_003155.5,Streptomyces,problem,1,0.07117527619396746,0.07117527619396746,0.7513297872340425,False,,,,,,,,,
B4r2,NC_003155.5,Streptomyces,problem,2,0.06155882201215235,0.3258947134379273,0.0,True,-0.7321929832614653,0.038461538461538436,-1.3315719142884619,-0.7367251114316271,1194.0,-0.7142857142857143,0.3258947134379273,0.7071655449693804,8.446077707110142
B2,NC_003155.5,Streptomyces,problem,1,4.607064152928331e-05,4.607064152928331e-05,0.036065573770491806,True,,,,,,,,,
B2,NC_003155.5,Streptomyces,problem,1,0.3023938024920554,0.3023938024920554,0.8231827111984283,False,,,,,,,,,
B4r2,NC_003155.5,Streptomyces,problem,2,0.07990119652496297,0.2865560763442101,0.054673721340388004,True,0.5383771935746069,-0.11538461538461531,0.14560512247466773,0.21811723104319514,-48.0,0.0,0.2865560763442101,0.7071655449693804,-0.3395408123461361
B4r2,NC_003155.5,Streptomyces,problem,2,0.33023429976248053,0.40613763543844783,0.9280303030303029,False,0.7106578955184812,0.07692307692307693,0.0020903984207742976,-0.020231075790180242,-6.0,0.0,0.40613763543844783,0.7071655449693804,-0.04244260154326707
B4r2,NC_003155.5,Streptomyces,problem,2,0.24906126977331766,0.6288429430637752,0.04488330341113106,True,-0.4307017548596855,0.038461538461538436,0.0824451835159874,0.04389349464209302,-48.0,-0.5714285714285714,0.6288429430637752,0.7071655449693804,-0.33954081234613565
B4r2,NC_003155.5,Streptomyces,problem,2,0.21498824240288528,0.3990957303300071,0.9991835994194485,False,-0.4953070180886384,0.11538461538461536,0.2586686898449493,0.11287817837820047,-204.0,-0.5714285714285714,0.3990957303300071,0.7071655449693804,-1.4430484524710794
B2,NC_003155.5,Streptomyces,problem,1,0.2316602206673508,0.2316602206673508,0.6975881261595547,False,,,,,,,,,
B2,NC_003155.5,Streptomyces,problem,1,0.7983400756272854,0.7983400756272854,0.955984555984556,False,,,,,,,,,
B4r2,NC_003155.5,Streptomyces,problem,2,0.13012232640911314,0.2528496680525727,0.49443207126948785,False,0.5383771935746069,0.0,0.010504021169669864,-0.008576893348410275,-9.0,0.0,0.2528496680525727,0.7071655449693804,-0.0636639023149006
B2,NC_003155.5,Streptomyces,problem,1,0.20123416572596753,0.20123416572596753,0.3169642857142857,False,,,,,,,,,
B2,NC_003155.5,Streptomyces,problem,1,0.3681190273123889,0.3681190273123889,0.9100467289719626,False,,,,,,,,,
B2,NC_003155.5,Streptomyces,problem,1,0.10683628139960888,0.10683628139960888,0.04488330341113106,True,,,,,,,,,
B2,NC_003155.5,Streptomyces,problem,1,0.20452957695479057,0.20452957695479057,0.09019607843137255,True,,,,,,,,,
B2,NC_003155.5,Streptomyces,problem,1,0.03709104604796565,0.03709104604796565,0.2863157894736842,False,,,,,,,,,
B2,NC_003155.5,Streptomyces,problem,1,0.3450500599465318,0.3450500599465318,0.2302568981921979,False,,,,,,,,,
B4r2,NC_003155.5,Streptomyces,problem,2,0.12086591904620292,0.2350311236956788,0.04488330341113106,True,-0.5383771935746069,0.1538461538461538,0.09371068560905504,0.10847721421492329,-39.0,-0.7142857142857143,0.2350311236956788,0.7071655449693804,-0.27587691003123593
B4r2,NC_003155.5,Streptomyces,problem,2,0.12377615594108082,0.6060943125168459,0.0,True,-0.5204312871221202,0.1538461538461538,-1.418495564763437,-0.9551984521715056,720.0,0.0,0.6060943125168459,0.7071655449693804,5.093112185192045
B2,NC_003155.5,Streptomyces,problem,1,0.1236586698857387,0.1236586698857387,0.17354497354497356,True,,,,,,,,,
B2,NC_003155.5,Streptomyces,problem,1,0.12269888428171072,0.12269888428171072,0.031746031746031744,True,,,,,,,,,
B2,NC_003155.5,Streptomyces,problem,1,0.3279348276356444,0.3279348276356444,0.0008904719501335708,True,,,,,,,,,
B4r2,NC_003155.5,Streptomyces,problem,2,0.20684299414900664,0.8133882432209987,1.0,False,0.9475438606913081,-0.34615384615384615,-0.003619532429315786,0.032596948267124004,30.0,0.7142857142857143,0.8133882432209987,0.7071655449693804,0.21221300771633533
B2,NC_003155.5,Streptomyces,problem,1,0.057327813894076485,0.057327813894076485,0.02761904761904762,True,,,,,,,,,
B2,NC_003155.5,Streptomyces,problem,1,0.12963378364667477,0.12963378364667477,0.01633986928104575,True,,,,,,,,,
B2,NC_003155.5,Streptomyces,problem,1,0.012278525904278581,0.012278525904278581,0.02761904761904762,True,,,,,,,,,
B2,NC_003155.5,Streptomyces,problem,1,0.14356880531630622,0.14356880531630622,0.09019607843137255,True,,,,,,,,,
B4r2,NC_003155.5,Streptomyces,problem,2,0.09398065569538261,0.24658731045263238,0.9808187804179788,False,0.32302631614476407,-0.11538461538461536,-0.01565922825564181,-0.06570819278442075,12.0,0.5714285714285714,0.24658731045263238,0.7071655449693804,0.08488520308653391
B2,NC_003155.5,Streptomyces,problem,1,0.4665580471055488,0.4665580471055488,0.002770083102493075,True,,,,,,,,,
B2,NC_003155.5,Streptomyces,problem,1,0.15554799900828975,0.15554799900828975,0.06521739130434782,True,,,,,,,,,
B4r2,NC_003155.5,Streptomyces,problem,2,0.021393643061076162,0.049792906010035054,0.0,True,-0.48453947421714616,0.1538461538461538,-1.1733952314584906,-0.6765423925474454,732.0,0.0,0.049792906010035054,0.7071655449693804,5.177997388278579
B2,NC_003155.5,Streptomyces,problem,1,0.004282878108440968,0.004282878108440968,0.5525210084033613,False,,,,,,,,,
B2,NC_003155.5,Streptomyces,problem,1,0.8861184790128966,0.8861184790128966,0.0,True,,,,,,,,,
B2,NC_003155.5,Streptomyces,problem,1,0.1385706389452679,0.1385706389452679,0.14018691588785046,True,,,,,,,,,
B2,NC_003155.5,Streptomyces,problem,1,0.15145163362060643,0.15145163362060643,0.06586021505376345,True,,,,,,,,,
B2,NC_003155.5,Streptomyces,problem,1,0.010559041441466022,0.010559041441466022,0.07331378299120235,True,,,,,,,,,
B4r2,NC_003155.5,Streptomyces,problem,2,0.1337451929622624,0.3388406470984826,0.452755905511811,False,0.38763157937371706,-0.19230769230769224,0.08626298423867484,0.09658953033038586,-66.0,0.0,0.3388406470984826,0.7071655449693804,-0.46686861697593773
B2,NC_003155.5,Streptomyces,problem,1,0.12337216749135393,0.12337216749135393,0.9686411149825784,False,,,,,,,,,
B4r2,NC_003155.5,Streptomyces,problem,2,0.08193610518313399,0.2820913906747915,0.2863157894736842,False,-0.017945906452486615,0.15384615384615385,0.09119101911706795,-0.04183525341892902,-54.0,0.0,0.2820913906747915,0.7071655449693804,-0.3819834138894036
B4r2,NC_003155.5,Streptomyces,problem,2,0.5557332992089172,0.7378130616096854,0.9808187804179788,False,-0.46659356776465954,0.0,0.09026171503708746,0.1264777801193615,-57.0,0.0,0.7378130616096854,0.7071655449693804,-0.4032047146610367
B2,NC_003155.5,Streptomyces,problem,1,0.09063035441569767,0.09063035441569767,0.3169642857142857,False,,,,,,,,,
B2,NC_003155.5,Streptomyces,problem,1,0.04706408201619183,0.04706408201619183,0.0008904719501335708,True,,,,,,,,,
B2,NC_003155.5,Streptomyces,problem,1,0.07447987915263354,0.07447987915263354,0.2993630573248407,False,,,,,,,,,
B2,NC_003155.5,Streptomyces,problem,1,0.31075205489901947,0.31075205489901947,0.2863157894736842,False,,,,,,,,,
B2,NC_003155.5,Streptomyces,problem,1,0.22207289584052603,0.22207289584052603,0.0008904719501335708,True,,,,,,,,,
B2,NC_003155.5,Streptomyces,problem,1,0.11519802420568936,0.11519802420568936,0.3169642857142857,False,,,,,,,,,
B2,NC_003155.5,Streptomyces,problem,1,0.008570558640080606,0.008570558640080606,0.7785817655571635,False,,,,,,,,,
B2,NC_003155.5,Streptomyces,problem,1,0.9189862822697252,0.9189862822697252,0.031746031746031744,True,,,,,,,,,
B2,NC_003155.5,Streptomyces,problem,1,0.16546879445917995,0.16546879445917995,0.6079545454545454,False,,,,,,,,,
B2,NC_003155.5,Streptomyces,problem,1,0.041754922526528127,0.041754922526528127,0.6141552511415522,False,,,,,,,,,
B2,NC_003155.5,Streptomyces,problem,1,0.7052324056063162,0.7052324056063162,0.452755905511811,False,,,,,,,,,
B2,NC_003155.5,Streptomyces,problem,1,0.26784801670804104,0.26784801670804104,0.8111111111111111,False,,,,,,,,,
B2,NC_003155.5,Streptomyces,problem,1,0.03472565603019362,0.03472565603019362,0.3169642857142857,False,,,,,,,,,
B2,NC_003155.5,Streptomyces,problem,1,0.8343531456229059,0.8343531456229059,0.0008904719501335708,True,,,,,,,,,
B4r2,NC_003155.5,Streptomyces,problem,2,0.36927888578775736,0.5884262234676285,0.9147982062780269,False,0.9075501263114799,0.11538461538461536,-0.029167214427547883,-0.032423929521723904,78.0,0.0,0.5884262234676285,0.7071655449693804,0.5517538200624728
B2,NC_003155.5,Streptomyces,problem,1,0.06406625520289033,0.06406625520289033,0.02761904761904762,True,,,,,,,,,
B2,NC_003155.5,Streptomyces,problem,1,0.29048646932616684,0.29048646932616684,0.06586021505376345,True,,,,,,,,,
B2,NC_003155.5,Streptomyces,problem,1,0.17478816656315388,0.17478816656315388,0.7513297872340425,False,,,,,,,,,
B2,NC_003155.5,Streptomyces,problem,1,0.49299510211446673,0.49299510211446673,0.02761904761904762,True,,,,,,,,,
B2,NC_003155.5,Streptomyces,problem,1,0.19029439500419976,0.19029439500419976,0.12588652482269502,True,,,,,,,,,
B2,NC_003155.5,Streptomyces,problem,1,0.026841389820325467,0.026841389820325467,0.3169642857142857,False,,,,,,,,,
B2,NC_003155.5,Streptomyces,problem,1,0.629847069601384,0.629847069601384,0.002785515320334262,True,,,,,,,,,
B4r2,NC_003155.5,Streptomyces,problem,2,0.12214109316752975,0.29773216190247,0.01556420233463035,True,0.5876002512728564,0.038461538461538436,-0.026314209870798466,-0.0709105131026816,18.0,0.0,0.29773216190247,0.7071655449693804,0.1273278046298012
B4r2,NC_003155.5,Streptomyces,problem,2,0.4917624297315868,0.5071024581435459,0.6826347305389222,False,0.32302631614476407,-0.07692307692307693,0.023493473402251164,0.04581644842216526,-69.0,0.0,0.5071024581435459,0.7071655449693804,-0.4880899177475708
B4r2,NC_003155.5,Streptomyces,problem,2,0.47890920732832853,0.7887916487915891,0.2302568981921979,False,0.48453947421714616,-0.23076923076923078,-0.3747582331677499,-0.3182770951721384,156.0,0.5714285714285714,0.7887916487915891,0.7071655449693804,1.1035076401249428
B4r2,NC_003155.5,Streptomyces,problem,2,0.09032119852594889,0.1361152450689751,0.6975881261595547,False,0.07537280710044486,0.11538461538461536,0.02947923516339024,0.07296467324286826,-15.0,0.0,0.1361152450689751,0.7071655449693804,-0.10610650385816722
B2,NC_003155.5,Streptomyces,problem,1,0.5289341593702854,0.5289341593702854,0.9991835994194485,False,,,,,,,,,
B2,NC_003155.5,Streptomyces,problem,1,0.06644220114640653,0.06644220114640653,0.04488330341113106,True,,,,,,,,,
B4r2,NC_003155.5,Streptomyces,problem,2,0.14549841545295727,0.16147099547885446,0.38977072310405636,False,0.05742690064795824,0.0,0.03543987133559123,0.03724138661455978,-12.0,0.0,0.16147099547885446,0.7071655449693804,-0.08488520308653413
B2,NC_003155.5,Streptomyces,problem,1,0.1738228306124583,0.1738228306124583,0.04488330341113106,True,,,,,,,,,
B2,NC_003155.5,Streptomyces,problem,1,0.05979401736265899,0.05979401736265899,0.0008904719501335708,True,,,,,,,,,
B2,NC_003155.5,Streptomyces,problem,1,0.038612168482537346,0.038612168482537346,0.8989547038327527,False,,,,,,,,,
B2,NC_003155.5,Streptomyces,problem,1,0.48444521610303165,0.48444521610303165,0.036065573770491806,True,,,,,,,,,
B2,NC_003155.5,Streptomyces,problem,1,0.15956021093746386,0.15956021093746386,0.14018691588785046,True,,,,,,,,,
B2,NC_003155.5,Streptomyces,problem,1,0.8215264571824044,0.8215264571824044,0.8735119047619048,False,,,,,,,,,
B2,NC_003155.5,Streptomyces,problem,1,0.6881766424228077,0.6881766424228077,0.8989547038327527,False,,,,,,,,,
B2,NC_003155.5,Streptomyces,problem,1,0.04086904880147557,0.04086904880147557,0.3169642857142857,False,,,,,,,,,
B2,NC_003155.5,Streptomyces,problem,1,0.008647940112865626,0.008647940112865626,0.02761904761904762,True,,,,,,,,,
B2,NC_003155.5,Streptomyces,problem,1,0.5216981496430275,0.5216981496430275,0.7513297872340425,False,,,,,,,,,
B2,NC_003155.5,Streptomyces,problem,1,0.07921039535398222,0.07921039535398222,0.2302568981921979,False,,,,,,,,,
B2,NC_003155.5,Streptomyces,problem,1,0.3785357800529727,0.3785357800529727,0.11922141119221409,True,,,,,,,,,
B2,NC_003155.5,Streptomyces,problem,1,0.08740822590339636,0.08740822590339636,0.8735119047619048,False,,,,,,,,,
B2,NC_003155.5,Streptomyces,problem,1,0.03790089707615607,0.03790089707615607,0.11922141119221409,True,,,,,,,,,
B2,NC_003155.5,Streptomyces,problem,1,0.3398853611694026,0.3398853611694026,1.0,False,,,,,,,,,
B2,NC_003155.5,Streptomyces,problem,1,0.22591142975048584,0.22591142975048584,0.0008904719501335708,True,,,,,,,,,
B4r2,NC_003155.5,Streptomyces,problem,2,0.027860409302686406,0.03122208247209457,0.12588652482269502,True,-0.42352339227869074,0.19230769230769235,-0.09308468274822879,-0.1647607999892875,147.0,0.0,0.03122208247209457,0.7071655449693804,1.0398437378100436
B2,NC_003155.5,Streptomyces,problem,1,0.06533222631726687,0.06533222631726687,0.06521739130434782,True,,,,,,,,,
B2,NC_003155.5,Streptomyces,problem,1,0.050188853090841534,0.050188853090841534,0.002976190476190476,True,,,,,,,,,
B2,NC_003155.5,Streptomyces,problem,1,0.17301888043476765,0.17301888043476765,0.09019607843137255,True,,,,,,,,,
B2,NC_003155.5,Streptomyces,problem,1,0.1431612889294378,0.1431612889294378,0.6521739130434783,False,,,,,,,,,
B4r2,NC_003155.5,Streptomyces,problem,2,0.6037178485412795,0.6132374082767527,0.0,True,-0.5383771935746068,-0.11538461538461536,-0.8380243033056002,-0.5630179474814729,1299.0,-0.1428571428571429,0.6132374082767527,0.7071655449693804,9.188823234117313
B2,NC_003155.5,Streptomyces,problem,1,0.14922190656411516,0.14922190656411516,0.013297872340425532,True,,,,,,,,,
B2,NC_003155.5,Streptomyces,problem,1,0.5937564731301297,0.5937564731301297,0.01126126126126126,True,,,,,,,,,
B4r2,NC_003155.5,Streptomyces,problem,2,0.09352246088358562,0.2971891388163801,0.01556420233463035,True,0.7178362580994759,0.1923076923076923,-0.05308624567846687,0.027780891404424413,-36.0,0.0,0.2971891388163801,0.7071655449693804,-0.2546556092596024
B2,NC_003155.5,Streptomyces,problem,1,0.07554570569953967,0.07554570569953967,0.06586021505376345,True,,,,,,,,,
B4r2,NC_003155.5,Streptomyces,problem,2,0.10215405773725728,0.13558337788839836,0.5525210084033613,False,-0.2153508774298427,0.038461538461538436,-0.010430051840240928,-0.00048268210495072683,39.0,0.0,0.13558337788839836,0.7071655449693804,0.2758769100312364
B2,NC_003155.5,Streptomyces,problem,1,0.07392935164653203,0.07392935164653203,0.0008904719501335708,True,,,,,,,,,
B4r2,NC_003155.5,Streptomyces,problem,2,0.06309228524848898,0.2105483393714671,0.054673721340388004,True,0.3076441106140607,0.0,0.060380669118071495,-0.0046947733590456675,-24.0,0.0,0.2105483393714671,0.7071655449693804,-0.16977040617306782
B2,NC_003155.5,Streptomyces,problem,1,0.13762037056475052,0.13762037056475052,0.01126126126126126,True,,,,,,,,,
B2,NC_003155.5,Streptomyces,problem,1,0.40644862074022825,0.40644862074022825,0.955984555984556,False,,,,,,,,,
B2,NC_003155.5,Streptomyces,problem,1,0.2466618724966505,0.2466618724966505,0.6826347305389222,False,,,,,,,,,
B2,NC_003155.5,Streptomyces,problem,1,0.2783502176168753,0.2783502176168753,0.02761904761904762,True,,,,,,,,,
B2,NC_003155.5,Streptomyces,problem,1,0.0019098610381842462,0.0019098610381842462,0.09019607843137255,True,,,,,,,,,
B2,NC_003155.5,Streptomyces,problem,1,0.007527619517361472,0.007527619517361472,0.02761904761904762,True,,,,,,,,,
B2,NC_003155.5,Streptomyces,problem,1,0.020760148486445473,0.020760148486445473,0.12588652482269502,True,,,,,,,,,
B2,NC_003155.5,Streptomyces,problem,1,0.021458920812552407,0.021458920812552407,0.21301775147928995,False,,,,,,,,,
B2,NC_003155.5,Streptomyces,problem,1,0.06259040460560072,0.06259040460560072,0.002785515320334262,True,,,,,,,,,
B4r2,NC_003155.5,Streptomyces,problem,2,0.14612677374213945,0.36360087319445,0.11922141119221409,True,0.007691102765351676,0.2692307692307692,0.008908125791436072,0.014544954004642285,-204.0,0.0,0.36360087319445,0.7071655449693804,-1.443048452471075
B2,NC_003155.5,Streptomyces,problem,1,0.2163930473339697,0.2163930473339697,0.9318681318681319,False,,,,,,,,,
B4r2,NC_003155.5,Streptomyces,problem,2,0.1799902439344372,0.2032219117179821,0.6141552511415522,False,0.5204312871221198,-0.11538461538461536,-0.09181381566242397,-0.09993128706179677,69.0,0.0,0.2032219117179821,0.7071655449693804,0.4880899177475708
B2,NC_003155.5,Streptomyces,problem,1,0.0675563105357373,0.0675563105357373,0.04488330341113106,True,,,,,,,,,
B4r2,NC_003155.5,Streptomyces,problem,2,0.2672889107603966,0.6879441028407203,0.0008904719501335708,True,-0.8721710535908632,-0.23076923076923078,-0.9224054718825297,-0.637514658373928,267.0,-0.5714285714285714,0.6879441028407203,0.7071655449693804,1.8886957686753831
B2,NC_003155.5,Streptomyces,problem,1,0.13605809246686107,0.13605809246686107,0.06521739130434782,True,,,,,,,,,
B2,NC_003155.5,Streptomyces,problem,1,0.2875491845372018,0.2875491845372018,0.0,True,,,,,,,,,
B2,NC_003155.5,Streptomyces,problem,1,0.21158469173421324,0.21158469173421324,0.17354497354497356,True,,,,,,,,,
B2,NC_003155.5,Streptomyces,problem,1,0.059345463486717875,0.059345463486717875,0.036065573770491806,True,,,,,,,,,
B2,NC_003155.5,Streptomyces,problem,1,0.22258042897120411,0.22258042897120411,0.2302568981921979,False,,,,,,,,,
B4r2,NC_003155.5,Streptomyces,problem,2,0.122330224776519,0.21726788134092345,0.07407407407407407,True,0.4307017548596855,0.3076923076923077,0.041312101403127466,0.049432095186837555,-42.0,0.0,0.21726788134092345,0.7071655449693804,-0.29709821080286947
B2,NC_003155.5,Streptomyces,problem,1,0.23103687991030775,0.23103687991030775,0.5525210084033613,False,,,,,,,,,
B2,NC_003155.5,Streptomyces,problem,1,0.03504723245477681,0.03504723245477681,0.17354497354497356,True,,,,,,,,,
B2,NC_003155.5,Streptomyces,problem,1,0.7507748342370038,0.7507748342370038,0.955984555984556,False,,,,,,,,,
B2,NC_003155.5,Streptomyces,problem,1,0.1873563573115078,0.1873563573115078,0.0,True,,,,,,,,,
B2,NC_003155.5,Streptomyces,problem,1,0.45367298008610213,0.45367298008610213,0.3169642857142857,False,,,,,,,,,
B2,NC_003155.5,Streptomyces,problem,1,0.18949451363697278,0.18949451363697278,0.8498659517426272,False,,,,,,,,,
B4r2,NC_003155.5,Streptomyces,problem,2,0.2728315776877368,0.5307931843558569,0.0008904719501335708,True,-0.5922149129320675,-0.1923076923076923,-0.3084364815460737,-0.33976766685908877,195.0,-0.7142857142857143,0.5307931843558569,0.7071655449693804,1.3793845501561786
B2,NC_003155.5,Streptomyces,problem,1,0.5503762983981124,0.5503762983981124,0.38977072310405636,False,,,,,,,,,
B2,NC_003155.5,Streptomyces,problem,1,0.013506524425348942,0.013506524425348942,0.14018691588785046,True,,,,,,,,,
B2,NC_003155.5,Streptomyces,problem,1,0.11452930567938324,0.11452930567938324,0.6141552511415522,False,,,,,,,,,
B4r2,NC_003155.5,Streptomyces,problem,2,0.055307908006124507,0.28868416879046066,0.49443207126948785,False,-0.06460526322895298,-0.11538461538461542,0.24376382422042875,0.20544432804270896,-69.0,0.0,0.28868416879046066,0.7071655449693804,-0.48808991774757104
B2,NC_003155.5,Streptomyces,problem,1,0.1773005161702237,0.1773005161702237,0.11922141119221409,True,,,,,,,,,
B2,NC_003155.5,Streptomyces,problem,1,0.5918995415949801,0.5918995415949801,0.9280303030303029,False,,,,,,,,,
B2,NC_003155.5,Streptomyces,problem,1,0.2625834697733289,0.2625834697733289,0.0,True,,,,,,,,,
B2,NC_003155.5,Streptomyces,problem,1,0.2638635159090139,0.2638635159090139,0.01633986928104575,True,,,,,,,,,
B4r2,NC_003155.5,Streptomyces,problem,2,0.21275871327569007,0.33573306206620757,0.9972051425377306,False,0.15792397678188447,0.0,0.14319426007593106,0.21102349978545654,-117.0,0.0,0.33573306206620757,0.7071655449693804,-0.8276307300937065
B4r2,NC_003155.5,Streptomyces,problem,2,0.2716292148652961,0.3588783026830349,0.11922141119221409,True,1.3279970774840306,0.1923076923076923,0.0024876915764193708,-0.021533028679275867,-6.0,1.0,0.3588783026830349,0.7071655449693804,-0.04244260154326618
B2,NC_003155.5,Streptomyces,problem,1,0.18013948609173447,0.18013948609173447,0.07331378299120235,True,,,,,,,,,
B2,NC_003155.5,Streptomyces,problem,1,0.3866390401927209,0.3866390401927209,0.9991835994194485,False,,,,,,,,,
B2,NC_003155.5,Streptomyces,problem,1,0.0010674766464120466,0.0010674766464120466,0.8507936507936508,False,,,,,,,,,
B2,NC_003155.5,Streptomyces,problem,1,0.17787031620819427,0.17787031620819427,0.6975881261595547,False,,,,,,,,,
B2,NC_003155.5,Streptomyces,problem,1,0.026139604849493736,0.026139604849493736,0.04488330341113106,True,,,,,,,,,
B2,NC_003155.5,Streptomyces,problem,1,0.2444996697946209,0.2444996697946209,0.6363636363636365,False,,,,,,,,,
B2,NC_003155.5,Streptomyces,problem,1,0.003008991391197924,0.003008991391197924,0.3169642857142857,False,,,,,,,,,
B2,NC_003155.5,Streptomyces,problem,1,0.23317171031179562,0.23317171031179562,0.2993630573248407,False,,,,,,,,,
B4r2,NC_003155.5,Streptomyces,problem,2,0.24196465736289952,0.37874327295812193,0.6363636363636365,False,0.34097222259725074,0.0,0.07978618787915737,0.12974403375732269,-93.0,0.0,0.37874327295812193,0.7071655449693804,-0.6578603239206391
B2,NC_003155.5,Streptomyces,problem,1,0.1057797794342843,0.1057797794342843,0.9389140271493213,False,,,,,,,,,
B2,NC_003155.5,Streptomyces,problem,1,0.08277639420746397,0.08277639420746397,0.7210216110019646,False,,,,,,,,,
B2,NC_003155.5,Streptomyces,problem,1,0.046106396861720356,0.046106396861720356,0.002770083102493075,True,,,,,,,,,
B2,NC_003155.5,Streptomyces,problem,1,0.11237332224072993,0.11237332224072993,0.06521739130434782,True,,,,,,,,,
B2,NC_003155.5,Streptomyces,problem,1,0.22049415927827098,0.22049415927827098,0.9721784776902888,False,,,,,,,,,
B2,NC_003155.5,Streptomyces,problem,1,0.1829151869417558,0.1829151869417558,0.7489878542510121,False,,,,,,,,,
B2,NC_003155.5,Streptomyces,problem,1,0.42363387512147277,0.42363387512147277,0.7631578947368421,False,,,,,,,,,
B2,NC_003155.5,Streptomyces,problem,1,0.20363182717920658,0.20363182717920658,0.12588652482269502,True,,,,,,,,,
B2,NC_003155.5,Streptomyces,problem,1,0.06920399821378531,0.06920399821378531,0.01556420233463035,True,,,,,,,,,
B2,NC_003155.5,Streptomyces,problem,1,0.11945992881344836,0.11945992881344836,0.09019607843137255,True,,,,,,,,,
B2,NC_003155.5,Streptomyces,problem,1,0.17853035509762094,0.17853035509762094,0.031746031746031744,True,,,,,,,,,
B2,NC_003155.5,Streptomyces,problem,1,0.5230230765156882,0.5230230765156882,0.9865591397849462,False,,,,,,,,,
B2,NC_003155.5,Streptomyces,problem,1,0.3307252637570297,0.3307252637570297,0.6141552511415522,False,,,,,,,,,
B2,NC_003155.5,Streptomyces,problem,1,0.1144326920144465,0.1144326920144465,0.09019607843137255,True,,,,,,,,,
B2,NC_003155.5,Streptomyces,problem,1,0.1836844072160586,0.1836844072160586,0.09019607843137255,True,,,,,,,,,
B4r2,NC_003155.5,Streptomyces,problem,2,0.587441588944106,0.6087252249375243,0.9913700107874865,False,0.5742690064795809,0.03846153846153849,0.21311117874092173,0.21388148424265827,-72.0,0.0,0.6087252249375243,0.7071655449693804,-0.5093112185192048
B4r2,NC_003155.5,Streptomyces,problem,2,0.049764661591670034,0.18330723974528773,0.01126126126126126,True,0.9721553895404329,0.11538461538461536,0.015024106348882738,0.05076124434571372,-153.0,0.0,0.18330723974528773,0.7071655449693804,-1.0822863393533098
B2,NC_003155.5,Streptomyces,problem,1,0.026541210325255804,0.026541210325255804,0.3169642857142857,False,,,,,,,,,
B4r2,NC_003155.5,Streptomyces,problem,2,0.395880000074591,0.4192499383773227,0.12588652482269502,True,-0.19381578968685859,0.11538461538461542,0.1969421447272689,0.5068982668986773,-33.0,-0.5714285714285714,0.4192499383773227,0.7071655449693804,-0.23343430848796867
B2,NC_003155.5,Streptomyces,problem,1,0.3905873015009167,0.3905873015009167,0.2302568981921979,False,,,,,,,,,
B2,NC_003155.5,Streptomyces,problem,1,0.2005094939030485,0.2005094939030485,0.6079545454545454,False,,,,,,,,,
B4r2,NC_003155.5,Streptomyces,problem,2,0.1390200546933542,0.22440791573265528,0.002976190476190476,True,-0.16920426083773377,0.23076923076923078,0.008733856963803799,0.006524164925541198,-60.0,-0.2857142857142857,0.22440791573265528,0.7071655449693804,-0.4244260154326689
B2,NC_003155.5,Streptomyces,problem,1,0.26170802147166583,0.26170802147166583,0.01633986928104575,True,,,,,,,,,
B2,NC_003155.5,Streptomyces,problem,1,0.13934579736478625,0.13934579736478625,0.10052910052910052,True,,,,,,,,,
B2,NC_003155.5,Streptomyces,problem,1,0.04375286141340595,0.04375286141340595,0.12403100775193801,True,,,,,,,,,
B2,NC_003155.5,Streptomyces,problem,1,0.7323549179434199,0.7323549179434199,0.9972051425377306,False,,,,,,,,,
B2,NC_003155.5,Streptomyces,problem,1,0.021222730289315095,0.021222730289315095,0.06586021505376345,True,,,,,,,,,
B2,NC_003155.5,Streptomyces,problem,1,0.6468231941072968,0.6468231941072968,0.955984555984556,False,,,,,,,,,
B2,NC_003155.5,Streptomyces,problem,1,0.009803814679766987,0.009803814679766987,0.09019607843137255,True,,,,,,,,,
B2,NC_003155.5,Streptomyces,problem,1,0.20061043499338282,0.20061043499338282,0.6141552511415522,False,,,,,,,,,
B2,NC_003155.5,Streptomyces,problem,1,0.27221748449905014,0.27221748449905014,0.8231827111984283,False,,,,,,,,,
B2,NC_003155.5,Streptomyces,problem,1,0.8410720586362412,0.8410720586362412,0.9318681318681319,False,,,,,,,,,
B2,NC_003155.5,Streptomyces,problem,1,0.470034982747654,0.470034982747654,0.9100467289719626,False,,,,,,,,,
B4r2,NC_003155.5,Streptomyces,problem,2,0.004540803865459964,0.175609840475353,0.09019607843137255,True,-0.01794590645248695,-0.23076923076923073,0.0006309124771888275,0.02301058360483288,-357.0,0.0,0.175609840475353,0.7071655449693804,-2.5253347918243776
B2,NC_003155.5,Streptomyces,problem,1,0.4292293372844451,0.4292293372844451,0.7897091722595079,False,,,,,,,,,
B4r2,NC_003155.5,Streptomyces,problem,2,0.036739294314218185,0.04010877144724567,0.07407407407407407,True,0.38763157937371706,-0.07692307692307693,-0.008548341315939706,-0.008368879676291463,-45.0,0.0,0.04010877144724567,0.7071655449693804,-0.31831951157450256
B2,NC_003155.5,Streptomyces,problem,1,0.7149716098314927,0.7149716098314927,0.9389140271493213,False,,,,,,,,,
B2,NC_003155.5,Streptomyces,problem,1,0.8039604840835715,0.8039604840835715,0.9997844827586206,False,,,,,,,,,
B2,NC_003155.5,Streptomyces,problem,1,0.043292194225259095,0.043292194225259095,0.09019607843137255,True,,,,,,,,,
B2,NC_003155.5,Streptomyces,problem,1,0.12223796252066599,0.12223796252066599,0.04488330341113106,True,,,,,,,,,
B4r2,NC_003155.5,Streptomyces,problem,2,0.3058147742673185,0.43874678702760406,0.7897091722595079,False,-0.90755012631148,0.038461538461538436,0.12599926190624933,0.16529076726074354,-114.0,-0.7142857142857143,0.43874678702760406,0.7071655449693804,-0.8064094293220734
B2,NC_003155.5,Streptomyces,problem,1,0.07059303038139753,0.07059303038139753,0.12588652482269502,True,,,,,,,,,
B2,NC_003155.5,Streptomyces,problem,1,0.13933651352830623,0.13933651352830623,0.452755905511811,False,,,,,,,,,
B2,NC_003155.5,Streptomyces,problem,1,0.0977110874533107,0.0977110874533107,0.002770083102493075,True,,,,,,,,,
B2,NC_003155.5,Streptomyces,problem,1,0.06357916215002923,0.06357916215002923,0.9318681318681319,False,,,,,,,,,
B4r2,NC_003155.5,Streptomyces,problem,2,0.3505383532507196,0.38685179264226655,0.01126126126126126,True,3.438435676296489,0.07692307692307693,0.0037839901989428215,0.05545209188735578,-207.0,0.0,0.38685179264226655,0.7071655449693804,-1.4642697532427125
B2,NC_003155.5,Streptomyces,problem,1,0.021205460778766394,0.021205460778766394,0.002976190476190476,True,,,,,,,,,
B2,NC_003155.5,Streptomyces,problem,1,0.3658503025581439,0.3658503025581439,0.575609756097561,False,,,,,,,,,
B4r2,NC_003155.5,Streptomyces,problem,2,0.11441041378372852,0.6727245891555143,0.9100467289719626,False,0.3373830413067536,-0.07692307692307693,0.16999983851229072,0.26067341683030104,-48.0,0.0,0.6727245891555143,0.7071655449693804,-0.3395408123461361
B4r2,NC_003155.5,Streptomyces,problem,2,0.19635026525726573,0.34480805737672426,0.7785817655571635,False,1.3567105278080094,0.0,0.004393571369933236,0.007562474004283226,-21.0,0.7142857142857143,0.34480805737672426,0.7071655449693804,-0.1485491054014343
B2,NC_003155.5,Streptomyces,problem,1,0.04218144208639529,0.04218144208639529,0.7513297872340425,False,,,,,,,,,
B2,NC_003155.5,Streptomyces,problem,1,0.2808885874341218,0.2808885874341218,0.7489878542510121,False,,,,,,,,,
B2,NC_003155.5,Streptomyces,problem,1,0.07546895881360438,0.07546895881360438,0.2302568981921979,False,,,,,,,,,
B4r2,NC_003155.5,Streptomyces,problem,2,0.07542902488037484,0.1393952879925422,0.02761904761904762,True,0.9906140361772767,-0.03846153846153849,-0.0020873477995619893,0.0013200535153186088,-6.0,0.0,0.1393952879925422,0.7071655449693804,-0.04244260154326707
B4r2,NC_003155.5,Streptomyces,problem,2,0.6071897540075355,0.7213143408791822,0.9913700107874865,False,-0.6783552639040048,-0.1923076923076923,0.13056177532283741,0.12840597724983827,-78.0,-1.0,0.7213143408791822,0.7071655449693804,-0.551753820062471
B4r2,NC_003155.5,Streptomyces,problem,2,0.1608114014757458,0.26793194297541056,0.8231827111984283,False,0.5383771935746068,-0.07692307692307698,0.006464208832766882,0.02540765329280159,-6.0,0.7142857142857143,0.26793194297541056,0.7071655449693804,-0.04244260154326701
B2,NC_003155.5,Streptomyces,problem,1,0.09266209124958102,0.09266209124958102,0.054673721340388004,True,,,,,,,,,
B2,NC_003155.5,Streptomyces,problem,1,0.05989878711372043,0.05989878711372043,0.2993630573248407,False,,,,,,,,,
B2,NC_003155.5,Streptomyces,problem,1,0.08348562637764445,0.08348562637764445,0.8735119047619048,False,,,,,,,,,
B4r2,NC_003155.5,Streptomyces,problem,2,0.09272596075128092,0.23077942592468403,0.002785515320334262,True,0.6998903516469891,0.11538461538461536,0.022002397948310604,0.03665224581703219,-48.0,0.0,0.23077942592468403,0.7071655449693804,-0.33954081234613653
B2,NC_003155.5,Streptomyces,problem,1,0.028830046817757804,0.028830046817757804,0.38977072310405636,False,,,,,,,,,
B2,NC_003155.5,Streptomyces,problem,1,0.01619078546060848,0.01619078546060848,0.452755905511811,False,,,,,,,,,
B4r2,NC_003155.5,Streptomyces,problem,2,0.15594098283584046,0.29895091744211655,0.9963931469792606,False,0.21535087742984266,-0.19230769230769224,0.10563965059599068,0.05925085559866916,-111.0,-0.5714285714285714,0.29895091744211655,0.7071655449693804,-0.7851881285504394
B2,NC_003155.5,Streptomyces,problem,1,0.17499110028195908,0.17499110028195908,0.12403100775193801,True,,,,,,,,,
B2,NC_003155.5,Streptomyces,problem,1,0.5021417731214157,0.5021417731214157,0.9991835994194485,False,,,,,,,,,
B2,NC_003155.5,Streptomyces,problem,1,0.16304796454630832,0.16304796454630832,0.09019607843137255,True,,,,,,,,,
B2,NC_003155.5,Streptomyces,problem,1,0.13940011701825483,0.13940011701825483,0.8507936507936508,False,,,,,,,,,
B4r2,NC_003155.5,Streptomyces,problem,2,0.10576052768789879,0.19289282132377394,0.01556420233463035,True,0.5383771935746069,-0.1923076923076923,-0.0008656095398569263,0.01082109209813753,-252.0,0.5714285714285714,0.19289282132377394,0.7071655449693804,-1.7825892648172186
B4r2,NC_003155.5,Streptomyces,problem,2,0.04311385133000911,0.4002493109549192,0.3169642857142857,False,0.0,-0.038461538461538436,0.0033660457620692252,-0.0004377929836256733,-36.0,0.0,0.4002493109549192,0.7071655449693804,-0.25465560925960773
B2,NC_003155.5,Streptomyces,problem,1,0.15832921970110547,0.15832921970110547,0.452755905511811,False,,,,,,,,,
B4r2,NC_003155.5,Streptomyces,problem,2,0.09607096009922955,0.5574528517666373,0.7785817655571635,False,-0.36917293273687307,-0.038461538461538436,0.03290964765387128,-0.0034262886101459333,-30.0,-0.5714285714285714,0.5574528517666373,0.7071655449693804,-0.21221300771633533
B4r2,NC_003155.5,Streptomyces,problem,2,0.22767133161883635,0.2394428962116777,0.7897091722595079,False,0.3722493738430137,-0.1923076923076923,0.01472039692531002,-0.0014837860319967255,-12.0,0.0,0.2394428962116777,0.7071655449693804,-0.08488520308653413
B2,NC_003155.5,Streptomyces,problem,1,0.29278873029323194,0.29278873029323194,0.38977072310405636,False,,,,,,,,,
B2,NC_003155.5,Streptomyces,problem,1,0.3827303560140507,0.3827303560140507,0.7897091722595079,False,,,,,,,,,
B4r2,NC_003155.5,Streptomyces,problem,2,0.4451907798575423,0.574602547419607,0.9808187804179788,False,0.10767543871492136,0.15384615384615385,0.050873575513071034,0.11999763593154877,-45.0,0.0,0.574602547419607,0.7071655449693804,-0.31831951157450256
B2,NC_003155.5,Streptomyces,problem,1,0.11360149288943333,0.11360149288943333,0.5588235294117647,False,,,,,,,,,
B2,NC_003155.5,Streptomyces,problem,1,0.2249988315559701,0.2249988315559701,0.49443207126948785,False,,,,,,,,,
B2,NC_003155.5,Streptomyces,problem,1,0.057807977013620615,0.057807977013620615,0.9991835994194485,False,,,,,,,,,
B2,NC_003155.5,Streptomyces,problem,1,0.02359704568173271,0.02359704568173271,0.06521739130434782,True,,,,,,,,,
B2,NC_003155.5,Streptomyces,problem,1,0.08895520564568571,0.08895520564568571,0.21301775147928995,False,,,,,,,,,
B2,NC_003155.5,Streptomyces,problem,1,0.24199197822346719,0.24199197822346719,0.575609756097561,False,,,,,,,,,
B2,NC_003155.5,Streptomyces,problem,1,0.06922318168494712,0.06922318168494712,0.541850220264317,False,,,,,,,,,
B2,NC_003155.5,Streptomyces,problem,1,0.155583981632617,0.155583981632617,0.002785515320334262,True,,,,,,,,,
B2,NC_003155.5,Streptomyces,problem,1,0.6667996843257828,0.6667996843257828,0.9991835994194485,False,,,,,,,,,
B2,NC_003155.5,Streptomyces,problem,1,0.5885448788016419,0.5885448788016419,0.38977072310405636,False,,,,,,,,,
B2,NC_003155.5,Streptomyces,problem,1,0.07568213159096437,0.07568213159096437,0.7489878542510121,False,,,,,,,,,
B2,NC_003155.5,Streptomyces,problem,1,0.4082744226376116,0.4082744226376116,0.9808187804179788,False,,,,,,,,,
B2,NC_003155.5,Streptomyces,problem,1,0.3258620398617875,0.3258620398617875,0.02761904761904762,True,,,,,,,,,
B2,NC_003155.5,Streptomyces,problem,1,0.28275107970542557,0.28275107970542557,0.8231827111984283,False,,,,,,,,,
B2,NC_003155.5,Streptomyces,problem,1,0.06557812241518945,0.06557812241518945,0.6363636363636365,False,,,,,,,,,
B2,NC_003155.5,Streptomyces,problem,1,0.001000358708084903,0.001000358708084903,0.02761904761904762,True,,,,,,,,,
B2,NC_003155.5,Streptomyces,problem,1,0.3314766403377387,0.3314766403377387,0.09019607843137255,True,,,,,,,,,
B2,NC_003155.5,Streptomyces,problem,1,0.46619786943889174,0.46619786943889174,0.11428571428571428,True,,,,,,,,,
B2,NC_003155.5,Streptomyces,problem,1,0.08543136420729347,0.08543136420729347,0.07331378299120235,True,,,,,,,,,
B2,NC_003155.5,Streptomyces,problem,1,0.015099507823126856,0.015099507823126856,0.002976190476190476,True,,,,,,,,,
B2,NC_003155.5,Streptomyces,problem,1,0.2023577942185959,0.2023577942185959,0.01633986928104575,True,,,,,,,,,
B4r2,NC_003155.5,Streptomyces,problem,2,0.13330664266477754,0.44801497635408083,0.01633986928104575,True,0.6952756899877779,0.15384615384615385,0.03545417573599274,0.040968274141665706,-132.0,0.0,0.44801497635408083,0.7071655449693804,-0.9337372339518737
B2,NC_003155.5,Streptomyces,problem,1,0.19395371067027867,0.19395371067027867,0.036065573770491806,True,,,,,,,,,
B2,NC_003155.5,Streptomyces,problem,1,0.26744376765305944,0.26744376765305944,0.04488330341113106,True,,,,,,,,,
B2,NC_003155.5,Streptomyces,problem,1,0.0178948920384272,0.0178948920384272,0.17354497354497356,True,,,,,,,,,
B2,NC_003155.5,Streptomyces,problem,1,0.32826697174116504,0.32826697174116504,0.2993630573248407,False,,,,,,,,,
B2,NC_003155.5,Streptomyces,problem,1,0.14783720749179352,0.14783720749179352,0.5588235294117647,False,,,,,,,,,
B2,NC_003155.5,Streptomyces,problem,1,0.11878438738076902,0.11878438738076902,0.07407407407407407,True,,,,,,,,,
B2,NC_003155.5,Streptomyces,problem,1,0.1098884549208563,0.1098884549208563,0.01556420233463035,True,,,,,,,,,
B4r2,NC_003155.5,Streptomyces,problem,2,0.09302067305644357,0.12240279297452261,0.9991835994194485,False,0.6998903516469889,0.038461538461538436,0.1696327891746341,0.11474988030116218,-234.0,0.5714285714285714,0.12240279297452261,0.7071655449693804,-1.655261460187413
B2,NC_003155.5,Streptomyces,problem,1,0.3734971395490483,0.3734971395490483,0.2302568981921979,False,,,,,,,,,
B2,NC_003155.5,Streptomyces,problem,1,0.5315696222714337,0.5315696222714337,0.9808187804179788,False,,,,,,,,,
B2,NC_003155.5,Streptomyces,problem,1,0.42363822310555044,0.42363822310555044,0.7210216110019646,False,,,,,,,,,
B2,NC_003155.5,Streptomyces,problem,1,0.18860498570800388,0.18860498570800388,0.8111111111111111,False,,,,,,,,,
B2,NC_003155.5,Streptomyces,problem,1,0.09745712961233899,0.09745712961233899,0.11922141119221409,True,,,,,,,,,
B2,NC_003155.5,Streptomyces,problem,1,0.15189201906267513,0.15189201906267513,0.2863157894736842,False,,,,,,,,,
B4r2,NC_003155.5,Streptomyces,problem,2,0.16704407578665936,0.6664809831007954,0.9798339264531435,False,0.035891812904973674,-0.2692307692307693,0.05703682058539594,0.08065870910878603,-78.0,0.5714285714285714,0.6664809831007954,0.7071655449693804,-0.551753820062471
B2,NC_003155.5,Streptomyces,problem,1,0.03592276332736333,0.03592276332736333,0.49443207126948785,False,,,,,,,,,
B2,NC_003155.5,Streptomyces,problem,1,0.06605531251163832,0.06605531251163832,0.06521739130434782,True,,,,,,,,,
B2,NC_003155.5,Streptomyces,problem,1,0.29073186274339147,0.29073186274339147,0.9721784776902888,False,,,,,,,,,
B2,NC_003155.5,Streptomyces,problem,1,0.39341300202499774,0.39341300202499774,0.09019607843137255,True,,,,,,,,,
B2,NC_003155.5,Streptomyces,problem,1,0.2910446640882345,0.2910446640882345,0.8111111111111111,False,,,,,,,,,
B2,NC_002929.2,Bordetella,problem,1,0.011015460534625987,0.011015460534625987,0.9913700107874865,False,,,,,,,,,
B4r2,NC_002929.2,Bordetella,problem,2,0.158211667693557,0.2072683345757511,0.6141552511415522,False,0.019275540086708065,-0.23076923076923073,-0.07171817913986656,0.0013964022715401425,51.0,0.0,0.2072683345757511,0.6772058267495703,0.26287298680671967
B2,NC_002929.2,Bordetella,problem,1,0.2716502557780647,0.2716502557780647,0.9318681318681319,False,,,,,,,,,
B2,NC_002929.2,Bordetella,problem,1,0.2615269099777944,0.2615269099777944,0.955984555984556,False,,,,,,,,,
B2,NC_002929.2,Bordetella,problem,1,0.12009380323990371,0.12009380323990371,0.01633986928104575,True,,,,,,,,,
B2,NC_002929.2,Bordetella,problem,1,0.10417576184153532,0.10417576184153532,0.013297872340425532,True,,,,,,,,,
B2,NC_002929.2,Bordetella,problem,1,0.13941085698684574,0.13941085698684574,0.7489878542510121,False,,,,,,,,,
B2,NC_002929.2,Bordetella,problem,1,0.05156578559467562,0.05156578559467562,0.013297872340425532,True,,,,,,,,,
B2,NC_002929.2,Bordetella,problem,1,0.12879750577658022,0.12879750577658022,0.0008904719501335708,True,,,,,,,,,
B4r2,NC_002929.2,Bordetella,problem,2,0.19130158602700753,0.2591059736470456,0.9100467289719626,False,0.4394823139769516,-0.23076923076923078,0.004025012989001708,0.0029680919633439107,-6.0,0.5714285714285714,0.2591059736470456,0.6772058267495703,-0.030926233741967124
B2,NC_002929.2,Bordetella,problem,1,0.12913663426987299,0.12913663426987299,0.2993630573248407,False,,,,,,,,,
B2,NC_002929.2,Bordetella,problem,1,0.8299975300081996,0.8299975300081996,0.0,True,,,,,,,,,
B4r2,NC_002929.2,Bordetella,problem,2,0.2800415310398314,0.35850397222890606,0.38977072310405636,False,0.3855108017341678,0.0,0.03942887496946068,0.017511589387475546,-12.0,0.0,0.35850397222890606,0.6772058267495703,-0.06185246748393425
B4r2,NC_002929.2,Bordetella,problem,2,0.6262216131777034,0.8208183404121563,0.14018691588785046,True,1.5067965050638334,0.0,-0.15844530287574188,-0.10643865599702751,99.0,0.0,0.8208183404121563,0.6772058267495703,0.5102828567424553
B2,NC_002929.2,Bordetella,problem,1,0.31471405945378095,0.31471405945378095,0.01556420233463035,True,,,,,,,,,
B2,NC_002929.2,Bordetella,problem,1,0.16206741273052927,0.16206741273052927,0.38977072310405636,False,,,,,,,,,
B2,NC_002929.2,Bordetella,problem,1,0.14074991147589344,0.14074991147589344,0.002770083102493075,True,,,,,,,,,
B4r2,NC_002929.2,Bordetella,problem,2,0.16773654743881394,0.2028650587982952,0.0,True,-0.20376999520234607,-0.11538461538461536,-0.481413509894913,-0.415354408815918,894.0,-0.5714285714285714,0.2028650587982952,0.6772058267495703,4.60800882755308
B4r2,NC_002929.2,Bordetella,problem,2,0.007781313772493803,0.06813025114105109,0.11922141119221409,True,-0.1850451848324008,0.0,0.01432508443663083,-0.004036500584197633,15.0,0.0,0.06813025114105109,0.6772058267495703,0.07731558435491781
B4r2,NC_002929.2,Bordetella,problem,2,0.16681338409229696,0.9378276526965816,0.0008904719501335708,True,-0.28913310130062597,0.19230769230769224,-0.6860654254412659,-0.3466633087830523,690.0,-0.7142857142857143,0.9378276526965816,0.6772058267495703,3.556516880326204
B4r2,NC_002929.2,Bordetella,problem,2,0.20024434892572174,0.4023421830169127,0.06521739130434782,True,0.6091070667399852,0.0,0.08292558997678579,0.07300810664922008,-81.0,0.0,0.4023421830169127,0.6772058267495703,-0.4175041555165544
B2,NC_002929.2,Bordetella,problem,1,0.026664705000200684,0.026664705000200684,0.04488330341113106,True,,,,,,,,,
B4r2,NC_002929.2,Bordetella,problem,2,0.8554637329617716,0.9146754388885068,0.0,True,-0.8756602496533245,0.0,-1.2631122872833402,-0.7729550809812187,651.0,-0.7142857142857143,0.9146754388885068,0.6772058267495703,3.3554963610034183
B2,NC_002929.2,Bordetella,problem,1,0.4369581897515076,0.4369581897515076,0.9628787878787879,False,,,,,,,,,
B2,NC_002929.2,Bordetella,problem,1,0.08874300783718425,0.08874300783718425,0.0051635111876075735,True,,,,,,,,,
B4r2,NC_002929.2,Bordetella,problem,2,0.11360063502100054,0.35985580893867886,0.0008904719501335708,True,-1.5420432069366719,0.15384615384615385,-0.7798985744131841,-1.0675243854324978,210.0,-0.7142857142857143,0.35985580893867886,0.6772058267495703,1.0824181809688445
B2,NC_002929.2,Bordetella,problem,1,0.056968841914972757,0.056968841914972757,0.452755905511811,False,,,,,,,,,
B2,NC_002929.2,Bordetella,problem,1,0.4239690161416192,0.4239690161416192,0.6975881261595547,False,,,,,,,,,
B2,NC_002929.2,Bordetella,problem,1,0.5751140746134791,0.5751140746134791,0.9963931469792606,False,,,,,,,,,
B2,NC_002929.2,Bordetella,problem,1,0.09889605336321772,0.09889605336321772,0.02761904761904762,True,,,,,,,,,
B2,NC_002929.2,Bordetella,problem,1,0.10085683800867606,0.10085683800867606,0.002785515320334262,True,,,,,,,,,
B2,NC_002929.2,Bordetella,problem,1,0.005595480370232053,0.005595480370232053,0.38977072310405636,False,,,,,,,,,
B2,NC_002929.2,Bordetella,problem,1,0.6138560257205441,0.6138560257205441,0.9389140271493213,False,,,,,,,,,
B2,NC_002929.2,Bordetella,problem,1,0.8550105225349611,0.8550105225349611,0.002785515320334262,True,,,,,,,,,
B2,NC_002929.2,Bordetella,problem,1,0.06559925443948345,0.06559925443948345,0.0008904719501335708,True,,,,,,,,,
B2,NC_002929.2,Bordetella,problem,1,0.7542934361877833,0.7542934361877833,0.452755905511811,False,,,,,,,,,
B2,NC_002929.2,Bordetella,problem,1,0.14071273267861883,0.14071273267861883,0.38977072310405636,False,,,,,,,,,
B2,NC_002929.2,Bordetella,problem,1,0.23936813270283608,0.23936813270283608,0.3169642857142857,False,,,,,,,,,
B2,NC_002929.2,Bordetella,problem,1,0.12267613547935596,0.12267613547935596,0.12588652482269502,True,,,,,,,,,
B2,NC_002929.2,Bordetella,problem,1,0.03811616204324686,0.03811616204324686,0.04488330341113106,True,,,,,,,,,
B2,NC_002929.2,Bordetella,problem,1,0.8631507320868668,0.8631507320868668,0.0008904719501335708,True,,,,,,,,,
B2,NC_002929.2,Bordetella,problem,1,0.7254937511174742,0.7254937511174742,0.031746031746031744,True,,,,,,,,,
B2,NC_002929.2,Bordetella,problem,1,0.4739250423306194,0.4739250423306194,0.2993630573248407,False,,,,,,,,,
B2,NC_002929.2,Bordetella,problem,1,0.25814842959146134,0.25814842959146134,0.0008904719501335708,True,,,,,,,,,
B2,NC_002929.2,Bordetella,problem,1,0.26728443062995133,0.26728443062995133,0.002785515320334262,True,,,,,,,,,
B4r2,NC_002929.2,Bordetella,problem,2,0.657415868459923,0.8777780891032325,0.14018691588785046,True,3.7934262890642123,0.1923076923076923,0.020924315746402966,0.12241432664096863,-123.0,0.0,0.8777780891032325,0.6772058267495703,-0.6339877917103229
B2,NC_002929.2,Bordetella,problem,1,0.07812998066021759,0.07812998066021759,0.09019607843137255,True,,,,,,,,,
B2,NC_002929.2,Bordetella,problem,1,0.29581617296699747,0.29581617296699747,0.9798339264531435,False,,,,,,,,,
B2,NC_002929.2,Bordetella,problem,1,0.6478338149034837,0.6478338149034837,0.9991835994194485,False,,,,,,,,,
B2,NC_002929.2,Bordetella,problem,1,0.5806321126254179,0.5806321126254179,0.9100467289719626,False,,,,,,,,,
B4r2,NC_002929.2,Bordetella,problem,2,0.0797109276154373,0.10616513853354093,0.2863157894736842,False,0.16191453672835035,0.07692307692307693,0.014236546070166112,0.016196595062797026,-12.0,0.0,0.10616513853354093,0.6772058267495703,-0.06185246748393425
B4r2,NC_002929.2,Bordetella,problem,2,0.04523266953505711,0.2832364431061265,0.14018691588785046,True,0.25443712914455074,-0.07692307692307687,0.07995306530846247,0.05394257812024528,-51.0,0.0,0.2832364431061265,0.6772058267495703,-0.26287298680671967
B2,NC_002929.2,Bordetella,problem,1,0.025265468618986375,0.025265468618986375,0.21301775147928995,False,,,,,,,,,
B2,NC_002929.2,Bordetella,problem,1,0.0009217934956300411,0.0009217934956300411,0.01633986928104575,True,,,,,,,,,
B2,NC_002929.2,Bordetella,problem,1,0.061238531439013144,0.061238531439013144,0.8735119047619048,False,,,,,,,,,
B2,NC_002929.2,Bordetella,problem,1,0.5366795332675807,0.5366795332675807,0.0008904719501335708,True,,,,,,,,,
B2,NC_002929.2,Bordetella,problem,1,0.3876366457171585,0.3876366457171585,0.9389140271493213,False,,,,,,,,,
B4r2,NC_002929.2,Bordetella,problem,2,0.1363699626194883,0.17591206634385337,0.0008904719501335708,True,0.7054847671735275,0.15384615384615385,-0.43613093238537837,-0.3765724698697306,342.0,0.0,0.17591206634385337,0.6772058267495703,1.762795323292118
B4r2,NC_002929.2,Bordetella,problem,2,0.17357673465014756,0.24060720723317175,0.0008904719501335708,True,-0.4240618819075849,0.038461538461538436,-0.48839699959483374,-0.5637780680733221,252.0,-0.5714285714285714,0.24060720723317175,0.6772058267495703,1.2989018171626134
B2,NC_002929.2,Bordetella,problem,1,0.021355780938403512,0.021355780938403512,0.013297872340425532,True,,,,,,,,,
B2,NC_002929.2,Bordetella,problem,1,0.2827977089525078,0.2827977089525078,0.8735119047619048,False,,,,,,,,,
B2,NC_002929.2,Bordetella,problem,1,0.1793119461176289,0.1793119461176289,0.02761904761904762,True,,,,,,,,,
B2,NC_002929.2,Bordetella,problem,1,0.18554738492132894,0.18554738492132894,0.04488330341113106,True,,,,,,,,,
B2,NC_002929.2,Bordetella,problem,1,0.0536966218123105,0.0536966218123105,0.06521739130434782,True,,,,,,,,,
B4r2,NC_002929.2,Bordetella,problem,2,0.03085542156845733,0.036108623409841556,0.01126126126126126,True,0.4240618819075848,0.038461538461538436,0.00750245074507272,0.062310148101377916,-54.0,0.0,0.036108623409841556,0.6772058267495703,-0.27833610367770234
B4r2,NC_002929.2,Bordetella,problem,2,0.20117395161822582,0.4507374793406007,0.0008904719501335708,True,-0.11565324052025039,0.0,-0.4073140363583445,-0.3073695273215865,129.0,-0.5714285714285714,0.4507374793406007,0.6772058267495703,0.6649140254522902
B2,NC_002929.2,Bordetella,problem,1,0.987119801238574,0.987119801238574,0.0,True,,,,,,,,,
B4r2,NC_002929.2,Bordetella,problem,2,0.3048558313506611,0.6402279228837102,0.002976190476190476,True,0.023130648104049994,-0.19230769230769235,-0.41020305583944905,-0.0904060475021905,363.0,0.0,0.6402279228837102,0.6772058267495703,1.871037141389003
B2,NC_002929.2,Bordetella,problem,1,0.011146312044365558,0.011146312044365558,0.02761904761904762,True,,,,,,,,,
B2,NC_002929.2,Bordetella,problem,1,0.023539142403071978,0.023539142403071978,0.3169642857142857,False,,,,,,,,,
B2,NC_002929.2,Bordetella,problem,1,0.930499539429019,0.930499539429019,1.0,False,,,,,,,,,
B4r2,NC_002929.2,Bordetella,problem,2,0.6468031438936741,0.8071091857346815,0.0008904719501335708,True,-0.8018624676070693,-0.19230769230769235,-0.4760165827756299,-0.13026426644289757,549.0,0.0,0.8071091857346815,0.6772058267495703,2.8297503873899794
B4r2,NC_002929.2,Bordetella,problem,2,0.07184201612271934,0.19611813751777696,0.0008904719501335708,True,-0.8481237638151697,0.0,-0.3983670684234272,-0.44656918027905135,339.0,-0.7142857142857143,0.19611813751777696,0.6772058267495703,1.747332206421135
B2,NC_002929.2,Bordetella,problem,1,0.5089705002163889,0.5089705002163889,0.9100467289719626,False,,,,,,,,,
B2,NC_002929.2,Bordetella,problem,1,0.4024770989833524,0.4024770989833524,0.7210216110019646,False,,,,,,,,,
B2,NC_002929.2,Bordetella,problem,1,0.2837042466008608,0.2837042466008608,0.6826347305389222,False,,,,,,,,,
B4r2,NC_002929.2,Bordetella,problem,2,0.10007833057435,0.32217898488180374,0.9808187804179788,False,-0.5782662026012519,-0.07692307692307693,0.012272089883579307,0.01877512909535628,-15.0,0.0,0.32217898488180374,0.6772058267495703,-0.07731558435491781
B2,NC_002929.2,Bordetella,problem,1,0.21496540620822735,0.21496540620822735,0.7897091722595079,False,,,,,,,,,
B2,NC_002929.2,Bordetella,problem,1,0.08184201358127474,0.08184201358127474,0.12403100775193801,True,,,,,,,,,
B2,NC_002929.2,Bordetella,problem,1,0.005300098169072953,0.005300098169072953,0.12403100775193801,True,,,,,,,,,
B2,NC_002929.2,Bordetella,problem,1,0.1706165726243256,0.1706165726243256,0.0,True,,,,,,,,,
B4r2,NC_002929.2,Bordetella,problem,2,0.35963218307112577,0.886530543024632,0.9808187804179788,False,1.457230830555155,-0.07692307692307693,-0.0005912485150409985,0.009919705287046998,-6.0,0.0,0.886530543024632,0.6772058267495703,-0.030926233741967124
B4r2,NC_002929.2,Bordetella,problem,2,0.11120106311040345,0.116073680737113,0.01126126126126126,True,0.2918867498844412,0.11538461538461536,0.019426006027866705,0.03056430084837347,-114.0,0.0,0.116073680737113,0.6772058267495703,-0.5875984410973736
B4r2,NC_002929.2,Bordetella,problem,2,0.07183938333439244,0.12409500410587704,0.0051635111876075735,True,0.6013968507053019,-0.11538461538461536,0.23159482848549828,0.20345820482880317,-123.0,0.0,0.12409500410587704,0.6772058267495703,-0.6339877917103232
B2,NC_002929.2,Bordetella,problem,1,0.13556615907899783,0.13556615907899783,0.2863157894736842,False,,,,,,,,,
B2,NC_002929.2,Bordetella,problem,1,0.258098805623618,0.258098805623618,0.013297872340425532,True,,,,,,,,,
B2,NC_002929.2,Bordetella,problem,1,0.1695881394155645,0.1695881394155645,0.3169642857142857,False,,,,,,,,,
B2,NC_002929.2,Bordetella,problem,1,0.0164150938477583,0.0164150938477583,0.04488330341113106,True,,,,,,,,,
B4r2,NC_002929.2,Bordetella,problem,2,0.008255574565005475,0.37472090791695223,0.5113636363636364,False,-0.6707887950174523,0.0,0.06010499205694053,0.0787443554166316,-36.0,0.0,0.37472090791695223,0.6772058267495703,-0.18555740245180186
B2,NC_002929.2,Bordetella,problem,1,0.18884937084338915,0.18884937084338915,0.452755905511811,False,,,,,,,,,
B4r2,NC_002929.2,Bordetella,problem,2,0.31859189675609123,0.7573059705717053,0.3169642857142857,False,1.0408791646822535,-0.1538461538461538,-0.019483626242201346,0.02793171363427216,-15.0,0.0,0.7573059705717053,0.6772058267495703,-0.07731558435491737
B2,NC_002929.2,Bordetella,problem,1,0.14407669304847204,0.14407669304847204,0.7785817655571635,False,,,,,,,,,
B4r2,NC_002929.2,Bordetella,problem,2,0.4616590077902467,0.5861010731242509,0.955984555984556,False,0.3238290734567012,-0.11538461538461542,0.13079048547298056,0.30498451840878993,-30.0,0.0,0.5861010731242509,0.6772058267495703,-0.1546311687098349
B2,NC_002929.2,Bordetella,problem,1,0.04621927652328672,0.04621927652328672,0.002976190476190476,True,,,,,,,,,
B2,NC_002929.2,Bordetella,problem,1,0.3884431749285504,0.3884431749285504,0.8111111111111111,False,,,,,,,,,
B2,NC_002929.2,Bordetella,problem,1,0.0516349961561513,0.0516349961561513,0.01633986928104575,True,,,,,,,,,
B2,NC_002929.2,Bordetella,problem,1,0.6878876728124936,0.6878876728124936,0.999468085106383,False,,,,,,,,,
B2,NC_002929.2,Bordetella,problem,1,0.3270175721637827,0.3270175721637827,0.7513297872340425,False,,,,,,,,,
B4r2,NC_002929.2,Bordetella,problem,2,0.4859080468638073,0.512308848215401,0.04488330341113106,True,1.0331689486475701,0.0,-0.23778208568428294,-0.14962839113925064,228.0,0.0,0.512308848215401,0.6772058267495703,1.1751968821947454
B2,NC_002929.2,Bordetella,problem,1,0.536874928554786,0.536874928554786,0.8111111111111111,False,,,,,,,,,
B2,NC_002929.2,Bordetella,problem,1,0.5250749134885098,0.5250749134885098,0.9389140271493213,False,,,,,,,,,
B2,NC_002929.2,Bordetella,problem,1,0.1491381526942206,0.1491381526942206,0.0008904719501335708,True,,,,,,,,,
B2,NC_002929.2,Bordetella,problem,1,0.715092770954497,0.715092770954497,0.0008904719501335708,True,,,,,,,,,
B2,NC_002929.2,Bordetella,problem,1,0.30871697132417886,0.30871697132417886,0.49443207126948785,False,,,,,,,,,
B2,NC_002929.2,Bordetella,problem,1,0.33209713533976526,0.33209713533976526,0.06586021505376345,True,,,,,,,,,
B2,NC_002929.2,Bordetella,problem,1,0.08961157259113328,0.08961157259113328,0.01126126126126126,True,,,,,,,,,
B2,NC_002929.2,Bordetella,problem,1,0.053608909078157296,0.053608909078157296,0.09019607843137255,True,,,,,,,,,
B2,NC_002929.2,Bordetella,problem,1,0.6492817085350229,0.6492817085350229,0.0008904719501335708,True,,,,,,,,,
B2,NC_002929.2,Bordetella,problem,1,0.07138538929168448,0.07138538929168448,0.06586021505376345,True,,,,,,,,,
B2,NC_002929.2,Bordetella,problem,1,0.5068659855548212,0.5068659855548212,0.49443207126948785,False,,,,,,,,,
B2,NC_002929.2,Bordetella,problem,1,0.19813979634625412,0.19813979634625412,0.3169642857142857,False,,,,,,,,,
B2,NC_002929.2,Bordetella,problem,1,0.11945015393346381,0.11945015393346381,0.002785515320334262,True,,,,,,,,,
B2,NC_002929.2,Bordetella,problem,1,0.06282081977576226,0.06282081977576226,0.3169642857142857,False,,,,,,,,,
B4r2,NC_002929.2,Bordetella,problem,2,0.401956380770228,0.5177944538484507,0.9100467289719626,False,0.8481237638151697,0.15384615384615385,0.006722300545299431,0.007553001661120273,-6.0,0.7142857142857143,0.5177944538484507,0.6772058267495703,-0.030926233741967124
B2,NC_002929.2,Bordetella,problem,1,0.041367884818537703,0.041367884818537703,0.01633986928104575,True,,,,,,,,,
B4r2,NC_002929.2,Bordetella,problem,2,0.28253963552254824,0.3484820549470893,0.0008904719501335708,True,0.4394823139769515,-0.038461538461538436,-0.7851694515477069,-0.15367025821879143,393.0,0.0,0.3484820549470893,0.6772058267495703,2.0256683100988377
B2,NC_002929.2,Bordetella,problem,1,0.48412516763866265,0.48412516763866265,0.0051635111876075735,True,,,,,,,,,
B2,NC_002929.2,Bordetella,problem,1,0.33949341984450854,0.33949341984450854,0.9318681318681319,False,,,,,,,,,
B2,NC_002929.2,Bordetella,problem,1,0.05417425706476209,0.05417425706476209,0.09019607843137255,True,,,,,,,,,
B2,NC_002929.2,Bordetella,problem,1,0.09977371163398985,0.09977371163398985,0.2863157894736842,False,,,,,,,,,
B4r2,NC_002929.2,Bordetella,problem,2,0.4802605418268371,0.5429840385954634,0.0008904719501335708,True,-0.13107367258961705,0.1538461538461538,-0.7702863176552401,-0.4149587997286283,1758.0,0.0,0.5429840385954634,0.6772058267495703,9.061386486396325
B2,NC_002929.2,Bordetella,problem,1,0.2721941866130493,0.2721941866130493,0.7513297872340425,False,,,,,,,,,
B2,NC_002929.2,Bordetella,problem,1,0.6364936753870403,0.6364936753870403,0.0008904719501335708,True,,,,,,,,,
B2,NC_002929.2,Bordetella,problem,1,0.5211109475826374,0.5211109475826374,0.0008904719501335708,True,,,,,,,,,
B2,NC_002929.2,Bordetella,problem,1,0.12892813693457938,0.12892813693457938,0.3169642857142857,False,,,,,,,,,
B4r2,NC_002929.2,Bordetella,problem,2,0.054668621594760936,0.4017398003792527,0.9798339264531435,False,-0.2726112097977327,-0.038461538461538436,0.07071675264968913,0.018809905862274823,-12.0,0.0,0.4017398003792527,0.6772058267495703,-0.061852467483934026
B4r2,NC_002929.2,Bordetella,problem,2,0.6800891664152502,0.6885024844051983,0.9997844827586206,False,0.4240618819075848,-0.07692307692307687,0.03752635873517707,0.07324272551016153,-33.0,0.0,0.6885024844051983,0.6772058267495703,-0.1700942855808183
B2,NC_002929.2,Bordetella,problem,1,0.3286000301794143,0.3286000301794143,0.8111111111111111,False,,,,,,,,,
B2,NC_002929.2,Bordetella,problem,1,0.4142273909026919,0.4142273909026919,0.01126126126126126,True,,,,,,,,,
B2,NC_002929.2,Bordetella,problem,1,0.40596060391410127,0.40596060391410127,0.09019607843137255,True,,,,,,,,,
B2,NC_002929.2,Bordetella,problem,1,0.34500907525025326,0.34500907525025326,0.11922141119221409,True,,,,,,,,,
B2,NC_002929.2,Bordetella,problem,1,0.3420187278772744,0.3420187278772744,0.9628787878787879,False,,,,,,,,,
B2,NC_002929.2,Bordetella,problem,1,0.05581316300003181,0.05581316300003181,0.452755905511811,False,,,,,,,,,
B2,NC_002929.2,Bordetella,problem,1,0.2018430886697562,0.2018430886697562,0.17354497354497356,True,,,,,,,,,
B2,NC_002929.2,Bordetella,problem,1,0.20494999254916735,0.20494999254916735,0.23008849557522124,False,,,,,,,,,
B2,NC_002929.2,Bordetella,problem,1,0.7762259816718746,0.7762259816718746,1.0,False,,,,,,,,,
B2,NC_002929.2,Bordetella,problem,1,0.11011797368571763,0.11011797368571763,0.0008904719501335708,True,,,,,,,,,
B2,NC_002929.2,Bordetella,problem,1,0.2838498040414237,0.2838498040414237,0.013297872340425532,True,,,,,,,,,
B2,NC_002929.2,Bordetella,problem,1,0.7147226736692827,0.7147226736692827,0.49443207126948785,False,,,,,,,,,
B2,NC_002929.2,Bordetella,problem,1,0.4133064773784607,0.4133064773784607,0.6079545454545454,False,,,,,,,,,
B2,NC_002929.2,Bordetella,problem,1,0.42510195394038064,0.42510195394038064,0.06586021505376345,True,,,,,,,,,
B2,NC_002929.2,Bordetella,problem,1,0.08295442125347918,0.08295442125347918,0.06586021505376345,True,,,,,,,,,
B2,NC_002929.2,Bordetella,problem,1,0.3151295247647017,0.3151295247647017,0.09019607843137255,True,,,,,,,,,
B2,NC_002929.2,Bordetella,problem,1,0.021989536957541134,0.021989536957541134,0.036065573770491806,True,,,,,,,,,
B4r2,NC_002929.2,Bordetella,problem,2,0.3371685233578443,0.37526802424945593,0.3169642857142857,False,0.3855108017341678,0.03846153846153849,0.1410092323886959,0.13791602033281658,-87.0,0.0,0.37526802424945593,0.6772058267495703,-0.4484303892585211
B2,NC_002929.2,Bordetella,problem,1,0.4012733788367484,0.4012733788367484,0.2863157894736842,False,,,,,,,,,
B2,NC_002929.2,Bordetella,problem,1,0.10258966418647208,0.10258966418647208,0.09019607843137255,True,,,,,,,,,
B4r2,NC_002929.2,Bordetella,problem,2,0.35725257332255467,0.5081834052983147,0.7897091722595079,False,0.8095726836417527,0.0,0.01130848755017655,-0.0005607651686561077,-6.0,0.0,0.5081834052983147,0.6772058267495703,-0.03092623374196668
B2,NC_002929.2,Bordetella,problem,1,0.15184145524922776,0.15184145524922776,0.9389140271493213,False,,,,,,,,,
B2,NC_002929.2,Bordetella,problem,1,0.10188119632565673,0.10188119632565673,0.12588652482269502,True,,,,,,,,,
B2,NC_002929.2,Bordetella,problem,1,0.6399241440193535,0.6399241440193535,0.0008904719501335708,True,,,,,,,,,
B2,NC_002929.2,Bordetella,problem,1,0.44386521871969364,0.44386521871969364,0.0008904719501335708,True,,,,,,,,,
B4r2,NC_002929.2,Bordetella,problem,2,0.29548193219253704,0.8562047563479496,0.0008904719501335708,True,-1.1488221891678205,0.03846153846153849,-0.7680351378308323,-0.5688868772523387,1038.0,-0.5714285714285714,0.8562047563479496,0.6772058267495703,5.3502384373602885
B2,NC_002929.2,Bordetella,problem,1,0.08886185249324186,0.08886185249324186,0.2302568981921979,False,,,,,,,,,
B2,NC_002929.2,Bordetella,problem,1,0.12077318886488442,0.12077318886488442,0.054673721340388004,True,,,,,,,,,
B4r2,NC_002929.2,Bordetella,problem,2,0.14985031104150082,0.22434970055978098,0.6826347305389222,False,0.4279169899249263,-0.03846153846153849,-0.15408399532720285,-0.14222158759590864,123.0,0.0,0.22434970055978098,0.6772058267495703,0.6339877917103234
B2,NC_002929.2,Bordetella,problem,1,0.49547539182409395,0.49547539182409395,0.6079545454545454,False,,,,,,,,,
B4r2,NC_002929.2,Bordetella,problem,2,0.5385882133066744,0.6494742416618191,0.8231827111984283,False,1.0408791646822535,-0.11538461538461536,0.0006118597213770061,0.005055461475474643,-3.0,0.0,0.6494742416618191,0.6772058267495703,-0.015463116870983562
B2,NC_002929.2,Bordetella,problem,1,0.4259306313091298,0.4259306313091298,0.0051635111876075735,True,,,,,,,,,
B2,NC_002929.2,Bordetella,problem,1,0.13242933723631012,0.13242933723631012,0.14018691588785046,True,,,,,,,,,
B2,NC_002929.2,Bordetella,problem,1,0.20773059330811705,0.20773059330811705,0.6363636363636365,False,,,,,,,,,
B4r2,NC_002929.2,Bordetella,problem,2,0.7565117182393076,0.7925310870377266,0.8804780876494024,False,0.3816556937168264,0.07692307692307693,0.22273908508709128,0.3164133431827096,-39.0,0.0,0.7925310870377266,0.6772058267495703,-0.20102051932278542
B2,NC_002929.2,Bordetella,problem,1,0.8685283342349628,0.8685283342349628,0.9991835994194485,False,,,,,,,,,
B2,NC_002929.2,Bordetella,problem,1,0.4085493186994551,0.4085493186994551,0.11922141119221409,True,,,,,,,,,
B2,NC_002929.2,Bordetella,problem,1,0.024420179158008537,0.024420179158008537,0.054673721340388004,True,,,,,,,,,
B2,NC_002929.2,Bordetella,problem,1,0.4967472161266535,0.4967472161266535,0.3169642857142857,False,,,,,,,,,
B2,NC_002929.2,Bordetella,problem,1,0.011047304833990523,0.011047304833990523,0.06521739130434782,True,,,,,,,,,
B2,NC_002929.2,Bordetella,problem,1,0.15407661840210807,0.15407661840210807,0.3169642857142857,False,,,,,,,,,
B2,NC_002929.2,Bordetella,problem,1,0.0030758402528210382,0.0030758402528210382,0.12588652482269502,True,,,,,,,,,
B2,NC_002929.2,Bordetella,problem,1,0.40440931183161943,0.40440931183161943,0.94921875,False,,,,,,,,,
B2,NC_002929.2,Bordetella,problem,1,0.7368030368944396,0.7368030368944396,1.0,False,,,,,,,,,
B2,NC_002929.2,Bordetella,problem,1,0.12859786276294471,0.12859786276294471,0.3169642857142857,False,,,,,,,,,
B2,NC_002929.2,Bordetella,problem,1,0.6431285738286583,0.6431285738286583,0.9913700107874865,False,,,,,,,,,
B2,NC_002929.2,Bordetella,problem,1,0.0039012947621532845,0.0039012947621532845,0.013297872340425532,True,,,,,,,,,
B2,NC_002929.2,Bordetella,problem,1,0.07150501633875805,0.07150501633875805,0.09019607843137255,True,,,,,,,,,
B2,NC_002929.2,Bordetella,problem,1,0.32591567179922976,0.32591567179922976,0.12403100775193801,True,,,,,,,,,
B4r2,NC_002929.2,Bordetella,problem,2,0.15837443376004146,0.2874953262637643,0.9721784776902888,False,0.09252259241620042,-0.19230769230769224,0.1120988188371892,0.18489232481946036,-66.0,0.0,0.2874953262637643,0.6772058267495703,-0.3401885711616366
B4r2,NC_002929.2,Bordetella,problem,2,0.557189216374411,0.6578885763565516,0.9808187804179788,False,1.07943024485567,-0.07692307692307693,0.042739225090710375,0.10525396874891524,-36.0,0.7142857142857143,0.6578885763565516,0.6772058267495703,-0.18555740245180186
B2,NC_002929.2,Bordetella,problem,1,0.3740592957496389,0.3740592957496389,0.2863157894736842,False,,,,,,,,,
B2,NC_002929.2,Bordetella,problem,1,0.3242911108216795,0.3242911108216795,0.9913700107874865,False,,,,,,,,,
B2,NC_002929.2,Bordetella,problem,1,0.13264515364408602,0.13264515364408602,0.49443207126948785,False,,,,,,,,,
B4r2,NC_002929.2,Bordetella,problem,2,0.19143291763264259,0.6794326713616758,0.0051635111876075735,True,3.9850802304977697,0.11538461538461536,-0.01967831715954449,-0.05099139589454604,-102.0,0.0,0.6794326713616758,0.6772058267495703,-0.5257459736134387
B4r2,NC_002929.2,Bordetella,problem,2,0.45406071944353954,0.6179437189877355,0.9991835994194485,False,0.35797431589601303,0.0,0.05364642511455742,0.05282378222326056,-66.0,0.5714285714285714,0.6179437189877355,0.6772058267495703,-0.3401885711616366
B4r2,NC_002929.2,Bordetella,problem,2,0.3335487014484695,0.3494746872283727,0.3169642857142857,False,0.6476581469134023,-0.038461538461538436,0.018600447306638568,0.011534710536142523,-18.0,0.0,0.3494746872283727,0.6772058267495703,-0.09277870122590093
B2,NC_002929.2,Bordetella,problem,1,0.7703767774843087,0.7703767774843087,0.9865591397849462,False,,,,,,,,,
B2,NC_002929.2,Bordetella,problem,1,0.2956451842716241,0.2956451842716241,0.9963931469792606,False,,,,,,,,,
B2,NC_002929.2,Bordetella,problem,1,0.006902174569583863,0.006902174569583863,0.06586021505376345,True,,,,,,,,,
B2,NC_002929.2,Bordetella,problem,1,0.11569655751546826,0.11569655751546826,0.0051635111876075735,True,,,,,,,,,
B2,NC_002929.2,Bordetella,problem,1,0.9426781840095968,0.9426781840095968,0.999468085106383,False,,,,,,,,,
B2,NC_002929.2,Bordetella,problem,1,0.10017873922572917,0.10017873922572917,0.2302568981921979,False,,,,,,,,,
B4r2,NC_002929.2,Bordetella,problem,2,0.17274370274041528,0.6208643187251679,0.9991835994194485,False,1.1565324052025037,0.0,0.19670685611731203,0.1120092863209835,-36.0,0.7142857142857143,0.6208643187251679,0.6772058267495703,-0.18555740245180186
B2,NC_002929.2,Bordetella,problem,1,0.6502349103461103,0.6502349103461103,0.6826347305389222,False,,,,,,,,,
B2,NC_002929.2,Bordetella,problem,1,0.16178547199031001,0.16178547199031001,0.7631578947368421,False,,,,,,,,,
B2,NC_002929.2,Bordetella,problem,1,0.4091254028847935,0.4091254028847935,0.49443207126948785,False,,,,,,,,,
B4r2,NC_002929.2,Bordetella,problem,2,0.18293224618609827,0.5329658543351776,0.9389140271493213,False,0.09252259241620042,-0.11538461538461536,0.03567939405310949,0.08934279318481897,-24.0,0.0,0.5329658543351776,0.6772058267495703,-0.1237049349678685
B2,NC_002929.2,Bordetella,problem,1,0.41943238528199345,0.41943238528199345,0.9147982062780269,False,,,,,,,,,
B2,NC_002929.2,Bordetella,problem,1,0.21435765876784707,0.21435765876784707,0.38977072310405636,False,,,,,,,,,
B2,NC_002929.2,Bordetella,problem,1,0.06505657225329031,0.06505657225329031,0.17354497354497356,True,,,,,,,,,
B2,NC_002929.2,Bordetella,problem,1,0.13026785412468733,0.13026785412468733,0.8832807570977917,False,,,,,,,,,
B2,NC_002929.2,Bordetella,problem,1,0.05672209506905723,0.05672209506905723,0.17354497354497356,True,,,,,,,,,
B2,NC_002929.2,Bordetella,problem,1,0.3786547060017611,0.3786547060017611,0.9686411149825784,False,,,,,,,,,
B2,NC_002929.2,Bordetella,problem,1,0.3878508809121861,0.3878508809121861,0.01633986928104575,True,,,,,,,,,
B4r2,NC_002929.2,Bordetella,problem,2,0.21301719032854827,0.405402212100503,0.8832807570977917,False,0.25333566971102456,-0.19230769230769224,0.0635857577343919,0.07937937176556975,-12.0,0.0,0.405402212100503,0.6772058267495703,-0.061852467483934026
B2,NC_002929.2,Bordetella,problem,1,0.21767236556135217,0.21767236556135217,0.8507936507936508,False,,,,,,,,,
B2,NC_002929.2,Bordetella,problem,1,0.4665822210328763,0.4665822210328763,0.955984555984556,False,,,,,,,,,
B4r2,NC_002929.2,Bordetella,problem,2,0.0007446436446922888,0.01743547841111237,0.09019607843137255,True,0.057826620260125194,-0.1538461538461538,0.16984500600835817,0.1201453720434531,-132.0,0.0,0.01743547841111237,0.6772058267495703,-0.6803771423232736
B2,NC_002929.2,Bordetella,problem,1,0.32759357094596453,0.32759357094596453,0.7897091722595079,False,,,,,,,,,
B4r2,NC_002929.2,Bordetella,problem,2,0.4179802592864661,0.4704152107931403,0.9913700107874865,False,0.7286154152775774,0.07692307692307693,0.022655313569288515,0.09392091929293078,-15.0,0.7142857142857143,0.4704152107931403,0.6772058267495703,-0.07731558435491759
B2,NC_002929.2,Bordetella,problem,1,0.2576984445403543,0.2576984445403543,0.6079545454545454,False,,,,,,,,,
B2,NC_002929.2,Bordetella,problem,1,0.2746882921190874,0.2746882921190874,0.01633986928104575,True,,,,,,,,,
B2,NC_002929.2,Bordetella,problem,1,0.13242139802569142,0.13242139802569142,0.0051635111876075735,True,,,,,,,,,
B2,NC_002929.2,Bordetella,problem,1,0.08794738064311147,0.08794738064311147,0.8989547038327527,False,,,,,,,,,
B2,NC_002929.2,Bordetella,problem,1,0.4055365713224077,0.4055365713224077,0.9991835994194485,False,,,,,,,,,
B2,NC_002929.2,Bordetella,problem,1,0.3579273805735319,0.3579273805735319,0.8498659517426272,False,,,,,,,,,
B4r2,NC_002929.2,Bordetella,problem,2,0.38329667590650907,0.3930155661416208,0.09019607843137255,True,-0.11565324052025039,-0.1538461538461538,0.06878415738990529,0.15138070186431263,-60.0,0.0,0.3930155661416208,0.6772058267495703,-0.3092623374196697
B4r2,NC_003030.1,Clostridium,clean,2,0.18453524512123964,0.1865201633652922,0.01633986928104575,True,-1.0615802605798348,0.038461538461538436,-0.16236497454991233,-0.20962107274744368,69.0,-1.0,0.1865201633652922,0.30925783073831226,0.5279095163361144
B2,NC_003030.1,Clostridium,clean,1,0.3842054318969792,0.3842054318969792,0.9808187804179788,False,,,,,,,,,
B2,NC_003030.1,Clostridium,clean,1,0.1822665299102919,0.1822665299102919,0.09019607843137255,True,,,,,,,,,
B4r2,NC_003030.1,Clostridium,clean,2,0.03738145172445684,0.10524007054366535,0.5525210084033613,False,0.42463210423193387,0.07692307692307687,-0.01251136382758622,0.01256185937659915,-30.0,0.0,0.10524007054366535,0.30925783073831226,-0.22952587666787672
B2,NC_003030.1,Clostridium,clean,1,0.008143474723070199,0.008143474723070199,0.07331378299120235,True,,,,,,,,,
B2,NC_003030.1,Clostridium,clean,1,0.03206940470274233,0.03206940470274233,0.3169642857142857,False,,,,,,,,,
B2,NC_003030.1,Clostridium,clean,1,0.09490011073671845,0.09490011073671845,0.8111111111111111,False,,,,,,,,,
B2,NC_003030.1,Clostridium,clean,1,0.1699863687361738,0.1699863687361738,0.38977072310405636,False,,,,,,,,,
B4r2,NC_003030.1,Clostridium,clean,2,0.072553584549782,0.15732922646962066,0.002785515320334262,True,-0.3361670825169478,-0.1923076923076923,-0.0032825448251506684,-0.06143718069618309,-30.0,-0.5714285714285714,0.15732922646962066,0.30925783073831226,-0.22952587666787494
B2,NC_003030.1,Clostridium,clean,1,0.05544349242279267,0.05544349242279267,0.02761904761904762,True,,,,,,,,,
B4r2,NC_003030.1,Clostridium,clean,2,0.4309831933215129,0.6321939151414728,0.9997844827586206,False,-0.10615802605798347,-0.11538461538461536,-0.005323937430315229,-0.08506325405649201,75.0,-0.5714285714285714,0.6321939151414728,0.30925783073831226,0.5738146916696896
B2,NC_003030.1,Clostridium,clean,1,0.01685508926748369,0.01685508926748369,0.12588652482269502,True,,,,,,,,,
B2,NC_003030.1,Clostridium,clean,1,0.09800785829673053,0.09800785829673053,0.01126126126126126,True,,,,,,,,,
B4r2,NC_003030.1,Clostridium,clean,2,0.2762482242716535,0.6140490177458116,0.9721784776902888,False,1.3800543387537854,-0.11538461538461531,0.023604072538892185,0.06310359046611946,-6.0,0.7142857142857143,0.6140490177458116,0.30925783073831226,-0.04590517533357516
B2,NC_003030.1,Clostridium,clean,1,0.10719426489930584,0.10719426489930584,0.3169642857142857,False,,,,,,,,,
B2,NC_003030.1,Clostridium,clean,1,0.04616279168002535,0.04616279168002535,0.49443207126948785,False,,,,,,,,,
B2,NC_003030.1,Clostridium,clean,1,0.0348846782919332,0.0348846782919332,0.12588652482269502,True,,,,,,,,,
B2,NC_003030.1,Clostridium,clean,1,0.2825404246103105,0.2825404246103105,0.9972051425377306,False,,,,,,,,,
B2,NC_003030.1,Clostridium,clean,1,0.13558905513663078,0.13558905513663078,0.01556420233463035,True,,,,,,,,,
B4r2,NC_003030.1,Clostridium,clean,2,0.04224344924174517,0.14788006870707804,0.002976190476190476,True,-0.2578123489979597,-0.1538461538461538,0.012655064104638347,0.006963731853172339,-36.0,-0.1428571428571429,0.14788006870707804,0.30925783073831226,-0.2754310520014478
B2,NC_003030.1,Clostridium,clean,1,0.10714361585407772,0.10714361585407772,0.11922141119221409,True,,,,,,,,,
B2,NC_003030.1,Clostridium,clean,1,0.0750232271064526,0.0750232271064526,0.09019607843137255,True,,,,,,,,,
B2,NC_003030.1,Clostridium,clean,1,0.010141709636011687,0.010141709636011687,0.036065573770491806,True,,,,,,,,,
B2,NC_003030.1,Clostridium,clean,1,0.4259558622873385,0.4259558622873385,0.8832807570977917,False,,,,,,,,,
B2,NC_003030.1,Clostridium,clean,1,0.08595932422512575,0.08595932422512575,0.9686411149825784,False,,,,,,,,,
B2,NC_003030.1,Clostridium,clean,1,0.033728040464904296,0.033728040464904296,0.6826347305389222,False,,,,,,,,,
B2,NC_003030.1,Clostridium,clean,1,0.14712911672035567,0.14712911672035567,0.01556420233463035,True,,,,,,,,,
B2,NC_003030.1,Clostridium,clean,1,0.1403506154908012,0.1403506154908012,0.4566929133858268,False,,,,,,,,,
B2,NC_003030.1,Clostridium,clean,1,0.2642651896057089,0.2642651896057089,0.9808187804179788,False,,,,,,,,,
B2,NC_003030.1,Clostridium,clean,1,0.02550023143371405,0.02550023143371405,0.9318681318681319,False,,,,,,,,,
B2,NC_003030.1,Clostridium,clean,1,2.8563373472678677e-05,2.8563373472678677e-05,0.38977072310405636,False,,,,,,,,,
B2,NC_003030.1,Clostridium,clean,1,0.33548435495778595,0.33548435495778595,0.002785515320334262,True,,,,,,,,,
B2,NC_003030.1,Clostridium,clean,1,0.4017225862634284,0.4017225862634284,0.10052910052910052,True,,,,,,,,,
B2,NC_003030.1,Clostridium,clean,1,0.22558137065530626,0.22558137065530626,0.9280303030303029,False,,,,,,,,,
B2,NC_003030.1,Clostridium,clean,1,0.1352687684207936,0.1352687684207936,0.09019607843137255,True,,,,,,,,,
B2,NC_003030.1,Clostridium,clean,1,0.43045937724918026,0.43045937724918026,0.054673721340388004,True,,,,,,,,,
B2,NC_003030.1,Clostridium,clean,1,0.029978486117229863,0.029978486117229863,0.09019607843137255,True,,,,,,,,,
B2,NC_003030.1,Clostridium,clean,1,0.1517015416731784,0.1517015416731784,0.036065573770491806,True,,,,,,,,,
B4r2,NC_003030.1,Clostridium,clean,2,0.3558887578522021,0.8391881601965205,0.07331378299120235,True,-0.3821688938087407,-0.07692307692307687,0.07684028367684698,0.06653550404585931,30.0,-0.5714285714285714,0.8391881601965205,0.30925783073831226,0.22952587666787577
B2,NC_003030.1,Clostridium,clean,1,0.020937680750273913,0.020937680750273913,0.002770083102493075,True,,,,,,,,,
B2,NC_003030.1,Clostridium,clean,1,0.013956997058820919,0.013956997058820919,0.01556420233463035,True,,,,,,,,,
B2,NC_003030.1,Clostridium,clean,1,0.3438123590340977,0.3438123590340977,0.0051635111876075735,True,,,,,,,,,
B2,NC_003030.1,Clostridium,clean,1,0.04431681706558521,0.04431681706558521,0.036065573770491806,True,,,,,,,,,
B2,NC_003030.1,Clostridium,clean,1,0.19435153752211143,0.19435153752211143,0.06521739130434782,True,,,,,,,,,
B2,NC_003030.1,Clostridium,clean,1,0.09739803782865586,0.09739803782865586,0.01556420233463035,True,,,,,,,,,
B4r2,NC_003030.1,Clostridium,clean,2,0.021912330124122192,0.12697985962391023,0.07331378299120235,True,-0.40693909988893645,-0.038461538461538436,0.004955065868561981,-0.015435031205448757,9.0,0.0,0.12697985962391023,0.30925783073831226,0.06885776300036284
B2,NC_003030.1,Clostridium,clean,1,0.7522676342779278,0.7522676342779278,1.0,False,,,,,,,,,
B2,NC_003030.1,Clostridium,clean,1,0.3338820466113823,0.3338820466113823,0.02761904761904762,True,,,,,,,,,
B4r2,NC_003030.1,Clostridium,clean,2,0.15139222709303723,0.38844680115554553,0.11922141119221409,True,-0.38671852349694014,-0.2692307692307693,0.04512096993611503,0.055997827616456886,-111.0,0.0,0.38844680115554553,0.30925783073831226,-0.8492457436711405
B2,NC_003030.1,Clostridium,clean,1,0.7515071962956883,0.7515071962956883,0.0051635111876075735,True,,,,,,,,,
B2,NC_003030.1,Clostridium,clean,1,0.04832114857960157,0.04832114857960157,0.17354497354497356,True,,,,,,,,,
B2,NC_003030.1,Clostridium,clean,1,0.015760074077222797,0.015760074077222797,0.06521739130434782,True,,,,,,,,,
B2,NC_003030.1,Clostridium,clean,1,0.032062038342260735,0.032062038342260735,0.01126126126126126,True,,,,,,,,,
B4r2,NC_003030.1,Clostridium,clean,2,0.051523140205109286,0.07795629037445373,0.38977072310405636,False,-0.29724247296235384,-0.07692307692307687,-0.02170320891290356,-0.02805902360570023,12.0,0.0,0.07795629037445373,0.30925783073831226,0.09181035066715104
B2,NC_003030.1,Clostridium,clean,1,0.05223471221550291,0.05223471221550291,0.02761904761904762,True,,,,,,,,,
B2,NC_003030.1,Clostridium,clean,1,0.12246965184063807,0.12246965184063807,0.2993630573248407,False,,,,,,,,,
B2,NC_003030.1,Clostridium,clean,1,0.37700088452685776,0.37700088452685776,0.02761904761904762,True,,,,,,,,,
B4r2,NC_003030.1,Clostridium,clean,2,0.06985562504869236,0.3257575862760085,0.38977072310405636,False,-0.6369481563479009,-0.07692307692307693,-0.011552674581108313,-0.03721180508633082,39.0,-0.1428571428571429,0.3257575862760085,0.30925783073831226,0.29838363966823955
B2,NC_003030.1,Clostridium,clean,1,0.08059279661978636,0.08059279661978636,0.02761904761904762,True,,,,,,,,,
B2,NC_003030.1,Clostridium,clean,1,0.1073315255107481,0.1073315255107481,0.0008904719501335708,True,,,,,,,,,
B2,NC_003030.1,Clostridium,clean,1,0.22212703624315466,0.22212703624315466,0.38977072310405636,False,,,,,,,,,
B2,NC_003030.1,Clostridium,clean,1,0.1735124071835692,0.1735124071835692,0.10052910052910052,True,,,,,,,,,
B2,NC_003030.1,Clostridium,clean,1,0.0003888834585570322,0.0003888834585570322,0.07331378299120235,True,,,,,,,,,
B2,NC_003030.1,Clostridium,clean,1,0.11645435378984104,0.11645435378984104,0.8735119047619048,False,,,,,,,,,
B2,NC_003030.1,Clostridium,clean,1,0.061498710168557125,0.061498710168557125,0.2863157894736842,False,,,,,,,,,
B2,NC_003030.1,Clostridium,clean,1,0.533856723916402,0.533856723916402,0.9997844827586206,False,,,,,,,,,
B2,NC_003030.1,Clostridium,clean,1,0.017431750279653713,0.017431750279653713,0.09019607843137255,True,,,,,,,,,
B4r2,NC_003030.1,Clostridium,clean,2,0.06986838453415156,0.5567024495366807,0.0051635111876075735,True,-0.7784921910918791,-0.038461538461538436,0.04937877897494945,0.12695745494370825,36.0,-0.5714285714285714,0.5567024495366807,0.30925783073831226,0.2754310520014509
B4r2,NC_003030.1,Clostridium,clean,2,0.13162221784359396,0.2039901904610577,0.3169642857142857,False,-0.07077201737198907,-0.26923076923076916,0.00037903906777486673,0.013061827632750878,15.0,0.5714285714285714,0.2039901904610577,0.30925783073831226,0.11476293833393791
B4r2,NC_003030.1,Clostridium,clean,2,0.22732762770649195,0.27324093186522447,0.9100467289719626,False,-0.03538600868599473,-0.038461538461538436,0.0014894979083547866,0.0017663779150835501,24.0,0.0,0.27324093186522447,0.30925783073831226,0.1836207013343003
B2,NC_003030.1,Clostridium,clean,1,0.08687275433064912,0.08687275433064912,0.49443207126948785,False,,,,,,,,,
B2,NC_003030.1,Clostridium,clean,1,0.3076000516717077,0.3076000516717077,0.9721784776902888,False,,,,,,,,,
B2,NC_003030.1,Clostridium,clean,1,0.1957378039351294,0.1957378039351294,0.8111111111111111,False,,,,,,,,,
B2,NC_003030.1,Clostridium,clean,1,0.008464993359144302,0.008464993359144302,0.01126126126126126,True,,,,,,,,,
B2,NC_003030.1,Clostridium,clean,1,0.08378377990660013,0.08378377990660013,0.12403100775193801,True,,,,,,,,,
B2,NC_003030.1,Clostridium,clean,1,0.012943786853723438,0.012943786853723438,0.955984555984556,False,,,,,,,,,
B4r2,NC_003030.1,Clostridium,clean,2,0.3024901209926547,0.35515916847100115,0.09019607843137255,True,-0.7077201737198899,-0.038461538461538436,0.06396017481338512,0.034072872973766044,-18.0,-0.5714285714285714,0.35515916847100115,0.30925783073831226,-0.13771552600072567
B2,NC_003030.1,Clostridium,clean,1,0.5100029716484418,0.5100029716484418,0.7513297872340425,False,,,,,,,,,
B2,NC_003030.1,Clostridium,clean,1,0.18914020261069808,0.18914020261069808,0.9972051425377306,False,,,,,,,,,
B2,NC_003030.1,Clostridium,clean,1,0.11144690496209364,0.11144690496209364,0.01556420233463035,True,,,,,,,,,
B2,NC_003030.1,Clostridium,clean,1,0.32344948802213835,0.32344948802213835,0.01633986928104575,True,,,,,,,,,
B2,NC_003030.1,Clostridium,clean,1,0.29483745541573825,0.29483745541573825,0.04488330341113106,True,,,,,,,,,
B2,NC_003030.1,Clostridium,clean,1,0.24103014453886829,0.24103014453886829,0.999468085106383,False,,,,,,,,,
B2,NC_003030.1,Clostridium,clean,1,0.32481460659750283,0.32481460659750283,0.14018691588785046,True,,,,,,,,,
B4r2,NC_003030.1,Clostridium,clean,2,0.07375325654483156,0.21322030596405916,0.6363636363636365,False,0.9129590240986579,0.0,-0.004297107289967073,0.012330182742098995,-9.0,0.5714285714285714,0.21322030596405916,0.30925783073831226,-0.06885776300036195
B2,NC_003030.1,Clostridium,clean,1,0.2887409265628591,0.2887409265628591,0.04488330341113106,True,,,,,,,,,
B2,NC_003030.1,Clostridium,clean,1,0.05670901943186912,0.05670901943186912,0.01556420233463035,True,,,,,,,,,
B2,NC_003030.1,Clostridium,clean,1,0.17384617007623326,0.17384617007623326,0.09019607843137255,True,,,,,,,,,
B2,NC_003030.1,Clostridium,clean,1,0.1836492642330061,0.1836492642330061,0.6363636363636365,False,,,,,,,,,
B2,NC_003030.1,Clostridium,clean,1,0.3149818797236179,0.3149818797236179,0.2863157894736842,False,,,,,,,,,
B2,NC_003030.1,Clostridium,clean,1,0.25949781682384443,0.25949781682384443,0.002785515320334262,True,,,,,,,,,
B2,NC_003030.1,Clostridium,clean,1,0.16942488774255082,0.16942488774255082,0.5588235294117647,False,,,,,,,,,
B2,NC_003030.1,Clostridium,clean,1,0.28647971662733696,0.28647971662733696,0.7210216110019646,False,,,,,,,,,
B4r2,NC_003030.1,Clostridium,clean,2,0.061025909408087387,0.12424398108865731,0.002976190476190476,True,-0.6723341650338953,-0.1923076923076923,0.06930579632705924,0.06349324806864917,-60.0,0.0,0.12424398108865731,0.30925783073831226,-0.45905175333575166
B4r2,NC_003030.1,Clostridium,clean,2,0.16320302300631795,0.3188426965120392,0.8498659517426272,False,-0.16176461113597462,-0.03846153846153849,-0.022798701778810715,-0.005120214041978377,-12.0,0.0,0.3188426965120392,0.30925783073831226,-0.09181035066715015
B2,NC_003030.1,Clostridium,clean,1,0.24641359681455022,0.24641359681455022,0.01556420233463035,True,,,,,,,,,
B2,NC_003030.1,Clostridium,clean,1,0.5865053936326259,0.5865053936326259,0.9798339264531435,False,,,,,,,,,
B2,NC_003030.1,Clostridium,clean,1,0.08745658185608107,0.08745658185608107,0.013297872340425532,True,,,,,,,,,
B2,NC_003030.1,Clostridium,clean,1,0.27913749399888843,0.27913749399888843,0.9991835994194485,False,,,,,,,,,
B2,NC_003030.1,Clostridium,clean,1,0.3149994593512737,0.3149994593512737,0.8989547038327527,False,,,,,,,,,
B2,NC_003030.1,Clostridium,clean,1,0.30119896587786954,0.30119896587786954,0.02761904761904762,True,,,,,,,,,
B2,NC_003030.1,Clostridium,clean,1,0.08626860965972583,0.08626860965972583,0.8507936507936508,False,,,,,,,,,
B2,NC_003030.1,Clostridium,clean,1,0.013798785913436973,0.013798785913436973,0.01126126126126126,True,,,,,,,,,
B4r2,NC_003030.1,Clostridium,clean,2,0.01253020301301433,0.03312612629560974,0.002785515320334262,True,-0.3892460955459395,-0.07692307692307693,-0.024552591502271293,-0.05754103232694341,42.0,-0.5714285714285714,0.03312612629560974,0.30925783073831226,0.321336227335026
B2,NC_003030.1,Clostridium,clean,1,0.3188222686798863,0.3188222686798863,0.5525210084033613,False,,,,,,,,,
B2,NC_003030.1,Clostridium,clean,1,0.570310095933706,0.570310095933706,0.07407407407407407,True,,,,,,,,,
B2,NC_003030.1,Clostridium,clean,1,0.5336912398938995,0.5336912398938995,0.002785515320334262,True,,,,,,,,,
B2,NC_003030.1,Clostridium,clean,1,0.08541200615255562,0.08541200615255562,0.0051635111876075735,True,,,,,,,,,
B2,NC_003030.1,Clostridium,clean,1,0.7286592669330596,0.7286592669330596,0.3169642857142857,False,,,,,,,,,
B2,NC_003030.1,Clostridium,clean,1,0.16727969123744835,0.16727969123744835,0.4566929133858268,False,,,,,,,,,
B2,NC_003030.1,Clostridium,clean,1,0.3360013882953261,0.3360013882953261,0.6363636363636365,False,,,,,,,,,
B2,NC_003030.1,Clostridium,clean,1,0.06677564331557662,0.06677564331557662,0.3169642857142857,False,,,,,,,,,
B2,NC_003030.1,Clostridium,clean,1,0.06293222850988833,0.06293222850988833,0.30113636363636365,False,,,,,,,,,
B2,NC_003030.1,Clostridium,clean,1,0.31023899639377417,0.31023899639377417,0.9808187804179788,False,,,,,,,,,
B2,NC_003030.1,Clostridium,clean,1,0.33474326835972423,0.33474326835972423,0.06586021505376345,True,,,,,,,,,
B4r2,NC_003030.1,Clostridium,clean,2,0.3693990358098951,0.6337906502287574,1.0,False,0.31847407817395046,-0.07692307692307687,-0.035247258913790436,-0.04797606583047831,63.0,0.0,0.6337906502287574,0.30925783073831226,0.48200434100253897
B2,NC_003030.1,Clostridium,clean,1,0.8067512605145168,0.8067512605145168,0.38977072310405636,False,,,,,,,,,
B4r2,NC_003030.1,Clostridium,clean,2,0.055383854073625116,0.10259563343239009,0.575609756097561,False,0.23658074378636304,0.03846153846153849,0.02574794772154973,0.005161783877941417,-27.0,0.0,0.10259563343239009,0.30925783073831226,-0.2065732890010885
B2,NC_003030.1,Clostridium,clean,1,0.08134937839804479,0.08134937839804479,0.031746031746031744,True,,,,,,,,,
B2,NC_003030.1,Clostridium,clean,1,0.146140612637641,0.146140612637641,0.8378378378378378,False,,,,,,,,,
B2,NC_003030.1,Clostridium,clean,1,0.4636377413087658,0.4636377413087658,0.6363636363636365,False,,,,,,,,,
B2,NC_003030.1,Clostridium,clean,1,0.02728939135764108,0.02728939135764108,0.452755905511811,False,,,,,,,,,
B2,NC_003030.1,Clostridium,clean,1,0.0030384498921005587,0.0030384498921005587,0.12588652482269502,True,,,,,,,,,
B2,NC_003030.1,Clostridium,clean,1,0.2379944765433173,0.2379944765433173,0.5164319248826291,False,,,,,,,,,
B2,NC_003030.1,Clostridium,clean,1,0.2729256371183304,0.2729256371183304,0.9808187804179788,False,,,,,,,,,
B2,NC_003030.1,Clostridium,clean,1,0.20649903390253588,0.20649903390253588,0.6826347305389222,False,,,,,,,,,
B4r2,NC_003030.1,Clostridium,clean,2,0.06334361054160165,0.3018264857162707,0.452755905511811,False,-0.3184740781739504,0.0,-0.1188207454997787,-0.10226823796640097,63.0,0.0,0.3018264857162707,0.30925783073831226,0.4820043410025392
B4r2,NC_003030.1,Clostridium,clean,2,0.16793813505010569,0.22596429312280897,0.06521739130434782,True,0.024264691670396132,-0.07692307692307698,0.021430602500786655,0.0455056905907692,-42.0,0.0,0.22596429312280897,0.30925783073831226,-0.321336227335026
B2,NC_003030.1,Clostridium,clean,1,0.261366098089141,0.261366098089141,0.9389140271493213,False,,,,,,,,,
B2,NC_003030.1,Clostridium,clean,1,0.09259636210727074,0.09259636210727074,0.9100467289719626,False,,,,,,,,,
B2,NC_003030.1,Clostridium,clean,1,0.358952792875348,0.358952792875348,0.9808187804179788,False,,,,,,,,,
B4r2,NC_003030.1,Clostridium,clean,2,0.01936908212523214,0.1677028673789831,0.9798339264531435,False,0.2653950651449587,0.0,-0.004290250814620977,-0.00406215262427162,3.0,0.0,0.1677028673789831,0.30925783073831226,0.022952587666787316
B2,NC_003030.1,Clostridium,clean,1,0.03724074666484967,0.03724074666484967,0.002976190476190476,True,,,,,,,,,
B2,NC_003030.1,Clostridium,clean,1,0.14610137486612906,0.14610137486612906,0.11922141119221409,True,,,,,,,,,
B2,NC_003030.1,Clostridium,clean,1,0.3440767447219102,0.3440767447219102,0.9991835994194485,False,,,,,,,,,
B2,NC_003030.1,Clostridium,clean,1,0.0524056913076727,0.0524056913076727,0.09019607843137255,True,,,,,,,,,
B4r2,NC_003030.1,Clostridium,clean,2,0.08120084445280273,0.7204435772661095,0.9913700107874865,False,1.362361334410788,0.3076923076923077,0.06271804907085293,0.04687497180688388,-9.0,0.7142857142857143,0.7204435772661095,0.30925783073831226,-0.06885776300036275
B2,NC_003030.1,Clostridium,clean,1,0.10924540173043873,0.10924540173043873,0.002785515320334262,True,,,,,,,,,
B2,NC_003030.1,Clostridium,clean,1,0.06903687834799754,0.06903687834799754,0.6363636363636365,False,,,,,,,,,
B2,NC_003030.1,Clostridium,clean,1,0.043802110744255884,0.043802110744255884,0.002770083102493075,True,,,,,,,,,
B2,NC_003030.1,Clostridium,clean,1,0.01659985610095127,0.01659985610095127,0.01556420233463035,True,,,,,,,,,
B2,NC_003030.1,Clostridium,clean,1,0.04195576957063096,0.04195576957063096,0.21301775147928995,False,,,,,,,,,
B2,NC_003030.1,Clostridium,clean,1,0.09537744317804986,0.09537744317804986,0.04488330341113106,True,,,,,,,,,
B4r2,NC_003030.1,Clostridium,clean,2,0.28714105118187483,0.40834776286502183,0.3169642857142857,False,0.05307901302899176,-0.03846153846153855,0.0038444999235379695,0.07435548392190461,-42.0,-0.5714285714285714,0.40834776286502183,0.30925783073831226,-0.321336227335026
B2,NC_003030.1,Clostridium,clean,1,0.19807547640628975,0.19807547640628975,0.5113636363636364,False,,,,,,,,,
B2,NC_003030.1,Clostridium,clean,1,0.19972652928505852,0.19972652928505852,0.0008904719501335708,True,,,,,,,,,
B2,NC_003030.1,Clostridium,clean,1,0.13405075659956012,0.13405075659956012,0.2863157894736842,False,,,,,,,,,
B2,NC_003030.1,Clostridium,clean,1,0.49738934588465433,0.49738934588465433,0.7785817655571635,False,,,,,,,,,
B4r2,NC_003030.1,Clostridium,clean,2,0.06155831431159697,0.17506782246831243,0.12403100775193801,True,-0.6900271693768926,-0.11538461538461536,0.04796434981608744,0.055730643074526964,-33.0,-0.8571428571428571,0.17506782246831243,0.30925783073831226,-0.25247846433466314
B2,NC_003030.1,Clostridium,clean,1,0.19313143010207057,0.19313143010207057,0.17354497354497356,True,,,,,,,,,
B2,NC_003030.1,Clostridium,clean,1,0.06456149548951373,0.06456149548951373,0.002785515320334262,True,,,,,,,,,
B2,NC_003030.1,Clostridium,clean,1,0.04474671642544692,0.04474671642544692,0.3169642857142857,False,,,,,,,,,
B2,NC_003030.1,Clostridium,clean,1,0.40473693858163884,0.40473693858163884,1.0,False,,,,,,,,,
B2,NC_003030.1,Clostridium,clean,1,0.11184710286710597,0.11184710286710597,0.09019607843137255,True,,,,,,,,,
B2,NC_003030.1,Clostridium,clean,1,0.18562796238410506,0.18562796238410506,0.036065573770491806,True,,,,,,,,,
B4r2,NC_003030.1,Clostridium,clean,2,0.07762248913181224,0.3450213374001798,0.6975881261595547,False,0.10615802605798341,-0.11538461538461542,0.07066213263477272,0.06141526682232845,-48.0,0.0,0.3450213374001798,0.30925783073831226,-0.36724140266860106
B2,NC_003030.1,Clostridium,clean,1,0.08939804091846426,0.08939804091846426,0.2993630573248407,False,,,,,,,,,
B2,NC_003030.1,Clostridium,clean,1,0.30092679925357046,0.30092679925357046,0.06521739130434782,True,,,,,,,,,
B4r2,NC_003030.1,Clostridium,clean,2,0.40523827754340047,0.5926680022478443,0.94921875,False,0.15923703908697517,-0.26923076923076916,0.008083346788891332,0.015459555637854616,-51.0,0.5714285714285714,0.5926680022478443,0.30925783073831226,-0.3901939903353888
B2,NC_003030.1,Clostridium,clean,1,0.19700012164607017,0.19700012164607017,0.07331378299120235,True,,,,,,,,,
B4r2,NC_003030.1,Clostridium,clean,2,0.3399847429887508,0.35405394420632064,0.2993630573248407,False,-0.3892460955459395,0.0,0.033638872367699246,-0.0173763158444874,-15.0,-0.5714285714285714,0.35405394420632064,0.30925783073831226,-0.11476293833393791
B2,NC_003030.1,Clostridium,clean,1,0.4467323868162172,0.4467323868162172,0.9389140271493213,False,,,,,,,,,
B2,NC_003030.1,Clostridium,clean,1,0.02915907726986422,0.02915907726986422,0.6363636363636365,False,,,,,,,,,
B2,NC_003030.1,Clostridium,clean,1,0.09013812241189179,0.09013812241189179,0.5525210084033613,False,,,,,,,,,
B2,NC_003030.1,Clostridium,clean,1,0.07678152533834037,0.07678152533834037,0.0008904719501335708,True,,,,,,,,,
B2,NC_003030.1,Clostridium,clean,1,0.30225287288884495,0.30225287288884495,0.999468085106383,False,,,,,,,,,
B2,NC_004350.2,Streptococcus,clean,1,0.24801502127764152,0.24801502127764152,0.0051635111876075735,True,,,,,,,,,
B2,NC_004350.2,Streptococcus,clean,1,0.7426890959455399,0.7426890959455399,0.09019607843137255,True,,,,,,,,,
B2,NC_004350.2,Streptococcus,clean,1,0.13894684028911186,0.13894684028911186,0.9100467289719626,False,,,,,,,,,
B4r2,NC_004350.2,Streptococcus,clean,2,0.06812908591622246,0.12187889393058349,0.38977072310405636,False,0.13990316280521065,-0.03846153846153849,-0.142311954918398,-0.14959231214517987,60.0,0.0,0.12187889393058349,0.3682865821414956,0.5847318526649787
B2,NC_004350.2,Streptococcus,clean,1,0.28596149232606294,0.28596149232606294,0.9991835994194485,False,,,,,,,,,
B2,NC_004350.2,Streptococcus,clean,1,0.017657764479366733,0.017657764479366733,0.036065573770491806,True,,,,,,,,,
B2,NC_004350.2,Streptococcus,clean,1,0.01862982405319258,0.01862982405319258,0.06586021505376345,True,,,,,,,,,
B2,NC_004350.2,Streptococcus,clean,1,0.5576851676936805,0.5576851676936805,1.0,False,,,,,,,,,
B2,NC_004350.2,Streptococcus,clean,1,0.3596738092529801,0.3596738092529801,0.9389140271493213,False,,,,,,,,,
B2,NC_004350.2,Streptococcus,clean,1,0.3311847561789456,0.3311847561789456,0.6826347305389222,False,,,,,,,,,
B2,NC_004350.2,Streptococcus,clean,1,0.20050135430711613,0.20050135430711613,0.9865591397849462,False,,,,,,,,,
B2,NC_004350.2,Streptococcus,clean,1,0.2864579296587202,0.2864579296587202,0.8735119047619048,False,,,,,,,,,
B2,NC_004350.2,Streptococcus,clean,1,0.10299304170445822,0.10299304170445822,0.23008849557522124,False,,,,,,,,,
B4r2,NC_004350.2,Streptococcus,clean,2,0.10108552028355788,0.12807004314584702,0.12588652482269502,True,0.044968873758817474,0.0,0.010481288026828017,-0.001957728858824448,6.0,0.0,0.12807004314584702,0.3682865821414956,0.05847318526649836
B2,NC_004350.2,Streptococcus,clean,1,0.04756924178233213,0.04756924178233213,0.06586021505376345,True,,,,,,,,,
B2,NC_004350.2,Streptococcus,clean,1,0.44209544903469045,0.44209544903469045,0.955984555984556,False,,,,,,,,,
B2,NC_004350.2,Streptococcus,clean,1,0.13178932544616906,0.13178932544616906,0.21301775147928995,False,,,,,,,,,
B2,NC_004350.2,Streptococcus,clean,1,0.023581496563618742,0.023581496563618742,0.9628787878787879,False,,,,,,,,,
B2,NC_004350.2,Streptococcus,clean,1,0.13168946317205865,0.13168946317205865,0.2993630573248407,False,,,,,,,,,
B2,NC_004350.2,Streptococcus,clean,1,0.10339498126453073,0.10339498126453073,0.11922141119221409,True,,,,,,,,,
B2,NC_004350.2,Streptococcus,clean,1,0.4326004374807635,0.4326004374807635,1.0,False,,,,,,,,,
B4r2,NC_004350.2,Streptococcus,clean,2,0.46629518777789314,0.5291758722764701,0.6141552511415522,False,0.03497579070130247,-0.07692307692307687,-0.45819341800734215,-0.16071455128236098,102.0,0.0,0.5291758722764701,0.3682865821414956,0.9940441495304636
B2,NC_004350.2,Streptococcus,clean,1,0.2980912275149272,0.2980912275149272,0.17354497354497356,True,,,,,,,,,
B2,NC_004350.2,Streptococcus,clean,1,0.44529078921061327,0.44529078921061327,0.9389140271493213,False,,,,,,,,,
B2,NC_004350.2,Streptococcus,clean,1,0.26173271387247254,0.26173271387247254,0.8804780876494024,False,,,,,,,,,
B2,NC_004350.2,Streptococcus,clean,1,0.45263446785999895,0.45263446785999895,0.01126126126126126,True,,,,,,,,,
B2,NC_004350.2,Streptococcus,clean,1,0.005664952631239117,0.005664952631239117,0.01633986928104575,True,,,,,,,,,
B2,NC_004350.2,Streptococcus,clean,1,0.07934579180581736,0.07934579180581736,0.11922141119221409,True,,,,,,,,,
B2,NC_004350.2,Streptococcus,clean,1,0.09322989101624124,0.09322989101624124,0.452755905511811,False,,,,,,,,,
B2,NC_004350.2,Streptococcus,clean,1,0.044371569913391085,0.044371569913391085,0.7785817655571635,False,,,,,,,,,
B2,NC_004350.2,Streptococcus,clean,1,0.05359263182854335,0.05359263182854335,0.12403100775193801,True,,,,,,,,,
B4r2,NC_004350.2,Streptococcus,clean,2,0.10499779792208841,0.1376281461167963,0.11922141119221409,True,-0.10492737210390779,0.038461538461538436,-0.10008689612882982,-0.11901968866411622,84.0,0.0,0.1376281461167963,0.3682865821414956,0.81862459373097
B2,NC_004350.2,Streptococcus,clean,1,0.00258337711906087,0.00258337711906087,0.054673721340388004,True,,,,,,,,,
B2,NC_004350.2,Streptococcus,clean,1,0.23608874056643536,0.23608874056643536,0.9389140271493213,False,,,,,,,,,
B2,NC_004350.2,Streptococcus,clean,1,0.014735249396029104,0.014735249396029104,0.10052910052910052,True,,,,,,,,,
B2,NC_004350.2,Streptococcus,clean,1,0.10105090724962551,0.10105090724962551,0.09019607843137255,True,,,,,,,,,
B2,NC_004350.2,Streptococcus,clean,1,0.09269096845601155,0.09269096845601155,0.04488330341113106,True,,,,,,,,,
B2,NC_004350.2,Streptococcus,clean,1,0.43397509289819247,0.43397509289819247,0.8231827111984283,False,,,,,,,,,
B2,NC_004350.2,Streptococcus,clean,1,0.29346911857226843,0.29346911857226843,0.06586021505376345,True,,,,,,,,,
B2,NC_004350.2,Streptococcus,clean,1,0.11639598630086567,0.11639598630086567,0.9972051425377306,False,,,,,,,,,
B2,NC_004350.2,Streptococcus,clean,1,0.2491117815786552,0.2491117815786552,0.9997844827586206,False,,,,,,,,,
B2,NC_004350.2,Streptococcus,clean,1,0.09994583055511264,0.09994583055511264,0.5525210084033613,False,,,,,,,,,
B2,NC_004350.2,Streptococcus,clean,1,0.29888232799600445,0.29888232799600445,0.12403100775193801,True,,,,,,,,,
B2,NC_004350.2,Streptococcus,clean,1,0.6673864054486067,0.6673864054486067,1.0,False,,,,,,,,,
B2,NC_004350.2,Streptococcus,clean,1,0.31157982838321274,0.31157982838321274,0.9721784776902888,False,,,,,,,,,
B2,NC_004350.2,Streptococcus,clean,1,0.017882383699435067,0.017882383699435067,0.12588652482269502,True,,,,,,,,,
B2,NC_004350.2,Streptococcus,clean,1,0.19840144245136848,0.19840144245136848,0.3169642857142857,False,,,,,,,,,
B2,NC_004350.2,Streptococcus,clean,1,0.0625767434515696,0.0625767434515696,0.8804780876494024,False,,,,,,,,,
B2,NC_004350.2,Streptococcus,clean,1,0.5106925116961456,0.5106925116961456,1.0,False,,,,,,,,,
B2,NC_004350.2,Streptococcus,clean,1,0.09454488817886286,0.09454488817886286,0.6363636363636365,False,,,,,,,,,
B2,NC_004350.2,Streptococcus,clean,1,0.06520615044821199,0.06520615044821199,0.01556420233463035,True,,,,,,,,,
B2,NC_004350.2,Streptococcus,clean,1,0.05918455740048856,0.05918455740048856,0.09019607843137255,True,,,,,,,,,
B2,NC_004350.2,Streptococcus,clean,1,0.05918455740048856,0.05918455740048856,0.09019607843137255,True,,,,,,,,,
B2,NC_004350.2,Streptococcus,clean,1,0.13553655017173227,0.13553655017173227,0.8111111111111111,False,,,,,,,,,
B2,NC_004350.2,Streptococcus,clean,1,0.5186596919082511,0.5186596919082511,1.0,False,,,,,,,,,
B2,NC_004350.2,Streptococcus,clean,1,0.2242468998803222,0.2242468998803222,0.9147982062780269,False,,,,,,,,,
B2,NC_004350.2,Streptococcus,clean,1,0.17111785868558727,0.17111785868558727,0.0008904719501335708,True,,,,,,,,,
B2,NC_004350.2,Streptococcus,clean,1,0.014269944747745456,0.014269944747745456,0.49443207126948785,False,,,,,,,,,
B2,NC_004350.2,Streptococcus,clean,1,0.1357732235472291,0.1357732235472291,0.04488330341113106,True,,,,,,,,,
