accession,genome_label,phylum,f1_pct,classification,rbs_score
NC_002677.1,M. leprae,Actinobacteria,41.74,TP,-5.0
NC_002677.1,M. leprae,Actinobacteria,41.74,TP,13.966666666666667
NC_002677.1,M. leprae,Actinobacteria,41.74,TP,9.9
NC_002677.1,M. leprae,Actinobacteria,41.74,TP,14.3
NC_002677.1,M. leprae,Actinobacteria,41.74,TP,14.3
NC_002677.1,M. leprae,Actinobacteria,41.74,TP,14.3
NC_002677.1,M. leprae,Actinobacteria,41.74,TP,13.05
NC_002677.1,M. leprae,Actinobacteria,41.74,TP,12.514285714285714
NC_002677.1,M. leprae,Actinobacteria,41.74,TP,12.728571428571428
NC_002677.1,M. leprae,Actinobacteria,41.74,TP,11.05
NC_002677.1,M. leprae,Actinobacteria,41.74,TP,13.966666666666667
NC_002677.1,M. leprae,Actinobacteria,41.74,TP,14.3
NC_002677.1,M. leprae,Actinobacteria,41.74,TP,-5.0
NC_002677.1,M. leprae,Actinobacteria,41.74,FP,12.228571428571428
NC_002677.1,M. leprae,Actinobacteria,41.74,TP,9.3
NC_002677.1,M. leprae,Actinobacteria,41.74,TP,9.9
NC_002677.1,M. leprae,Actinobacteria,41.74,TP,14.014285714285714
NC_002677.1,M. leprae,Actinobacteria,41.74,FP,12.3
NC_002677.1,M. leprae,Actinobacteria,41.74,TP,9.05
NC_002677.1,M. leprae,Actinobacteria,41.74,TP,7.728571428571429
NC_002677.1,M. leprae,Actinobacteria,41.74,TP,8.133333333333333
NC_002677.1,M. leprae,Actinobacteria,41.74,TP,11.05
NC_002677.1,M. leprae,Actinobacteria,41.74,TP,14.3
NC_002677.1,M. leprae,Actinobacteria,41.74,TP,-5.0
NC_002677.1,M. leprae,Actinobacteria,41.74,TP,11.8
NC_002677.1,M. leprae,Actinobacteria,41.74,TP,12.8
NC_002677.1,M. leprae,Actinobacteria,41.74,TP,12.4
NC_002677.1,M. leprae,Actinobacteria,41.74,TP,11.3
NC_002677.1,M. leprae,Actinobacteria,41.74,TP,15.8
NC_002677.1,M. leprae,Actinobacteria,41.74,TP,12.4
NC_002677.1,M. leprae,Actinobacteria,41.74,FP,9.0
NC_002677.1,M. leprae,Actinobacteria,41.74,TP,12.8
NC_002677.1,M. leprae,Actinobacteria,41.74,TP,12.466666666666667
NC_002677.1,M. leprae,Actinobacteria,41.74,FP,10.9
NC_002677.1,M. leprae,Actinobacteria,41.74,TP,10.8
NC_002677.1,M. leprae,Actinobacteria,41.74,TP,9.0
NC_002677.1,M. leprae,Actinobacteria,41.74,TP,12.8
NC_002677.1,M. leprae,Actinobacteria,41.74,FP,10.8
NC_002677.1,M. leprae,Actinobacteria,41.74,TP,11.8
NC_002677.1,M. leprae,Actinobacteria,41.74,TP,14.05
NC_002677.1,M. leprae,Actinobacteria,41.74,TP,12.466666666666667
NC_002677.1,M. leprae,Actinobacteria,41.74,FP,12.3
NC_002677.1,M. leprae,Actinobacteria,41.74,TP,-5.0
NC_002677.1,M. leprae,Actinobacteria,41.74,TP,12.3
NC_002677.1,M. leprae,Actinobacteria,41.74,TP,10.9
NC_002677.1,M. leprae,Actinobacteria,41.74,TP,12.55
NC_002677.1,M. leprae,Actinobacteria,41.74,TP,12.466666666666667
NC_002677.1,M. leprae,Actinobacteria,41.74,TP,11.3
NC_002677.1,M. leprae,Actinobacteria,41.74,TP,-5.0
NC_002677.1,M. leprae,Actinobacteria,41.74,TP,12.05
NC_002677.1,M. leprae,Actinobacteria,41.74,TP,14.3
NC_002677.1,M. leprae,Actinobacteria,41.74,TP,11.3
NC_002677.1,M. leprae,Actinobacteria,41.74,TP,11.514285714285714
NC_002677.1,M. leprae,Actinobacteria,41.74,FP,10.728571428571428
NC_002677.1,M. leprae,Actinobacteria,41.74,TP,8.0
NC_002677.1,M. leprae,Actinobacteria,41.74,TP,10.9
NC_002677.1,M. leprae,Actinobacteria,41.74,TP,10.8
NC_002677.1,M. leprae,Actinobacteria,41.74,FP,10.728571428571428
NC_002677.1,M. leprae,Actinobacteria,41.74,FP,12.133333333333333
NC_002677.1,M. leprae,Actinobacteria,41.74,TP,-5.0
NC_002677.1,M. leprae,Actinobacteria,41.74,TP,10.55
NC_002677.1,M. leprae,Actinobacteria,41.74,FP,4.5
NC_002677.1,M. leprae,Actinobacteria,41.74,TP,9.633333333333333
NC_002677.1,M. leprae,Actinobacteria,41.74,TP,12.228571428571428
NC_002677.1,M. leprae,Actinobacteria,41.74,TP,8.133333333333333
NC_002677.1,M. leprae,Actinobacteria,41.74,TP,10.8
NC_002677.1,M. leprae,Actinobacteria,41.74,TP,9.3
NC_002677.1,M. leprae,Actinobacteria,41.74,FP,10.8
NC_002677.1,M. leprae,Actinobacteria,41.74,TP,10.9
NC_002677.1,M. leprae,Actinobacteria,41.74,FP,10.8
NC_002677.1,M. leprae,Actinobacteria,41.74,FP,11.514285714285714
NC_002677.1,M. leprae,Actinobacteria,41.74,FP,10.8
NC_002677.1,M. leprae,Actinobacteria,41.74,FP,11.3
NC_002677.1,M. leprae,Actinobacteria,41.74,TP,12.466666666666667
NC_002677.1,M. leprae,Actinobacteria,41.74,FP,9.633333333333333
NC_002677.1,M. leprae,Actinobacteria,41.74,TP,11.8
NC_002677.1,M. leprae,Actinobacteria,41.74,FP,9.0
NC_002677.1,M. leprae,Actinobacteria,41.74,TP,10.633333333333333
NC_002677.1,M. leprae,Actinobacteria,41.74,TP,9.3
NC_002677.1,M. leprae,Actinobacteria,41.74,FP,11.05
NC_002677.1,M. leprae,Actinobacteria,41.74,FP,9.8
NC_002677.1,M. leprae,Actinobacteria,41.74,FP,10.8
NC_002677.1,M. leprae,Actinobacteria,41.74,TP,11.466666666666667
NC_002677.1,M. leprae,Actinobacteria,41.74,FP,10.966666666666667
NC_002677.1,M. leprae,Actinobacteria,41.74,TP,13.3
NC_002677.1,M. leprae,Actinobacteria,41.74,TP,11.4
NC_002677.1,M. leprae,Actinobacteria,41.74,TP,10.5
NC_002677.1,M. leprae,Actinobacteria,41.74,FP,10.728571428571428
NC_002677.1,M. leprae,Actinobacteria,41.74,FP,9.3
NC_002677.1,M. leprae,Actinobacteria,41.74,FP,11.05
NC_002677.1,M. leprae,Actinobacteria,41.74,TP,12.8
NC_002677.1,M. leprae,Actinobacteria,41.74,TP,15.8
NC_002677.1,M. leprae,Actinobacteria,41.74,TP,11.228571428571428
NC_002677.1,M. leprae,Actinobacteria,41.74,TP,9.8
NC_002677.1,M. leprae,Actinobacteria,41.74,TP,12.228571428571428
NC_002677.1,M. leprae,Actinobacteria,41.74,TP,9.05
NC_002677.1,M. leprae,Actinobacteria,41.74,FP,10.5
NC_002677.1,M. leprae,Actinobacteria,41.74,TP,15.8
NC_002677.1,M. leprae,Actinobacteria,41.74,TP,10.9
NC_002677.1,M. leprae,Actinobacteria,41.74,TP,12.133333333333333
NC_002677.1,M. leprae,Actinobacteria,41.74,TP,12.966666666666667
NC_002677.1,M. leprae,Actinobacteria,41.74,TP,10.9
NC_002677.1,M. leprae,Actinobacteria,41.74,FP,9.728571428571428
NC_002677.1,M. leprae,Actinobacteria,41.74,TP,7.8
NC_002677.1,M. leprae,Actinobacteria,41.74,TP,10.9
NC_002677.1,M. leprae,Actinobacteria,41.74,TP,10.728571428571428
NC_002677.1,M. leprae,Actinobacteria,41.74,FP,7.633333333333333
NC_002677.1,M. leprae,Actinobacteria,41.74,TP,13.3
NC_002677.1,M. leprae,Actinobacteria,41.74,FP,12.8
NC_002677.1,M. leprae,Actinobacteria,41.74,TP,11.8
NC_002677.1,M. leprae,Actinobacteria,41.74,FP,10.9
NC_002677.1,M. leprae,Actinobacteria,41.74,FP,10.5
NC_002677.1,M. leprae,Actinobacteria,41.74,TP,12.8
NC_002677.1,M. leprae,Actinobacteria,41.74,TP,11.3
NC_002677.1,M. leprae,Actinobacteria,41.74,TP,12.8
NC_002677.1,M. leprae,Actinobacteria,41.74,TP,9.0
NC_002677.1,M. leprae,Actinobacteria,41.74,FP,9.5
NC_002677.1,M. leprae,Actinobacteria,41.74,TP,10.728571428571428
NC_002677.1,M. leprae,Actinobacteria,41.74,TP,10.9
NC_002677.1,M. leprae,Actinobacteria,41.74,TP,12.514285714285714
NC_002677.1,M. leprae,Actinobacteria,41.74,FP,7.5
NC_002677.1,M. leprae,Actinobacteria,41.74,TP,9.0
NC_002677.1,M. leprae,Actinobacteria,41.74,TP,9.55
NC_002677.1,M. leprae,Actinobacteria,41.74,TP,12.3
NC_002677.1,M. leprae,Actinobacteria,41.74,TP,8.0
NC_002677.1,M. leprae,Actinobacteria,41.74,FP,10.9
NC_002677.1,M. leprae,Actinobacteria,41.74,TP,10.55
NC_002677.1,M. leprae,Actinobacteria,41.74,TP,12.466666666666667
NC_002677.1,M. leprae,Actinobacteria,41.74,TP,9.3
NC_002677.1,M. leprae,Actinobacteria,41.74,TP,13.3
NC_002677.1,M. leprae,Actinobacteria,41.74,TP,9.4
NC_002677.1,M. leprae,Actinobacteria,41.74,TP,10.966666666666667
NC_002677.1,M. leprae,Actinobacteria,41.74,TP,12.8
NC_002677.1,M. leprae,Actinobacteria,41.74,FP,10.9
NC_002677.1,M. leprae,Actinobacteria,41.74,TP,14.3
NC_002677.1,M. leprae,Actinobacteria,41.74,TP,12.4
NC_002677.1,M. leprae,Actinobacteria,41.74,TP,12.466666666666667
NC_002677.1,M. leprae,Actinobacteria,41.74,TP,11.05
NC_002677.1,M. leprae,Actinobacteria,41.74,TP,14.3
NC_002677.1,M. leprae,Actinobacteria,41.74,TP,12.8
NC_002677.1,M. leprae,Actinobacteria,41.74,TP,10.633333333333333
NC_002677.1,M. leprae,Actinobacteria,41.74,FP,10.5
NC_002677.1,M. leprae,Actinobacteria,41.74,TP,12.3
NC_002677.1,M. leprae,Actinobacteria,41.74,TP,12.8
NC_002677.1,M. leprae,Actinobacteria,41.74,TP,6.3
NC_002677.1,M. leprae,Actinobacteria,41.74,TP,9.633333333333333
NC_002677.1,M. leprae,Actinobacteria,41.74,TP,-5.0
NC_002677.1,M. leprae,Actinobacteria,41.74,TP,7.8
NC_002677.1,M. leprae,Actinobacteria,41.74,TP,11.466666666666667
NC_002677.1,M. leprae,Actinobacteria,41.74,FP,12.8
NC_002677.1,M. leprae,Actinobacteria,41.74,TP,9.5
NC_002677.1,M. leprae,Actinobacteria,41.74,TP,12.8
NC_002677.1,M. leprae,Actinobacteria,41.74,TP,9.3
NC_002677.1,M. leprae,Actinobacteria,41.74,TP,11.05
NC_002677.1,M. leprae,Actinobacteria,41.74,TP,7.5
NC_002677.1,M. leprae,Actinobacteria,41.74,TP,14.3
NC_002677.1,M. leprae,Actinobacteria,41.74,TP,12.3
NC_002677.1,M. leprae,Actinobacteria,41.74,TP,12.55
NC_002677.1,M. leprae,Actinobacteria,41.74,TP,14.3
NC_002677.1,M. leprae,Actinobacteria,41.74,TP,6.3
NC_002677.1,M. leprae,Actinobacteria,41.74,TP,-5.0
NC_002677.1,M. leprae,Actinobacteria,41.74,TP,9.728571428571428
NC_002677.1,M. leprae,Actinobacteria,41.74,TP,8.3
NC_002677.1,M. leprae,Actinobacteria,41.74,TP,10.8
NC_002677.1,M. leprae,Actinobacteria,41.74,TP,14.014285714285714
NC_002677.1,M. leprae,Actinobacteria,41.74,TP,10.9
NC_002677.1,M. leprae,Actinobacteria,41.74,TP,9.55
NC_002677.1,M. leprae,Actinobacteria,41.74,TP,12.3
NC_002677.1,M. leprae,Actinobacteria,41.74,FP,10.728571428571428
NC_002677.1,M. leprae,Actinobacteria,41.74,TP,-5.0
NC_002677.1,M. leprae,Actinobacteria,41.74,TP,12.514285714285714
NC_002677.1,M. leprae,Actinobacteria,41.74,TP,11.014285714285714
NC_002677.1,M. leprae,Actinobacteria,41.74,FP,-5.0
NC_002677.1,M. leprae,Actinobacteria,41.74,TP,12.514285714285714
NC_002677.1,M. leprae,Actinobacteria,41.74,TP,9.3
NC_002677.1,M. leprae,Actinobacteria,41.74,FP,10.633333333333333
NC_002677.1,M. leprae,Actinobacteria,41.74,TP,11.55
NC_002677.1,M. leprae,Actinobacteria,41.74,TP,12.3
NC_002677.1,M. leprae,Actinobacteria,41.74,TP,14.3
NC_002677.1,M. leprae,Actinobacteria,41.74,TP,13.966666666666667
NC_002677.1,M. leprae,Actinobacteria,41.74,TP,9.5
NC_002677.1,M. leprae,Actinobacteria,41.74,FP,12.8
NC_002677.1,M. leprae,Actinobacteria,41.74,TP,8.0
NC_002677.1,M. leprae,Actinobacteria,41.74,TP,12.514285714285714
NC_002677.1,M. leprae,Actinobacteria,41.74,TP,10.9
NC_002677.1,M. leprae,Actinobacteria,41.74,TP,8.3
NC_002677.1,M. leprae,Actinobacteria,41.74,FP,7.8
NC_002677.1,M. leprae,Actinobacteria,41.74,TP,8.133333333333333
NC_002677.1,M. leprae,Actinobacteria,41.74,FP,9.05
NC_002677.1,M. leprae,Actinobacteria,41.74,TP,10.633333333333333
NC_002677.1,M. leprae,Actinobacteria,41.74,FP,12.228571428571428
NC_002677.1,M. leprae,Actinobacteria,41.74,TP,9.4
NC_002677.1,M. leprae,Actinobacteria,41.74,TP,13.3
NC_002677.1,M. leprae,Actinobacteria,41.74,FP,11.4
NC_002677.1,M. leprae,Actinobacteria,41.74,TP,14.05
NC_002677.1,M. leprae,Actinobacteria,41.74,TP,8.0
NC_002677.1,M. leprae,Actinobacteria,41.74,FP,6.3
NC_002677.1,M. leprae,Actinobacteria,41.74,TP,13.966666666666667
NC_002677.1,M. leprae,Actinobacteria,41.74,TP,10.9
NC_002677.1,M. leprae,Actinobacteria,41.74,TP,12.8
NC_002677.1,M. leprae,Actinobacteria,41.74,FP,13.728571428571428
NC_002677.1,M. leprae,Actinobacteria,41.74,TP,11.3
NC_002677.1,M. leprae,Actinobacteria,41.74,FP,11.05
NC_002677.1,M. leprae,Actinobacteria,41.74,TP,12.8
NC_002677.1,M. leprae,Actinobacteria,41.74,TP,11.014285714285714
NC_002677.1,M. leprae,Actinobacteria,41.74,FP,10.8
NC_002677.1,M. leprae,Actinobacteria,41.74,TP,10.55
NC_002677.1,M. leprae,Actinobacteria,41.74,TP,11.3
NC_002677.1,M. leprae,Actinobacteria,41.74,TP,10.8
NC_002677.1,M. leprae,Actinobacteria,41.74,TP,-5.0
NC_002677.1,M. leprae,Actinobacteria,41.74,TP,9.8
NC_002677.1,M. leprae,Actinobacteria,41.74,TP,10.8
NC_002677.1,M. leprae,Actinobacteria,41.74,TP,12.8
NC_002677.1,M. leprae,Actinobacteria,41.74,TP,12.8
NC_002677.1,M. leprae,Actinobacteria,41.74,TP,10.8
NC_002677.1,M. leprae,Actinobacteria,41.74,TP,9.55
NC_002677.1,M. leprae,Actinobacteria,41.74,TP,10.8
NC_002677.1,M. leprae,Actinobacteria,41.74,TP,13.966666666666667
NC_002677.1,M. leprae,Actinobacteria,41.74,TP,11.466666666666667
NC_002677.1,M. leprae,Actinobacteria,41.74,TP,12.05
NC_002677.1,M. leprae,Actinobacteria,41.74,TP,9.55
NC_002677.1,M. leprae,Actinobacteria,41.74,TP,11.05
NC_002677.1,M. leprae,Actinobacteria,41.74,TP,11.55
NC_002677.1,M. leprae,Actinobacteria,41.74,TP,9.0
NC_002677.1,M. leprae,Actinobacteria,41.74,TP,13.8
NC_002677.1,M. leprae,Actinobacteria,41.74,FP,10.55
NC_002677.1,M. leprae,Actinobacteria,41.74,TP,9.0
NC_002677.1,M. leprae,Actinobacteria,41.74,TP,12.8
NC_002677.1,M. leprae,Actinobacteria,41.74,FP,11.4
NC_002677.1,M. leprae,Actinobacteria,41.74,TP,12.3
NC_002677.1,M. leprae,Actinobacteria,41.74,TP,10.8
NC_002677.1,M. leprae,Actinobacteria,41.74,FP,-5.0
NC_002677.1,M. leprae,Actinobacteria,41.74,TP,12.466666666666667
NC_002677.1,M. leprae,Actinobacteria,41.74,TP,13.966666666666667
NC_002677.1,M. leprae,Actinobacteria,41.74,TP,12.55
NC_002677.1,M. leprae,Actinobacteria,41.74,TP,10.633333333333333
NC_002677.1,M. leprae,Actinobacteria,41.74,TP,13.05
NC_002677.1,M. leprae,Actinobacteria,41.74,TP,12.8
NC_002677.1,M. leprae,Actinobacteria,41.74,TP,11.228571428571428
NC_002677.1,M. leprae,Actinobacteria,41.74,TP,9.5
NC_002677.1,M. leprae,Actinobacteria,41.74,TP,10.55
NC_002677.1,M. leprae,Actinobacteria,41.74,TP,9.5
NC_002677.1,M. leprae,Actinobacteria,41.74,FP,12.466666666666667
NC_002677.1,M. leprae,Actinobacteria,41.74,TP,10.8
NC_002677.1,M. leprae,Actinobacteria,41.74,TP,10.9
NC_002677.1,M. leprae,Actinobacteria,41.74,TP,-5.0
NC_002677.1,M. leprae,Actinobacteria,41.74,FP,9.0
NC_002677.1,M. leprae,Actinobacteria,41.74,TP,12.8
NC_002677.1,M. leprae,Actinobacteria,41.74,FP,11.014285714285714
NC_002677.1,M. leprae,Actinobacteria,41.74,TP,10.633333333333333
NC_002677.1,M. leprae,Actinobacteria,41.74,TP,10.8
NC_002677.1,M. leprae,Actinobacteria,41.74,TP,14.05
NC_002677.1,M. leprae,Actinobacteria,41.74,TP,14.3
NC_002677.1,M. leprae,Actinobacteria,41.74,FP,9.05
NC_002677.1,M. leprae,Actinobacteria,41.74,TP,9.3
NC_002677.1,M. leprae,Actinobacteria,41.74,FP,10.5
NC_002677.1,M. leprae,Actinobacteria,41.74,TP,12.133333333333333
NC_002677.1,M. leprae,Actinobacteria,41.74,FP,11.05
NC_002677.1,M. leprae,Actinobacteria,41.74,TP,12.8
NC_002677.1,M. leprae,Actinobacteria,41.74,FP,11.8
NC_002677.1,M. leprae,Actinobacteria,41.74,TP,13.05
NC_002677.1,M. leprae,Actinobacteria,41.74,TP,9.133333333333333
NC_002677.1,M. leprae,Actinobacteria,41.74,TP,6.3
NC_002677.1,M. leprae,Actinobacteria,41.74,TP,10.8
NC_002677.1,M. leprae,Actinobacteria,41.74,TP,12.05
NC_002677.1,M. leprae,Actinobacteria,41.74,TP,12.466666666666667
NC_002677.1,M. leprae,Actinobacteria,41.74,TP,10.8
NC_002677.1,M. leprae,Actinobacteria,41.74,TP,12.514285714285714
NC_002677.1,M. leprae,Actinobacteria,41.74,TP,12.8
NC_002677.1,M. leprae,Actinobacteria,41.74,TP,11.3
NC_002677.1,M. leprae,Actinobacteria,41.74,TP,10.5
NC_002677.1,M. leprae,Actinobacteria,41.74,TP,11.4
NC_002677.1,M. leprae,Actinobacteria,41.74,TP,10.633333333333333
NC_002677.1,M. leprae,Actinobacteria,41.74,TP,10.633333333333333
NC_002677.1,M. leprae,Actinobacteria,41.74,TP,9.55
NC_002677.1,M. leprae,Actinobacteria,41.74,TP,13.3
NC_002677.1,M. leprae,Actinobacteria,41.74,FP,8.0
NC_002677.1,M. leprae,Actinobacteria,41.74,FP,10.55
NC_002677.1,M. leprae,Actinobacteria,41.74,TP,12.3
NC_002677.1,M. leprae,Actinobacteria,41.74,TP,10.9
NC_002677.1,M. leprae,Actinobacteria,41.74,FP,12.133333333333333
NC_002677.1,M. leprae,Actinobacteria,41.74,TP,9.3
NC_002677.1,M. leprae,Actinobacteria,41.74,TP,10.633333333333333
NC_002677.1,M. leprae,Actinobacteria,41.74,TP,14.3
NC_002677.1,M. leprae,Actinobacteria,41.74,TP,8.0
NC_002677.1,M. leprae,Actinobacteria,41.74,FP,9.0
NC_002677.1,M. leprae,Actinobacteria,41.74,FP,8.3
NC_002677.1,M. leprae,Actinobacteria,41.74,FP,10.633333333333333
NC_002677.1,M. leprae,Actinobacteria,41.74,FP,-5.0
NC_002677.1,M. leprae,Actinobacteria,41.74,TP,10.5
NC_002677.1,M. leprae,Actinobacteria,41.74,FP,9.3
NC_002677.1,M. leprae,Actinobacteria,41.74,TP,13.728571428571428
NC_002677.1,M. leprae,Actinobacteria,41.74,TP,9.05
NC_002677.1,M. leprae,Actinobacteria,41.74,TP,10.8
NC_002677.1,M. leprae,Actinobacteria,41.74,FP,12.8
NC_002677.1,M. leprae,Actinobacteria,41.74,FP,9.8
NC_002677.1,M. leprae,Actinobacteria,41.74,TP,14.3
NC_002677.1,M. leprae,Actinobacteria,41.74,TP,12.8
NC_002677.1,M. leprae,Actinobacteria,41.74,TP,10.8
NC_002677.1,M. leprae,Actinobacteria,41.74,FP,12.8
NC_002677.1,M. leprae,Actinobacteria,41.74,FP,11.3
NC_002677.1,M. leprae,Actinobacteria,41.74,TP,8.3
NC_002677.1,M. leprae,Actinobacteria,41.74,TP,12.8
NC_002677.1,M. leprae,Actinobacteria,41.74,TP,12.05
NC_002677.1,M. leprae,Actinobacteria,41.74,TP,-5.0
NC_002677.1,M. leprae,Actinobacteria,41.74,FP,10.9
NC_002677.1,M. leprae,Actinobacteria,41.74,FP,10.9
NC_002677.1,M. leprae,Actinobacteria,41.74,TP,9.228571428571428
NC_002677.1,M. leprae,Actinobacteria,41.74,TP,12.8
NC_002677.1,M. leprae,Actinobacteria,41.74,TP,14.3
NC_002677.1,M. leprae,Actinobacteria,41.74,TP,12.228571428571428
NC_002677.1,M. leprae,Actinobacteria,41.74,FP,10.55
NC_002677.1,M. leprae,Actinobacteria,41.74,FP,12.3
NC_002677.1,M. leprae,Actinobacteria,41.74,TP,7.9
NC_002677.1,M. leprae,Actinobacteria,41.74,FP,8.4
NC_002677.1,M. leprae,Actinobacteria,41.74,TP,9.728571428571428
NC_002677.1,M. leprae,Actinobacteria,41.74,TP,10.966666666666667
NC_002677.1,M. leprae,Actinobacteria,41.74,FP,8.0
NC_002677.1,M. leprae,Actinobacteria,41.74,FP,12.8
NC_002677.1,M. leprae,Actinobacteria,41.74,FP,10.8
NC_002677.1,M. leprae,Actinobacteria,41.74,FP,10.728571428571428
NC_002677.1,M. leprae,Actinobacteria,41.74,FP,12.05
NC_002677.1,M. leprae,Actinobacteria,41.74,TP,12.966666666666667
NC_002677.1,M. leprae,Actinobacteria,41.74,TP,14.014285714285714
NC_002677.1,M. leprae,Actinobacteria,41.74,FP,9.633333333333333
NC_002677.1,M. leprae,Actinobacteria,41.74,TP,9.3
NC_002677.1,M. leprae,Actinobacteria,41.74,FP,-5.0
NC_002677.1,M. leprae,Actinobacteria,41.74,TP,12.133333333333333
NC_002677.1,M. leprae,Actinobacteria,41.74,TP,10.633333333333333
NC_002677.1,M. leprae,Actinobacteria,41.74,FP,9.728571428571428
NC_002677.1,M. leprae,Actinobacteria,41.74,TP,10.728571428571428
NC_002677.1,M. leprae,Actinobacteria,41.74,FP,12.8
NC_002677.1,M. leprae,Actinobacteria,41.74,TP,12.4
NC_002677.1,M. leprae,Actinobacteria,41.74,FP,12.133333333333333
NC_002677.1,M. leprae,Actinobacteria,41.74,TP,12.3
NC_002677.1,M. leprae,Actinobacteria,41.74,TP,9.633333333333333
NC_002677.1,M. leprae,Actinobacteria,41.74,TP,10.633333333333333
NC_002677.1,M. leprae,Actinobacteria,41.74,FP,7.5
NC_002677.1,M. leprae,Actinobacteria,41.74,TP,9.55
NC_002677.1,M. leprae,Actinobacteria,41.74,TP,9.0
NC_002677.1,M. leprae,Actinobacteria,41.74,FP,9.55
NC_002677.1,M. leprae,Actinobacteria,41.74,TP,9.3
NC_002677.1,M. leprae,Actinobacteria,41.74,FP,12.05
NC_002677.1,M. leprae,Actinobacteria,41.74,TP,14.3
NC_002677.1,M. leprae,Actinobacteria,41.74,TP,15.55
NC_002677.1,M. leprae,Actinobacteria,41.74,TP,9.8
NC_002677.1,M. leprae,Actinobacteria,41.74,TP,12.466666666666667
NC_002677.1,M. leprae,Actinobacteria,41.74,FP,10.5
NC_002677.1,M. leprae,Actinobacteria,41.74,FP,11.3
NC_002677.1,M. leprae,Actinobacteria,41.74,TP,10.5
NC_002677.1,M. leprae,Actinobacteria,41.74,FP,10.55
NC_002677.1,M. leprae,Actinobacteria,41.74,FP,9.55
NC_002677.1,M. leprae,Actinobacteria,41.74,TP,12.4
NC_002677.1,M. leprae,Actinobacteria,41.74,FP,11.3
NC_002677.1,M. leprae,Actinobacteria,41.74,TP,9.8
NC_002677.1,M. leprae,Actinobacteria,41.74,FP,9.3
NC_002677.1,M. leprae,Actinobacteria,41.74,FP,10.966666666666667
NC_002677.1,M. leprae,Actinobacteria,41.74,FP,-5.0
NC_002677.1,M. leprae,Actinobacteria,41.74,FP,10.8
NC_002677.1,M. leprae,Actinobacteria,41.74,TP,9.133333333333333
NC_002677.1,M. leprae,Actinobacteria,41.74,TP,8.05
NC_002677.1,M. leprae,Actinobacteria,41.74,FP,10.8
NC_002677.1,M. leprae,Actinobacteria,41.74,TP,10.9
NC_002677.1,M. leprae,Actinobacteria,41.74,FP,9.3
NC_002677.1,M. leprae,Actinobacteria,41.74,TP,9.3
NC_002677.1,M. leprae,Actinobacteria,41.74,TP,12.514285714285714
NC_002677.1,M. leprae,Actinobacteria,41.74,FP,9.5
NC_002677.1,M. leprae,Actinobacteria,41.74,TP,13.8
NC_002677.1,M. leprae,Actinobacteria,41.74,TP,12.8
NC_002677.1,M. leprae,Actinobacteria,41.74,TP,11.4
NC_002677.1,M. leprae,Actinobacteria,41.74,TP,10.633333333333333
NC_002677.1,M. leprae,Actinobacteria,41.74,TP,-5.0
NC_002677.1,M. leprae,Actinobacteria,41.74,FP,11.3
NC_002677.1,M. leprae,Actinobacteria,41.74,TP,9.9
NC_002677.1,M. leprae,Actinobacteria,41.74,FP,10.633333333333333
NC_002677.1,M. leprae,Actinobacteria,41.74,FP,9.228571428571428
NC_002677.1,M. leprae,Actinobacteria,41.74,TP,9.05
NC_002677.1,M. leprae,Actinobacteria,41.74,FP,10.728571428571428
NC_002677.1,M. leprae,Actinobacteria,41.74,FP,12.8
NC_002677.1,M. leprae,Actinobacteria,41.74,FP,6.5
NC_002677.1,M. leprae,Actinobacteria,41.74,TP,9.55
NC_002677.1,M. leprae,Actinobacteria,41.74,FP,8.05
NC_002677.1,M. leprae,Actinobacteria,41.74,TP,12.4
NC_002677.1,M. leprae,Actinobacteria,41.74,FP,8.3
NC_002677.1,M. leprae,Actinobacteria,41.74,TP,12.466666666666667
NC_002677.1,M. leprae,Actinobacteria,41.74,TP,12.8
NC_002677.1,M. leprae,Actinobacteria,41.74,FP,9.0
NC_002677.1,M. leprae,Actinobacteria,41.74,FP,12.514285714285714
NC_002677.1,M. leprae,Actinobacteria,41.74,FP,10.8
NC_002677.1,M. leprae,Actinobacteria,41.74,FP,10.5
NC_002677.1,M. leprae,Actinobacteria,41.74,TP,11.133333333333333
NC_002677.1,M. leprae,Actinobacteria,41.74,TP,11.3
NC_002677.1,M. leprae,Actinobacteria,41.74,TP,14.3
NC_002677.1,M. leprae,Actinobacteria,41.74,TP,11.05
NC_002677.1,M. leprae,Actinobacteria,41.74,FP,9.55
NC_002677.1,M. leprae,Actinobacteria,41.74,TP,12.8
NC_002677.1,M. leprae,Actinobacteria,41.74,FP,10.5
NC_002677.1,M. leprae,Actinobacteria,41.74,FP,-5.0
NC_002677.1,M. leprae,Actinobacteria,41.74,TP,12.05
NC_002677.1,M. leprae,Actinobacteria,41.74,TP,10.55
NC_002677.1,M. leprae,Actinobacteria,41.74,TP,10.55
NC_002677.1,M. leprae,Actinobacteria,41.74,FP,12.05
NC_002677.1,M. leprae,Actinobacteria,41.74,TP,12.3
NC_002677.1,M. leprae,Actinobacteria,41.74,TP,12.55
NC_002677.1,M. leprae,Actinobacteria,41.74,TP,6.3
NC_002677.1,M. leprae,Actinobacteria,41.74,TP,12.8
NC_002677.1,M. leprae,Actinobacteria,41.74,TP,12.3
NC_002677.1,M. leprae,Actinobacteria,41.74,TP,9.8
NC_002677.1,M. leprae,Actinobacteria,41.74,FP,11.4
NC_002677.1,M. leprae,Actinobacteria,41.74,FP,12.8
NC_002677.1,M. leprae,Actinobacteria,41.74,TP,12.05
NC_002677.1,M. leprae,Actinobacteria,41.74,TP,11.4
NC_002677.1,M. leprae,Actinobacteria,41.74,FP,8.3
NC_002677.1,M. leprae,Actinobacteria,41.74,FP,9.3
NC_002677.1,M. leprae,Actinobacteria,41.74,FP,-5.0
NC_002677.1,M. leprae,Actinobacteria,41.74,FP,11.3
NC_002677.1,M. leprae,Actinobacteria,41.74,FP,9.133333333333333
NC_002677.1,M. leprae,Actinobacteria,41.74,FP,9.55
NC_002677.1,M. leprae,Actinobacteria,41.74,TP,11.3
NC_002677.1,M. leprae,Actinobacteria,41.74,TP,12.133333333333333
NC_002677.1,M. leprae,Actinobacteria,41.74,TP,10.9
NC_002677.1,M. leprae,Actinobacteria,41.74,TP,14.05
NC_002677.1,M. leprae,Actinobacteria,41.74,FP,10.728571428571428
NC_002677.1,M. leprae,Actinobacteria,41.74,TP,9.3
NC_002677.1,M. leprae,Actinobacteria,41.74,FP,10.728571428571428
NC_002677.1,M. leprae,Actinobacteria,41.74,TP,-5.0
NC_002677.1,M. leprae,Actinobacteria,41.74,TP,10.728571428571428
NC_002677.1,M. leprae,Actinobacteria,41.74,TP,10.728571428571428
NC_002677.1,M. leprae,Actinobacteria,41.74,TP,12.4
NC_002677.1,M. leprae,Actinobacteria,41.74,FP,12.8
NC_002677.1,M. leprae,Actinobacteria,41.74,FP,12.8
NC_002677.1,M. leprae,Actinobacteria,41.74,FP,8.228571428571428
NC_002677.1,M. leprae,Actinobacteria,41.74,FP,11.3
NC_002677.1,M. leprae,Actinobacteria,41.74,TP,12.4
NC_002677.1,M. leprae,Actinobacteria,41.74,TP,12.133333333333333
NC_002677.1,M. leprae,Actinobacteria,41.74,TP,12.133333333333333
NC_002677.1,M. leprae,Actinobacteria,41.74,FP,6.3
NC_002677.1,M. leprae,Actinobacteria,41.74,FP,-5.0
NC_002677.1,M. leprae,Actinobacteria,41.74,TP,10.728571428571428
NC_002677.1,M. leprae,Actinobacteria,41.74,TP,10.8
NC_002677.1,M. leprae,Actinobacteria,41.74,TP,13.966666666666667
NC_002677.1,M. leprae,Actinobacteria,41.74,TP,12.55
NC_002677.1,M. leprae,Actinobacteria,41.74,TP,10.8
NC_002677.1,M. leprae,Actinobacteria,41.74,FP,9.55
NC_002677.1,M. leprae,Actinobacteria,41.74,TP,13.014285714285714
NC_002677.1,M. leprae,Actinobacteria,41.74,FP,10.8
NC_002677.1,M. leprae,Actinobacteria,41.74,TP,11.8
NC_002677.1,M. leprae,Actinobacteria,41.74,TP,12.55
NC_002677.1,M. leprae,Actinobacteria,41.74,TP,11.55
NC_002677.1,M. leprae,Actinobacteria,41.74,TP,14.8
NC_002677.1,M. leprae,Actinobacteria,41.74,TP,14.3
NC_002677.1,M. leprae,Actinobacteria,41.74,FP,10.5
NC_002677.1,M. leprae,Actinobacteria,41.74,TP,12.514285714285714
NC_002677.1,M. leprae,Actinobacteria,41.74,FP,8.0
NC_002677.1,M. leprae,Actinobacteria,41.74,TP,12.8
NC_002677.1,M. leprae,Actinobacteria,41.74,TP,11.8
NC_002677.1,M. leprae,Actinobacteria,41.74,FP,12.4
NC_002677.1,M. leprae,Actinobacteria,41.74,TP,12.466666666666667
NC_002677.1,M. leprae,Actinobacteria,41.74,FP,10.55
NC_002677.1,M. leprae,Actinobacteria,41.74,FP,10.8
NC_002677.1,M. leprae,Actinobacteria,41.74,FP,10.9
NC_002677.1,M. leprae,Actinobacteria,41.74,FP,11.3
NC_002677.1,M. leprae,Actinobacteria,41.74,TP,12.4
NC_002677.1,M. leprae,Actinobacteria,41.74,FP,9.55
NC_002677.1,M. leprae,Actinobacteria,41.74,FP,9.8
NC_002677.1,M. leprae,Actinobacteria,41.74,TP,12.514285714285714
NC_002677.1,M. leprae,Actinobacteria,41.74,TP,12.3
NC_002677.1,M. leprae,Actinobacteria,41.74,TP,-5.0
NC_002677.1,M. leprae,Actinobacteria,41.74,TP,14.05
NC_002677.1,M. leprae,Actinobacteria,41.74,FP,10.8
NC_002677.1,M. leprae,Actinobacteria,41.74,TP,6.0
NC_002677.1,M. leprae,Actinobacteria,41.74,FP,10.5
NC_002677.1,M. leprae,Actinobacteria,41.74,TP,11.3
NC_002677.1,M. leprae,Actinobacteria,41.74,TP,12.466666666666667
NC_002677.1,M. leprae,Actinobacteria,41.74,FP,6.3
NC_002677.1,M. leprae,Actinobacteria,41.74,TP,14.05
NC_002677.1,M. leprae,Actinobacteria,41.74,FP,9.55
NC_002677.1,M. leprae,Actinobacteria,41.74,TP,-5.0
NC_002677.1,M. leprae,Actinobacteria,41.74,TP,8.0
NC_002677.1,M. leprae,Actinobacteria,41.74,FP,8.4
NC_002677.1,M. leprae,Actinobacteria,41.74,TP,10.9
NC_002677.1,M. leprae,Actinobacteria,41.74,TP,11.3
NC_002677.1,M. leprae,Actinobacteria,41.74,FP,10.633333333333333
NC_002677.1,M. leprae,Actinobacteria,41.74,FP,10.8
NC_002677.1,M. leprae,Actinobacteria,41.74,TP,12.55
NC_002677.1,M. leprae,Actinobacteria,41.74,FP,10.5
NC_002677.1,M. leprae,Actinobacteria,41.74,FP,9.8
NC_002677.1,M. leprae,Actinobacteria,41.74,TP,11.8
NC_002677.1,M. leprae,Actinobacteria,41.74,TP,12.8
NC_002677.1,M. leprae,Actinobacteria,41.74,FP,12.228571428571428
NC_002677.1,M. leprae,Actinobacteria,41.74,FP,-5.0
NC_002677.1,M. leprae,Actinobacteria,41.74,TP,11.466666666666667
NC_002677.1,M. leprae,Actinobacteria,41.74,FP,8.0
NC_002677.1,M. leprae,Actinobacteria,41.74,TP,14.3
NC_002677.1,M. leprae,Actinobacteria,41.74,TP,13.05
NC_002677.1,M. leprae,Actinobacteria,41.74,TP,13.05
NC_002677.1,M. leprae,Actinobacteria,41.74,TP,15.8
NC_002677.1,M. leprae,Actinobacteria,41.74,FP,10.5
NC_002677.1,M. leprae,Actinobacteria,41.74,FP,9.55
NC_002677.1,M. leprae,Actinobacteria,41.74,FP,12.8
NC_002677.1,M. leprae,Actinobacteria,41.74,TP,10.55
NC_002677.1,M. leprae,Actinobacteria,41.74,FP,9.0
NC_002677.1,M. leprae,Actinobacteria,41.74,TP,12.8
NC_002677.1,M. leprae,Actinobacteria,41.74,TP,9.05
NC_002677.1,M. leprae,Actinobacteria,41.74,TP,9.0
NC_002677.1,M. leprae,Actinobacteria,41.74,FP,9.728571428571428
NC_002677.1,M. leprae,Actinobacteria,41.74,TP,10.728571428571428
NC_002677.1,M. leprae,Actinobacteria,41.74,FP,9.728571428571428
NC_002677.1,M. leprae,Actinobacteria,41.74,TP,12.3
NC_002677.1,M. leprae,Actinobacteria,41.74,FP,10.55
NC_002677.1,M. leprae,Actinobacteria,41.74,TP,14.3
NC_002677.1,M. leprae,Actinobacteria,41.74,FP,10.633333333333333
NC_002677.1,M. leprae,Actinobacteria,41.74,FP,10.633333333333333
NC_002677.1,M. leprae,Actinobacteria,41.74,FP,11.514285714285714
NC_002677.1,M. leprae,Actinobacteria,41.74,FP,9.0
NC_002677.1,M. leprae,Actinobacteria,41.74,TP,11.3
NC_002677.1,M. leprae,Actinobacteria,41.74,TP,9.8
NC_002677.1,M. leprae,Actinobacteria,41.74,FP,10.633333333333333
NC_002677.1,M. leprae,Actinobacteria,41.74,FP,12.8
NC_002677.1,M. leprae,Actinobacteria,41.74,FP,9.5
NC_002677.1,M. leprae,Actinobacteria,41.74,FP,7.728571428571429
NC_002677.1,M. leprae,Actinobacteria,41.74,FP,11.3
NC_002677.1,M. leprae,Actinobacteria,41.74,TP,12.05
NC_002677.1,M. leprae,Actinobacteria,41.74,FP,11.3
NC_002677.1,M. leprae,Actinobacteria,41.74,TP,12.8
NC_002677.1,M. leprae,Actinobacteria,41.74,TP,14.3
NC_002677.1,M. leprae,Actinobacteria,41.74,TP,9.3
NC_002677.1,M. leprae,Actinobacteria,41.74,TP,12.05
NC_002677.1,M. leprae,Actinobacteria,41.74,TP,12.8
NC_002677.1,M. leprae,Actinobacteria,41.74,TP,12.8
NC_002677.1,M. leprae,Actinobacteria,41.74,TP,7.8
NC_002677.1,M. leprae,Actinobacteria,41.74,TP,12.3
NC_002677.1,M. leprae,Actinobacteria,41.74,TP,7.8
NC_002677.1,M. leprae,Actinobacteria,41.74,TP,12.8
NC_002677.1,M. leprae,Actinobacteria,41.74,TP,11.3
NC_002677.1,M. leprae,Actinobacteria,41.74,TP,14.05
NC_002677.1,M. leprae,Actinobacteria,41.74,FP,10.5
NC_002677.1,M. leprae,Actinobacteria,41.74,TP,10.728571428571428
NC_002677.1,M. leprae,Actinobacteria,41.74,FP,11.3
NC_002677.1,M. leprae,Actinobacteria,41.74,FP,8.0
NC_002677.1,M. leprae,Actinobacteria,41.74,FP,9.8
NC_002677.1,M. leprae,Actinobacteria,41.74,TP,9.633333333333333
NC_002677.1,M. leprae,Actinobacteria,41.74,TP,12.3
NC_002677.1,M. leprae,Actinobacteria,41.74,FP,10.8
NC_002677.1,M. leprae,Actinobacteria,41.74,FP,10.8
NC_002677.1,M. leprae,Actinobacteria,41.74,TP,12.55
NC_002677.1,M. leprae,Actinobacteria,41.74,FP,6.0
NC_002677.1,M. leprae,Actinobacteria,41.74,FP,11.3
NC_002677.1,M. leprae,Actinobacteria,41.74,TP,12.3
NC_002677.1,M. leprae,Actinobacteria,41.74,FP,11.3
NC_002677.1,M. leprae,Actinobacteria,41.74,FP,9.3
NC_002677.1,M. leprae,Actinobacteria,41.74,TP,12.133333333333333
NC_002677.1,M. leprae,Actinobacteria,41.74,TP,8.0
NC_002677.1,M. leprae,Actinobacteria,41.74,FP,12.8
NC_002677.1,M. leprae,Actinobacteria,41.74,FP,9.633333333333333
NC_002677.1,M. leprae,Actinobacteria,41.74,TP,10.8
NC_002677.1,M. leprae,Actinobacteria,41.74,FP,10.5
NC_002677.1,M. leprae,Actinobacteria,41.74,TP,12.8
NC_002677.1,M. leprae,Actinobacteria,41.74,FP,13.966666666666667
NC_002677.1,M. leprae,Actinobacteria,41.74,TP,13.3
NC_002677.1,M. leprae,Actinobacteria,41.74,TP,8.3
NC_002677.1,M. leprae,Actinobacteria,41.74,TP,14.3
NC_002677.1,M. leprae,Actinobacteria,41.74,FP,6.3
NC_002677.1,M. leprae,Actinobacteria,41.74,TP,13.3
NC_002677.1,M. leprae,Actinobacteria,41.74,TP,14.3
NC_002677.1,M. leprae,Actinobacteria,41.74,TP,14.3
NC_002677.1,M. leprae,Actinobacteria,41.74,TP,9.55
NC_002677.1,M. leprae,Actinobacteria,41.74,TP,9.0
NC_002677.1,M. leprae,Actinobacteria,41.74,TP,13.05
NC_002677.1,M. leprae,Actinobacteria,41.74,FP,9.3
NC_002677.1,M. leprae,Actinobacteria,41.74,FP,9.8
NC_002677.1,M. leprae,Actinobacteria,41.74,FP,11.014285714285714
NC_002677.1,M. leprae,Actinobacteria,41.74,FP,9.633333333333333
NC_002677.1,M. leprae,Actinobacteria,41.74,FP,8.0
NC_002677.1,M. leprae,Actinobacteria,41.74,TP,11.3
NC_002677.1,M. leprae,Actinobacteria,41.74,FP,10.9
NC_002677.1,M. leprae,Actinobacteria,41.74,FP,10.633333333333333
NC_002677.1,M. leprae,Actinobacteria,41.74,TP,9.633333333333333
NC_002677.1,M. leprae,Actinobacteria,41.74,FP,11.3
NC_002677.1,M. leprae,Actinobacteria,41.74,FP,9.55
NC_002929.2,B. pertussis,Proteobacteria,60.06,TP,-5.0
NC_002929.2,B. pertussis,Proteobacteria,60.06,FP,7.633333333333333
NC_002929.2,B. pertussis,Proteobacteria,60.06,FP,9.633333333333333
NC_002929.2,B. pertussis,Proteobacteria,60.06,FP,-5.0
NC_002929.2,B. pertussis,Proteobacteria,60.06,FP,9.4
NC_002929.2,B. pertussis,Proteobacteria,60.06,FP,11.4
NC_002929.2,B. pertussis,Proteobacteria,60.06,FP,10.9
NC_002929.2,B. pertussis,Proteobacteria,60.06,FP,12.466666666666667
NC_002929.2,B. pertussis,Proteobacteria,60.06,TP,11.4
NC_002929.2,B. pertussis,Proteobacteria,60.06,TP,9.5
NC_002929.2,B. pertussis,Proteobacteria,60.06,TP,12.8
NC_002929.2,B. pertussis,Proteobacteria,60.06,FP,11.014285714285714
NC_002929.2,B. pertussis,Proteobacteria,60.06,FP,9.8
NC_002929.2,B. pertussis,Proteobacteria,60.06,TP,10.8
NC_002929.2,B. pertussis,Proteobacteria,60.06,FP,11.4
NC_002929.2,B. pertussis,Proteobacteria,60.06,TP,14.3
NC_002929.2,B. pertussis,Proteobacteria,60.06,FP,-5.0
NC_002929.2,B. pertussis,Proteobacteria,60.06,FP,9.3
NC_002929.2,B. pertussis,Proteobacteria,60.06,FP,9.5
NC_002929.2,B. pertussis,Proteobacteria,60.06,TP,10.8
NC_002929.2,B. pertussis,Proteobacteria,60.06,TP,12.8
NC_002929.2,B. pertussis,Proteobacteria,60.06,TP,10.9
NC_002929.2,B. pertussis,Proteobacteria,60.06,TP,13.05
NC_002929.2,B. pertussis,Proteobacteria,60.06,TP,14.014285714285714
NC_002929.2,B. pertussis,Proteobacteria,60.06,FP,11.3
NC_002929.2,B. pertussis,Proteobacteria,60.06,TP,9.633333333333333
NC_002929.2,B. pertussis,Proteobacteria,60.06,FP,10.8
NC_002929.2,B. pertussis,Proteobacteria,60.06,TP,11.3
NC_002929.2,B. pertussis,Proteobacteria,60.06,TP,10.8
NC_002929.2,B. pertussis,Proteobacteria,60.06,TP,14.514285714285714
NC_002929.2,B. pertussis,Proteobacteria,60.06,FP,9.0
NC_002929.2,B. pertussis,Proteobacteria,60.06,FP,10.728571428571428
NC_002929.2,B. pertussis,Proteobacteria,60.06,TP,8.0
NC_002929.2,B. pertussis,Proteobacteria,60.06,TP,11.55
NC_002929.2,B. pertussis,Proteobacteria,60.06,TP,10.633333333333333
NC_002929.2,B. pertussis,Proteobacteria,60.06,TP,12.8
NC_002929.2,B. pertussis,Proteobacteria,60.06,TP,12.228571428571428
NC_002929.2,B. pertussis,Proteobacteria,60.06,FP,10.728571428571428
NC_002929.2,B. pertussis,Proteobacteria,60.06,FP,9.8
NC_002929.2,B. pertussis,Proteobacteria,60.06,TP,11.8
NC_002929.2,B. pertussis,Proteobacteria,60.06,TP,11.3
NC_002929.2,B. pertussis,Proteobacteria,60.06,TP,6.0
NC_002929.2,B. pertussis,Proteobacteria,60.06,FP,10.9
NC_002929.2,B. pertussis,Proteobacteria,60.06,TP,10.9
NC_002929.2,B. pertussis,Proteobacteria,60.06,FP,12.3
NC_002929.2,B. pertussis,Proteobacteria,60.06,TP,14.05
NC_002929.2,B. pertussis,Proteobacteria,60.06,FP,9.633333333333333
NC_002929.2,B. pertussis,Proteobacteria,60.06,TP,9.55
NC_002929.2,B. pertussis,Proteobacteria,60.06,TP,10.5
NC_002929.2,B. pertussis,Proteobacteria,60.06,TP,9.633333333333333
NC_002929.2,B. pertussis,Proteobacteria,60.06,TP,8.3
NC_002929.2,B. pertussis,Proteobacteria,60.06,TP,13.728571428571428
NC_002929.2,B. pertussis,Proteobacteria,60.06,TP,12.728571428571428
NC_002929.2,B. pertussis,Proteobacteria,60.06,FP,6.05
NC_002929.2,B. pertussis,Proteobacteria,60.06,TP,10.55
NC_002929.2,B. pertussis,Proteobacteria,60.06,TP,10.5
NC_002929.2,B. pertussis,Proteobacteria,60.06,TP,7.8
NC_002929.2,B. pertussis,Proteobacteria,60.06,TP,14.3
NC_002929.2,B. pertussis,Proteobacteria,60.06,TP,9.3
NC_002929.2,B. pertussis,Proteobacteria,60.06,TP,12.8
NC_002929.2,B. pertussis,Proteobacteria,60.06,FP,9.633333333333333
NC_002929.2,B. pertussis,Proteobacteria,60.06,TP,8.3
NC_002929.2,B. pertussis,Proteobacteria,60.06,FP,9.4
NC_002929.2,B. pertussis,Proteobacteria,60.06,TP,8.133333333333333
NC_002929.2,B. pertussis,Proteobacteria,60.06,FP,10.8
NC_002929.2,B. pertussis,Proteobacteria,60.06,TP,13.966666666666667
NC_002929.2,B. pertussis,Proteobacteria,60.06,TP,-5.0
NC_002929.2,B. pertussis,Proteobacteria,60.06,TP,9.0
NC_002929.2,B. pertussis,Proteobacteria,60.06,FP,9.133333333333333
NC_002929.2,B. pertussis,Proteobacteria,60.06,FP,10.8
NC_002929.2,B. pertussis,Proteobacteria,60.06,TP,9.55
NC_002929.2,B. pertussis,Proteobacteria,60.06,FP,-5.0
NC_002929.2,B. pertussis,Proteobacteria,60.06,FP,-5.0
NC_002929.2,B. pertussis,Proteobacteria,60.06,FP,10.55
NC_002929.2,B. pertussis,Proteobacteria,60.06,TP,10.9
NC_002929.2,B. pertussis,Proteobacteria,60.06,FP,10.728571428571428
NC_002929.2,B. pertussis,Proteobacteria,60.06,TP,11.05
NC_002929.2,B. pertussis,Proteobacteria,60.06,FP,9.55
NC_002929.2,B. pertussis,Proteobacteria,60.06,TP,9.633333333333333
NC_002929.2,B. pertussis,Proteobacteria,60.06,TP,10.8
NC_002929.2,B. pertussis,Proteobacteria,60.06,FP,8.0
NC_002929.2,B. pertussis,Proteobacteria,60.06,TP,-5.0
NC_002929.2,B. pertussis,Proteobacteria,60.06,FP,11.133333333333333
NC_002929.2,B. pertussis,Proteobacteria,60.06,TP,12.8
NC_002929.2,B. pertussis,Proteobacteria,60.06,FP,9.8
NC_002929.2,B. pertussis,Proteobacteria,60.06,TP,12.8
NC_002929.2,B. pertussis,Proteobacteria,60.06,TP,9.8
NC_002929.2,B. pertussis,Proteobacteria,60.06,TP,9.0
NC_002929.2,B. pertussis,Proteobacteria,60.06,TP,10.8
NC_002929.2,B. pertussis,Proteobacteria,60.06,TP,10.728571428571428
NC_002929.2,B. pertussis,Proteobacteria,60.06,TP,11.3
NC_002929.2,B. pertussis,Proteobacteria,60.06,TP,9.8
NC_002929.2,B. pertussis,Proteobacteria,60.06,TP,-5.0
NC_002929.2,B. pertussis,Proteobacteria,60.06,TP,12.8
NC_002929.2,B. pertussis,Proteobacteria,60.06,FP,7.5
NC_002929.2,B. pertussis,Proteobacteria,60.06,FP,9.0
NC_002929.2,B. pertussis,Proteobacteria,60.06,TP,11.3
NC_002929.2,B. pertussis,Proteobacteria,60.06,TP,9.4
NC_002929.2,B. pertussis,Proteobacteria,60.06,TP,14.3
NC_002929.2,B. pertussis,Proteobacteria,60.06,FP,10.55
NC_002929.2,B. pertussis,Proteobacteria,60.06,TP,11.55
NC_002929.2,B. pertussis,Proteobacteria,60.06,FP,10.8
NC_002929.2,B. pertussis,Proteobacteria,60.06,TP,9.728571428571428
NC_002929.2,B. pertussis,Proteobacteria,60.06,FP,10.5
NC_002929.2,B. pertussis,Proteobacteria,60.06,TP,-5.0
NC_002929.2,B. pertussis,Proteobacteria,60.06,TP,9.8
NC_002929.2,B. pertussis,Proteobacteria,60.06,TP,11.8
NC_002929.2,B. pertussis,Proteobacteria,60.06,FP,9.55
NC_002929.2,B. pertussis,Proteobacteria,60.06,TP,-5.0
NC_002929.2,B. pertussis,Proteobacteria,60.06,TP,9.0
NC_002929.2,B. pertussis,Proteobacteria,60.06,TP,8.3
NC_002929.2,B. pertussis,Proteobacteria,60.06,FP,12.466666666666667
NC_002929.2,B. pertussis,Proteobacteria,60.06,TP,10.8
NC_002929.2,B. pertussis,Proteobacteria,60.06,TP,11.466666666666667
NC_002929.2,B. pertussis,Proteobacteria,60.06,TP,12.8
NC_002929.2,B. pertussis,Proteobacteria,60.06,TP,10.8
NC_002929.2,B. pertussis,Proteobacteria,60.06,TP,12.4
NC_002929.2,B. pertussis,Proteobacteria,60.06,FP,9.0
NC_002929.2,B. pertussis,Proteobacteria,60.06,FP,11.8
NC_002929.2,B. pertussis,Proteobacteria,60.06,TP,12.3
NC_002929.2,B. pertussis,Proteobacteria,60.06,TP,9.5
NC_002929.2,B. pertussis,Proteobacteria,60.06,TP,10.5
NC_002929.2,B. pertussis,Proteobacteria,60.06,FP,11.466666666666667
NC_002929.2,B. pertussis,Proteobacteria,60.06,TP,9.5
NC_002929.2,B. pertussis,Proteobacteria,60.06,TP,8.0
NC_002929.2,B. pertussis,Proteobacteria,60.06,TP,8.0
NC_002929.2,B. pertussis,Proteobacteria,60.06,TP,12.8
NC_002929.2,B. pertussis,Proteobacteria,60.06,FP,9.3
NC_002929.2,B. pertussis,Proteobacteria,60.06,TP,-5.0
NC_002929.2,B. pertussis,Proteobacteria,60.06,TP,12.8
NC_002929.2,B. pertussis,Proteobacteria,60.06,TP,12.8
NC_002929.2,B. pertussis,Proteobacteria,60.06,TP,10.3
NC_002929.2,B. pertussis,Proteobacteria,60.06,TP,12.8
NC_002929.2,B. pertussis,Proteobacteria,60.06,TP,10.8
NC_002929.2,B. pertussis,Proteobacteria,60.06,TP,10.966666666666667
NC_002929.2,B. pertussis,Proteobacteria,60.06,FP,10.966666666666667
NC_002929.2,B. pertussis,Proteobacteria,60.06,TP,9.55
NC_002929.2,B. pertussis,Proteobacteria,60.06,FP,9.228571428571428
NC_002929.2,B. pertussis,Proteobacteria,60.06,TP,6.133333333333333
NC_002929.2,B. pertussis,Proteobacteria,60.06,TP,12.8
NC_002929.2,B. pertussis,Proteobacteria,60.06,TP,9.3
NC_002929.2,B. pertussis,Proteobacteria,60.06,TP,10.55
NC_002929.2,B. pertussis,Proteobacteria,60.06,TP,11.3
NC_002929.2,B. pertussis,Proteobacteria,60.06,FP,7.8
NC_002929.2,B. pertussis,Proteobacteria,60.06,FP,-5.0
NC_002929.2,B. pertussis,Proteobacteria,60.06,TP,8.3
NC_002929.2,B. pertussis,Proteobacteria,60.06,TP,12.8
NC_002929.2,B. pertussis,Proteobacteria,60.06,TP,-5.0
NC_002929.2,B. pertussis,Proteobacteria,60.06,TP,9.633333333333333
NC_002929.2,B. pertussis,Proteobacteria,60.06,TP,10.728571428571428
NC_002929.2,B. pertussis,Proteobacteria,60.06,TP,11.133333333333333
NC_002929.2,B. pertussis,Proteobacteria,60.06,FP,14.014285714285714
NC_002929.2,B. pertussis,Proteobacteria,60.06,FP,10.9
NC_002929.2,B. pertussis,Proteobacteria,60.06,FP,14.05
NC_002929.2,B. pertussis,Proteobacteria,60.06,TP,11.3
NC_002929.2,B. pertussis,Proteobacteria,60.06,TP,11.3
NC_002929.2,B. pertussis,Proteobacteria,60.06,TP,12.8
NC_002929.2,B. pertussis,Proteobacteria,60.06,TP,10.8
NC_002929.2,B. pertussis,Proteobacteria,60.06,TP,11.55
NC_002929.2,B. pertussis,Proteobacteria,60.06,TP,12.8
NC_002929.2,B. pertussis,Proteobacteria,60.06,TP,10.8
NC_002929.2,B. pertussis,Proteobacteria,60.06,TP,12.3
NC_002929.2,B. pertussis,Proteobacteria,60.06,TP,9.633333333333333
NC_002929.2,B. pertussis,Proteobacteria,60.06,TP,9.8
NC_002929.2,B. pertussis,Proteobacteria,60.06,FP,11.228571428571428
NC_002929.2,B. pertussis,Proteobacteria,60.06,TP,6.3
NC_002929.2,B. pertussis,Proteobacteria,60.06,TP,12.3
NC_002929.2,B. pertussis,Proteobacteria,60.06,FP,10.5
NC_002929.2,B. pertussis,Proteobacteria,60.06,TP,10.8
NC_002929.2,B. pertussis,Proteobacteria,60.06,TP,9.55
NC_002929.2,B. pertussis,Proteobacteria,60.06,FP,9.55
NC_002929.2,B. pertussis,Proteobacteria,60.06,TP,12.3
NC_002929.2,B. pertussis,Proteobacteria,60.06,FP,9.5
NC_002929.2,B. pertussis,Proteobacteria,60.06,TP,9.0
NC_002929.2,B. pertussis,Proteobacteria,60.06,FP,10.55
NC_002929.2,B. pertussis,Proteobacteria,60.06,TP,14.014285714285714
NC_002929.2,B. pertussis,Proteobacteria,60.06,TP,10.9
NC_002929.2,B. pertussis,Proteobacteria,60.06,TP,12.466666666666667
NC_002929.2,B. pertussis,Proteobacteria,60.06,TP,11.05
NC_002929.2,B. pertussis,Proteobacteria,60.06,FP,12.55
NC_002929.2,B. pertussis,Proteobacteria,60.06,TP,12.466666666666667
NC_002929.2,B. pertussis,Proteobacteria,60.06,FP,9.3
NC_002929.2,B. pertussis,Proteobacteria,60.06,TP,-5.0
NC_002929.2,B. pertussis,Proteobacteria,60.06,TP,10.5
NC_002929.2,B. pertussis,Proteobacteria,60.06,TP,11.466666666666667
NC_002929.2,B. pertussis,Proteobacteria,60.06,TP,8.3
NC_002929.2,B. pertussis,Proteobacteria,60.06,FP,9.0
NC_002929.2,B. pertussis,Proteobacteria,60.06,FP,11.3
NC_002929.2,B. pertussis,Proteobacteria,60.06,TP,12.8
NC_002929.2,B. pertussis,Proteobacteria,60.06,FP,10.9
NC_002929.2,B. pertussis,Proteobacteria,60.06,FP,12.4
NC_002929.2,B. pertussis,Proteobacteria,60.06,FP,12.05
NC_002929.2,B. pertussis,Proteobacteria,60.06,TP,11.3
NC_002929.2,B. pertussis,Proteobacteria,60.06,TP,12.514285714285714
NC_002929.2,B. pertussis,Proteobacteria,60.06,TP,10.8
NC_002929.2,B. pertussis,Proteobacteria,60.06,TP,9.633333333333333
NC_002929.2,B. pertussis,Proteobacteria,60.06,TP,14.3
NC_002929.2,B. pertussis,Proteobacteria,60.06,FP,6.3
NC_002929.2,B. pertussis,Proteobacteria,60.06,TP,-5.0
NC_002929.2,B. pertussis,Proteobacteria,60.06,FP,10.728571428571428
NC_002929.2,B. pertussis,Proteobacteria,60.06,TP,10.9
NC_002929.2,B. pertussis,Proteobacteria,60.06,FP,-5.0
NC_002929.2,B. pertussis,Proteobacteria,60.06,TP,13.05
NC_002929.2,B. pertussis,Proteobacteria,60.06,FP,10.8
NC_002929.2,B. pertussis,Proteobacteria,60.06,FP,10.728571428571428
NC_002929.2,B. pertussis,Proteobacteria,60.06,TP,8.3
NC_002929.2,B. pertussis,Proteobacteria,60.06,TP,9.55
NC_002929.2,B. pertussis,Proteobacteria,60.06,FP,10.633333333333333
NC_002929.2,B. pertussis,Proteobacteria,60.06,TP,12.4
NC_002929.2,B. pertussis,Proteobacteria,60.06,TP,9.633333333333333
NC_002929.2,B. pertussis,Proteobacteria,60.06,TP,9.3
NC_002929.2,B. pertussis,Proteobacteria,60.06,FP,6.0
NC_002929.2,B. pertussis,Proteobacteria,60.06,FP,10.9
NC_002929.2,B. pertussis,Proteobacteria,60.06,FP,-5.0
NC_002929.2,B. pertussis,Proteobacteria,60.06,TP,12.8
NC_002929.2,B. pertussis,Proteobacteria,60.06,FP,9.55
NC_002929.2,B. pertussis,Proteobacteria,60.06,TP,12.228571428571428
NC_002929.2,B. pertussis,Proteobacteria,60.06,FP,7.5
NC_002929.2,B. pertussis,Proteobacteria,60.06,TP,11.3
NC_002929.2,B. pertussis,Proteobacteria,60.06,FP,-5.0
NC_002929.2,B. pertussis,Proteobacteria,60.06,FP,-5.0
NC_002929.2,B. pertussis,Proteobacteria,60.06,FP,9.8
NC_002929.2,B. pertussis,Proteobacteria,60.06,FP,10.5
NC_002929.2,B. pertussis,Proteobacteria,60.06,FP,4.5
NC_002929.2,B. pertussis,Proteobacteria,60.06,TP,11.8
NC_002929.2,B. pertussis,Proteobacteria,60.06,FP,9.8
NC_002929.2,B. pertussis,Proteobacteria,60.06,FP,10.633333333333333
NC_002929.2,B. pertussis,Proteobacteria,60.06,TP,12.3
NC_002929.2,B. pertussis,Proteobacteria,60.06,FP,10.8
NC_002929.2,B. pertussis,Proteobacteria,60.06,FP,-5.0
NC_002929.2,B. pertussis,Proteobacteria,60.06,TP,7.8
NC_002929.2,B. pertussis,Proteobacteria,60.06,FP,11.466666666666667
NC_002929.2,B. pertussis,Proteobacteria,60.06,FP,11.014285714285714
NC_002929.2,B. pertussis,Proteobacteria,60.06,TP,9.55
NC_002929.2,B. pertussis,Proteobacteria,60.06,FP,14.014285714285714
NC_002929.2,B. pertussis,Proteobacteria,60.06,TP,10.5
NC_002929.2,B. pertussis,Proteobacteria,60.06,FP,12.3
NC_002929.2,B. pertussis,Proteobacteria,60.06,TP,10.8
NC_002929.2,B. pertussis,Proteobacteria,60.06,FP,-5.0
NC_002929.2,B. pertussis,Proteobacteria,60.06,TP,-5.0
NC_002929.2,B. pertussis,Proteobacteria,60.06,TP,12.228571428571428
NC_002929.2,B. pertussis,Proteobacteria,60.06,FP,9.133333333333333
NC_002929.2,B. pertussis,Proteobacteria,60.06,FP,9.0
NC_002929.2,B. pertussis,Proteobacteria,60.06,FP,11.55
NC_002929.2,B. pertussis,Proteobacteria,60.06,TP,14.3
NC_002929.2,B. pertussis,Proteobacteria,60.06,TP,12.8
NC_002929.2,B. pertussis,Proteobacteria,60.06,FP,10.55
NC_002929.2,B. pertussis,Proteobacteria,60.06,TP,7.5
NC_002929.2,B. pertussis,Proteobacteria,60.06,TP,12.466666666666667
NC_002929.2,B. pertussis,Proteobacteria,60.06,TP,14.05
NC_002929.2,B. pertussis,Proteobacteria,60.06,FP,10.5
NC_002929.2,B. pertussis,Proteobacteria,60.06,TP,9.0
NC_002929.2,B. pertussis,Proteobacteria,60.06,TP,-5.0
NC_002929.2,B. pertussis,Proteobacteria,60.06,FP,10.5
NC_002929.2,B. pertussis,Proteobacteria,60.06,TP,-5.0
NC_002929.2,B. pertussis,Proteobacteria,60.06,TP,10.5
NC_002929.2,B. pertussis,Proteobacteria,60.06,TP,13.3
NC_002929.2,B. pertussis,Proteobacteria,60.06,FP,9.5
NC_002929.2,B. pertussis,Proteobacteria,60.06,FP,7.5
NC_002929.2,B. pertussis,Proteobacteria,60.06,FP,9.8
NC_002929.2,B. pertussis,Proteobacteria,60.06,FP,11.05
NC_002929.2,B. pertussis,Proteobacteria,60.06,TP,11.514285714285714
NC_002929.2,B. pertussis,Proteobacteria,60.06,TP,8.0
NC_002929.2,B. pertussis,Proteobacteria,60.06,TP,9.8
NC_002929.2,B. pertussis,Proteobacteria,60.06,TP,9.05
NC_002929.2,B. pertussis,Proteobacteria,60.06,TP,12.466666666666667
NC_002929.2,B. pertussis,Proteobacteria,60.06,TP,10.966666666666667
NC_002929.2,B. pertussis,Proteobacteria,60.06,TP,7.5
NC_002929.2,B. pertussis,Proteobacteria,60.06,TP,9.633333333333333
NC_002929.2,B. pertussis,Proteobacteria,60.06,TP,9.9
NC_002929.2,B. pertussis,Proteobacteria,60.06,FP,10.8
NC_002929.2,B. pertussis,Proteobacteria,60.06,TP,12.133333333333333
NC_002929.2,B. pertussis,Proteobacteria,60.06,TP,14.3
NC_002929.2,B. pertussis,Proteobacteria,60.06,TP,12.3
NC_002929.2,B. pertussis,Proteobacteria,60.06,FP,4.5
NC_002929.2,B. pertussis,Proteobacteria,60.06,TP,9.8
NC_002929.2,B. pertussis,Proteobacteria,60.06,FP,12.8
NC_002929.2,B. pertussis,Proteobacteria,60.06,FP,12.514285714285714
NC_002929.2,B. pertussis,Proteobacteria,60.06,FP,9.0
NC_002929.2,B. pertussis,Proteobacteria,60.06,FP,10.728571428571428
NC_002929.2,B. pertussis,Proteobacteria,60.06,FP,7.5
NC_002929.2,B. pertussis,Proteobacteria,60.06,TP,11.3
NC_002929.2,B. pertussis,Proteobacteria,60.06,FP,10.55
NC_002929.2,B. pertussis,Proteobacteria,60.06,TP,-5.0
NC_002929.2,B. pertussis,Proteobacteria,60.06,FP,12.3
NC_002929.2,B. pertussis,Proteobacteria,60.06,FP,11.3
NC_002929.2,B. pertussis,Proteobacteria,60.06,FP,12.133333333333333
NC_002929.2,B. pertussis,Proteobacteria,60.06,FP,13.014285714285714
NC_002929.2,B. pertussis,Proteobacteria,60.06,FP,8.0
NC_002929.2,B. pertussis,Proteobacteria,60.06,TP,-5.0
NC_002929.2,B. pertussis,Proteobacteria,60.06,FP,10.9
NC_002929.2,B. pertussis,Proteobacteria,60.06,FP,7.8
NC_002929.2,B. pertussis,Proteobacteria,60.06,FP,12.4
NC_002929.2,B. pertussis,Proteobacteria,60.06,FP,9.55
NC_002929.2,B. pertussis,Proteobacteria,60.06,FP,9.5
NC_002929.2,B. pertussis,Proteobacteria,60.06,FP,9.3
NC_002929.2,B. pertussis,Proteobacteria,60.06,TP,11.3
NC_002929.2,B. pertussis,Proteobacteria,60.06,FP,9.5
NC_002929.2,B. pertussis,Proteobacteria,60.06,FP,12.466666666666667
NC_002929.2,B. pertussis,Proteobacteria,60.06,FP,10.9
NC_002929.2,B. pertussis,Proteobacteria,60.06,FP,10.5
NC_002929.2,B. pertussis,Proteobacteria,60.06,FP,10.5
NC_002929.2,B. pertussis,Proteobacteria,60.06,FP,11.05
NC_002929.2,B. pertussis,Proteobacteria,60.06,FP,12.05
NC_002929.2,B. pertussis,Proteobacteria,60.06,FP,9.9
NC_002929.2,B. pertussis,Proteobacteria,60.06,FP,10.728571428571428
NC_002929.2,B. pertussis,Proteobacteria,60.06,FP,10.55
NC_002929.2,B. pertussis,Proteobacteria,60.06,FP,10.728571428571428
NC_002929.2,B. pertussis,Proteobacteria,60.06,FP,12.133333333333333
NC_002929.2,B. pertussis,Proteobacteria,60.06,FP,9.0
NC_002929.2,B. pertussis,Proteobacteria,60.06,FP,-5.0
NC_002929.2,B. pertussis,Proteobacteria,60.06,TP,14.3
NC_002929.2,B. pertussis,Proteobacteria,60.06,FP,9.3
NC_002929.2,B. pertussis,Proteobacteria,60.06,FP,10.5
NC_002929.2,B. pertussis,Proteobacteria,60.06,TP,12.466666666666667
NC_002929.2,B. pertussis,Proteobacteria,60.06,TP,11.3
NC_002929.2,B. pertussis,Proteobacteria,60.06,TP,12.514285714285714
NC_002929.2,B. pertussis,Proteobacteria,60.06,FP,12.8
NC_002929.2,B. pertussis,Proteobacteria,60.06,TP,9.633333333333333
NC_002929.2,B. pertussis,Proteobacteria,60.06,TP,14.05
NC_002929.2,B. pertussis,Proteobacteria,60.06,TP,10.8
NC_002929.2,B. pertussis,Proteobacteria,60.06,FP,8.05
NC_002929.2,B. pertussis,Proteobacteria,60.06,FP,12.228571428571428
NC_002929.2,B. pertussis,Proteobacteria,60.06,FP,11.05
NC_002929.2,B. pertussis,Proteobacteria,60.06,FP,11.228571428571428
NC_002929.2,B. pertussis,Proteobacteria,60.06,FP,12.514285714285714
NC_002929.2,B. pertussis,Proteobacteria,60.06,TP,13.728571428571428
NC_002929.2,B. pertussis,Proteobacteria,60.06,FP,-5.0
NC_002929.2,B. pertussis,Proteobacteria,60.06,FP,6.05
NC_002929.2,B. pertussis,Proteobacteria,60.06,FP,7.5
NC_002929.2,B. pertussis,Proteobacteria,60.06,FP,-5.0
NC_002929.2,B. pertussis,Proteobacteria,60.06,FP,11.3
NC_002929.2,B. pertussis,Proteobacteria,60.06,FP,10.5
NC_002929.2,B. pertussis,Proteobacteria,60.06,FP,10.55
NC_002929.2,B. pertussis,Proteobacteria,60.06,FP,9.133333333333333
NC_002929.2,B. pertussis,Proteobacteria,60.06,FP,11.05
NC_002929.2,B. pertussis,Proteobacteria,60.06,FP,9.0
NC_002929.2,B. pertussis,Proteobacteria,60.06,FP,10.633333333333333
NC_002929.2,B. pertussis,Proteobacteria,60.06,FP,12.228571428571428
NC_002929.2,B. pertussis,Proteobacteria,60.06,FP,9.5
NC_002929.2,B. pertussis,Proteobacteria,60.06,FP,9.133333333333333
NC_002929.2,B. pertussis,Proteobacteria,60.06,FP,11.3
NC_002929.2,B. pertussis,Proteobacteria,60.06,FP,11.4
NC_002929.2,B. pertussis,Proteobacteria,60.06,FP,6.3
NC_002929.2,B. pertussis,Proteobacteria,60.06,FP,9.3
NC_002929.2,B. pertussis,Proteobacteria,60.06,FP,12.466666666666667
NC_002929.2,B. pertussis,Proteobacteria,60.06,FP,-5.0
NC_002929.2,B. pertussis,Proteobacteria,60.06,FP,10.55
NC_002929.2,B. pertussis,Proteobacteria,60.06,FP,11.514285714285714
NC_002929.2,B. pertussis,Proteobacteria,60.06,FP,9.5
NC_002929.2,B. pertussis,Proteobacteria,60.06,FP,12.228571428571428
NC_002929.2,B. pertussis,Proteobacteria,60.06,FP,10.8
NC_002929.2,B. pertussis,Proteobacteria,60.06,TP,14.3
NC_002929.2,B. pertussis,Proteobacteria,60.06,TP,11.133333333333333
NC_002929.2,B. pertussis,Proteobacteria,60.06,TP,7.8
NC_002929.2,B. pertussis,Proteobacteria,60.06,FP,10.8
NC_002929.2,B. pertussis,Proteobacteria,60.06,TP,9.966666666666667
NC_002929.2,B. pertussis,Proteobacteria,60.06,FP,11.3
NC_002929.2,B. pertussis,Proteobacteria,60.06,FP,12.466666666666667
NC_002929.2,B. pertussis,Proteobacteria,60.06,TP,12.8
NC_002929.2,B. pertussis,Proteobacteria,60.06,TP,12.8
NC_002929.2,B. pertussis,Proteobacteria,60.06,TP,12.55
NC_002929.2,B. pertussis,Proteobacteria,60.06,FP,13.014285714285714
NC_002929.2,B. pertussis,Proteobacteria,60.06,FP,12.466666666666667
NC_002929.2,B. pertussis,Proteobacteria,60.06,TP,14.3
NC_002929.2,B. pertussis,Proteobacteria,60.06,TP,12.8
NC_002929.2,B. pertussis,Proteobacteria,60.06,FP,11.4
NC_002929.2,B. pertussis,Proteobacteria,60.06,FP,9.8
NC_002929.2,B. pertussis,Proteobacteria,60.06,FP,9.633333333333333
NC_002929.2,B. pertussis,Proteobacteria,60.06,FP,10.8
NC_002929.2,B. pertussis,Proteobacteria,60.06,FP,-5.0
NC_002929.2,B. pertussis,Proteobacteria,60.06,FP,12.133333333333333
NC_002929.2,B. pertussis,Proteobacteria,60.06,TP,12.8
NC_002929.2,B. pertussis,Proteobacteria,60.06,FP,11.3
NC_002929.2,B. pertussis,Proteobacteria,60.06,TP,10.8
NC_002929.2,B. pertussis,Proteobacteria,60.06,FP,10.633333333333333
NC_002929.2,B. pertussis,Proteobacteria,60.06,FP,12.4
NC_002929.2,B. pertussis,Proteobacteria,60.06,FP,7.5
NC_002929.2,B. pertussis,Proteobacteria,60.06,FP,7.5
NC_002929.2,B. pertussis,Proteobacteria,60.06,FP,11.3
NC_002929.2,B. pertussis,Proteobacteria,60.06,FP,-5.0
NC_002929.2,B. pertussis,Proteobacteria,60.06,FP,9.3
NC_002929.2,B. pertussis,Proteobacteria,60.06,FP,9.3
NC_002929.2,B. pertussis,Proteobacteria,60.06,TP,13.728571428571428
NC_002929.2,B. pertussis,Proteobacteria,60.06,FP,7.5
NC_002929.2,B. pertussis,Proteobacteria,60.06,FP,12.4
NC_002929.2,B. pertussis,Proteobacteria,60.06,FP,9.3
NC_002929.2,B. pertussis,Proteobacteria,60.06,TP,12.8
NC_002929.2,B. pertussis,Proteobacteria,60.06,TP,-5.0
NC_002929.2,B. pertussis,Proteobacteria,60.06,TP,10.5
NC_002929.2,B. pertussis,Proteobacteria,60.06,TP,12.8
NC_002929.2,B. pertussis,Proteobacteria,60.06,TP,11.55
NC_002929.2,B. pertussis,Proteobacteria,60.06,TP,14.3
NC_002929.2,B. pertussis,Proteobacteria,60.06,FP,11.4
NC_002929.2,B. pertussis,Proteobacteria,60.06,TP,11.3
NC_002929.2,B. pertussis,Proteobacteria,60.06,TP,14.3
NC_002929.2,B. pertussis,Proteobacteria,60.06,TP,12.8
NC_002929.2,B. pertussis,Proteobacteria,60.06,FP,10.9
NC_002929.2,B. pertussis,Proteobacteria,60.06,TP,12.8
NC_002929.2,B. pertussis,Proteobacteria,60.06,TP,12.8
NC_002929.2,B. pertussis,Proteobacteria,60.06,TP,-5.0
NC_002929.2,B. pertussis,Proteobacteria,60.06,FP,10.8
NC_002929.2,B. pertussis,Proteobacteria,60.06,FP,12.133333333333333
NC_002929.2,B. pertussis,Proteobacteria,60.06,TP,11.3
NC_002929.2,B. pertussis,Proteobacteria,60.06,FP,12.05
NC_002929.2,B. pertussis,Proteobacteria,60.06,TP,10.966666666666667
NC_002929.2,B. pertussis,Proteobacteria,60.06,TP,-5.0
NC_002929.2,B. pertussis,Proteobacteria,60.06,TP,10.3
NC_002929.2,B. pertussis,Proteobacteria,60.06,TP,12.514285714285714
NC_002929.2,B. pertussis,Proteobacteria,60.06,TP,-5.0
NC_002929.2,B. pertussis,Proteobacteria,60.06,FP,7.55
NC_002929.2,B. pertussis,Proteobacteria,60.06,TP,12.8
NC_002929.2,B. pertussis,Proteobacteria,60.06,FP,10.55
NC_002929.2,B. pertussis,Proteobacteria,60.06,FP,10.728571428571428
NC_002929.2,B. pertussis,Proteobacteria,60.06,TP,11.8
NC_002929.2,B. pertussis,Proteobacteria,60.06,TP,15.8
NC_002929.2,B. pertussis,Proteobacteria,60.06,TP,12.8
NC_002929.2,B. pertussis,Proteobacteria,60.06,TP,12.8
NC_002929.2,B. pertussis,Proteobacteria,60.06,TP,9.8
NC_002929.2,B. pertussis,Proteobacteria,60.06,TP,8.3
NC_002929.2,B. pertussis,Proteobacteria,60.06,FP,9.228571428571428
NC_002929.2,B. pertussis,Proteobacteria,60.06,FP,10.8
NC_002929.2,B. pertussis,Proteobacteria,60.06,FP,9.8
NC_002929.2,B. pertussis,Proteobacteria,60.06,TP,12.8
NC_002929.2,B. pertussis,Proteobacteria,60.06,FP,9.228571428571428
NC_002929.2,B. pertussis,Proteobacteria,60.06,TP,10.8
NC_002929.2,B. pertussis,Proteobacteria,60.06,TP,13.3
NC_002929.2,B. pertussis,Proteobacteria,60.06,FP,9.55
NC_002929.2,B. pertussis,Proteobacteria,60.06,TP,14.3
NC_002929.2,B. pertussis,Proteobacteria,60.06,FP,10.8
NC_002929.2,B. pertussis,Proteobacteria,60.06,FP,10.55
NC_002929.2,B. pertussis,Proteobacteria,60.06,FP,9.5
NC_002929.2,B. pertussis,Proteobacteria,60.06,TP,12.8
NC_002929.2,B. pertussis,Proteobacteria,60.06,FP,9.3
NC_002929.2,B. pertussis,Proteobacteria,60.06,FP,11.133333333333333
NC_002929.2,B. pertussis,Proteobacteria,60.06,FP,9.55
NC_002929.2,B. pertussis,Proteobacteria,60.06,TP,8.0
NC_002929.2,B. pertussis,Proteobacteria,60.06,FP,6.0
NC_002929.2,B. pertussis,Proteobacteria,60.06,FP,9.5
NC_002929.2,B. pertussis,Proteobacteria,60.06,FP,10.966666666666667
NC_002929.2,B. pertussis,Proteobacteria,60.06,TP,-5.0
NC_002929.2,B. pertussis,Proteobacteria,60.06,TP,10.633333333333333
NC_002929.2,B. pertussis,Proteobacteria,60.06,FP,9.8
NC_002929.2,B. pertussis,Proteobacteria,60.06,FP,10.9
NC_002929.2,B. pertussis,Proteobacteria,60.06,FP,12.05
NC_002929.2,B. pertussis,Proteobacteria,60.06,FP,8.05
NC_002929.2,B. pertussis,Proteobacteria,60.06,FP,9.5
NC_002929.2,B. pertussis,Proteobacteria,60.06,TP,13.966666666666667
NC_002929.2,B. pertussis,Proteobacteria,60.06,FP,6.0
NC_002929.2,B. pertussis,Proteobacteria,60.06,FP,10.8
NC_002929.2,B. pertussis,Proteobacteria,60.06,FP,8.0
NC_002929.2,B. pertussis,Proteobacteria,60.06,FP,6.3
NC_002929.2,B. pertussis,Proteobacteria,60.06,TP,-5.0
NC_002929.2,B. pertussis,Proteobacteria,60.06,FP,-5.0
NC_002929.2,B. pertussis,Proteobacteria,60.06,TP,12.8
NC_002929.2,B. pertussis,Proteobacteria,60.06,FP,7.5
NC_002929.2,B. pertussis,Proteobacteria,60.06,TP,-5.0
NC_002929.2,B. pertussis,Proteobacteria,60.06,FP,12.3
NC_002929.2,B. pertussis,Proteobacteria,60.06,FP,12.3
NC_002929.2,B. pertussis,Proteobacteria,60.06,TP,14.3
NC_002929.2,B. pertussis,Proteobacteria,60.06,FP,12.228571428571428
NC_002929.2,B. pertussis,Proteobacteria,60.06,FP,-5.0
NC_002929.2,B. pertussis,Proteobacteria,60.06,FP,7.5
NC_002929.2,B. pertussis,Proteobacteria,60.06,FP,-5.0
NC_002929.2,B. pertussis,Proteobacteria,60.06,FP,10.55
NC_002929.2,B. pertussis,Proteobacteria,60.06,FP,11.514285714285714
NC_002929.2,B. pertussis,Proteobacteria,60.06,FP,12.8
NC_002929.2,B. pertussis,Proteobacteria,60.06,TP,10.8
NC_002929.2,B. pertussis,Proteobacteria,60.06,FP,12.8
NC_002929.2,B. pertussis,Proteobacteria,60.06,FP,10.5
NC_002929.2,B. pertussis,Proteobacteria,60.06,TP,12.3
NC_002929.2,B. pertussis,Proteobacteria,60.06,FP,9.633333333333333
NC_002929.2,B. pertussis,Proteobacteria,60.06,FP,7.55
NC_002929.2,B. pertussis,Proteobacteria,60.06,FP,7.5
NC_002929.2,B. pertussis,Proteobacteria,60.06,FP,11.133333333333333
NC_002929.2,B. pertussis,Proteobacteria,60.06,FP,12.8
NC_002929.2,B. pertussis,Proteobacteria,60.06,FP,10.633333333333333
NC_002929.2,B. pertussis,Proteobacteria,60.06,FP,-5.0
NC_002929.2,B. pertussis,Proteobacteria,60.06,FP,13.728571428571428
NC_002929.2,B. pertussis,Proteobacteria,60.06,FP,6.0
NC_002929.2,B. pertussis,Proteobacteria,60.06,FP,7.8
NC_002929.2,B. pertussis,Proteobacteria,60.06,FP,10.633333333333333
NC_002929.2,B. pertussis,Proteobacteria,60.06,FP,6.3
NC_002929.2,B. pertussis,Proteobacteria,60.06,TP,12.8
NC_002929.2,B. pertussis,Proteobacteria,60.06,TP,8.0
NC_002929.2,B. pertussis,Proteobacteria,60.06,FP,12.466666666666667
NC_002929.2,B. pertussis,Proteobacteria,60.06,FP,9.9
NC_002929.2,B. pertussis,Proteobacteria,60.06,TP,10.9
NC_002929.2,B. pertussis,Proteobacteria,60.06,TP,13.728571428571428
NC_002929.2,B. pertussis,Proteobacteria,60.06,TP,11.3
NC_002929.2,B. pertussis,Proteobacteria,60.06,FP,9.0
NC_002929.2,B. pertussis,Proteobacteria,60.06,TP,11.014285714285714
NC_002929.2,B. pertussis,Proteobacteria,60.06,FP,9.0
NC_002929.2,B. pertussis,Proteobacteria,60.06,FP,10.8
NC_002929.2,B. pertussis,Proteobacteria,60.06,FP,10.9
NC_002929.2,B. pertussis,Proteobacteria,60.06,FP,-5.0
NC_002929.2,B. pertussis,Proteobacteria,60.06,FP,12.4
NC_002929.2,B. pertussis,Proteobacteria,60.06,FP,9.8
NC_002929.2,B. pertussis,Proteobacteria,60.06,TP,12.8
NC_002929.2,B. pertussis,Proteobacteria,60.06,FP,12.133333333333333
NC_002929.2,B. pertussis,Proteobacteria,60.06,FP,10.8
NC_002929.2,B. pertussis,Proteobacteria,60.06,FP,9.9
NC_002929.2,B. pertussis,Proteobacteria,60.06,FP,11.014285714285714
NC_002929.2,B. pertussis,Proteobacteria,60.06,TP,14.05
NC_002929.2,B. pertussis,Proteobacteria,60.06,FP,10.55
NC_002929.2,B. pertussis,Proteobacteria,60.06,FP,10.8
NC_002929.2,B. pertussis,Proteobacteria,60.06,TP,12.8
NC_002929.2,B. pertussis,Proteobacteria,60.06,FP,12.466666666666667
NC_002929.2,B. pertussis,Proteobacteria,60.06,FP,9.8
NC_002929.2,B. pertussis,Proteobacteria,60.06,FP,8.3
NC_002929.2,B. pertussis,Proteobacteria,60.06,FP,9.4
NC_002929.2,B. pertussis,Proteobacteria,60.06,FP,9.9
NC_002929.2,B. pertussis,Proteobacteria,60.06,TP,11.05
NC_002929.2,B. pertussis,Proteobacteria,60.06,FP,8.0
NC_002929.2,B. pertussis,Proteobacteria,60.06,FP,12.8
NC_002929.2,B. pertussis,Proteobacteria,60.06,FP,10.633333333333333
NC_002929.2,B. pertussis,Proteobacteria,60.06,TP,-5.0
NC_002929.2,B. pertussis,Proteobacteria,60.06,FP,11.014285714285714
NC_002929.2,B. pertussis,Proteobacteria,60.06,FP,9.0
NC_002929.2,B. pertussis,Proteobacteria,60.06,FP,9.5
NC_002929.2,B. pertussis,Proteobacteria,60.06,FP,10.8
NC_002929.2,B. pertussis,Proteobacteria,60.06,FP,7.633333333333333
NC_002929.2,B. pertussis,Proteobacteria,60.06,FP,12.466666666666667
NC_002929.2,B. pertussis,Proteobacteria,60.06,FP,12.466666666666667
NC_002929.2,B. pertussis,Proteobacteria,60.06,FP,10.3
NC_002929.2,B. pertussis,Proteobacteria,60.06,TP,12.8
NC_002929.2,B. pertussis,Proteobacteria,60.06,TP,-5.0
NC_002929.2,B. pertussis,Proteobacteria,60.06,TP,12.8
NC_002929.2,B. pertussis,Proteobacteria,60.06,FP,11.228571428571428
NC_002929.2,B. pertussis,Proteobacteria,60.06,FP,10.633333333333333
NC_002929.2,B. pertussis,Proteobacteria,60.06,FP,10.9
NC_002929.2,B. pertussis,Proteobacteria,60.06,TP,14.3
NC_002929.2,B. pertussis,Proteobacteria,60.06,TP,-5.0
NC_002929.2,B. pertussis,Proteobacteria,60.06,FP,-5.0
NC_002929.2,B. pertussis,Proteobacteria,60.06,TP,14.3
NC_002929.2,B. pertussis,Proteobacteria,60.06,FP,8.0
NC_002929.2,B. pertussis,Proteobacteria,60.06,TP,12.228571428571428
NC_002929.2,B. pertussis,Proteobacteria,60.06,FP,10.8
NC_002929.2,B. pertussis,Proteobacteria,60.06,FP,10.8
NC_002929.2,B. pertussis,Proteobacteria,60.06,FP,12.4
NC_002929.2,B. pertussis,Proteobacteria,60.06,TP,10.8
NC_002929.2,B. pertussis,Proteobacteria,60.06,TP,7.8
NC_002929.2,B. pertussis,Proteobacteria,60.06,FP,9.9
NC_002929.2,B. pertussis,Proteobacteria,60.06,FP,12.8
NC_002929.2,B. pertussis,Proteobacteria,60.06,FP,10.633333333333333
NC_002929.2,B. pertussis,Proteobacteria,60.06,TP,10.728571428571428
NC_002929.2,B. pertussis,Proteobacteria,60.06,TP,14.3
NC_002929.2,B. pertussis,Proteobacteria,60.06,FP,11.228571428571428
NC_002929.2,B. pertussis,Proteobacteria,60.06,FP,-5.0
NC_002929.2,B. pertussis,Proteobacteria,60.06,TP,9.3
NC_002929.2,B. pertussis,Proteobacteria,60.06,TP,12.8
NC_002929.2,B. pertussis,Proteobacteria,60.06,FP,9.5
NC_002929.2,B. pertussis,Proteobacteria,60.06,FP,11.133333333333333
NC_002929.2,B. pertussis,Proteobacteria,60.06,FP,11.014285714285714
NC_002929.2,B. pertussis,Proteobacteria,60.06,TP,12.4
NC_002929.2,B. pertussis,Proteobacteria,60.06,TP,10.5
NC_002929.2,B. pertussis,Proteobacteria,60.06,TP,14.3
NC_002929.2,B. pertussis,Proteobacteria,60.06,FP,9.9
NC_008818.1,Hyperthermus,Archaea,60.88,TP,11.3
NC_008818.1,Hyperthermus,Archaea,60.88,TP,-5.0
NC_008818.1,Hyperthermus,Archaea,60.88,TP,12.466666666666667
NC_008818.1,Hyperthermus,Archaea,60.88,TP,13.3
NC_008818.1,Hyperthermus,Archaea,60.88,TP,10.55
NC_008818.1,Hyperthermus,Archaea,60.88,TP,11.3
NC_008818.1,Hyperthermus,Archaea,60.88,TP,12.466666666666667
NC_008818.1,Hyperthermus,Archaea,60.88,TP,10.8
NC_008818.1,Hyperthermus,Archaea,60.88,TP,12.8
NC_008818.1,Hyperthermus,Archaea,60.88,TP,14.05
NC_008818.1,Hyperthermus,Archaea,60.88,FP,9.3
NC_008818.1,Hyperthermus,Archaea,60.88,TP,10.9
NC_008818.1,Hyperthermus,Archaea,60.88,TP,9.133333333333333
NC_008818.1,Hyperthermus,Archaea,60.88,TP,12.3
NC_008818.1,Hyperthermus,Archaea,60.88,TP,10.8
NC_008818.1,Hyperthermus,Archaea,60.88,FP,6.5
NC_008818.1,Hyperthermus,Archaea,60.88,TP,10.633333333333333
NC_008818.1,Hyperthermus,Archaea,60.88,TP,12.228571428571428
NC_008818.1,Hyperthermus,Archaea,60.88,TP,10.55
NC_008818.1,Hyperthermus,Archaea,60.88,TP,10.966666666666667
NC_008818.1,Hyperthermus,Archaea,60.88,TP,8.0
NC_008818.1,Hyperthermus,Archaea,60.88,TP,9.0
NC_008818.1,Hyperthermus,Archaea,60.88,TP,14.3
NC_008818.1,Hyperthermus,Archaea,60.88,TP,12.514285714285714
NC_008818.1,Hyperthermus,Archaea,60.88,TP,11.3
NC_008818.1,Hyperthermus,Archaea,60.88,TP,14.05
NC_008818.1,Hyperthermus,Archaea,60.88,TP,11.8
NC_008818.1,Hyperthermus,Archaea,60.88,TP,10.55
NC_008818.1,Hyperthermus,Archaea,60.88,TP,9.4
NC_008818.1,Hyperthermus,Archaea,60.88,TP,13.8
NC_008818.1,Hyperthermus,Archaea,60.88,TP,14.014285714285714
NC_008818.1,Hyperthermus,Archaea,60.88,TP,9.05
NC_008818.1,Hyperthermus,Archaea,60.88,TP,12.55
NC_008818.1,Hyperthermus,Archaea,60.88,TP,15.8
NC_008818.1,Hyperthermus,Archaea,60.88,TP,14.3
NC_008818.1,Hyperthermus,Archaea,60.88,TP,11.4
NC_008818.1,Hyperthermus,Archaea,60.88,TP,12.3
NC_008818.1,Hyperthermus,Archaea,60.88,TP,14.55
NC_008818.1,Hyperthermus,Archaea,60.88,TP,10.633333333333333
NC_008818.1,Hyperthermus,Archaea,60.88,TP,10.966666666666667
NC_008818.1,Hyperthermus,Archaea,60.88,TP,10.9
NC_008818.1,Hyperthermus,Archaea,60.88,TP,11.8
NC_008818.1,Hyperthermus,Archaea,60.88,TP,8.05
NC_008818.1,Hyperthermus,Archaea,60.88,TP,11.3
NC_008818.1,Hyperthermus,Archaea,60.88,TP,12.3
NC_008818.1,Hyperthermus,Archaea,60.88,TP,7.728571428571429
NC_008818.1,Hyperthermus,Archaea,60.88,TP,12.8
NC_008818.1,Hyperthermus,Archaea,60.88,TP,12.8
NC_008818.1,Hyperthermus,Archaea,60.88,TP,12.466666666666667
NC_008818.1,Hyperthermus,Archaea,60.88,TP,8.0
NC_008818.1,Hyperthermus,Archaea,60.88,TP,11.4
NC_008818.1,Hyperthermus,Archaea,60.88,TP,10.966666666666667
NC_008818.1,Hyperthermus,Archaea,60.88,TP,12.55
NC_008818.1,Hyperthermus,Archaea,60.88,FP,10.55
NC_008818.1,Hyperthermus,Archaea,60.88,TP,12.466666666666667
NC_008818.1,Hyperthermus,Archaea,60.88,TP,13.3
NC_008818.1,Hyperthermus,Archaea,60.88,TP,12.466666666666667
NC_008818.1,Hyperthermus,Archaea,60.88,TP,10.8
NC_008818.1,Hyperthermus,Archaea,60.88,TP,10.9
NC_008818.1,Hyperthermus,Archaea,60.88,TP,12.8
NC_008818.1,Hyperthermus,Archaea,60.88,TP,10.8
NC_008818.1,Hyperthermus,Archaea,60.88,FP,8.0
NC_008818.1,Hyperthermus,Archaea,60.88,FP,11.466666666666667
NC_008818.1,Hyperthermus,Archaea,60.88,TP,12.514285714285714
NC_008818.1,Hyperthermus,Archaea,60.88,TP,10.9
NC_008818.1,Hyperthermus,Archaea,60.88,TP,10.8
NC_008818.1,Hyperthermus,Archaea,60.88,FP,12.55
NC_008818.1,Hyperthermus,Archaea,60.88,TP,11.8
NC_008818.1,Hyperthermus,Archaea,60.88,TP,12.514285714285714
NC_008818.1,Hyperthermus,Archaea,60.88,TP,10.8
NC_008818.1,Hyperthermus,Archaea,60.88,TP,8.0
NC_008818.1,Hyperthermus,Archaea,60.88,TP,12.55
NC_008818.1,Hyperthermus,Archaea,60.88,FP,9.05
NC_008818.1,Hyperthermus,Archaea,60.88,TP,9.8
NC_008818.1,Hyperthermus,Archaea,60.88,TP,12.466666666666667
NC_008818.1,Hyperthermus,Archaea,60.88,TP,11.014285714285714
NC_008818.1,Hyperthermus,Archaea,60.88,TP,10.9
NC_008818.1,Hyperthermus,Archaea,60.88,TP,10.8
NC_008818.1,Hyperthermus,Archaea,60.88,TP,6.0
NC_008818.1,Hyperthermus,Archaea,60.88,TP,13.8
NC_008818.1,Hyperthermus,Archaea,60.88,TP,8.0
NC_008818.1,Hyperthermus,Archaea,60.88,TP,10.728571428571428
NC_008818.1,Hyperthermus,Archaea,60.88,TP,-5.0
NC_008818.1,Hyperthermus,Archaea,60.88,TP,7.8
NC_008818.1,Hyperthermus,Archaea,60.88,TP,11.3
NC_008818.1,Hyperthermus,Archaea,60.88,TP,13.966666666666667
NC_008818.1,Hyperthermus,Archaea,60.88,TP,12.55
NC_008818.1,Hyperthermus,Archaea,60.88,TP,11.3
NC_008818.1,Hyperthermus,Archaea,60.88,FP,10.9
NC_008818.1,Hyperthermus,Archaea,60.88,FP,9.8
NC_008818.1,Hyperthermus,Archaea,60.88,TP,12.3
NC_008818.1,Hyperthermus,Archaea,60.88,FP,7.8
NC_008818.1,Hyperthermus,Archaea,60.88,TP,8.0
NC_008818.1,Hyperthermus,Archaea,60.88,TP,14.55
NC_008818.1,Hyperthermus,Archaea,60.88,TP,11.3
NC_008818.1,Hyperthermus,Archaea,60.88,TP,13.8
NC_008818.1,Hyperthermus,Archaea,60.88,TP,11.3
NC_008818.1,Hyperthermus,Archaea,60.88,TP,12.8
NC_008818.1,Hyperthermus,Archaea,60.88,TP,12.3
NC_008818.1,Hyperthermus,Archaea,60.88,TP,11.8
NC_008818.1,Hyperthermus,Archaea,60.88,TP,11.05
NC_008818.1,Hyperthermus,Archaea,60.88,TP,12.8
NC_008818.1,Hyperthermus,Archaea,60.88,TP,10.9
NC_008818.1,Hyperthermus,Archaea,60.88,TP,8.0
NC_008818.1,Hyperthermus,Archaea,60.88,TP,12.8
NC_008818.1,Hyperthermus,Archaea,60.88,FP,7.5
NC_008818.1,Hyperthermus,Archaea,60.88,FP,9.55
NC_008818.1,Hyperthermus,Archaea,60.88,TP,12.3
NC_008818.1,Hyperthermus,Archaea,60.88,TP,12.55
NC_008818.1,Hyperthermus,Archaea,60.88,TP,12.8
NC_008818.1,Hyperthermus,Archaea,60.88,TP,12.55
NC_008818.1,Hyperthermus,Archaea,60.88,TP,8.3
NC_008818.1,Hyperthermus,Archaea,60.88,TP,7.8
NC_008818.1,Hyperthermus,Archaea,60.88,TP,10.633333333333333
NC_008818.1,Hyperthermus,Archaea,60.88,TP,13.8
NC_008818.1,Hyperthermus,Archaea,60.88,TP,12.55
NC_008818.1,Hyperthermus,Archaea,60.88,TP,13.8
NC_008818.1,Hyperthermus,Archaea,60.88,TP,10.8
NC_008818.1,Hyperthermus,Archaea,60.88,TP,10.9
NC_008818.1,Hyperthermus,Archaea,60.88,TP,10.966666666666667
NC_008818.1,Hyperthermus,Archaea,60.88,FP,8.0
NC_008818.1,Hyperthermus,Archaea,60.88,TP,-5.0
NC_008818.1,Hyperthermus,Archaea,60.88,FP,12.55
NC_008818.1,Hyperthermus,Archaea,60.88,FP,4.5
NC_008818.1,Hyperthermus,Archaea,60.88,TP,11.05
NC_008818.1,Hyperthermus,Archaea,60.88,TP,12.4
NC_008818.1,Hyperthermus,Archaea,60.88,TP,-5.0
NC_008818.1,Hyperthermus,Archaea,60.88,FP,10.8
NC_008818.1,Hyperthermus,Archaea,60.88,FP,9.633333333333333
NC_008818.1,Hyperthermus,Archaea,60.88,TP,12.3
NC_008818.1,Hyperthermus,Archaea,60.88,TP,10.55
NC_008818.1,Hyperthermus,Archaea,60.88,FP,9.8
NC_008818.1,Hyperthermus,Archaea,60.88,TP,10.9
NC_008818.1,Hyperthermus,Archaea,60.88,TP,12.466666666666667
NC_008818.1,Hyperthermus,Archaea,60.88,TP,12.4
NC_008818.1,Hyperthermus,Archaea,60.88,TP,12.3
NC_008818.1,Hyperthermus,Archaea,60.88,TP,9.3
NC_008818.1,Hyperthermus,Archaea,60.88,TP,8.0
NC_008818.1,Hyperthermus,Archaea,60.88,FP,9.0
NC_008818.1,Hyperthermus,Archaea,60.88,TP,12.8
NC_008818.1,Hyperthermus,Archaea,60.88,TP,12.8
NC_008818.1,Hyperthermus,Archaea,60.88,TP,10.8
NC_008818.1,Hyperthermus,Archaea,60.88,TP,14.3
NC_008818.1,Hyperthermus,Archaea,60.88,TP,12.514285714285714
NC_008818.1,Hyperthermus,Archaea,60.88,FP,9.8
NC_008818.1,Hyperthermus,Archaea,60.88,TP,10.728571428571428
NC_008818.1,Hyperthermus,Archaea,60.88,TP,10.8
NC_008818.1,Hyperthermus,Archaea,60.88,FP,12.133333333333333
NC_008818.1,Hyperthermus,Archaea,60.88,TP,10.8
NC_008818.1,Hyperthermus,Archaea,60.88,TP,12.55
NC_008818.1,Hyperthermus,Archaea,60.88,TP,12.3
NC_008818.1,Hyperthermus,Archaea,60.88,TP,9.55
NC_008818.1,Hyperthermus,Archaea,60.88,TP,9.55
NC_008818.1,Hyperthermus,Archaea,60.88,TP,11.4
NC_008818.1,Hyperthermus,Archaea,60.88,TP,6.3
NC_008818.1,Hyperthermus,Archaea,60.88,TP,12.3
NC_008818.1,Hyperthermus,Archaea,60.88,TP,12.466666666666667
NC_008818.1,Hyperthermus,Archaea,60.88,FP,10.8
NC_008818.1,Hyperthermus,Archaea,60.88,TP,13.966666666666667
NC_008818.1,Hyperthermus,Archaea,60.88,TP,12.8
NC_008818.1,Hyperthermus,Archaea,60.88,FP,8.0
NC_008818.1,Hyperthermus,Archaea,60.88,TP,12.55
NC_008818.1,Hyperthermus,Archaea,60.88,TP,9.8
NC_008818.1,Hyperthermus,Archaea,60.88,TP,12.8
NC_008818.1,Hyperthermus,Archaea,60.88,TP,12.55
NC_008818.1,Hyperthermus,Archaea,60.88,TP,12.8
NC_008818.1,Hyperthermus,Archaea,60.88,TP,10.55
NC_008818.1,Hyperthermus,Archaea,60.88,FP,11.3
NC_008818.1,Hyperthermus,Archaea,60.88,TP,12.228571428571428
NC_008818.1,Hyperthermus,Archaea,60.88,TP,11.014285714285714
NC_008818.1,Hyperthermus,Archaea,60.88,TP,9.8
NC_008818.1,Hyperthermus,Archaea,60.88,TP,12.55
NC_008818.1,Hyperthermus,Archaea,60.88,TP,10.55
NC_008818.1,Hyperthermus,Archaea,60.88,TP,11.4
NC_008818.1,Hyperthermus,Archaea,60.88,FP,10.8
NC_008818.1,Hyperthermus,Archaea,60.88,TP,-5.0
NC_008818.1,Hyperthermus,Archaea,60.88,TP,14.3
NC_008818.1,Hyperthermus,Archaea,60.88,TP,11.3
NC_008818.1,Hyperthermus,Archaea,60.88,TP,12.3
NC_008818.1,Hyperthermus,Archaea,60.88,TP,12.55
NC_008818.1,Hyperthermus,Archaea,60.88,TP,10.8
NC_008818.1,Hyperthermus,Archaea,60.88,TP,12.8
NC_008818.1,Hyperthermus,Archaea,60.88,TP,14.05
NC_008818.1,Hyperthermus,Archaea,60.88,TP,12.55
NC_008818.1,Hyperthermus,Archaea,60.88,TP,8.3
NC_008818.1,Hyperthermus,Archaea,60.88,TP,11.55
NC_008818.1,Hyperthermus,Archaea,60.88,TP,6.0
NC_008818.1,Hyperthermus,Archaea,60.88,FP,9.55
NC_008818.1,Hyperthermus,Archaea,60.88,FP,11.05
NC_008818.1,Hyperthermus,Archaea,60.88,TP,9.55
NC_008818.1,Hyperthermus,Archaea,60.88,TP,12.514285714285714
NC_008818.1,Hyperthermus,Archaea,60.88,TP,15.8
NC_008818.1,Hyperthermus,Archaea,60.88,TP,9.55
NC_008818.1,Hyperthermus,Archaea,60.88,TP,-5.0
NC_008818.1,Hyperthermus,Archaea,60.88,TP,8.05
NC_008818.1,Hyperthermus,Archaea,60.88,TP,11.466666666666667
NC_008818.1,Hyperthermus,Archaea,60.88,TP,12.514285714285714
NC_008818.1,Hyperthermus,Archaea,60.88,TP,12.514285714285714
NC_008818.1,Hyperthermus,Archaea,60.88,TP,12.466666666666667
NC_008818.1,Hyperthermus,Archaea,60.88,FP,12.3
NC_008818.1,Hyperthermus,Archaea,60.88,TP,14.05
NC_008818.1,Hyperthermus,Archaea,60.88,TP,12.55
NC_008818.1,Hyperthermus,Archaea,60.88,TP,14.014285714285714
NC_008818.1,Hyperthermus,Archaea,60.88,TP,8.3
NC_008818.1,Hyperthermus,Archaea,60.88,TP,12.966666666666667
NC_008818.1,Hyperthermus,Archaea,60.88,TP,11.3
NC_008818.1,Hyperthermus,Archaea,60.88,TP,13.05
NC_008818.1,Hyperthermus,Archaea,60.88,TP,13.966666666666667
NC_008818.1,Hyperthermus,Archaea,60.88,TP,14.3
NC_008818.1,Hyperthermus,Archaea,60.88,TP,14.05
NC_008818.1,Hyperthermus,Archaea,60.88,TP,11.014285714285714
NC_008818.1,Hyperthermus,Archaea,60.88,FP,9.55
NC_008818.1,Hyperthermus,Archaea,60.88,TP,-5.0
NC_008818.1,Hyperthermus,Archaea,60.88,TP,12.55
NC_008818.1,Hyperthermus,Archaea,60.88,TP,8.05
NC_008818.1,Hyperthermus,Archaea,60.88,TP,11.3
NC_008818.1,Hyperthermus,Archaea,60.88,TP,10.9
NC_008818.1,Hyperthermus,Archaea,60.88,TP,12.4
NC_008818.1,Hyperthermus,Archaea,60.88,FP,7.8
NC_008818.1,Hyperthermus,Archaea,60.88,TP,11.3
NC_008818.1,Hyperthermus,Archaea,60.88,TP,9.8
NC_008818.1,Hyperthermus,Archaea,60.88,TP,11.55
NC_008818.1,Hyperthermus,Archaea,60.88,TP,11.014285714285714
NC_008818.1,Hyperthermus,Archaea,60.88,TP,10.9
NC_008818.1,Hyperthermus,Archaea,60.88,TP,13.3
NC_008818.1,Hyperthermus,Archaea,60.88,TP,10.966666666666667
NC_008818.1,Hyperthermus,Archaea,60.88,TP,12.3
NC_008818.1,Hyperthermus,Archaea,60.88,TP,10.8
NC_008818.1,Hyperthermus,Archaea,60.88,TP,12.8
NC_008818.1,Hyperthermus,Archaea,60.88,TP,10.5
NC_008818.1,Hyperthermus,Archaea,60.88,TP,9.55
NC_008818.1,Hyperthermus,Archaea,60.88,TP,12.514285714285714
NC_008818.1,Hyperthermus,Archaea,60.88,TP,12.466666666666667
NC_008818.1,Hyperthermus,Archaea,60.88,FP,10.8
NC_008818.1,Hyperthermus,Archaea,60.88,TP,12.55
NC_008818.1,Hyperthermus,Archaea,60.88,FP,10.8
NC_008818.1,Hyperthermus,Archaea,60.88,TP,9.55
NC_008818.1,Hyperthermus,Archaea,60.88,TP,-5.0
NC_008818.1,Hyperthermus,Archaea,60.88,TP,12.8
NC_008818.1,Hyperthermus,Archaea,60.88,TP,14.3
NC_008818.1,Hyperthermus,Archaea,60.88,TP,8.3
NC_008818.1,Hyperthermus,Archaea,60.88,FP,12.8
NC_008818.1,Hyperthermus,Archaea,60.88,TP,14.3
NC_008818.1,Hyperthermus,Archaea,60.88,TP,10.9
NC_008818.1,Hyperthermus,Archaea,60.88,TP,14.3
NC_008818.1,Hyperthermus,Archaea,60.88,TP,12.55
NC_008818.1,Hyperthermus,Archaea,60.88,TP,9.3
NC_008818.1,Hyperthermus,Archaea,60.88,TP,13.05
NC_008818.1,Hyperthermus,Archaea,60.88,TP,14.3
NC_008818.1,Hyperthermus,Archaea,60.88,TP,12.55
NC_008818.1,Hyperthermus,Archaea,60.88,TP,12.133333333333333
NC_008818.1,Hyperthermus,Archaea,60.88,TP,14.8
NC_008818.1,Hyperthermus,Archaea,60.88,TP,11.514285714285714
NC_008818.1,Hyperthermus,Archaea,60.88,TP,12.228571428571428
NC_008818.1,Hyperthermus,Archaea,60.88,TP,14.8
NC_008818.1,Hyperthermus,Archaea,60.88,TP,12.514285714285714
NC_008818.1,Hyperthermus,Archaea,60.88,TP,14.55
NC_008818.1,Hyperthermus,Archaea,60.88,TP,12.3
NC_008818.1,Hyperthermus,Archaea,60.88,TP,13.3
NC_008818.1,Hyperthermus,Archaea,60.88,TP,14.014285714285714
NC_008818.1,Hyperthermus,Archaea,60.88,TP,9.8
NC_008818.1,Hyperthermus,Archaea,60.88,TP,12.8
NC_008818.1,Hyperthermus,Archaea,60.88,TP,12.466666666666667
NC_008818.1,Hyperthermus,Archaea,60.88,TP,9.55
NC_008818.1,Hyperthermus,Archaea,60.88,TP,11.8
NC_008818.1,Hyperthermus,Archaea,60.88,TP,13.05
NC_008818.1,Hyperthermus,Archaea,60.88,TP,12.514285714285714
NC_008818.1,Hyperthermus,Archaea,60.88,TP,13.966666666666667
NC_008818.1,Hyperthermus,Archaea,60.88,TP,10.633333333333333
NC_008818.1,Hyperthermus,Archaea,60.88,TP,10.8
NC_008818.1,Hyperthermus,Archaea,60.88,FP,-5.0
NC_008818.1,Hyperthermus,Archaea,60.88,TP,12.466666666666667
NC_008818.1,Hyperthermus,Archaea,60.88,TP,10.8
NC_008818.1,Hyperthermus,Archaea,60.88,FP,10.966666666666667
NC_008818.1,Hyperthermus,Archaea,60.88,TP,10.728571428571428
NC_008818.1,Hyperthermus,Archaea,60.88,TP,9.3
NC_008818.1,Hyperthermus,Archaea,60.88,TP,12.55
NC_008818.1,Hyperthermus,Archaea,60.88,TP,10.728571428571428
NC_008818.1,Hyperthermus,Archaea,60.88,TP,10.8
NC_008818.1,Hyperthermus,Archaea,60.88,TP,14.05
NC_008818.1,Hyperthermus,Archaea,60.88,TP,11.05
NC_008818.1,Hyperthermus,Archaea,60.88,TP,14.3
NC_008818.1,Hyperthermus,Archaea,60.88,TP,14.014285714285714
NC_008818.1,Hyperthermus,Archaea,60.88,TP,8.3
NC_008818.1,Hyperthermus,Archaea,60.88,TP,12.55
NC_008818.1,Hyperthermus,Archaea,60.88,FP,11.133333333333333
NC_008818.1,Hyperthermus,Archaea,60.88,TP,10.8
NC_008818.1,Hyperthermus,Archaea,60.88,TP,12.514285714285714
NC_008818.1,Hyperthermus,Archaea,60.88,TP,11.228571428571428
NC_008818.1,Hyperthermus,Archaea,60.88,TP,14.3
NC_008818.1,Hyperthermus,Archaea,60.88,FP,-5.0
NC_008818.1,Hyperthermus,Archaea,60.88,FP,12.228571428571428
NC_008818.1,Hyperthermus,Archaea,60.88,TP,11.55
NC_008818.1,Hyperthermus,Archaea,60.88,TP,13.05
NC_008818.1,Hyperthermus,Archaea,60.88,FP,12.3
NC_008818.1,Hyperthermus,Archaea,60.88,TP,12.3
NC_008818.1,Hyperthermus,Archaea,60.88,FP,10.8
NC_008818.1,Hyperthermus,Archaea,60.88,TP,12.514285714285714
NC_008818.1,Hyperthermus,Archaea,60.88,TP,10.9
NC_008818.1,Hyperthermus,Archaea,60.88,TP,10.966666666666667
NC_008818.1,Hyperthermus,Archaea,60.88,TP,12.466666666666667
NC_008818.1,Hyperthermus,Archaea,60.88,TP,9.8
NC_008818.1,Hyperthermus,Archaea,60.88,FP,-5.0
NC_008818.1,Hyperthermus,Archaea,60.88,TP,10.966666666666667
NC_008818.1,Hyperthermus,Archaea,60.88,TP,14.05
NC_008818.1,Hyperthermus,Archaea,60.88,TP,12.133333333333333
NC_008818.1,Hyperthermus,Archaea,60.88,TP,12.466666666666667
NC_008818.1,Hyperthermus,Archaea,60.88,TP,12.05
NC_008818.1,Hyperthermus,Archaea,60.88,FP,8.3
NC_008818.1,Hyperthermus,Archaea,60.88,TP,10.9
NC_008818.1,Hyperthermus,Archaea,60.88,TP,14.3
NC_008818.1,Hyperthermus,Archaea,60.88,TP,12.55
NC_008818.1,Hyperthermus,Archaea,60.88,TP,14.05
NC_008818.1,Hyperthermus,Archaea,60.88,FP,12.8
NC_008818.1,Hyperthermus,Archaea,60.88,FP,12.05
NC_008818.1,Hyperthermus,Archaea,60.88,TP,10.8
NC_008818.1,Hyperthermus,Archaea,60.88,TP,12.466666666666667
NC_008818.1,Hyperthermus,Archaea,60.88,FP,9.3
NC_008818.1,Hyperthermus,Archaea,60.88,TP,11.3
NC_008818.1,Hyperthermus,Archaea,60.88,TP,12.8
NC_008818.1,Hyperthermus,Archaea,60.88,TP,12.514285714285714
NC_008818.1,Hyperthermus,Archaea,60.88,FP,11.05
NC_008818.1,Hyperthermus,Archaea,60.88,TP,12.466666666666667
NC_008818.1,Hyperthermus,Archaea,60.88,TP,10.8
NC_008818.1,Hyperthermus,Archaea,60.88,TP,12.55
NC_008818.1,Hyperthermus,Archaea,60.88,TP,12.514285714285714
NC_008818.1,Hyperthermus,Archaea,60.88,TP,12.466666666666667
NC_008818.1,Hyperthermus,Archaea,60.88,TP,12.8
NC_008818.1,Hyperthermus,Archaea,60.88,FP,-5.0
NC_008818.1,Hyperthermus,Archaea,60.88,TP,9.55
NC_008818.1,Hyperthermus,Archaea,60.88,TP,10.55
NC_008818.1,Hyperthermus,Archaea,60.88,TP,12.8
NC_008818.1,Hyperthermus,Archaea,60.88,FP,12.55
NC_008818.1,Hyperthermus,Archaea,60.88,TP,11.3
NC_008818.1,Hyperthermus,Archaea,60.88,TP,12.8
NC_008818.1,Hyperthermus,Archaea,60.88,TP,12.466666666666667
NC_008818.1,Hyperthermus,Archaea,60.88,FP,10.3
NC_008818.1,Hyperthermus,Archaea,60.88,FP,10.9
NC_008818.1,Hyperthermus,Archaea,60.88,FP,6.5
NC_008818.1,Hyperthermus,Archaea,60.88,TP,15.55
NC_008818.1,Hyperthermus,Archaea,60.88,TP,12.3
NC_008818.1,Hyperthermus,Archaea,60.88,FP,7.8
NC_008818.1,Hyperthermus,Archaea,60.88,FP,9.3
NC_008818.1,Hyperthermus,Archaea,60.88,FP,7.8
NC_008818.1,Hyperthermus,Archaea,60.88,FP,9.9
NC_008818.1,Hyperthermus,Archaea,60.88,FP,14.3
NC_008818.1,Hyperthermus,Archaea,60.88,TP,10.8
NC_008818.1,Hyperthermus,Archaea,60.88,TP,13.05
NC_008818.1,Hyperthermus,Archaea,60.88,FP,-5.0
NC_008818.1,Hyperthermus,Archaea,60.88,TP,12.4
NC_008818.1,Hyperthermus,Archaea,60.88,TP,12.514285714285714
NC_008818.1,Hyperthermus,Archaea,60.88,TP,12.514285714285714
NC_008818.1,Hyperthermus,Archaea,60.88,TP,9.55
NC_008818.1,Hyperthermus,Archaea,60.88,FP,13.966666666666667
NC_008818.1,Hyperthermus,Archaea,60.88,TP,12.466666666666667
NC_008818.1,Hyperthermus,Archaea,60.88,TP,13.8
NC_008818.1,Hyperthermus,Archaea,60.88,FP,9.8
NC_008818.1,Hyperthermus,Archaea,60.88,FP,10.8
NC_008818.1,Hyperthermus,Archaea,60.88,TP,11.55
NC_008818.1,Hyperthermus,Archaea,60.88,FP,11.3
NC_008818.1,Hyperthermus,Archaea,60.88,FP,8.0
NC_008818.1,Hyperthermus,Archaea,60.88,TP,10.966666666666667
NC_008818.1,Hyperthermus,Archaea,60.88,FP,9.8
NC_008818.1,Hyperthermus,Archaea,60.88,FP,9.8
NC_008818.1,Hyperthermus,Archaea,60.88,FP,11.3
NC_008818.1,Hyperthermus,Archaea,60.88,TP,12.466666666666667
NC_008818.1,Hyperthermus,Archaea,60.88,TP,10.55
NC_008818.1,Hyperthermus,Archaea,60.88,TP,12.466666666666667
NC_008818.1,Hyperthermus,Archaea,60.88,TP,10.8
NC_008818.1,Hyperthermus,Archaea,60.88,FP,9.3
NC_008818.1,Hyperthermus,Archaea,60.88,FP,-5.0
NC_008818.1,Hyperthermus,Archaea,60.88,TP,9.3
NC_008818.1,Hyperthermus,Archaea,60.88,FP,9.0
NC_008818.1,Hyperthermus,Archaea,60.88,TP,11.05
NC_008818.1,Hyperthermus,Archaea,60.88,TP,14.3
NC_008818.1,Hyperthermus,Archaea,60.88,FP,9.55
NC_008818.1,Hyperthermus,Archaea,60.88,FP,9.133333333333333
NC_008818.1,Hyperthermus,Archaea,60.88,FP,14.3
NC_008818.1,Hyperthermus,Archaea,60.88,TP,12.133333333333333
NC_008818.1,Hyperthermus,Archaea,60.88,FP,10.55
NC_008818.1,Hyperthermus,Archaea,60.88,TP,10.55
NC_008818.1,Hyperthermus,Archaea,60.88,TP,12.3
NC_008818.1,Hyperthermus,Archaea,60.88,TP,9.0
NC_008818.1,Hyperthermus,Archaea,60.88,TP,15.8
NC_008818.1,Hyperthermus,Archaea,60.88,TP,10.3
NC_008818.1,Hyperthermus,Archaea,60.88,FP,10.3
NC_008818.1,Hyperthermus,Archaea,60.88,TP,13.3
NC_008818.1,Hyperthermus,Archaea,60.88,TP,10.966666666666667
NC_008818.1,Hyperthermus,Archaea,60.88,FP,11.3
NC_008818.1,Hyperthermus,Archaea,60.88,TP,12.3
NC_008818.1,Hyperthermus,Archaea,60.88,TP,13.8
NC_008818.1,Hyperthermus,Archaea,60.88,TP,12.8
NC_008818.1,Hyperthermus,Archaea,60.88,TP,12.514285714285714
NC_008818.1,Hyperthermus,Archaea,60.88,TP,12.3
NC_008818.1,Hyperthermus,Archaea,60.88,FP,12.8
NC_008818.1,Hyperthermus,Archaea,60.88,TP,12.514285714285714
NC_008818.1,Hyperthermus,Archaea,60.88,TP,9.55
NC_008818.1,Hyperthermus,Archaea,60.88,TP,12.3
NC_008818.1,Hyperthermus,Archaea,60.88,TP,12.8
NC_008818.1,Hyperthermus,Archaea,60.88,TP,12.3
NC_008818.1,Hyperthermus,Archaea,60.88,FP,10.55
NC_008818.1,Hyperthermus,Archaea,60.88,FP,9.8
NC_008818.1,Hyperthermus,Archaea,60.88,TP,13.05
NC_008818.1,Hyperthermus,Archaea,60.88,TP,11.55
NC_008818.1,Hyperthermus,Archaea,60.88,TP,12.228571428571428
NC_008818.1,Hyperthermus,Archaea,60.88,TP,11.466666666666667
NC_008818.1,Hyperthermus,Archaea,60.88,TP,10.633333333333333
NC_008818.1,Hyperthermus,Archaea,60.88,TP,12.55
NC_008818.1,Hyperthermus,Archaea,60.88,FP,14.3
NC_008818.1,Hyperthermus,Archaea,60.88,FP,10.633333333333333
NC_008818.1,Hyperthermus,Archaea,60.88,TP,11.05
NC_008818.1,Hyperthermus,Archaea,60.88,FP,9.8
NC_008818.1,Hyperthermus,Archaea,60.88,TP,10.55
NC_008818.1,Hyperthermus,Archaea,60.88,TP,10.5
NC_008818.1,Hyperthermus,Archaea,60.88,FP,10.966666666666667
NC_008818.1,Hyperthermus,Archaea,60.88,TP,11.3
NC_008818.1,Hyperthermus,Archaea,60.88,TP,10.633333333333333
NC_008818.1,Hyperthermus,Archaea,60.88,FP,11.3
NC_008818.1,Hyperthermus,Archaea,60.88,FP,12.228571428571428
NC_008818.1,Hyperthermus,Archaea,60.88,TP,14.014285714285714
NC_008818.1,Hyperthermus,Archaea,60.88,TP,11.3
NC_008818.1,Hyperthermus,Archaea,60.88,TP,14.3
NC_008818.1,Hyperthermus,Archaea,60.88,FP,12.228571428571428
NC_008818.1,Hyperthermus,Archaea,60.88,FP,14.3
NC_008818.1,Hyperthermus,Archaea,60.88,FP,9.3
NC_008818.1,Hyperthermus,Archaea,60.88,TP,14.8
NC_008818.1,Hyperthermus,Archaea,60.88,FP,12.133333333333333
NC_008818.1,Hyperthermus,Archaea,60.88,FP,12.4
NC_008818.1,Hyperthermus,Archaea,60.88,TP,12.514285714285714
NC_008818.1,Hyperthermus,Archaea,60.88,FP,10.5
NC_008818.1,Hyperthermus,Archaea,60.88,TP,12.3
NC_008818.1,Hyperthermus,Archaea,60.88,TP,11.05
NC_008818.1,Hyperthermus,Archaea,60.88,TP,13.014285714285714
NC_008818.1,Hyperthermus,Archaea,60.88,TP,12.3
NC_008818.1,Hyperthermus,Archaea,60.88,TP,12.05
NC_008818.1,Hyperthermus,Archaea,60.88,FP,10.633333333333333
NC_008818.1,Hyperthermus,Archaea,60.88,TP,14.55
NC_008818.1,Hyperthermus,Archaea,60.88,TP,13.966666666666667
NC_008818.1,Hyperthermus,Archaea,60.88,TP,10.8
NC_008818.1,Hyperthermus,Archaea,60.88,FP,14.3
NC_008818.1,Hyperthermus,Archaea,60.88,FP,-5.0
NC_008818.1,Hyperthermus,Archaea,60.88,FP,13.05
NC_008818.1,Hyperthermus,Archaea,60.88,FP,9.8
NC_008818.1,Hyperthermus,Archaea,60.88,FP,8.0
NC_008818.1,Hyperthermus,Archaea,60.88,TP,12.8
NC_008818.1,Hyperthermus,Archaea,60.88,TP,12.228571428571428
NC_008818.1,Hyperthermus,Archaea,60.88,TP,14.3
NC_008818.1,Hyperthermus,Archaea,60.88,TP,12.55
NC_008818.1,Hyperthermus,Archaea,60.88,TP,10.966666666666667
NC_008818.1,Hyperthermus,Archaea,60.88,TP,10.8
NC_008818.1,Hyperthermus,Archaea,60.88,TP,12.4
NC_008818.1,Hyperthermus,Archaea,60.88,TP,10.9
NC_008818.1,Hyperthermus,Archaea,60.88,TP,12.55
NC_008818.1,Hyperthermus,Archaea,60.88,FP,9.8
NC_008818.1,Hyperthermus,Archaea,60.88,TP,12.466666666666667
NC_008818.1,Hyperthermus,Archaea,60.88,TP,12.3
NC_008818.1,Hyperthermus,Archaea,60.88,TP,11.55
NC_008818.1,Hyperthermus,Archaea,60.88,TP,12.514285714285714
NC_008818.1,Hyperthermus,Archaea,60.88,TP,12.8
NC_008818.1,Hyperthermus,Archaea,60.88,FP,12.4
NC_008818.1,Hyperthermus,Archaea,60.88,TP,12.8
NC_008818.1,Hyperthermus,Archaea,60.88,TP,8.0
NC_008818.1,Hyperthermus,Archaea,60.88,TP,14.05
NC_008818.1,Hyperthermus,Archaea,60.88,TP,10.9
NC_008818.1,Hyperthermus,Archaea,60.88,FP,10.3
NC_008818.1,Hyperthermus,Archaea,60.88,TP,13.3
NC_008818.1,Hyperthermus,Archaea,60.88,FP,10.9
NC_008818.1,Hyperthermus,Archaea,60.88,TP,15.55
NC_008818.1,Hyperthermus,Archaea,60.88,TP,11.3
NC_008818.1,Hyperthermus,Archaea,60.88,TP,14.05
NC_008818.1,Hyperthermus,Archaea,60.88,FP,-5.0
NC_008818.1,Hyperthermus,Archaea,60.88,FP,10.3
NC_008818.1,Hyperthermus,Archaea,60.88,FP,-5.0
NC_008818.1,Hyperthermus,Archaea,60.88,TP,12.8
NC_008818.1,Hyperthermus,Archaea,60.88,TP,12.466666666666667
NC_008818.1,Hyperthermus,Archaea,60.88,TP,12.228571428571428
NC_008818.1,Hyperthermus,Archaea,60.88,TP,12.8
NC_008818.1,Hyperthermus,Archaea,60.88,TP,10.9
NC_008818.1,Hyperthermus,Archaea,60.88,TP,12.4
NC_008818.1,Hyperthermus,Archaea,60.88,TP,12.8
NC_008818.1,Hyperthermus,Archaea,60.88,FP,9.633333333333333
NC_008818.1,Hyperthermus,Archaea,60.88,TP,12.466666666666667
NC_008818.1,Hyperthermus,Archaea,60.88,FP,10.8
NC_008818.1,Hyperthermus,Archaea,60.88,TP,12.466666666666667
NC_008818.1,Hyperthermus,Archaea,60.88,FP,9.633333333333333
NC_008818.1,Hyperthermus,Archaea,60.88,TP,12.3
NC_008818.1,Hyperthermus,Archaea,60.88,FP,13.8
NC_008818.1,Hyperthermus,Archaea,60.88,FP,12.966666666666667
NC_008818.1,Hyperthermus,Archaea,60.88,FP,9.0
NC_008818.1,Hyperthermus,Archaea,60.88,FP,9.0
NC_008818.1,Hyperthermus,Archaea,60.88,TP,14.3
NC_008818.1,Hyperthermus,Archaea,60.88,FP,12.8
NC_008818.1,Hyperthermus,Archaea,60.88,TP,12.05
NC_008818.1,Hyperthermus,Archaea,60.88,TP,14.3
NC_008818.1,Hyperthermus,Archaea,60.88,FP,12.8
NC_008818.1,Hyperthermus,Archaea,60.88,TP,10.55
NC_008818.1,Hyperthermus,Archaea,60.88,TP,14.014285714285714
NC_008818.1,Hyperthermus,Archaea,60.88,FP,11.3
NC_008818.1,Hyperthermus,Archaea,60.88,TP,12.8
NC_008818.1,Hyperthermus,Archaea,60.88,TP,12.514285714285714
NC_008818.1,Hyperthermus,Archaea,60.88,FP,9.0
NC_008818.1,Hyperthermus,Archaea,60.88,TP,12.8
NC_008818.1,Hyperthermus,Archaea,60.88,TP,14.05
NC_008818.1,Hyperthermus,Archaea,60.88,TP,12.55
NC_008818.1,Hyperthermus,Archaea,60.88,TP,12.466666666666667
NC_008818.1,Hyperthermus,Archaea,60.88,TP,14.014285714285714
NC_008818.1,Hyperthermus,Archaea,60.88,TP,10.8
NC_008818.1,Hyperthermus,Archaea,60.88,TP,12.8
NC_008818.1,Hyperthermus,Archaea,60.88,TP,10.9
NC_008818.1,Hyperthermus,Archaea,60.88,TP,13.8
NC_008818.1,Hyperthermus,Archaea,60.88,TP,10.55
NC_008818.1,Hyperthermus,Archaea,60.88,TP,12.3
NC_008818.1,Hyperthermus,Archaea,60.88,TP,12.8
NC_008818.1,Hyperthermus,Archaea,60.88,TP,9.8
NC_008818.1,Hyperthermus,Archaea,60.88,TP,12.8
NC_008818.1,Hyperthermus,Archaea,60.88,TP,14.8
NC_008818.1,Hyperthermus,Archaea,60.88,FP,12.133333333333333
NC_008818.1,Hyperthermus,Archaea,60.88,TP,10.55
NC_008818.1,Hyperthermus,Archaea,60.88,FP,8.0
NC_008818.1,Hyperthermus,Archaea,60.88,TP,11.3
NC_008818.1,Hyperthermus,Archaea,60.88,TP,11.55
NC_008818.1,Hyperthermus,Archaea,60.88,TP,9.55
NC_008818.1,Hyperthermus,Archaea,60.88,FP,9.9
NC_008818.1,Hyperthermus,Archaea,60.88,FP,6.3
NC_008818.1,Hyperthermus,Archaea,60.88,TP,12.8
NC_008818.1,Hyperthermus,Archaea,60.88,TP,14.05
NC_008818.1,Hyperthermus,Archaea,60.88,TP,15.8
NC_008818.1,Hyperthermus,Archaea,60.88,FP,7.5
NC_008818.1,Hyperthermus,Archaea,60.88,TP,12.4
NC_008818.1,Hyperthermus,Archaea,60.88,TP,14.05
NC_008818.1,Hyperthermus,Archaea,60.88,TP,10.8
NC_008818.1,Hyperthermus,Archaea,60.88,TP,11.228571428571428
NC_008818.1,Hyperthermus,Archaea,60.88,TP,11.3
NC_008818.1,Hyperthermus,Archaea,60.88,TP,12.8
NC_008818.1,Hyperthermus,Archaea,60.88,FP,11.3
NC_008818.1,Hyperthermus,Archaea,60.88,TP,12.228571428571428
NC_008818.1,Hyperthermus,Archaea,60.88,TP,12.8
NC_008818.1,Hyperthermus,Archaea,60.88,TP,14.014285714285714
NC_008818.1,Hyperthermus,Archaea,60.88,FP,11.3
NC_008818.1,Hyperthermus,Archaea,60.88,FP,11.3
NC_008818.1,Hyperthermus,Archaea,60.88,TP,12.8
NC_008818.1,Hyperthermus,Archaea,60.88,TP,12.466666666666667
NC_008818.1,Hyperthermus,Archaea,60.88,TP,10.728571428571428
NC_008818.1,Hyperthermus,Archaea,60.88,FP,-5.0
NC_008818.1,Hyperthermus,Archaea,60.88,TP,11.228571428571428
NC_008818.1,Hyperthermus,Archaea,60.88,FP,12.8
NC_008818.1,Hyperthermus,Archaea,60.88,FP,9.8
NC_008818.1,Hyperthermus,Archaea,60.88,TP,10.728571428571428
NC_008818.1,Hyperthermus,Archaea,60.88,TP,11.05
NC_008818.1,Hyperthermus,Archaea,60.88,FP,10.5
NC_008818.1,Hyperthermus,Archaea,60.88,TP,14.05
NC_008818.1,Hyperthermus,Archaea,60.88,TP,12.514285714285714
NC_008268.1,Rhodococcus,Actinobacteria,65.34,TP,9.9
NC_008268.1,Rhodococcus,Actinobacteria,65.34,TP,-5.0
NC_008268.1,Rhodococcus,Actinobacteria,65.34,TP,12.8
NC_008268.1,Rhodococcus,Actinobacteria,65.34,TP,11.133333333333333
NC_008268.1,Rhodococcus,Actinobacteria,65.34,TP,14.3
NC_008268.1,Rhodococcus,Actinobacteria,65.34,TP,-5.0
NC_008268.1,Rhodococcus,Actinobacteria,65.34,TP,9.8
NC_008268.1,Rhodococcus,Actinobacteria,65.34,TP,9.133333333333333
NC_008268.1,Rhodococcus,Actinobacteria,65.34,TP,15.8
NC_008268.1,Rhodococcus,Actinobacteria,65.34,TP,12.466666666666667
NC_008268.1,Rhodococcus,Actinobacteria,65.34,TP,8.0
NC_008268.1,Rhodococcus,Actinobacteria,65.34,FP,10.5
NC_008268.1,Rhodococcus,Actinobacteria,65.34,TP,11.3
NC_008268.1,Rhodococcus,Actinobacteria,65.34,TP,8.3
NC_008268.1,Rhodococcus,Actinobacteria,65.34,TP,8.3
NC_008268.1,Rhodococcus,Actinobacteria,65.34,TP,10.966666666666667
NC_008268.1,Rhodococcus,Actinobacteria,65.34,TP,10.55
NC_008268.1,Rhodococcus,Actinobacteria,65.34,FP,12.466666666666667
NC_008268.1,Rhodococcus,Actinobacteria,65.34,TP,12.514285714285714
NC_008268.1,Rhodococcus,Actinobacteria,65.34,TP,6.0
NC_008268.1,Rhodococcus,Actinobacteria,65.34,TP,10.8
NC_008268.1,Rhodococcus,Actinobacteria,65.34,TP,15.8
NC_008268.1,Rhodococcus,Actinobacteria,65.34,TP,9.3
NC_008268.1,Rhodococcus,Actinobacteria,65.34,TP,15.8
NC_008268.1,Rhodococcus,Actinobacteria,65.34,TP,9.5
NC_008268.1,Rhodococcus,Actinobacteria,65.34,FP,10.633333333333333
NC_008268.1,Rhodococcus,Actinobacteria,65.34,FP,12.8
NC_008268.1,Rhodococcus,Actinobacteria,65.34,TP,10.633333333333333
NC_008268.1,Rhodococcus,Actinobacteria,65.34,TP,13.8
NC_008268.1,Rhodococcus,Actinobacteria,65.34,TP,14.3
NC_008268.1,Rhodococcus,Actinobacteria,65.34,TP,12.8
NC_008268.1,Rhodococcus,Actinobacteria,65.34,TP,10.8
NC_008268.1,Rhodococcus,Actinobacteria,65.34,TP,-5.0
NC_008268.1,Rhodococcus,Actinobacteria,65.34,TP,10.8
NC_008268.1,Rhodococcus,Actinobacteria,65.34,TP,12.133333333333333
NC_008268.1,Rhodococcus,Actinobacteria,65.34,TP,14.3
NC_008268.1,Rhodococcus,Actinobacteria,65.34,FP,9.5
NC_008268.1,Rhodococcus,Actinobacteria,65.34,TP,12.8
NC_008268.1,Rhodococcus,Actinobacteria,65.34,TP,12.133333333333333
NC_008268.1,Rhodococcus,Actinobacteria,65.34,TP,12.228571428571428
NC_008268.1,Rhodococcus,Actinobacteria,65.34,TP,14.05
NC_008268.1,Rhodococcus,Actinobacteria,65.34,TP,11.133333333333333
NC_008268.1,Rhodococcus,Actinobacteria,65.34,TP,11.4
NC_008268.1,Rhodococcus,Actinobacteria,65.34,TP,14.3
NC_008268.1,Rhodococcus,Actinobacteria,65.34,FP,8.3
NC_008268.1,Rhodococcus,Actinobacteria,65.34,TP,8.133333333333333
NC_008268.1,Rhodococcus,Actinobacteria,65.34,TP,12.466666666666667
NC_008268.1,Rhodococcus,Actinobacteria,65.34,TP,14.3
NC_008268.1,Rhodococcus,Actinobacteria,65.34,TP,11.3
NC_008268.1,Rhodococcus,Actinobacteria,65.34,TP,14.05
NC_008268.1,Rhodococcus,Actinobacteria,65.34,TP,13.014285714285714
NC_008268.1,Rhodococcus,Actinobacteria,65.34,TP,14.3
NC_008268.1,Rhodococcus,Actinobacteria,65.34,FP,9.3
NC_008268.1,Rhodococcus,Actinobacteria,65.34,FP,8.0
NC_008268.1,Rhodococcus,Actinobacteria,65.34,TP,9.05
NC_008268.1,Rhodococcus,Actinobacteria,65.34,FP,9.8
NC_008268.1,Rhodococcus,Actinobacteria,65.34,TP,11.55
NC_008268.1,Rhodococcus,Actinobacteria,65.34,FP,12.3
NC_008268.1,Rhodococcus,Actinobacteria,65.34,TP,12.55
NC_008268.1,Rhodococcus,Actinobacteria,65.34,TP,10.633333333333333
NC_008268.1,Rhodococcus,Actinobacteria,65.34,TP,15.8
NC_008268.1,Rhodococcus,Actinobacteria,65.34,FP,10.8
NC_008268.1,Rhodococcus,Actinobacteria,65.34,TP,11.3
NC_008268.1,Rhodococcus,Actinobacteria,65.34,FP,-5.0
NC_008268.1,Rhodococcus,Actinobacteria,65.34,TP,10.5
NC_008268.1,Rhodococcus,Actinobacteria,65.34,TP,9.55
NC_008268.1,Rhodococcus,Actinobacteria,65.34,TP,14.014285714285714
NC_008268.1,Rhodococcus,Actinobacteria,65.34,FP,10.8
NC_008268.1,Rhodococcus,Actinobacteria,65.34,FP,9.133333333333333
NC_008268.1,Rhodococcus,Actinobacteria,65.34,TP,10.8
NC_008268.1,Rhodococcus,Actinobacteria,65.34,TP,10.55
NC_008268.1,Rhodococcus,Actinobacteria,65.34,TP,10.8
NC_008268.1,Rhodococcus,Actinobacteria,65.34,TP,12.514285714285714
NC_008268.1,Rhodococcus,Actinobacteria,65.34,TP,15.8
NC_008268.1,Rhodococcus,Actinobacteria,65.34,TP,6.3
NC_008268.1,Rhodococcus,Actinobacteria,65.34,FP,14.3
NC_008268.1,Rhodococcus,Actinobacteria,65.34,TP,14.014285714285714
NC_008268.1,Rhodococcus,Actinobacteria,65.34,TP,12.3
NC_008268.1,Rhodococcus,Actinobacteria,65.34,TP,9.8
NC_008268.1,Rhodococcus,Actinobacteria,65.34,TP,9.3
NC_008268.1,Rhodococcus,Actinobacteria,65.34,TP,10.966666666666667
NC_008268.1,Rhodococcus,Actinobacteria,65.34,TP,7.8
NC_008268.1,Rhodococcus,Actinobacteria,65.34,FP,12.514285714285714
NC_008268.1,Rhodococcus,Actinobacteria,65.34,TP,14.3
NC_008268.1,Rhodococcus,Actinobacteria,65.34,TP,15.55
NC_008268.1,Rhodococcus,Actinobacteria,65.34,FP,9.3
NC_008268.1,Rhodococcus,Actinobacteria,65.34,TP,12.8
NC_008268.1,Rhodococcus,Actinobacteria,65.34,TP,12.55
NC_008268.1,Rhodococcus,Actinobacteria,65.34,TP,14.3
NC_008268.1,Rhodococcus,Actinobacteria,65.34,TP,10.8
NC_008268.1,Rhodococcus,Actinobacteria,65.34,TP,14.05
NC_008268.1,Rhodococcus,Actinobacteria,65.34,TP,9.8
NC_008268.1,Rhodococcus,Actinobacteria,65.34,TP,9.728571428571428
NC_008268.1,Rhodococcus,Actinobacteria,65.34,TP,9.0
NC_008268.1,Rhodococcus,Actinobacteria,65.34,TP,11.3
NC_008268.1,Rhodococcus,Actinobacteria,65.34,TP,15.8
NC_008268.1,Rhodococcus,Actinobacteria,65.34,TP,10.8
NC_008268.1,Rhodococcus,Actinobacteria,65.34,TP,9.8
NC_008268.1,Rhodococcus,Actinobacteria,65.34,FP,6.0
NC_008268.1,Rhodococcus,Actinobacteria,65.34,TP,11.3
NC_008268.1,Rhodococcus,Actinobacteria,65.34,FP,-5.0
NC_008268.1,Rhodococcus,Actinobacteria,65.34,TP,12.3
NC_008268.1,Rhodococcus,Actinobacteria,65.34,FP,10.633333333333333
NC_008268.1,Rhodococcus,Actinobacteria,65.34,FP,4.5
NC_008268.1,Rhodococcus,Actinobacteria,65.34,TP,11.3
NC_008268.1,Rhodococcus,Actinobacteria,65.34,TP,14.8
NC_008268.1,Rhodococcus,Actinobacteria,65.34,FP,10.5
NC_008268.1,Rhodococcus,Actinobacteria,65.34,FP,10.9
NC_008268.1,Rhodococcus,Actinobacteria,65.34,FP,10.9
NC_008268.1,Rhodococcus,Actinobacteria,65.34,TP,12.8
NC_008268.1,Rhodococcus,Actinobacteria,65.34,TP,9.3
NC_008268.1,Rhodococcus,Actinobacteria,65.34,TP,10.8
NC_008268.1,Rhodococcus,Actinobacteria,65.34,TP,9.9
NC_008268.1,Rhodococcus,Actinobacteria,65.34,TP,9.0
NC_008268.1,Rhodococcus,Actinobacteria,65.34,FP,9.05
NC_008268.1,Rhodococcus,Actinobacteria,65.34,TP,9.0
NC_008268.1,Rhodococcus,Actinobacteria,65.34,FP,10.55
NC_008268.1,Rhodococcus,Actinobacteria,65.34,TP,14.3
NC_008268.1,Rhodococcus,Actinobacteria,65.34,TP,12.514285714285714
NC_008268.1,Rhodococcus,Actinobacteria,65.34,TP,6.0
NC_008268.1,Rhodococcus,Actinobacteria,65.34,FP,4.5
NC_008268.1,Rhodococcus,Actinobacteria,65.34,FP,4.5
NC_008268.1,Rhodococcus,Actinobacteria,65.34,FP,9.8
NC_008268.1,Rhodococcus,Actinobacteria,65.34,FP,-5.0
NC_008268.1,Rhodococcus,Actinobacteria,65.34,TP,7.633333333333333
NC_008268.1,Rhodococcus,Actinobacteria,65.34,TP,11.3
NC_008268.1,Rhodococcus,Actinobacteria,65.34,FP,9.3
NC_008268.1,Rhodococcus,Actinobacteria,65.34,FP,14.3
NC_008268.1,Rhodococcus,Actinobacteria,65.34,TP,9.133333333333333
NC_008268.1,Rhodococcus,Actinobacteria,65.34,TP,12.55
NC_008268.1,Rhodococcus,Actinobacteria,65.34,FP,10.8
NC_008268.1,Rhodococcus,Actinobacteria,65.34,TP,-5.0
NC_008268.1,Rhodococcus,Actinobacteria,65.34,TP,-5.0
NC_008268.1,Rhodococcus,Actinobacteria,65.34,TP,10.9
NC_008268.1,Rhodococcus,Actinobacteria,65.34,TP,14.3
NC_008268.1,Rhodococcus,Actinobacteria,65.34,TP,12.8
NC_008268.1,Rhodococcus,Actinobacteria,65.34,TP,12.133333333333333
NC_008268.1,Rhodococcus,Actinobacteria,65.34,TP,12.8
NC_008268.1,Rhodococcus,Actinobacteria,65.34,TP,8.0
NC_008268.1,Rhodococcus,Actinobacteria,65.34,FP,12.4
NC_008268.1,Rhodococcus,Actinobacteria,65.34,TP,12.8
NC_008268.1,Rhodococcus,Actinobacteria,65.34,TP,12.228571428571428
NC_008268.1,Rhodococcus,Actinobacteria,65.34,TP,12.133333333333333
NC_008268.1,Rhodococcus,Actinobacteria,65.34,TP,12.4
NC_008268.1,Rhodococcus,Actinobacteria,65.34,FP,11.3
NC_008268.1,Rhodococcus,Actinobacteria,65.34,TP,10.8
NC_008268.1,Rhodococcus,Actinobacteria,65.34,TP,12.05
NC_008268.1,Rhodococcus,Actinobacteria,65.34,TP,11.3
NC_008268.1,Rhodococcus,Actinobacteria,65.34,FP,14.3
NC_008268.1,Rhodococcus,Actinobacteria,65.34,TP,12.8
NC_008268.1,Rhodococcus,Actinobacteria,65.34,TP,14.3
NC_008268.1,Rhodococcus,Actinobacteria,65.34,FP,7.55
NC_008268.1,Rhodococcus,Actinobacteria,65.34,FP,8.0
NC_008268.1,Rhodococcus,Actinobacteria,65.34,TP,10.8
NC_008268.1,Rhodococcus,Actinobacteria,65.34,FP,9.3
NC_008268.1,Rhodococcus,Actinobacteria,65.34,TP,12.3
NC_008268.1,Rhodococcus,Actinobacteria,65.34,FP,10.8
NC_008268.1,Rhodococcus,Actinobacteria,65.34,TP,14.05
NC_008268.1,Rhodococcus,Actinobacteria,65.34,TP,12.8
NC_008268.1,Rhodococcus,Actinobacteria,65.34,TP,10.55
NC_008268.1,Rhodococcus,Actinobacteria,65.34,TP,12.966666666666667
NC_008268.1,Rhodococcus,Actinobacteria,65.34,FP,12.55
NC_008268.1,Rhodococcus,Actinobacteria,65.34,TP,12.8
NC_008268.1,Rhodococcus,Actinobacteria,65.34,TP,13.3
NC_008268.1,Rhodococcus,Actinobacteria,65.34,TP,-5.0
NC_008268.1,Rhodococcus,Actinobacteria,65.34,TP,-5.0
NC_008268.1,Rhodococcus,Actinobacteria,65.34,TP,12.466666666666667
NC_008268.1,Rhodococcus,Actinobacteria,65.34,TP,13.05
NC_008268.1,Rhodococcus,Actinobacteria,65.34,FP,12.4
NC_008268.1,Rhodococcus,Actinobacteria,65.34,TP,14.3
NC_008268.1,Rhodococcus,Actinobacteria,65.34,TP,12.8
NC_008268.1,Rhodococcus,Actinobacteria,65.34,FP,9.8
NC_008268.1,Rhodococcus,Actinobacteria,65.34,TP,12.4
NC_008268.1,Rhodococcus,Actinobacteria,65.34,TP,7.5
NC_008268.1,Rhodococcus,Actinobacteria,65.34,TP,14.3
NC_008268.1,Rhodococcus,Actinobacteria,65.34,TP,12.3
NC_008268.1,Rhodococcus,Actinobacteria,65.34,FP,12.466666666666667
NC_008268.1,Rhodococcus,Actinobacteria,65.34,TP,12.8
NC_008268.1,Rhodococcus,Actinobacteria,65.34,TP,9.228571428571428
NC_008268.1,Rhodococcus,Actinobacteria,65.34,TP,9.8
NC_008268.1,Rhodococcus,Actinobacteria,65.34,TP,10.9
NC_008268.1,Rhodococcus,Actinobacteria,65.34,FP,11.3
NC_008268.1,Rhodococcus,Actinobacteria,65.34,TP,12.8
NC_008268.1,Rhodococcus,Actinobacteria,65.34,TP,10.8
NC_008268.1,Rhodococcus,Actinobacteria,65.34,TP,12.8
NC_008268.1,Rhodococcus,Actinobacteria,65.34,TP,11.4
NC_008268.1,Rhodococcus,Actinobacteria,65.34,TP,10.966666666666667
NC_008268.1,Rhodococcus,Actinobacteria,65.34,TP,8.0
NC_008268.1,Rhodococcus,Actinobacteria,65.34,TP,12.4
NC_008268.1,Rhodococcus,Actinobacteria,65.34,FP,9.5
NC_008268.1,Rhodococcus,Actinobacteria,65.34,TP,9.9
NC_008268.1,Rhodococcus,Actinobacteria,65.34,TP,9.55
NC_008268.1,Rhodococcus,Actinobacteria,65.34,TP,10.55
NC_008268.1,Rhodococcus,Actinobacteria,65.34,TP,11.55
NC_008268.1,Rhodococcus,Actinobacteria,65.34,TP,15.8
NC_008268.1,Rhodococcus,Actinobacteria,65.34,TP,10.8
NC_008268.1,Rhodococcus,Actinobacteria,65.34,TP,12.8
NC_008268.1,Rhodococcus,Actinobacteria,65.34,TP,9.3
NC_008268.1,Rhodococcus,Actinobacteria,65.34,TP,-5.0
NC_008268.1,Rhodococcus,Actinobacteria,65.34,TP,9.55
NC_008268.1,Rhodococcus,Actinobacteria,65.34,TP,10.728571428571428
NC_008268.1,Rhodococcus,Actinobacteria,65.34,TP,10.966666666666667
NC_008268.1,Rhodococcus,Actinobacteria,65.34,TP,9.8
NC_008268.1,Rhodococcus,Actinobacteria,65.34,TP,15.8
NC_008268.1,Rhodococcus,Actinobacteria,65.34,TP,14.3
NC_008268.1,Rhodococcus,Actinobacteria,65.34,FP,10.8
NC_008268.1,Rhodococcus,Actinobacteria,65.34,FP,10.8
NC_008268.1,Rhodococcus,Actinobacteria,65.34,FP,10.8
NC_008268.1,Rhodococcus,Actinobacteria,65.34,FP,10.5
NC_008268.1,Rhodococcus,Actinobacteria,65.34,FP,7.8
NC_008268.1,Rhodococcus,Actinobacteria,65.34,FP,10.9
NC_008268.1,Rhodococcus,Actinobacteria,65.34,TP,-5.0
NC_008268.1,Rhodococcus,Actinobacteria,65.34,TP,9.633333333333333
NC_008268.1,Rhodococcus,Actinobacteria,65.34,TP,12.8
NC_008268.1,Rhodococcus,Actinobacteria,65.34,TP,12.8
NC_008268.1,Rhodococcus,Actinobacteria,65.34,TP,9.05
NC_008268.1,Rhodococcus,Actinobacteria,65.34,TP,13.05
NC_008268.1,Rhodococcus,Actinobacteria,65.34,TP,14.3
NC_008268.1,Rhodococcus,Actinobacteria,65.34,FP,9.8
NC_008268.1,Rhodococcus,Actinobacteria,65.34,TP,12.3
NC_008268.1,Rhodococcus,Actinobacteria,65.34,FP,10.633333333333333
NC_008268.1,Rhodococcus,Actinobacteria,65.34,FP,-5.0
NC_008268.1,Rhodococcus,Actinobacteria,65.34,FP,12.05
NC_008268.1,Rhodococcus,Actinobacteria,65.34,FP,10.5
NC_008268.1,Rhodococcus,Actinobacteria,65.34,TP,10.5
NC_008268.1,Rhodococcus,Actinobacteria,65.34,TP,13.966666666666667
NC_008268.1,Rhodococcus,Actinobacteria,65.34,TP,14.3
NC_008268.1,Rhodococcus,Actinobacteria,65.34,FP,12.466666666666667
NC_008268.1,Rhodococcus,Actinobacteria,65.34,TP,12.05
NC_008268.1,Rhodococcus,Actinobacteria,65.34,FP,-5.0
NC_008268.1,Rhodococcus,Actinobacteria,65.34,FP,10.9
NC_008268.1,Rhodococcus,Actinobacteria,65.34,TP,12.8
NC_008268.1,Rhodococcus,Actinobacteria,65.34,FP,10.728571428571428
NC_008268.1,Rhodococcus,Actinobacteria,65.34,TP,9.0
NC_008268.1,Rhodococcus,Actinobacteria,65.34,TP,12.8
NC_008268.1,Rhodococcus,Actinobacteria,65.34,FP,9.55
NC_008268.1,Rhodococcus,Actinobacteria,65.34,TP,9.728571428571428
NC_008268.1,Rhodococcus,Actinobacteria,65.34,FP,6.133333333333333
NC_008268.1,Rhodococcus,Actinobacteria,65.34,FP,10.8
NC_008268.1,Rhodococcus,Actinobacteria,65.34,TP,10.633333333333333
NC_008268.1,Rhodococcus,Actinobacteria,65.34,TP,12.8
NC_008268.1,Rhodococcus,Actinobacteria,65.34,FP,7.8
NC_008268.1,Rhodococcus,Actinobacteria,65.34,FP,9.55
NC_008268.1,Rhodococcus,Actinobacteria,65.34,FP,9.3
NC_008268.1,Rhodococcus,Actinobacteria,65.34,TP,11.3
NC_008268.1,Rhodococcus,Actinobacteria,65.34,TP,15.8
NC_008268.1,Rhodococcus,Actinobacteria,65.34,FP,10.966666666666667
NC_008268.1,Rhodococcus,Actinobacteria,65.34,FP,-5.0
NC_008268.1,Rhodococcus,Actinobacteria,65.34,TP,9.5
NC_008268.1,Rhodococcus,Actinobacteria,65.34,TP,10.8
NC_008268.1,Rhodococcus,Actinobacteria,65.34,TP,10.966666666666667
NC_008268.1,Rhodococcus,Actinobacteria,65.34,TP,10.633333333333333
NC_008268.1,Rhodococcus,Actinobacteria,65.34,FP,10.55
NC_008268.1,Rhodococcus,Actinobacteria,65.34,TP,13.728571428571428
NC_008268.1,Rhodococcus,Actinobacteria,65.34,FP,10.8
NC_008268.1,Rhodococcus,Actinobacteria,65.34,TP,11.3
NC_008268.1,Rhodococcus,Actinobacteria,65.34,TP,12.4
NC_008268.1,Rhodococcus,Actinobacteria,65.34,TP,14.3
NC_008268.1,Rhodococcus,Actinobacteria,65.34,FP,9.05
NC_008268.1,Rhodococcus,Actinobacteria,65.34,FP,10.5
NC_008268.1,Rhodococcus,Actinobacteria,65.34,TP,9.9
NC_008268.1,Rhodococcus,Actinobacteria,65.34,FP,7.8
NC_008268.1,Rhodococcus,Actinobacteria,65.34,FP,12.133333333333333
NC_008268.1,Rhodococcus,Actinobacteria,65.34,TP,10.8
NC_008268.1,Rhodococcus,Actinobacteria,65.34,FP,12.4
NC_008268.1,Rhodococcus,Actinobacteria,65.34,TP,12.8
NC_008268.1,Rhodococcus,Actinobacteria,65.34,FP,9.5
NC_008268.1,Rhodococcus,Actinobacteria,65.34,FP,9.3
NC_008268.1,Rhodococcus,Actinobacteria,65.34,TP,12.228571428571428
NC_008268.1,Rhodococcus,Actinobacteria,65.34,FP,9.633333333333333
NC_008268.1,Rhodococcus,Actinobacteria,65.34,FP,10.55
NC_008268.1,Rhodococcus,Actinobacteria,65.34,FP,9.55
NC_008268.1,Rhodococcus,Actinobacteria,65.34,TP,9.05
NC_008268.1,Rhodococcus,Actinobacteria,65.34,FP,12.8
NC_008268.1,Rhodococcus,Actinobacteria,65.34,FP,11.466666666666667
NC_008268.1,Rhodococcus,Actinobacteria,65.34,TP,12.466666666666667
NC_008268.1,Rhodococcus,Actinobacteria,65.34,FP,10.8
NC_008268.1,Rhodococcus,Actinobacteria,65.34,FP,9.0
NC_008268.1,Rhodococcus,Actinobacteria,65.34,FP,9.0
NC_008268.1,Rhodococcus,Actinobacteria,65.34,FP,8.0
NC_008268.1,Rhodococcus,Actinobacteria,65.34,FP,9.728571428571428
NC_008268.1,Rhodococcus,Actinobacteria,65.34,TP,12.55
NC_008268.1,Rhodococcus,Actinobacteria,65.34,TP,14.05
NC_008268.1,Rhodococcus,Actinobacteria,65.34,FP,4.5
NC_008268.1,Rhodococcus,Actinobacteria,65.34,FP,8.05
NC_008268.1,Rhodococcus,Actinobacteria,65.34,TP,14.3
NC_008268.1,Rhodococcus,Actinobacteria,65.34,FP,11.05
NC_008268.1,Rhodococcus,Actinobacteria,65.34,FP,11.4
NC_008268.1,Rhodococcus,Actinobacteria,65.34,FP,-5.0
NC_008268.1,Rhodococcus,Actinobacteria,65.34,TP,12.8
NC_008268.1,Rhodococcus,Actinobacteria,65.34,FP,12.133333333333333
NC_008268.1,Rhodococcus,Actinobacteria,65.34,FP,9.0
NC_008268.1,Rhodococcus,Actinobacteria,65.34,TP,-5.0
NC_008268.1,Rhodococcus,Actinobacteria,65.34,FP,9.8
NC_008268.1,Rhodococcus,Actinobacteria,65.34,FP,9.3
NC_008268.1,Rhodococcus,Actinobacteria,65.34,TP,10.8
NC_008268.1,Rhodococcus,Actinobacteria,65.34,FP,10.633333333333333
NC_008268.1,Rhodococcus,Actinobacteria,65.34,TP,14.3
NC_008268.1,Rhodococcus,Actinobacteria,65.34,FP,14.3
NC_008268.1,Rhodococcus,Actinobacteria,65.34,TP,12.55
NC_008268.1,Rhodococcus,Actinobacteria,65.34,TP,11.3
NC_008268.1,Rhodococcus,Actinobacteria,65.34,FP,10.8
NC_008268.1,Rhodococcus,Actinobacteria,65.34,TP,12.8
NC_008268.1,Rhodococcus,Actinobacteria,65.34,FP,12.3
NC_008268.1,Rhodococcus,Actinobacteria,65.34,TP,10.8
NC_008268.1,Rhodococcus,Actinobacteria,65.34,FP,11.4
NC_008268.1,Rhodococcus,Actinobacteria,65.34,FP,10.9
NC_008268.1,Rhodococcus,Actinobacteria,65.34,TP,10.8
NC_008268.1,Rhodococcus,Actinobacteria,65.34,TP,12.133333333333333
NC_008268.1,Rhodococcus,Actinobacteria,65.34,TP,13.3
NC_008268.1,Rhodococcus,Actinobacteria,65.34,FP,9.633333333333333
NC_008268.1,Rhodococcus,Actinobacteria,65.34,TP,12.8
NC_008268.1,Rhodococcus,Actinobacteria,65.34,FP,9.9
NC_008268.1,Rhodococcus,Actinobacteria,65.34,FP,10.8
NC_008268.1,Rhodococcus,Actinobacteria,65.34,FP,9.4
NC_008268.1,Rhodococcus,Actinobacteria,65.34,FP,10.8
NC_008268.1,Rhodococcus,Actinobacteria,65.34,TP,12.8
NC_008268.1,Rhodococcus,Actinobacteria,65.34,TP,11.3
NC_008268.1,Rhodococcus,Actinobacteria,65.34,TP,14.3
NC_008268.1,Rhodococcus,Actinobacteria,65.34,FP,10.728571428571428
NC_008268.1,Rhodococcus,Actinobacteria,65.34,TP,14.3
NC_008268.1,Rhodococcus,Actinobacteria,65.34,FP,10.5
NC_008268.1,Rhodococcus,Actinobacteria,65.34,TP,9.5
NC_008268.1,Rhodococcus,Actinobacteria,65.34,FP,-5.0
NC_008268.1,Rhodococcus,Actinobacteria,65.34,FP,-5.0
NC_008268.1,Rhodococcus,Actinobacteria,65.34,FP,12.133333333333333
NC_008268.1,Rhodococcus,Actinobacteria,65.34,FP,11.3
NC_008268.1,Rhodococcus,Actinobacteria,65.34,FP,10.55
NC_008268.1,Rhodococcus,Actinobacteria,65.34,FP,10.8
NC_008268.1,Rhodococcus,Actinobacteria,65.34,TP,12.8
NC_008268.1,Rhodococcus,Actinobacteria,65.34,TP,12.8
NC_008268.1,Rhodococcus,Actinobacteria,65.34,FP,11.8
NC_008268.1,Rhodococcus,Actinobacteria,65.34,FP,12.466666666666667
NC_008268.1,Rhodococcus,Actinobacteria,65.34,FP,10.9
NC_008268.1,Rhodococcus,Actinobacteria,65.34,TP,12.8
NC_008268.1,Rhodococcus,Actinobacteria,65.34,TP,10.8
NC_008268.1,Rhodococcus,Actinobacteria,65.34,TP,12.3
NC_008268.1,Rhodococcus,Actinobacteria,65.34,FP,12.05
NC_008268.1,Rhodococcus,Actinobacteria,65.34,FP,10.8
NC_008268.1,Rhodococcus,Actinobacteria,65.34,TP,12.133333333333333
NC_008268.1,Rhodococcus,Actinobacteria,65.34,FP,10.8
NC_008268.1,Rhodococcus,Actinobacteria,65.34,FP,10.633333333333333
NC_008268.1,Rhodococcus,Actinobacteria,65.34,FP,10.8
NC_008268.1,Rhodococcus,Actinobacteria,65.34,FP,9.0
NC_008268.1,Rhodococcus,Actinobacteria,65.34,TP,14.3
NC_008268.1,Rhodococcus,Actinobacteria,65.34,FP,12.55
NC_008268.1,Rhodococcus,Actinobacteria,65.34,FP,9.9
NC_008268.1,Rhodococcus,Actinobacteria,65.34,FP,9.3
NC_008268.1,Rhodococcus,Actinobacteria,65.34,TP,14.3
NC_008268.1,Rhodococcus,Actinobacteria,65.34,FP,13.966666666666667
NC_008268.1,Rhodococcus,Actinobacteria,65.34,TP,11.05
NC_008268.1,Rhodococcus,Actinobacteria,65.34,FP,11.05
NC_008268.1,Rhodococcus,Actinobacteria,65.34,TP,12.8
NC_008268.1,Rhodococcus,Actinobacteria,65.34,FP,10.5
NC_008268.1,Rhodococcus,Actinobacteria,65.34,FP,12.133333333333333
NC_008268.1,Rhodococcus,Actinobacteria,65.34,FP,12.466666666666667
NC_008268.1,Rhodococcus,Actinobacteria,65.34,TP,12.55
NC_008268.1,Rhodococcus,Actinobacteria,65.34,FP,12.228571428571428
NC_008268.1,Rhodococcus,Actinobacteria,65.34,TP,4.5
NC_008268.1,Rhodococcus,Actinobacteria,65.34,TP,12.133333333333333
NC_008268.1,Rhodococcus,Actinobacteria,65.34,TP,10.633333333333333
NC_008268.1,Rhodococcus,Actinobacteria,65.34,TP,10.55
NC_008268.1,Rhodococcus,Actinobacteria,65.34,FP,11.05
NC_008268.1,Rhodococcus,Actinobacteria,65.34,FP,10.728571428571428
NC_008268.1,Rhodococcus,Actinobacteria,65.34,FP,11.05
NC_008268.1,Rhodococcus,Actinobacteria,65.34,TP,6.0
NC_008268.1,Rhodococcus,Actinobacteria,65.34,FP,12.8
NC_008268.1,Rhodococcus,Actinobacteria,65.34,FP,10.633333333333333
NC_008268.1,Rhodococcus,Actinobacteria,65.34,TP,12.8
NC_008268.1,Rhodococcus,Actinobacteria,65.34,TP,11.228571428571428
NC_008268.1,Rhodococcus,Actinobacteria,65.34,FP,11.133333333333333
NC_008268.1,Rhodococcus,Actinobacteria,65.34,FP,12.05
NC_008268.1,Rhodococcus,Actinobacteria,65.34,TP,10.9
NC_008268.1,Rhodococcus,Actinobacteria,65.34,FP,-5.0
NC_008268.1,Rhodococcus,Actinobacteria,65.34,TP,14.3
NC_008268.1,Rhodococcus,Actinobacteria,65.34,FP,12.3
NC_008268.1,Rhodococcus,Actinobacteria,65.34,FP,14.3
NC_008268.1,Rhodococcus,Actinobacteria,65.34,TP,12.466666666666667
NC_008268.1,Rhodococcus,Actinobacteria,65.34,FP,11.3
NC_008268.1,Rhodococcus,Actinobacteria,65.34,TP,10.966666666666667
NC_008268.1,Rhodococcus,Actinobacteria,65.34,FP,9.0
NC_008268.1,Rhodococcus,Actinobacteria,65.34,FP,6.4
NC_008268.1,Rhodococcus,Actinobacteria,65.34,TP,12.3
NC_008268.1,Rhodococcus,Actinobacteria,65.34,TP,12.133333333333333
NC_008268.1,Rhodococcus,Actinobacteria,65.34,TP,11.3
NC_008268.1,Rhodococcus,Actinobacteria,65.34,FP,10.966666666666667
NC_008268.1,Rhodococcus,Actinobacteria,65.34,TP,13.3
NC_008268.1,Rhodococcus,Actinobacteria,65.34,FP,-5.0
NC_008268.1,Rhodococcus,Actinobacteria,65.34,TP,12.8
NC_008268.1,Rhodococcus,Actinobacteria,65.34,TP,14.3
NC_008268.1,Rhodococcus,Actinobacteria,65.34,TP,10.5
NC_008268.1,Rhodococcus,Actinobacteria,65.34,TP,8.3
NC_008268.1,Rhodococcus,Actinobacteria,65.34,TP,13.966666666666667
NC_008268.1,Rhodococcus,Actinobacteria,65.34,TP,12.8
NC_008268.1,Rhodococcus,Actinobacteria,65.34,FP,6.0
NC_008268.1,Rhodococcus,Actinobacteria,65.34,TP,12.466666666666667
NC_008268.1,Rhodococcus,Actinobacteria,65.34,FP,10.5
NC_008268.1,Rhodococcus,Actinobacteria,65.34,FP,10.8
NC_008268.1,Rhodococcus,Actinobacteria,65.34,FP,11.05
NC_008268.1,Rhodococcus,Actinobacteria,65.34,TP,14.3
NC_008268.1,Rhodococcus,Actinobacteria,65.34,FP,-5.0
NC_008268.1,Rhodococcus,Actinobacteria,65.34,TP,13.014285714285714
NC_008268.1,Rhodococcus,Actinobacteria,65.34,FP,12.3
NC_008268.1,Rhodococcus,Actinobacteria,65.34,FP,-5.0
NC_008268.1,Rhodococcus,Actinobacteria,65.34,TP,14.3
NC_008268.1,Rhodococcus,Actinobacteria,65.34,TP,12.8
NC_008268.1,Rhodococcus,Actinobacteria,65.34,TP,12.514285714285714
NC_008268.1,Rhodococcus,Actinobacteria,65.34,TP,12.8
NC_008268.1,Rhodococcus,Actinobacteria,65.34,FP,11.514285714285714
NC_008268.1,Rhodococcus,Actinobacteria,65.34,FP,-5.0
NC_008268.1,Rhodococcus,Actinobacteria,65.34,FP,9.05
NC_008268.1,Rhodococcus,Actinobacteria,65.34,FP,11.3
NC_008268.1,Rhodococcus,Actinobacteria,65.34,TP,12.8
NC_008268.1,Rhodococcus,Actinobacteria,65.34,FP,11.05
NC_008268.1,Rhodococcus,Actinobacteria,65.34,FP,9.633333333333333
NC_008268.1,Rhodococcus,Actinobacteria,65.34,FP,9.5
NC_008268.1,Rhodococcus,Actinobacteria,65.34,FP,12.8
NC_008268.1,Rhodococcus,Actinobacteria,65.34,FP,12.8
NC_008268.1,Rhodococcus,Actinobacteria,65.34,TP,11.3
NC_008268.1,Rhodococcus,Actinobacteria,65.34,FP,12.133333333333333
NC_008268.1,Rhodococcus,Actinobacteria,65.34,TP,11.3
NC_008268.1,Rhodococcus,Actinobacteria,65.34,TP,13.966666666666667
NC_008268.1,Rhodococcus,Actinobacteria,65.34,TP,12.8
NC_008268.1,Rhodococcus,Actinobacteria,65.34,TP,11.3
NC_008268.1,Rhodococcus,Actinobacteria,65.34,FP,9.3
NC_008268.1,Rhodococcus,Actinobacteria,65.34,TP,14.3
NC_008268.1,Rhodococcus,Actinobacteria,65.34,FP,12.55
NC_008268.1,Rhodococcus,Actinobacteria,65.34,FP,9.55
NC_008268.1,Rhodococcus,Actinobacteria,65.34,TP,12.8
NC_008268.1,Rhodococcus,Actinobacteria,65.34,FP,13.8
NC_008268.1,Rhodococcus,Actinobacteria,65.34,FP,10.9
NC_008268.1,Rhodococcus,Actinobacteria,65.34,TP,14.3
NC_008268.1,Rhodococcus,Actinobacteria,65.34,FP,-5.0
NC_008268.1,Rhodococcus,Actinobacteria,65.34,FP,10.8
NC_008268.1,Rhodococcus,Actinobacteria,65.34,TP,10.55
NC_008268.1,Rhodococcus,Actinobacteria,65.34,TP,6.0
NC_008268.1,Rhodococcus,Actinobacteria,65.34,TP,8.3
NC_008268.1,Rhodococcus,Actinobacteria,65.34,FP,-5.0
NC_008268.1,Rhodococcus,Actinobacteria,65.34,TP,12.55
NC_008268.1,Rhodococcus,Actinobacteria,65.34,TP,12.8
NC_008268.1,Rhodococcus,Actinobacteria,65.34,FP,-5.0
NC_008268.1,Rhodococcus,Actinobacteria,65.34,TP,7.55
NC_008268.1,Rhodococcus,Actinobacteria,65.34,FP,7.55
NC_008268.1,Rhodococcus,Actinobacteria,65.34,TP,10.8
NC_008268.1,Rhodococcus,Actinobacteria,65.34,TP,13.966666666666667
NC_008268.1,Rhodococcus,Actinobacteria,65.34,FP,9.633333333333333
NC_008268.1,Rhodococcus,Actinobacteria,65.34,FP,10.8
NC_008268.1,Rhodococcus,Actinobacteria,65.34,FP,9.3
NC_008268.1,Rhodococcus,Actinobacteria,65.34,FP,10.633333333333333
NC_008268.1,Rhodococcus,Actinobacteria,65.34,TP,12.8
NC_008268.1,Rhodococcus,Actinobacteria,65.34,TP,-5.0
NC_008268.1,Rhodococcus,Actinobacteria,65.34,TP,14.05
NC_008268.1,Rhodococcus,Actinobacteria,65.34,TP,12.466666666666667
NC_008268.1,Rhodococcus,Actinobacteria,65.34,FP,10.55
NC_008268.1,Rhodococcus,Actinobacteria,65.34,TP,14.3
NC_008268.1,Rhodococcus,Actinobacteria,65.34,FP,6.0
NC_008268.1,Rhodococcus,Actinobacteria,65.34,FP,10.9
NC_008268.1,Rhodococcus,Actinobacteria,65.34,FP,12.3
NC_008268.1,Rhodococcus,Actinobacteria,65.34,TP,14.3
NC_008268.1,Rhodococcus,Actinobacteria,65.34,TP,10.5
NC_008268.1,Rhodococcus,Actinobacteria,65.34,FP,12.05
NC_008268.1,Rhodococcus,Actinobacteria,65.34,TP,11.05
NC_008268.1,Rhodococcus,Actinobacteria,65.34,FP,12.966666666666667
NC_008268.1,Rhodococcus,Actinobacteria,65.34,TP,15.8
NC_008268.1,Rhodococcus,Actinobacteria,65.34,FP,10.633333333333333
NC_008268.1,Rhodococcus,Actinobacteria,65.34,FP,7.8
NC_008268.1,Rhodococcus,Actinobacteria,65.34,FP,7.55
NC_008268.1,Rhodococcus,Actinobacteria,65.34,FP,12.55
NC_008268.1,Rhodococcus,Actinobacteria,65.34,FP,11.228571428571428
NC_008268.1,Rhodococcus,Actinobacteria,65.34,FP,12.55
NC_008268.1,Rhodococcus,Actinobacteria,65.34,FP,8.0
NC_008268.1,Rhodococcus,Actinobacteria,65.34,FP,6.3
NC_008268.1,Rhodococcus,Actinobacteria,65.34,FP,9.8
NC_008268.1,Rhodococcus,Actinobacteria,65.34,TP,12.8
NC_008268.1,Rhodococcus,Actinobacteria,65.34,TP,15.8
NC_008268.1,Rhodococcus,Actinobacteria,65.34,FP,12.4
NC_008268.1,Rhodococcus,Actinobacteria,65.34,TP,14.3
NC_008268.1,Rhodococcus,Actinobacteria,65.34,FP,11.3
NC_008268.1,Rhodococcus,Actinobacteria,65.34,FP,-5.0
NC_008268.1,Rhodococcus,Actinobacteria,65.34,TP,11.4
NC_008268.1,Rhodococcus,Actinobacteria,65.34,FP,11.3
NC_008268.1,Rhodococcus,Actinobacteria,65.34,TP,12.3
NC_008268.1,Rhodococcus,Actinobacteria,65.34,FP,11.3
NC_008268.1,Rhodococcus,Actinobacteria,65.34,FP,10.8
NC_008268.1,Rhodococcus,Actinobacteria,65.34,TP,12.966666666666667
NC_008268.1,Rhodococcus,Actinobacteria,65.34,FP,9.633333333333333
NC_008268.1,Rhodococcus,Actinobacteria,65.34,FP,12.8
NC_008268.1,Rhodococcus,Actinobacteria,65.34,FP,10.633333333333333
NC_008268.1,Rhodococcus,Actinobacteria,65.34,FP,10.9
NC_008268.1,Rhodococcus,Actinobacteria,65.34,FP,9.3
NC_008268.1,Rhodococcus,Actinobacteria,65.34,FP,8.133333333333333
NC_008268.1,Rhodococcus,Actinobacteria,65.34,FP,10.9
NC_008268.1,Rhodococcus,Actinobacteria,65.34,FP,-5.0
NC_008268.1,Rhodococcus,Actinobacteria,65.34,TP,11.3
NC_008268.1,Rhodococcus,Actinobacteria,65.34,TP,8.05
NC_008268.1,Rhodococcus,Actinobacteria,65.34,TP,11.4
NC_008268.1,Rhodococcus,Actinobacteria,65.34,TP,11.3
NC_008268.1,Rhodococcus,Actinobacteria,65.34,FP,12.05
NC_008268.1,Rhodococcus,Actinobacteria,65.34,FP,10.8
NC_008268.1,Rhodococcus,Actinobacteria,65.34,FP,12.133333333333333
NC_008268.1,Rhodococcus,Actinobacteria,65.34,TP,13.966666666666667
NC_008268.1,Rhodococcus,Actinobacteria,65.34,FP,12.3
NC_008268.1,Rhodococcus,Actinobacteria,65.34,TP,13.014285714285714
NC_008268.1,Rhodococcus,Actinobacteria,65.34,TP,13.966666666666667
NC_008268.1,Rhodococcus,Actinobacteria,65.34,TP,12.3
NC_008268.1,Rhodococcus,Actinobacteria,65.34,FP,10.8
NC_008268.1,Rhodococcus,Actinobacteria,65.34,FP,12.466666666666667
NC_008268.1,Rhodococcus,Actinobacteria,65.34,FP,9.55
NC_008268.1,Rhodococcus,Actinobacteria,65.34,FP,10.8
NC_008268.1,Rhodococcus,Actinobacteria,65.34,FP,11.3
NC_008268.1,Rhodococcus,Actinobacteria,65.34,FP,9.0
NC_008268.1,Rhodococcus,Actinobacteria,65.34,TP,12.966666666666667
NC_008268.1,Rhodococcus,Actinobacteria,65.34,FP,10.55
NC_008268.1,Rhodococcus,Actinobacteria,65.34,TP,12.55
NC_008268.1,Rhodococcus,Actinobacteria,65.34,TP,15.8
NC_008268.1,Rhodococcus,Actinobacteria,65.34,FP,9.55
NC_008268.1,Rhodococcus,Actinobacteria,65.34,FP,9.633333333333333
NC_008268.1,Rhodococcus,Actinobacteria,65.34,TP,9.8
NC_008268.1,Rhodococcus,Actinobacteria,65.34,TP,14.3
NC_008268.1,Rhodococcus,Actinobacteria,65.34,TP,8.3
NC_008268.1,Rhodococcus,Actinobacteria,65.34,TP,12.8
NC_003155.5,S. avermitilis,Actinobacteria,66.34,TP,11.4
NC_003155.5,S. avermitilis,Actinobacteria,66.34,TP,12.55
NC_003155.5,S. avermitilis,Actinobacteria,66.34,TP,14.05
NC_003155.5,S. avermitilis,Actinobacteria,66.34,FP,9.0
NC_003155.5,S. avermitilis,Actinobacteria,66.34,TP,12.133333333333333
NC_003155.5,S. avermitilis,Actinobacteria,66.34,FP,11.228571428571428
NC_003155.5,S. avermitilis,Actinobacteria,66.34,TP,12.8
NC_003155.5,S. avermitilis,Actinobacteria,66.34,FP,-5.0
NC_003155.5,S. avermitilis,Actinobacteria,66.34,TP,10.966666666666667
NC_003155.5,S. avermitilis,Actinobacteria,66.34,TP,12.8
NC_003155.5,S. avermitilis,Actinobacteria,66.34,TP,8.0
NC_003155.5,S. avermitilis,Actinobacteria,66.34,TP,12.8
NC_003155.5,S. avermitilis,Actinobacteria,66.34,TP,-5.0
NC_003155.5,S. avermitilis,Actinobacteria,66.34,TP,11.8
NC_003155.5,S. avermitilis,Actinobacteria,66.34,FP,9.55
NC_003155.5,S. avermitilis,Actinobacteria,66.34,FP,11.3
NC_003155.5,S. avermitilis,Actinobacteria,66.34,TP,14.014285714285714
NC_003155.5,S. avermitilis,Actinobacteria,66.34,TP,9.5
NC_003155.5,S. avermitilis,Actinobacteria,66.34,TP,9.55
NC_003155.5,S. avermitilis,Actinobacteria,66.34,TP,13.8
NC_003155.5,S. avermitilis,Actinobacteria,66.34,TP,7.5
NC_003155.5,S. avermitilis,Actinobacteria,66.34,FP,13.8
NC_003155.5,S. avermitilis,Actinobacteria,66.34,TP,11.4
NC_003155.5,S. avermitilis,Actinobacteria,66.34,TP,12.3
NC_003155.5,S. avermitilis,Actinobacteria,66.34,TP,11.8
NC_003155.5,S. avermitilis,Actinobacteria,66.34,TP,15.8
NC_003155.5,S. avermitilis,Actinobacteria,66.34,FP,9.55
NC_003155.5,S. avermitilis,Actinobacteria,66.34,FP,12.3
NC_003155.5,S. avermitilis,Actinobacteria,66.34,TP,14.05
NC_003155.5,S. avermitilis,Actinobacteria,66.34,TP,8.3
NC_003155.5,S. avermitilis,Actinobacteria,66.34,FP,12.55
NC_003155.5,S. avermitilis,Actinobacteria,66.34,FP,12.4
NC_003155.5,S. avermitilis,Actinobacteria,66.34,FP,10.9
NC_003155.5,S. avermitilis,Actinobacteria,66.34,TP,9.5
NC_003155.5,S. avermitilis,Actinobacteria,66.34,FP,11.3
NC_003155.5,S. avermitilis,Actinobacteria,66.34,FP,11.3
NC_003155.5,S. avermitilis,Actinobacteria,66.34,TP,10.9
NC_003155.5,S. avermitilis,Actinobacteria,66.34,FP,10.5
NC_003155.5,S. avermitilis,Actinobacteria,66.34,FP,-5.0
NC_003155.5,S. avermitilis,Actinobacteria,66.34,TP,11.55
NC_003155.5,S. avermitilis,Actinobacteria,66.34,TP,15.8
NC_003155.5,S. avermitilis,Actinobacteria,66.34,TP,13.8
NC_003155.5,S. avermitilis,Actinobacteria,66.34,FP,12.3
NC_003155.5,S. avermitilis,Actinobacteria,66.34,FP,9.3
NC_003155.5,S. avermitilis,Actinobacteria,66.34,FP,10.5
NC_003155.5,S. avermitilis,Actinobacteria,66.34,FP,8.0
NC_003155.5,S. avermitilis,Actinobacteria,66.34,FP,9.8
NC_003155.5,S. avermitilis,Actinobacteria,66.34,TP,12.514285714285714
NC_003155.5,S. avermitilis,Actinobacteria,66.34,FP,11.3
NC_003155.5,S. avermitilis,Actinobacteria,66.34,TP,9.4
NC_003155.5,S. avermitilis,Actinobacteria,66.34,FP,9.4
NC_003155.5,S. avermitilis,Actinobacteria,66.34,FP,10.966666666666667
NC_003155.5,S. avermitilis,Actinobacteria,66.34,FP,12.133333333333333
NC_003155.5,S. avermitilis,Actinobacteria,66.34,TP,10.9
NC_003155.5,S. avermitilis,Actinobacteria,66.34,FP,11.3
NC_003155.5,S. avermitilis,Actinobacteria,66.34,FP,10.8
NC_003155.5,S. avermitilis,Actinobacteria,66.34,TP,14.05
NC_003155.5,S. avermitilis,Actinobacteria,66.34,TP,11.3
NC_003155.5,S. avermitilis,Actinobacteria,66.34,TP,10.8
NC_003155.5,S. avermitilis,Actinobacteria,66.34,TP,12.8
NC_003155.5,S. avermitilis,Actinobacteria,66.34,FP,10.8
NC_003155.5,S. avermitilis,Actinobacteria,66.34,TP,9.8
NC_003155.5,S. avermitilis,Actinobacteria,66.34,TP,12.05
NC_003155.5,S. avermitilis,Actinobacteria,66.34,TP,9.5
NC_003155.5,S. avermitilis,Actinobacteria,66.34,TP,-5.0
NC_003155.5,S. avermitilis,Actinobacteria,66.34,TP,14.014285714285714
NC_003155.5,S. avermitilis,Actinobacteria,66.34,TP,14.3
NC_003155.5,S. avermitilis,Actinobacteria,66.34,TP,8.0
NC_003155.5,S. avermitilis,Actinobacteria,66.34,TP,10.3
NC_003155.5,S. avermitilis,Actinobacteria,66.34,FP,-5.0
NC_003155.5,S. avermitilis,Actinobacteria,66.34,TP,14.3
NC_003155.5,S. avermitilis,Actinobacteria,66.34,TP,13.8
NC_003155.5,S. avermitilis,Actinobacteria,66.34,FP,-5.0
NC_003155.5,S. avermitilis,Actinobacteria,66.34,TP,-5.0
NC_003155.5,S. avermitilis,Actinobacteria,66.34,TP,9.5
NC_003155.5,S. avermitilis,Actinobacteria,66.34,FP,12.3
NC_003155.5,S. avermitilis,Actinobacteria,66.34,TP,-5.0
NC_003155.5,S. avermitilis,Actinobacteria,66.34,TP,13.05
NC_003155.5,S. avermitilis,Actinobacteria,66.34,TP,6.0
NC_003155.5,S. avermitilis,Actinobacteria,66.34,TP,9.9
NC_003155.5,S. avermitilis,Actinobacteria,66.34,TP,12.966666666666667
NC_003155.5,S. avermitilis,Actinobacteria,66.34,TP,9.3
NC_003155.5,S. avermitilis,Actinobacteria,66.34,TP,15.8
NC_003155.5,S. avermitilis,Actinobacteria,66.34,FP,10.633333333333333
NC_003155.5,S. avermitilis,Actinobacteria,66.34,FP,10.8
NC_003155.5,S. avermitilis,Actinobacteria,66.34,FP,12.4
NC_003155.5,S. avermitilis,Actinobacteria,66.34,TP,12.8
NC_003155.5,S. avermitilis,Actinobacteria,66.34,TP,13.014285714285714
NC_003155.5,S. avermitilis,Actinobacteria,66.34,TP,14.3
NC_003155.5,S. avermitilis,Actinobacteria,66.34,TP,12.8
NC_003155.5,S. avermitilis,Actinobacteria,66.34,TP,12.8
NC_003155.5,S. avermitilis,Actinobacteria,66.34,FP,-5.0
NC_003155.5,S. avermitilis,Actinobacteria,66.34,FP,10.9
NC_003155.5,S. avermitilis,Actinobacteria,66.34,FP,10.8
NC_003155.5,S. avermitilis,Actinobacteria,66.34,TP,12.8
NC_003155.5,S. avermitilis,Actinobacteria,66.34,TP,8.3
NC_003155.5,S. avermitilis,Actinobacteria,66.34,FP,-5.0
NC_003155.5,S. avermitilis,Actinobacteria,66.34,FP,12.4
NC_003155.5,S. avermitilis,Actinobacteria,66.34,TP,6.0
NC_003155.5,S. avermitilis,Actinobacteria,66.34,FP,7.8
NC_003155.5,S. avermitilis,Actinobacteria,66.34,FP,11.3
NC_003155.5,S. avermitilis,Actinobacteria,66.34,FP,11.4
NC_003155.5,S. avermitilis,Actinobacteria,66.34,TP,12.8
NC_003155.5,S. avermitilis,Actinobacteria,66.34,TP,11.133333333333333
NC_003155.5,S. avermitilis,Actinobacteria,66.34,TP,10.633333333333333
NC_003155.5,S. avermitilis,Actinobacteria,66.34,TP,12.466666666666667
NC_003155.5,S. avermitilis,Actinobacteria,66.34,FP,14.3
NC_003155.5,S. avermitilis,Actinobacteria,66.34,FP,11.014285714285714
NC_003155.5,S. avermitilis,Actinobacteria,66.34,FP,11.3
NC_003155.5,S. avermitilis,Actinobacteria,66.34,TP,13.8
NC_003155.5,S. avermitilis,Actinobacteria,66.34,TP,12.8
NC_003155.5,S. avermitilis,Actinobacteria,66.34,FP,10.5
NC_003155.5,S. avermitilis,Actinobacteria,66.34,TP,11.8
NC_003155.5,S. avermitilis,Actinobacteria,66.34,TP,12.4
NC_003155.5,S. avermitilis,Actinobacteria,66.34,TP,14.05
NC_003155.5,S. avermitilis,Actinobacteria,66.34,TP,9.133333333333333
NC_003155.5,S. avermitilis,Actinobacteria,66.34,TP,-5.0
NC_003155.5,S. avermitilis,Actinobacteria,66.34,FP,9.9
NC_003155.5,S. avermitilis,Actinobacteria,66.34,FP,9.3
NC_003155.5,S. avermitilis,Actinobacteria,66.34,TP,12.133333333333333
NC_003155.5,S. avermitilis,Actinobacteria,66.34,FP,12.3
NC_003155.5,S. avermitilis,Actinobacteria,66.34,FP,10.728571428571428
NC_003155.5,S. avermitilis,Actinobacteria,66.34,TP,9.8
NC_003155.5,S. avermitilis,Actinobacteria,66.34,FP,7.728571428571429
NC_003155.5,S. avermitilis,Actinobacteria,66.34,FP,12.55
NC_003155.5,S. avermitilis,Actinobacteria,66.34,TP,10.633333333333333
NC_003155.5,S. avermitilis,Actinobacteria,66.34,FP,11.3
NC_003155.5,S. avermitilis,Actinobacteria,66.34,FP,12.05
NC_003155.5,S. avermitilis,Actinobacteria,66.34,FP,8.0
NC_003155.5,S. avermitilis,Actinobacteria,66.34,TP,12.8
NC_003155.5,S. avermitilis,Actinobacteria,66.34,TP,9.5
NC_003155.5,S. avermitilis,Actinobacteria,66.34,TP,12.466666666666667
NC_003155.5,S. avermitilis,Actinobacteria,66.34,FP,10.5
NC_003155.5,S. avermitilis,Actinobacteria,66.34,FP,13.3
NC_003155.5,S. avermitilis,Actinobacteria,66.34,FP,-5.0
NC_003155.5,S. avermitilis,Actinobacteria,66.34,TP,10.5
NC_003155.5,S. avermitilis,Actinobacteria,66.34,FP,6.3
NC_003155.5,S. avermitilis,Actinobacteria,66.34,TP,14.05
NC_003155.5,S. avermitilis,Actinobacteria,66.34,TP,12.8
NC_003155.5,S. avermitilis,Actinobacteria,66.34,FP,-5.0
NC_003155.5,S. avermitilis,Actinobacteria,66.34,TP,9.55
NC_003155.5,S. avermitilis,Actinobacteria,66.34,TP,7.633333333333333
NC_003155.5,S. avermitilis,Actinobacteria,66.34,TP,14.05
NC_003155.5,S. avermitilis,Actinobacteria,66.34,FP,-5.0
NC_003155.5,S. avermitilis,Actinobacteria,66.34,TP,14.3
NC_003155.5,S. avermitilis,Actinobacteria,66.34,TP,10.55
NC_003155.5,S. avermitilis,Actinobacteria,66.34,FP,10.633333333333333
NC_003155.5,S. avermitilis,Actinobacteria,66.34,FP,12.133333333333333
NC_003155.5,S. avermitilis,Actinobacteria,66.34,TP,12.55
NC_003155.5,S. avermitilis,Actinobacteria,66.34,TP,10.633333333333333
NC_003155.5,S. avermitilis,Actinobacteria,66.34,TP,11.3
NC_003155.5,S. avermitilis,Actinobacteria,66.34,TP,7.9
NC_003155.5,S. avermitilis,Actinobacteria,66.34,FP,12.228571428571428
NC_003155.5,S. avermitilis,Actinobacteria,66.34,FP,10.9
NC_003155.5,S. avermitilis,Actinobacteria,66.34,FP,12.133333333333333
NC_003155.5,S. avermitilis,Actinobacteria,66.34,TP,8.133333333333333
NC_003155.5,S. avermitilis,Actinobacteria,66.34,FP,12.8
NC_003155.5,S. avermitilis,Actinobacteria,66.34,FP,9.633333333333333
NC_003155.5,S. avermitilis,Actinobacteria,66.34,TP,10.55
NC_003155.5,S. avermitilis,Actinobacteria,66.34,TP,10.8
NC_003155.5,S. avermitilis,Actinobacteria,66.34,FP,-5.0
NC_003155.5,S. avermitilis,Actinobacteria,66.34,TP,14.014285714285714
NC_003155.5,S. avermitilis,Actinobacteria,66.34,TP,14.3
NC_003155.5,S. avermitilis,Actinobacteria,66.34,TP,11.3
NC_003155.5,S. avermitilis,Actinobacteria,66.34,TP,10.8
NC_003155.5,S. avermitilis,Actinobacteria,66.34,FP,9.8
NC_003155.5,S. avermitilis,Actinobacteria,66.34,TP,9.8
NC_003155.5,S. avermitilis,Actinobacteria,66.34,FP,9.55
NC_003155.5,S. avermitilis,Actinobacteria,66.34,FP,8.0
NC_003155.5,S. avermitilis,Actinobacteria,66.34,FP,12.133333333333333
NC_003155.5,S. avermitilis,Actinobacteria,66.34,TP,15.8
NC_003155.5,S. avermitilis,Actinobacteria,66.34,TP,13.8
NC_003155.5,S. avermitilis,Actinobacteria,66.34,TP,12.8
NC_003155.5,S. avermitilis,Actinobacteria,66.34,TP,10.5
NC_003155.5,S. avermitilis,Actinobacteria,66.34,TP,10.8
NC_003155.5,S. avermitilis,Actinobacteria,66.34,FP,10.633333333333333
NC_003155.5,S. avermitilis,Actinobacteria,66.34,TP,10.9
NC_003155.5,S. avermitilis,Actinobacteria,66.34,FP,10.8
NC_003155.5,S. avermitilis,Actinobacteria,66.34,FP,12.228571428571428
NC_003155.5,S. avermitilis,Actinobacteria,66.34,TP,10.55
NC_003155.5,S. avermitilis,Actinobacteria,66.34,TP,11.466666666666667
NC_003155.5,S. avermitilis,Actinobacteria,66.34,FP,10.8
NC_003155.5,S. avermitilis,Actinobacteria,66.34,TP,12.133333333333333
NC_003155.5,S. avermitilis,Actinobacteria,66.34,TP,10.5
NC_003155.5,S. avermitilis,Actinobacteria,66.34,TP,12.05
NC_003155.5,S. avermitilis,Actinobacteria,66.34,TP,9.0
NC_003155.5,S. avermitilis,Actinobacteria,66.34,TP,12.55
NC_003155.5,S. avermitilis,Actinobacteria,66.34,TP,7.8
NC_003155.5,S. avermitilis,Actinobacteria,66.34,TP,12.466666666666667
NC_003155.5,S. avermitilis,Actinobacteria,66.34,TP,9.5
NC_003155.5,S. avermitilis,Actinobacteria,66.34,TP,10.8
NC_003155.5,S. avermitilis,Actinobacteria,66.34,TP,10.5
NC_003155.5,S. avermitilis,Actinobacteria,66.34,TP,12.8
NC_003155.5,S. avermitilis,Actinobacteria,66.34,TP,9.5
NC_003155.5,S. avermitilis,Actinobacteria,66.34,TP,10.8
NC_003155.5,S. avermitilis,Actinobacteria,66.34,FP,10.633333333333333
NC_003155.5,S. avermitilis,Actinobacteria,66.34,TP,7.55
NC_003155.5,S. avermitilis,Actinobacteria,66.34,FP,9.55
NC_003155.5,S. avermitilis,Actinobacteria,66.34,TP,14.3
NC_003155.5,S. avermitilis,Actinobacteria,66.34,TP,10.9
NC_003155.5,S. avermitilis,Actinobacteria,66.34,TP,10.633333333333333
NC_003155.5,S. avermitilis,Actinobacteria,66.34,TP,14.3
NC_003155.5,S. avermitilis,Actinobacteria,66.34,TP,10.633333333333333
NC_003155.5,S. avermitilis,Actinobacteria,66.34,TP,-5.0
NC_003155.5,S. avermitilis,Actinobacteria,66.34,FP,6.0
NC_003155.5,S. avermitilis,Actinobacteria,66.34,FP,10.966666666666667
NC_003155.5,S. avermitilis,Actinobacteria,66.34,FP,12.466666666666667
NC_003155.5,S. avermitilis,Actinobacteria,66.34,TP,12.4
NC_003155.5,S. avermitilis,Actinobacteria,66.34,TP,15.8
NC_003155.5,S. avermitilis,Actinobacteria,66.34,FP,10.633333333333333
NC_003155.5,S. avermitilis,Actinobacteria,66.34,TP,10.55
NC_003155.5,S. avermitilis,Actinobacteria,66.34,FP,12.228571428571428
NC_003155.5,S. avermitilis,Actinobacteria,66.34,TP,12.133333333333333
NC_003155.5,S. avermitilis,Actinobacteria,66.34,FP,12.8
NC_003155.5,S. avermitilis,Actinobacteria,66.34,FP,11.05
NC_003155.5,S. avermitilis,Actinobacteria,66.34,FP,10.8
NC_003155.5,S. avermitilis,Actinobacteria,66.34,FP,13.05
NC_003155.5,S. avermitilis,Actinobacteria,66.34,FP,6.3
NC_003155.5,S. avermitilis,Actinobacteria,66.34,FP,11.3
NC_003155.5,S. avermitilis,Actinobacteria,66.34,FP,9.633333333333333
NC_003155.5,S. avermitilis,Actinobacteria,66.34,TP,9.9
NC_003155.5,S. avermitilis,Actinobacteria,66.34,FP,9.05
NC_003155.5,S. avermitilis,Actinobacteria,66.34,TP,11.228571428571428
NC_003155.5,S. avermitilis,Actinobacteria,66.34,TP,13.966666666666667
NC_003155.5,S. avermitilis,Actinobacteria,66.34,TP,8.133333333333333
NC_003155.5,S. avermitilis,Actinobacteria,66.34,FP,10.633333333333333
NC_003155.5,S. avermitilis,Actinobacteria,66.34,FP,11.4
NC_003155.5,S. avermitilis,Actinobacteria,66.34,FP,9.8
NC_003155.5,S. avermitilis,Actinobacteria,66.34,FP,12.55
NC_003155.5,S. avermitilis,Actinobacteria,66.34,TP,11.3
NC_003155.5,S. avermitilis,Actinobacteria,66.34,TP,14.05
NC_003155.5,S. avermitilis,Actinobacteria,66.34,TP,9.133333333333333
NC_003155.5,S. avermitilis,Actinobacteria,66.34,FP,11.3
NC_003155.5,S. avermitilis,Actinobacteria,66.34,TP,8.0
NC_003155.5,S. avermitilis,Actinobacteria,66.34,TP,8.3
NC_003155.5,S. avermitilis,Actinobacteria,66.34,FP,12.3
NC_003155.5,S. avermitilis,Actinobacteria,66.34,FP,-5.0
NC_003155.5,S. avermitilis,Actinobacteria,66.34,FP,13.966666666666667
NC_003155.5,S. avermitilis,Actinobacteria,66.34,FP,10.3
NC_003155.5,S. avermitilis,Actinobacteria,66.34,FP,10.55
NC_003155.5,S. avermitilis,Actinobacteria,66.34,FP,11.05
NC_003155.5,S. avermitilis,Actinobacteria,66.34,FP,11.3
NC_003155.5,S. avermitilis,Actinobacteria,66.34,FP,7.8
NC_003155.5,S. avermitilis,Actinobacteria,66.34,FP,10.728571428571428
NC_003155.5,S. avermitilis,Actinobacteria,66.34,TP,14.3
NC_003155.5,S. avermitilis,Actinobacteria,66.34,FP,10.9
NC_003155.5,S. avermitilis,Actinobacteria,66.34,FP,12.228571428571428
NC_003155.5,S. avermitilis,Actinobacteria,66.34,FP,7.8
NC_003155.5,S. avermitilis,Actinobacteria,66.34,FP,11.05
NC_003155.5,S. avermitilis,Actinobacteria,66.34,FP,-5.0
NC_003155.5,S. avermitilis,Actinobacteria,66.34,FP,6.5
NC_003155.5,S. avermitilis,Actinobacteria,66.34,FP,10.633333333333333
NC_003155.5,S. avermitilis,Actinobacteria,66.34,FP,15.8
NC_003155.5,S. avermitilis,Actinobacteria,66.34,FP,12.55
NC_003155.5,S. avermitilis,Actinobacteria,66.34,FP,9.8
NC_003155.5,S. avermitilis,Actinobacteria,66.34,FP,10.55
NC_003155.5,S. avermitilis,Actinobacteria,66.34,FP,9.3
NC_003155.5,S. avermitilis,Actinobacteria,66.34,TP,12.966666666666667
NC_003155.5,S. avermitilis,Actinobacteria,66.34,FP,-5.0
NC_003155.5,S. avermitilis,Actinobacteria,66.34,TP,14.3
NC_003155.5,S. avermitilis,Actinobacteria,66.34,TP,14.3
NC_003155.5,S. avermitilis,Actinobacteria,66.34,FP,10.9
NC_003155.5,S. avermitilis,Actinobacteria,66.34,FP,12.133333333333333
NC_003155.5,S. avermitilis,Actinobacteria,66.34,TP,13.3
NC_003155.5,S. avermitilis,Actinobacteria,66.34,FP,9.0
NC_003155.5,S. avermitilis,Actinobacteria,66.34,TP,12.8
NC_003155.5,S. avermitilis,Actinobacteria,66.34,FP,7.8
NC_003155.5,S. avermitilis,Actinobacteria,66.34,FP,-5.0
NC_003155.5,S. avermitilis,Actinobacteria,66.34,FP,7.5
NC_003155.5,S. avermitilis,Actinobacteria,66.34,TP,11.3
NC_003155.5,S. avermitilis,Actinobacteria,66.34,FP,-5.0
NC_003155.5,S. avermitilis,Actinobacteria,66.34,FP,14.05
NC_003155.5,S. avermitilis,Actinobacteria,66.34,FP,9.3
NC_003155.5,S. avermitilis,Actinobacteria,66.34,TP,12.966666666666667
NC_003155.5,S. avermitilis,Actinobacteria,66.34,FP,12.4
NC_003155.5,S. avermitilis,Actinobacteria,66.34,TP,14.3
NC_003155.5,S. avermitilis,Actinobacteria,66.34,TP,-5.0
NC_003155.5,S. avermitilis,Actinobacteria,66.34,TP,9.5
NC_003155.5,S. avermitilis,Actinobacteria,66.34,TP,15.8
NC_003155.5,S. avermitilis,Actinobacteria,66.34,TP,12.8
NC_003155.5,S. avermitilis,Actinobacteria,66.34,TP,15.8
NC_003155.5,S. avermitilis,Actinobacteria,66.34,FP,9.633333333333333
NC_003155.5,S. avermitilis,Actinobacteria,66.34,FP,8.0
NC_003155.5,S. avermitilis,Actinobacteria,66.34,FP,10.8
NC_003155.5,S. avermitilis,Actinobacteria,66.34,TP,12.3
NC_003155.5,S. avermitilis,Actinobacteria,66.34,FP,11.4
NC_003155.5,S. avermitilis,Actinobacteria,66.34,TP,12.4
NC_003155.5,S. avermitilis,Actinobacteria,66.34,FP,12.133333333333333
NC_003155.5,S. avermitilis,Actinobacteria,66.34,FP,14.3
NC_003155.5,S. avermitilis,Actinobacteria,66.34,TP,12.05
NC_003155.5,S. avermitilis,Actinobacteria,66.34,TP,11.3
NC_003155.5,S. avermitilis,Actinobacteria,66.34,TP,13.8
NC_003155.5,S. avermitilis,Actinobacteria,66.34,TP,12.8
NC_003155.5,S. avermitilis,Actinobacteria,66.34,FP,6.0
NC_003155.5,S. avermitilis,Actinobacteria,66.34,TP,12.514285714285714
NC_003155.5,S. avermitilis,Actinobacteria,66.34,FP,11.3
NC_003155.5,S. avermitilis,Actinobacteria,66.34,TP,12.514285714285714
NC_003155.5,S. avermitilis,Actinobacteria,66.34,FP,9.8
NC_003155.5,S. avermitilis,Actinobacteria,66.34,TP,11.3
NC_003155.5,S. avermitilis,Actinobacteria,66.34,FP,9.3
NC_003155.5,S. avermitilis,Actinobacteria,66.34,TP,14.3
NC_003155.5,S. avermitilis,Actinobacteria,66.34,TP,12.4
NC_003155.5,S. avermitilis,Actinobacteria,66.34,TP,13.3
NC_003155.5,S. avermitilis,Actinobacteria,66.34,TP,14.3
NC_003155.5,S. avermitilis,Actinobacteria,66.34,FP,-5.0
NC_003155.5,S. avermitilis,Actinobacteria,66.34,FP,11.466666666666667
NC_003155.5,S. avermitilis,Actinobacteria,66.34,FP,9.55
NC_003155.5,S. avermitilis,Actinobacteria,66.34,FP,8.3
NC_003155.5,S. avermitilis,Actinobacteria,66.34,FP,10.5
NC_003155.5,S. avermitilis,Actinobacteria,66.34,TP,14.014285714285714
NC_003155.5,S. avermitilis,Actinobacteria,66.34,TP,12.8
NC_003155.5,S. avermitilis,Actinobacteria,66.34,FP,9.4
NC_003155.5,S. avermitilis,Actinobacteria,66.34,FP,-5.0
NC_003155.5,S. avermitilis,Actinobacteria,66.34,FP,6.0
NC_003155.5,S. avermitilis,Actinobacteria,66.34,FP,9.633333333333333
NC_003155.5,S. avermitilis,Actinobacteria,66.34,TP,12.8
NC_003155.5,S. avermitilis,Actinobacteria,66.34,TP,13.3
NC_003155.5,S. avermitilis,Actinobacteria,66.34,FP,12.514285714285714
NC_003155.5,S. avermitilis,Actinobacteria,66.34,TP,13.966666666666667
NC_003155.5,S. avermitilis,Actinobacteria,66.34,FP,10.633333333333333
NC_003155.5,S. avermitilis,Actinobacteria,66.34,FP,14.3
NC_003155.5,S. avermitilis,Actinobacteria,66.34,FP,12.466666666666667
NC_003155.5,S. avermitilis,Actinobacteria,66.34,FP,-5.0
NC_003155.5,S. avermitilis,Actinobacteria,66.34,FP,10.8
NC_003155.5,S. avermitilis,Actinobacteria,66.34,FP,9.966666666666667
NC_003155.5,S. avermitilis,Actinobacteria,66.34,TP,13.3
NC_003155.5,S. avermitilis,Actinobacteria,66.34,TP,14.3
NC_003155.5,S. avermitilis,Actinobacteria,66.34,TP,14.3
NC_003155.5,S. avermitilis,Actinobacteria,66.34,FP,11.014285714285714
NC_003155.5,S. avermitilis,Actinobacteria,66.34,FP,9.55
NC_003155.5,S. avermitilis,Actinobacteria,66.34,TP,12.8
NC_003155.5,S. avermitilis,Actinobacteria,66.34,FP,10.633333333333333
NC_003155.5,S. avermitilis,Actinobacteria,66.34,FP,11.3
NC_003155.5,S. avermitilis,Actinobacteria,66.34,FP,10.8
NC_003155.5,S. avermitilis,Actinobacteria,66.34,TP,12.55
NC_003155.5,S. avermitilis,Actinobacteria,66.34,TP,14.514285714285714
NC_003155.5,S. avermitilis,Actinobacteria,66.34,FP,10.9
NC_003155.5,S. avermitilis,Actinobacteria,66.34,FP,12.514285714285714
NC_003155.5,S. avermitilis,Actinobacteria,66.34,FP,11.05
NC_003155.5,S. avermitilis,Actinobacteria,66.34,FP,14.014285714285714
NC_003155.5,S. avermitilis,Actinobacteria,66.34,FP,9.5
NC_003155.5,S. avermitilis,Actinobacteria,66.34,FP,-5.0
NC_003155.5,S. avermitilis,Actinobacteria,66.34,TP,14.3
NC_003155.5,S. avermitilis,Actinobacteria,66.34,TP,12.8
NC_003155.5,S. avermitilis,Actinobacteria,66.34,FP,9.3
NC_003155.5,S. avermitilis,Actinobacteria,66.34,TP,9.8
NC_003155.5,S. avermitilis,Actinobacteria,66.34,TP,12.966666666666667
NC_003155.5,S. avermitilis,Actinobacteria,66.34,FP,11.8
NC_003155.5,S. avermitilis,Actinobacteria,66.34,FP,12.228571428571428
NC_003155.5,S. avermitilis,Actinobacteria,66.34,FP,-5.0
NC_003155.5,S. avermitilis,Actinobacteria,66.34,FP,9.3
NC_003155.5,S. avermitilis,Actinobacteria,66.34,FP,11.466666666666667
NC_003155.5,S. avermitilis,Actinobacteria,66.34,TP,-5.0
NC_003155.5,S. avermitilis,Actinobacteria,66.34,FP,12.466666666666667
NC_003155.5,S. avermitilis,Actinobacteria,66.34,FP,10.9
NC_003155.5,S. avermitilis,Actinobacteria,66.34,TP,-5.0
NC_003155.5,S. avermitilis,Actinobacteria,66.34,TP,12.514285714285714
NC_003155.5,S. avermitilis,Actinobacteria,66.34,FP,10.9
NC_003155.5,S. avermitilis,Actinobacteria,66.34,FP,9.8
NC_003155.5,S. avermitilis,Actinobacteria,66.34,FP,11.3
NC_003155.5,S. avermitilis,Actinobacteria,66.34,TP,14.3
NC_003155.5,S. avermitilis,Actinobacteria,66.34,FP,9.3
NC_003155.5,S. avermitilis,Actinobacteria,66.34,FP,12.3
NC_003155.5,S. avermitilis,Actinobacteria,66.34,FP,9.8
NC_003155.5,S. avermitilis,Actinobacteria,66.34,FP,10.966666666666667
NC_003155.5,S. avermitilis,Actinobacteria,66.34,FP,9.55
NC_003155.5,S. avermitilis,Actinobacteria,66.34,FP,9.9
NC_003155.5,S. avermitilis,Actinobacteria,66.34,FP,-5.0
NC_003155.5,S. avermitilis,Actinobacteria,66.34,TP,12.133333333333333
NC_003155.5,S. avermitilis,Actinobacteria,66.34,FP,8.0
NC_003155.5,S. avermitilis,Actinobacteria,66.34,FP,10.8
NC_003155.5,S. avermitilis,Actinobacteria,66.34,TP,12.514285714285714
NC_003155.5,S. avermitilis,Actinobacteria,66.34,FP,9.8
NC_003155.5,S. avermitilis,Actinobacteria,66.34,FP,12.8
NC_003155.5,S. avermitilis,Actinobacteria,66.34,FP,10.5
NC_003155.5,S. avermitilis,Actinobacteria,66.34,TP,11.133333333333333
NC_003155.5,S. avermitilis,Actinobacteria,66.34,TP,8.0
NC_003155.5,S. avermitilis,Actinobacteria,66.34,TP,10.55
NC_003155.5,S. avermitilis,Actinobacteria,66.34,TP,12.133333333333333
NC_003155.5,S. avermitilis,Actinobacteria,66.34,TP,-5.0
NC_003155.5,S. avermitilis,Actinobacteria,66.34,FP,9.55
NC_003155.5,S. avermitilis,Actinobacteria,66.34,FP,12.3
NC_003155.5,S. avermitilis,Actinobacteria,66.34,TP,15.8
NC_003155.5,S. avermitilis,Actinobacteria,66.34,TP,12.8
NC_003155.5,S. avermitilis,Actinobacteria,66.34,FP,10.9
NC_003155.5,S. avermitilis,Actinobacteria,66.34,TP,12.514285714285714
NC_003155.5,S. avermitilis,Actinobacteria,66.34,FP,11.3
NC_003155.5,S. avermitilis,Actinobacteria,66.34,TP,11.8
NC_003155.5,S. avermitilis,Actinobacteria,66.34,FP,10.55
NC_003155.5,S. avermitilis,Actinobacteria,66.34,FP,11.3
NC_003155.5,S. avermitilis,Actinobacteria,66.34,TP,12.8
NC_003155.5,S. avermitilis,Actinobacteria,66.34,FP,11.4
NC_003155.5,S. avermitilis,Actinobacteria,66.34,FP,11.3
NC_003155.5,S. avermitilis,Actinobacteria,66.34,TP,12.514285714285714
NC_003155.5,S. avermitilis,Actinobacteria,66.34,FP,-5.0
NC_003155.5,S. avermitilis,Actinobacteria,66.34,FP,6.5
NC_003155.5,S. avermitilis,Actinobacteria,66.34,TP,14.3
NC_003155.5,S. avermitilis,Actinobacteria,66.34,TP,12.514285714285714
NC_003155.5,S. avermitilis,Actinobacteria,66.34,FP,12.514285714285714
NC_003155.5,S. avermitilis,Actinobacteria,66.34,TP,9.9
NC_003155.5,S. avermitilis,Actinobacteria,66.34,FP,12.228571428571428
NC_003155.5,S. avermitilis,Actinobacteria,66.34,FP,9.3
NC_003155.5,S. avermitilis,Actinobacteria,66.34,TP,14.3
NC_003155.5,S. avermitilis,Actinobacteria,66.34,FP,10.633333333333333
NC_003155.5,S. avermitilis,Actinobacteria,66.34,TP,11.8
NC_003155.5,S. avermitilis,Actinobacteria,66.34,TP,12.8
NC_003155.5,S. avermitilis,Actinobacteria,66.34,FP,10.728571428571428
NC_003155.5,S. avermitilis,Actinobacteria,66.34,FP,10.728571428571428
NC_003155.5,S. avermitilis,Actinobacteria,66.34,FP,12.133333333333333
NC_003155.5,S. avermitilis,Actinobacteria,66.34,FP,10.8
NC_003155.5,S. avermitilis,Actinobacteria,66.34,FP,10.966666666666667
NC_003155.5,S. avermitilis,Actinobacteria,66.34,TP,14.05
NC_003155.5,S. avermitilis,Actinobacteria,66.34,FP,9.9
NC_003155.5,S. avermitilis,Actinobacteria,66.34,TP,11.3
NC_003155.5,S. avermitilis,Actinobacteria,66.34,FP,10.5
NC_003155.5,S. avermitilis,Actinobacteria,66.34,FP,9.133333333333333
NC_003155.5,S. avermitilis,Actinobacteria,66.34,FP,10.8
NC_003155.5,S. avermitilis,Actinobacteria,66.34,TP,12.4
NC_003155.5,S. avermitilis,Actinobacteria,66.34,FP,-5.0
NC_003155.5,S. avermitilis,Actinobacteria,66.34,TP,11.55
NC_003155.5,S. avermitilis,Actinobacteria,66.34,TP,13.966666666666667
NC_003155.5,S. avermitilis,Actinobacteria,66.34,TP,10.9
NC_003155.5,S. avermitilis,Actinobacteria,66.34,FP,-5.0
NC_003155.5,S. avermitilis,Actinobacteria,66.34,TP,14.3
NC_003155.5,S. avermitilis,Actinobacteria,66.34,FP,11.133333333333333
NC_003155.5,S. avermitilis,Actinobacteria,66.34,FP,13.966666666666667
NC_003155.5,S. avermitilis,Actinobacteria,66.34,FP,10.8
NC_003155.5,S. avermitilis,Actinobacteria,66.34,FP,10.728571428571428
NC_003155.5,S. avermitilis,Actinobacteria,66.34,FP,-5.0
NC_003155.5,S. avermitilis,Actinobacteria,66.34,FP,11.8
NC_003155.5,S. avermitilis,Actinobacteria,66.34,TP,11.55
NC_003155.5,S. avermitilis,Actinobacteria,66.34,TP,12.3
NC_003155.5,S. avermitilis,Actinobacteria,66.34,FP,12.466666666666667
NC_003155.5,S. avermitilis,Actinobacteria,66.34,FP,10.8
NC_003155.5,S. avermitilis,Actinobacteria,66.34,TP,7.8
NC_003155.5,S. avermitilis,Actinobacteria,66.34,FP,-5.0
NC_003155.5,S. avermitilis,Actinobacteria,66.34,FP,11.4
NC_003155.5,S. avermitilis,Actinobacteria,66.34,TP,13.3
NC_003155.5,S. avermitilis,Actinobacteria,66.34,FP,12.3
NC_003155.5,S. avermitilis,Actinobacteria,66.34,TP,10.728571428571428
NC_003155.5,S. avermitilis,Actinobacteria,66.34,TP,12.8
NC_003155.5,S. avermitilis,Actinobacteria,66.34,TP,12.8
NC_003155.5,S. avermitilis,Actinobacteria,66.34,FP,9.0
NC_003155.5,S. avermitilis,Actinobacteria,66.34,FP,10.8
NC_003155.5,S. avermitilis,Actinobacteria,66.34,TP,13.05
NC_003155.5,S. avermitilis,Actinobacteria,66.34,FP,12.228571428571428
NC_003155.5,S. avermitilis,Actinobacteria,66.34,FP,10.55
NC_003155.5,S. avermitilis,Actinobacteria,66.34,FP,11.3
NC_003155.5,S. avermitilis,Actinobacteria,66.34,FP,12.466666666666667
NC_003155.5,S. avermitilis,Actinobacteria,66.34,FP,12.05
NC_003155.5,S. avermitilis,Actinobacteria,66.34,FP,11.8
NC_003155.5,S. avermitilis,Actinobacteria,66.34,FP,10.9
NC_003155.5,S. avermitilis,Actinobacteria,66.34,TP,13.966666666666667
NC_003155.5,S. avermitilis,Actinobacteria,66.34,FP,11.228571428571428
NC_003155.5,S. avermitilis,Actinobacteria,66.34,FP,12.966666666666667
NC_003155.5,S. avermitilis,Actinobacteria,66.34,FP,9.0
NC_003155.5,S. avermitilis,Actinobacteria,66.34,FP,10.5
NC_003155.5,S. avermitilis,Actinobacteria,66.34,FP,10.55
NC_003155.5,S. avermitilis,Actinobacteria,66.34,FP,12.05
NC_003155.5,S. avermitilis,Actinobacteria,66.34,FP,6.3
NC_003155.5,S. avermitilis,Actinobacteria,66.34,TP,12.8
NC_003155.5,S. avermitilis,Actinobacteria,66.34,FP,-5.0
NC_003155.5,S. avermitilis,Actinobacteria,66.34,TP,12.8
NC_003155.5,S. avermitilis,Actinobacteria,66.34,TP,12.8
NC_003155.5,S. avermitilis,Actinobacteria,66.34,FP,11.05
NC_003155.5,S. avermitilis,Actinobacteria,66.34,TP,12.466666666666667
NC_003155.5,S. avermitilis,Actinobacteria,66.34,TP,12.8
NC_003155.5,S. avermitilis,Actinobacteria,66.34,TP,9.05
NC_003155.5,S. avermitilis,Actinobacteria,66.34,FP,7.55
NC_003155.5,S. avermitilis,Actinobacteria,66.34,TP,12.8
NC_003155.5,S. avermitilis,Actinobacteria,66.34,FP,13.8
NC_003155.5,S. avermitilis,Actinobacteria,66.34,FP,10.966666666666667
NC_003155.5,S. avermitilis,Actinobacteria,66.34,TP,12.133333333333333
NC_003155.5,S. avermitilis,Actinobacteria,66.34,FP,12.133333333333333
NC_003155.5,S. avermitilis,Actinobacteria,66.34,TP,10.728571428571428
NC_003155.5,S. avermitilis,Actinobacteria,66.34,FP,11.05
NC_003155.5,S. avermitilis,Actinobacteria,66.34,FP,-5.0
NC_003155.5,S. avermitilis,Actinobacteria,66.34,FP,9.8
NC_003155.5,S. avermitilis,Actinobacteria,66.34,TP,11.514285714285714
NC_003155.5,S. avermitilis,Actinobacteria,66.34,FP,11.228571428571428
NC_003155.5,S. avermitilis,Actinobacteria,66.34,FP,11.4
NC_003155.5,S. avermitilis,Actinobacteria,66.34,TP,14.3
NC_003155.5,S. avermitilis,Actinobacteria,66.34,TP,13.05
NC_003155.5,S. avermitilis,Actinobacteria,66.34,FP,9.0
NC_003155.5,S. avermitilis,Actinobacteria,66.34,FP,10.966666666666667
NC_003155.5,S. avermitilis,Actinobacteria,66.34,TP,12.05
NC_003030.1,C. acetobutyl.,Firmicutes,88.01,TP,14.3
NC_003030.1,C. acetobutyl.,Firmicutes,88.01,TP,14.3
NC_003030.1,C. acetobutyl.,Firmicutes,88.01,TP,12.55
NC_003030.1,C. acetobutyl.,Firmicutes,88.01,TP,11.3
NC_003030.1,C. acetobutyl.,Firmicutes,88.01,TP,11.3
NC_003030.1,C. acetobutyl.,Firmicutes,88.01,TP,10.8
NC_003030.1,C. acetobutyl.,Firmicutes,88.01,TP,13.8
NC_003030.1,C. acetobutyl.,Firmicutes,88.01,TP,12.8
NC_003030.1,C. acetobutyl.,Firmicutes,88.01,TP,9.55
NC_003030.1,C. acetobutyl.,Firmicutes,88.01,TP,14.3
NC_003030.1,C. acetobutyl.,Firmicutes,88.01,TP,15.8
NC_003030.1,C. acetobutyl.,Firmicutes,88.01,TP,12.55
NC_003030.1,C. acetobutyl.,Firmicutes,88.01,TP,10.55
NC_003030.1,C. acetobutyl.,Firmicutes,88.01,TP,14.3
NC_003030.1,C. acetobutyl.,Firmicutes,88.01,TP,14.3
NC_003030.1,C. acetobutyl.,Firmicutes,88.01,TP,14.014285714285714
NC_003030.1,C. acetobutyl.,Firmicutes,88.01,TP,9.466666666666667
NC_003030.1,C. acetobutyl.,Firmicutes,88.01,TP,12.8
NC_003030.1,C. acetobutyl.,Firmicutes,88.01,TP,14.3
NC_003030.1,C. acetobutyl.,Firmicutes,88.01,TP,14.05
NC_003030.1,C. acetobutyl.,Firmicutes,88.01,TP,14.3
NC_003030.1,C. acetobutyl.,Firmicutes,88.01,TP,12.8
NC_003030.1,C. acetobutyl.,Firmicutes,88.01,TP,14.3
NC_003030.1,C. acetobutyl.,Firmicutes,88.01,TP,14.3
NC_003030.1,C. acetobutyl.,Firmicutes,88.01,TP,12.8
NC_003030.1,C. acetobutyl.,Firmicutes,88.01,TP,14.3
NC_003030.1,C. acetobutyl.,Firmicutes,88.01,TP,11.55
NC_003030.1,C. acetobutyl.,Firmicutes,88.01,TP,14.3
NC_003030.1,C. acetobutyl.,Firmicutes,88.01,TP,11.3
NC_003030.1,C. acetobutyl.,Firmicutes,88.01,TP,12.55
NC_003030.1,C. acetobutyl.,Firmicutes,88.01,TP,11.8
NC_003030.1,C. acetobutyl.,Firmicutes,88.01,TP,12.8
NC_003030.1,C. acetobutyl.,Firmicutes,88.01,TP,15.8
NC_003030.1,C. acetobutyl.,Firmicutes,88.01,TP,11.8
NC_003030.1,C. acetobutyl.,Firmicutes,88.01,TP,14.3
NC_003030.1,C. acetobutyl.,Firmicutes,88.01,TP,12.514285714285714
NC_003030.1,C. acetobutyl.,Firmicutes,88.01,TP,15.8
NC_003030.1,C. acetobutyl.,Firmicutes,88.01,TP,12.8
NC_003030.1,C. acetobutyl.,Firmicutes,88.01,TP,14.8
NC_003030.1,C. acetobutyl.,Firmicutes,88.01,TP,12.8
NC_003030.1,C. acetobutyl.,Firmicutes,88.01,TP,14.014285714285714
NC_003030.1,C. acetobutyl.,Firmicutes,88.01,TP,13.05
NC_003030.1,C. acetobutyl.,Firmicutes,88.01,TP,12.55
NC_003030.1,C. acetobutyl.,Firmicutes,88.01,TP,13.3
NC_003030.1,C. acetobutyl.,Firmicutes,88.01,TP,14.3
NC_003030.1,C. acetobutyl.,Firmicutes,88.01,TP,14.3
NC_003030.1,C. acetobutyl.,Firmicutes,88.01,TP,15.8
NC_003030.1,C. acetobutyl.,Firmicutes,88.01,TP,11.8
NC_003030.1,C. acetobutyl.,Firmicutes,88.01,TP,11.3
NC_003030.1,C. acetobutyl.,Firmicutes,88.01,TP,9.633333333333333
NC_003030.1,C. acetobutyl.,Firmicutes,88.01,TP,15.8
NC_003030.1,C. acetobutyl.,Firmicutes,88.01,TP,12.8
NC_003030.1,C. acetobutyl.,Firmicutes,88.01,TP,14.3
NC_003030.1,C. acetobutyl.,Firmicutes,88.01,TP,14.3
NC_003030.1,C. acetobutyl.,Firmicutes,88.01,TP,15.8
NC_003030.1,C. acetobutyl.,Firmicutes,88.01,TP,12.55
NC_003030.1,C. acetobutyl.,Firmicutes,88.01,TP,14.3
NC_003030.1,C. acetobutyl.,Firmicutes,88.01,TP,12.466666666666667
NC_003030.1,C. acetobutyl.,Firmicutes,88.01,TP,14.3
NC_003030.1,C. acetobutyl.,Firmicutes,88.01,TP,10.633333333333333
NC_003030.1,C. acetobutyl.,Firmicutes,88.01,TP,14.3
NC_003030.1,C. acetobutyl.,Firmicutes,88.01,TP,15.8
NC_003030.1,C. acetobutyl.,Firmicutes,88.01,TP,12.8
NC_003030.1,C. acetobutyl.,Firmicutes,88.01,TP,13.8
NC_003030.1,C. acetobutyl.,Firmicutes,88.01,TP,15.8
NC_003030.1,C. acetobutyl.,Firmicutes,88.01,TP,14.3
NC_003030.1,C. acetobutyl.,Firmicutes,88.01,TP,11.3
NC_003030.1,C. acetobutyl.,Firmicutes,88.01,TP,15.8
NC_003030.1,C. acetobutyl.,Firmicutes,88.01,TP,15.8
NC_003030.1,C. acetobutyl.,Firmicutes,88.01,TP,8.133333333333333
NC_003030.1,C. acetobutyl.,Firmicutes,88.01,TP,10.633333333333333
NC_003030.1,C. acetobutyl.,Firmicutes,88.01,TP,11.3
NC_003030.1,C. acetobutyl.,Firmicutes,88.01,TP,14.8
NC_003030.1,C. acetobutyl.,Firmicutes,88.01,TP,14.05
NC_003030.1,C. acetobutyl.,Firmicutes,88.01,TP,14.05
NC_003030.1,C. acetobutyl.,Firmicutes,88.01,TP,14.3
NC_003030.1,C. acetobutyl.,Firmicutes,88.01,TP,14.05
NC_003030.1,C. acetobutyl.,Firmicutes,88.01,TP,14.05
NC_003030.1,C. acetobutyl.,Firmicutes,88.01,TP,12.3
NC_003030.1,C. acetobutyl.,Firmicutes,88.01,TP,15.8
NC_003030.1,C. acetobutyl.,Firmicutes,88.01,TP,15.8
NC_003030.1,C. acetobutyl.,Firmicutes,88.01,TP,11.228571428571428
NC_003030.1,C. acetobutyl.,Firmicutes,88.01,TP,15.8
NC_003030.1,C. acetobutyl.,Firmicutes,88.01,TP,9.3
NC_003030.1,C. acetobutyl.,Firmicutes,88.01,TP,14.05
NC_003030.1,C. acetobutyl.,Firmicutes,88.01,TP,-5.0
NC_003030.1,C. acetobutyl.,Firmicutes,88.01,TP,12.3
NC_003030.1,C. acetobutyl.,Firmicutes,88.01,TP,12.55
NC_003030.1,C. acetobutyl.,Firmicutes,88.01,TP,14.3
NC_003030.1,C. acetobutyl.,Firmicutes,88.01,TP,13.3
NC_003030.1,C. acetobutyl.,Firmicutes,88.01,TP,14.3
NC_003030.1,C. acetobutyl.,Firmicutes,88.01,TP,10.55
NC_003030.1,C. acetobutyl.,Firmicutes,88.01,TP,15.8
NC_003030.1,C. acetobutyl.,Firmicutes,88.01,TP,14.014285714285714
NC_003030.1,C. acetobutyl.,Firmicutes,88.01,TP,15.8
NC_003030.1,C. acetobutyl.,Firmicutes,88.01,TP,14.05
NC_003030.1,C. acetobutyl.,Firmicutes,88.01,TP,14.3
NC_003030.1,C. acetobutyl.,Firmicutes,88.01,TP,10.966666666666667
NC_003030.1,C. acetobutyl.,Firmicutes,88.01,TP,14.05
NC_003030.1,C. acetobutyl.,Firmicutes,88.01,TP,15.8
NC_003030.1,C. acetobutyl.,Firmicutes,88.01,TP,14.3
NC_003030.1,C. acetobutyl.,Firmicutes,88.01,TP,9.3
NC_003030.1,C. acetobutyl.,Firmicutes,88.01,TP,9.4
NC_003030.1,C. acetobutyl.,Firmicutes,88.01,TP,14.05
NC_003030.1,C. acetobutyl.,Firmicutes,88.01,TP,13.8
NC_003030.1,C. acetobutyl.,Firmicutes,88.01,TP,10.55
NC_003030.1,C. acetobutyl.,Firmicutes,88.01,TP,14.3
NC_003030.1,C. acetobutyl.,Firmicutes,88.01,TP,14.05
NC_003030.1,C. acetobutyl.,Firmicutes,88.01,TP,11.8
NC_003030.1,C. acetobutyl.,Firmicutes,88.01,TP,11.3
NC_003030.1,C. acetobutyl.,Firmicutes,88.01,TP,14.3
NC_003030.1,C. acetobutyl.,Firmicutes,88.01,TP,10.728571428571428
NC_003030.1,C. acetobutyl.,Firmicutes,88.01,TP,15.8
NC_003030.1,C. acetobutyl.,Firmicutes,88.01,TP,15.3
NC_003030.1,C. acetobutyl.,Firmicutes,88.01,TP,12.8
NC_003030.1,C. acetobutyl.,Firmicutes,88.01,TP,15.8
NC_003030.1,C. acetobutyl.,Firmicutes,88.01,TP,12.8
NC_003030.1,C. acetobutyl.,Firmicutes,88.01,TP,14.3
NC_003030.1,C. acetobutyl.,Firmicutes,88.01,TP,12.466666666666667
NC_003030.1,C. acetobutyl.,Firmicutes,88.01,TP,11.3
NC_003030.1,C. acetobutyl.,Firmicutes,88.01,TP,14.8
NC_003030.1,C. acetobutyl.,Firmicutes,88.01,TP,15.8
NC_003030.1,C. acetobutyl.,Firmicutes,88.01,TP,12.55
NC_003030.1,C. acetobutyl.,Firmicutes,88.01,TP,12.8
NC_003030.1,C. acetobutyl.,Firmicutes,88.01,TP,12.8
NC_003030.1,C. acetobutyl.,Firmicutes,88.01,TP,14.3
NC_003030.1,C. acetobutyl.,Firmicutes,88.01,TP,9.966666666666667
NC_003030.1,C. acetobutyl.,Firmicutes,88.01,TP,12.55
NC_003030.1,C. acetobutyl.,Firmicutes,88.01,TP,14.3
NC_003030.1,C. acetobutyl.,Firmicutes,88.01,TP,14.05
NC_003030.1,C. acetobutyl.,Firmicutes,88.01,TP,14.3
NC_003030.1,C. acetobutyl.,Firmicutes,88.01,TP,12.966666666666667
NC_003030.1,C. acetobutyl.,Firmicutes,88.01,TP,14.014285714285714
NC_003030.1,C. acetobutyl.,Firmicutes,88.01,TP,14.3
NC_003030.1,C. acetobutyl.,Firmicutes,88.01,TP,13.014285714285714
NC_003030.1,C. acetobutyl.,Firmicutes,88.01,TP,13.05
NC_003030.1,C. acetobutyl.,Firmicutes,88.01,TP,12.8
NC_003030.1,C. acetobutyl.,Firmicutes,88.01,TP,14.3
NC_003030.1,C. acetobutyl.,Firmicutes,88.01,TP,11.3
NC_003030.1,C. acetobutyl.,Firmicutes,88.01,TP,13.05
NC_003030.1,C. acetobutyl.,Firmicutes,88.01,TP,10.8
NC_003030.1,C. acetobutyl.,Firmicutes,88.01,TP,12.8
NC_003030.1,C. acetobutyl.,Firmicutes,88.01,TP,12.3
NC_003030.1,C. acetobutyl.,Firmicutes,88.01,FP,7.55
NC_003030.1,C. acetobutyl.,Firmicutes,88.01,TP,12.514285714285714
NC_003030.1,C. acetobutyl.,Firmicutes,88.01,TP,14.05
NC_003030.1,C. acetobutyl.,Firmicutes,88.01,TP,14.3
NC_003030.1,C. acetobutyl.,Firmicutes,88.01,TP,10.728571428571428
NC_003030.1,C. acetobutyl.,Firmicutes,88.01,TP,14.3
NC_003030.1,C. acetobutyl.,Firmicutes,88.01,TP,9.3
NC_003030.1,C. acetobutyl.,Firmicutes,88.01,TP,14.3
NC_003030.1,C. acetobutyl.,Firmicutes,88.01,TP,8.05
NC_003030.1,C. acetobutyl.,Firmicutes,88.01,TP,12.8
NC_003030.1,C. acetobutyl.,Firmicutes,88.01,TP,14.3
NC_003030.1,C. acetobutyl.,Firmicutes,88.01,TP,14.3
NC_003030.1,C. acetobutyl.,Firmicutes,88.01,TP,14.3
NC_003030.1,C. acetobutyl.,Firmicutes,88.01,TP,12.8
NC_003030.1,C. acetobutyl.,Firmicutes,88.01,TP,11.3
NC_003030.1,C. acetobutyl.,Firmicutes,88.01,TP,14.3
NC_003030.1,C. acetobutyl.,Firmicutes,88.01,TP,12.133333333333333
NC_003030.1,C. acetobutyl.,Firmicutes,88.01,TP,11.3
NC_003030.1,C. acetobutyl.,Firmicutes,88.01,TP,12.8
NC_003030.1,C. acetobutyl.,Firmicutes,88.01,TP,14.3
NC_003030.1,C. acetobutyl.,Firmicutes,88.01,TP,9.3
NC_003030.1,C. acetobutyl.,Firmicutes,88.01,TP,8.0
NC_003030.1,C. acetobutyl.,Firmicutes,88.01,TP,12.514285714285714
NC_003030.1,C. acetobutyl.,Firmicutes,88.01,TP,9.8
NC_003030.1,C. acetobutyl.,Firmicutes,88.01,TP,12.05
NC_003030.1,C. acetobutyl.,Firmicutes,88.01,TP,12.3
NC_003030.1,C. acetobutyl.,Firmicutes,88.01,TP,14.3
NC_003030.1,C. acetobutyl.,Firmicutes,88.01,TP,14.3
NC_003030.1,C. acetobutyl.,Firmicutes,88.01,TP,14.3
NC_003030.1,C. acetobutyl.,Firmicutes,88.01,TP,8.3
NC_003030.1,C. acetobutyl.,Firmicutes,88.01,TP,12.3
NC_003030.1,C. acetobutyl.,Firmicutes,88.01,TP,15.8
NC_003030.1,C. acetobutyl.,Firmicutes,88.01,TP,14.05
NC_003030.1,C. acetobutyl.,Firmicutes,88.01,TP,15.8
NC_003030.1,C. acetobutyl.,Firmicutes,88.01,TP,15.8
NC_003030.1,C. acetobutyl.,Firmicutes,88.01,TP,15.8
NC_003030.1,C. acetobutyl.,Firmicutes,88.01,TP,7.8
NC_003030.1,C. acetobutyl.,Firmicutes,88.01,TP,15.8
NC_003030.1,C. acetobutyl.,Firmicutes,88.01,TP,12.466666666666667
NC_003030.1,C. acetobutyl.,Firmicutes,88.01,TP,9.8
NC_003030.1,C. acetobutyl.,Firmicutes,88.01,TP,10.8
NC_003030.1,C. acetobutyl.,Firmicutes,88.01,TP,14.3
NC_003030.1,C. acetobutyl.,Firmicutes,88.01,TP,14.3
NC_003030.1,C. acetobutyl.,Firmicutes,88.01,TP,13.8
NC_003030.1,C. acetobutyl.,Firmicutes,88.01,TP,9.633333333333333
NC_003030.1,C. acetobutyl.,Firmicutes,88.01,TP,15.8
NC_003030.1,C. acetobutyl.,Firmicutes,88.01,TP,12.466666666666667
NC_003030.1,C. acetobutyl.,Firmicutes,88.01,TP,10.3
NC_003030.1,C. acetobutyl.,Firmicutes,88.01,TP,12.8
NC_003030.1,C. acetobutyl.,Firmicutes,88.01,TP,14.3
NC_003030.1,C. acetobutyl.,Firmicutes,88.01,TP,8.3
NC_003030.1,C. acetobutyl.,Firmicutes,88.01,TP,14.05
NC_003030.1,C. acetobutyl.,Firmicutes,88.01,TP,12.55
NC_003030.1,C. acetobutyl.,Firmicutes,88.01,TP,15.8
NC_003030.1,C. acetobutyl.,Firmicutes,88.01,TP,15.8
NC_003030.1,C. acetobutyl.,Firmicutes,88.01,TP,13.8
NC_003030.1,C. acetobutyl.,Firmicutes,88.01,TP,14.05
NC_003030.1,C. acetobutyl.,Firmicutes,88.01,TP,15.55
NC_003030.1,C. acetobutyl.,Firmicutes,88.01,TP,15.8
NC_003030.1,C. acetobutyl.,Firmicutes,88.01,TP,12.8
NC_003030.1,C. acetobutyl.,Firmicutes,88.01,TP,14.05
NC_003030.1,C. acetobutyl.,Firmicutes,88.01,TP,12.8
NC_003030.1,C. acetobutyl.,Firmicutes,88.01,TP,14.3
NC_003030.1,C. acetobutyl.,Firmicutes,88.01,TP,14.3
NC_003030.1,C. acetobutyl.,Firmicutes,88.01,TP,6.3
NC_003030.1,C. acetobutyl.,Firmicutes,88.01,TP,14.3
NC_003030.1,C. acetobutyl.,Firmicutes,88.01,TP,15.8
NC_003030.1,C. acetobutyl.,Firmicutes,88.01,TP,15.8
NC_003030.1,C. acetobutyl.,Firmicutes,88.01,TP,14.3
NC_003030.1,C. acetobutyl.,Firmicutes,88.01,TP,13.014285714285714
NC_003030.1,C. acetobutyl.,Firmicutes,88.01,TP,14.3
NC_003030.1,C. acetobutyl.,Firmicutes,88.01,TP,10.55
NC_003030.1,C. acetobutyl.,Firmicutes,88.01,TP,14.3
NC_003030.1,C. acetobutyl.,Firmicutes,88.01,TP,11.3
NC_003030.1,C. acetobutyl.,Firmicutes,88.01,TP,15.8
NC_003030.1,C. acetobutyl.,Firmicutes,88.01,TP,15.8
NC_003030.1,C. acetobutyl.,Firmicutes,88.01,TP,12.55
NC_003030.1,C. acetobutyl.,Firmicutes,88.01,TP,8.3
NC_003030.1,C. acetobutyl.,Firmicutes,88.01,TP,15.8
NC_003030.1,C. acetobutyl.,Firmicutes,88.01,TP,14.3
NC_003030.1,C. acetobutyl.,Firmicutes,88.01,TP,13.3
NC_003030.1,C. acetobutyl.,Firmicutes,88.01,TP,14.3
NC_003030.1,C. acetobutyl.,Firmicutes,88.01,TP,14.3
NC_003030.1,C. acetobutyl.,Firmicutes,88.01,TP,14.3
NC_003030.1,C. acetobutyl.,Firmicutes,88.01,TP,14.3
NC_003030.1,C. acetobutyl.,Firmicutes,88.01,TP,15.8
NC_003030.1,C. acetobutyl.,Firmicutes,88.01,TP,14.05
NC_003030.1,C. acetobutyl.,Firmicutes,88.01,TP,13.3
NC_003030.1,C. acetobutyl.,Firmicutes,88.01,TP,11.3
NC_003030.1,C. acetobutyl.,Firmicutes,88.01,TP,13.3
NC_003030.1,C. acetobutyl.,Firmicutes,88.01,TP,13.8
NC_003030.1,C. acetobutyl.,Firmicutes,88.01,TP,7.633333333333333
NC_003030.1,C. acetobutyl.,Firmicutes,88.01,TP,12.8
NC_003030.1,C. acetobutyl.,Firmicutes,88.01,TP,9.3
NC_003030.1,C. acetobutyl.,Firmicutes,88.01,TP,11.05
NC_003030.1,C. acetobutyl.,Firmicutes,88.01,TP,9.466666666666667
NC_003030.1,C. acetobutyl.,Firmicutes,88.01,TP,14.8
NC_003030.1,C. acetobutyl.,Firmicutes,88.01,TP,14.3
NC_003030.1,C. acetobutyl.,Firmicutes,88.01,TP,14.014285714285714
NC_003030.1,C. acetobutyl.,Firmicutes,88.01,TP,14.3
NC_003030.1,C. acetobutyl.,Firmicutes,88.01,TP,10.633333333333333
NC_003030.1,C. acetobutyl.,Firmicutes,88.01,TP,12.8
NC_003030.1,C. acetobutyl.,Firmicutes,88.01,TP,13.014285714285714
NC_003030.1,C. acetobutyl.,Firmicutes,88.01,TP,14.3
NC_003030.1,C. acetobutyl.,Firmicutes,88.01,TP,9.3
NC_003030.1,C. acetobutyl.,Firmicutes,88.01,TP,7.633333333333333
NC_003030.1,C. acetobutyl.,Firmicutes,88.01,TP,12.55
NC_003030.1,C. acetobutyl.,Firmicutes,88.01,TP,14.3
NC_003030.1,C. acetobutyl.,Firmicutes,88.01,TP,14.3
NC_003030.1,C. acetobutyl.,Firmicutes,88.01,TP,12.3
NC_003030.1,C. acetobutyl.,Firmicutes,88.01,TP,10.9
NC_003030.1,C. acetobutyl.,Firmicutes,88.01,TP,6.5
NC_003030.1,C. acetobutyl.,Firmicutes,88.01,TP,14.3
NC_003030.1,C. acetobutyl.,Firmicutes,88.01,TP,15.8
NC_003030.1,C. acetobutyl.,Firmicutes,88.01,TP,15.8
NC_003030.1,C. acetobutyl.,Firmicutes,88.01,TP,14.3
NC_003030.1,C. acetobutyl.,Firmicutes,88.01,TP,11.3
NC_003030.1,C. acetobutyl.,Firmicutes,88.01,TP,14.3
NC_003030.1,C. acetobutyl.,Firmicutes,88.01,TP,11.014285714285714
NC_003030.1,C. acetobutyl.,Firmicutes,88.01,TP,13.3
NC_003030.1,C. acetobutyl.,Firmicutes,88.01,TP,12.55
NC_003030.1,C. acetobutyl.,Firmicutes,88.01,TP,13.966666666666667
NC_003030.1,C. acetobutyl.,Firmicutes,88.01,TP,11.014285714285714
NC_003030.1,C. acetobutyl.,Firmicutes,88.01,TP,12.514285714285714
NC_003030.1,C. acetobutyl.,Firmicutes,88.01,TP,14.8
NC_003030.1,C. acetobutyl.,Firmicutes,88.01,TP,14.05
NC_003030.1,C. acetobutyl.,Firmicutes,88.01,TP,14.3
NC_003030.1,C. acetobutyl.,Firmicutes,88.01,TP,13.966666666666667
NC_003030.1,C. acetobutyl.,Firmicutes,88.01,TP,13.3
NC_003030.1,C. acetobutyl.,Firmicutes,88.01,TP,15.8
NC_003030.1,C. acetobutyl.,Firmicutes,88.01,TP,14.014285714285714
NC_003030.1,C. acetobutyl.,Firmicutes,88.01,TP,14.3
NC_003030.1,C. acetobutyl.,Firmicutes,88.01,TP,10.8
NC_003030.1,C. acetobutyl.,Firmicutes,88.01,TP,12.966666666666667
NC_003030.1,C. acetobutyl.,Firmicutes,88.01,TP,11.3
NC_003030.1,C. acetobutyl.,Firmicutes,88.01,TP,13.014285714285714
NC_003030.1,C. acetobutyl.,Firmicutes,88.01,TP,13.3
NC_003030.1,C. acetobutyl.,Firmicutes,88.01,TP,12.8
NC_003030.1,C. acetobutyl.,Firmicutes,88.01,TP,12.8
NC_003030.1,C. acetobutyl.,Firmicutes,88.01,TP,14.05
NC_003030.1,C. acetobutyl.,Firmicutes,88.01,TP,12.8
NC_003030.1,C. acetobutyl.,Firmicutes,88.01,TP,12.55
NC_003030.1,C. acetobutyl.,Firmicutes,88.01,TP,14.3
NC_003030.1,C. acetobutyl.,Firmicutes,88.01,TP,11.3
NC_003030.1,C. acetobutyl.,Firmicutes,88.01,TP,9.4
NC_003030.1,C. acetobutyl.,Firmicutes,88.01,TP,12.8
NC_003030.1,C. acetobutyl.,Firmicutes,88.01,TP,13.966666666666667
NC_003030.1,C. acetobutyl.,Firmicutes,88.01,TP,14.3
NC_003030.1,C. acetobutyl.,Firmicutes,88.01,TP,12.466666666666667
NC_003030.1,C. acetobutyl.,Firmicutes,88.01,TP,14.3
NC_003030.1,C. acetobutyl.,Firmicutes,88.01,TP,14.3
NC_003030.1,C. acetobutyl.,Firmicutes,88.01,TP,14.3
NC_003030.1,C. acetobutyl.,Firmicutes,88.01,TP,14.3
NC_003030.1,C. acetobutyl.,Firmicutes,88.01,TP,15.8
NC_003030.1,C. acetobutyl.,Firmicutes,88.01,TP,12.514285714285714
NC_003030.1,C. acetobutyl.,Firmicutes,88.01,TP,14.3
NC_003030.1,C. acetobutyl.,Firmicutes,88.01,TP,13.8
NC_003030.1,C. acetobutyl.,Firmicutes,88.01,TP,11.05
NC_003030.1,C. acetobutyl.,Firmicutes,88.01,TP,14.3
NC_003030.1,C. acetobutyl.,Firmicutes,88.01,TP,14.05
NC_003030.1,C. acetobutyl.,Firmicutes,88.01,TP,15.8
NC_003030.1,C. acetobutyl.,Firmicutes,88.01,TP,12.8
NC_003030.1,C. acetobutyl.,Firmicutes,88.01,TP,14.3
NC_003030.1,C. acetobutyl.,Firmicutes,88.01,TP,9.8
NC_003030.1,C. acetobutyl.,Firmicutes,88.01,TP,14.3
NC_003030.1,C. acetobutyl.,Firmicutes,88.01,TP,14.3
NC_003030.1,C. acetobutyl.,Firmicutes,88.01,TP,14.3
NC_003030.1,C. acetobutyl.,Firmicutes,88.01,TP,12.228571428571428
NC_003030.1,C. acetobutyl.,Firmicutes,88.01,TP,11.3
NC_003030.1,C. acetobutyl.,Firmicutes,88.01,TP,9.3
NC_003030.1,C. acetobutyl.,Firmicutes,88.01,TP,14.014285714285714
NC_003030.1,C. acetobutyl.,Firmicutes,88.01,TP,10.633333333333333
NC_003030.1,C. acetobutyl.,Firmicutes,88.01,TP,14.8
NC_003030.1,C. acetobutyl.,Firmicutes,88.01,TP,13.3
NC_003030.1,C. acetobutyl.,Firmicutes,88.01,TP,9.4
NC_003030.1,C. acetobutyl.,Firmicutes,88.01,TP,12.8
NC_003030.1,C. acetobutyl.,Firmicutes,88.01,TP,15.8
NC_003030.1,C. acetobutyl.,Firmicutes,88.01,TP,12.966666666666667
NC_003030.1,C. acetobutyl.,Firmicutes,88.01,TP,13.05
NC_003030.1,C. acetobutyl.,Firmicutes,88.01,TP,15.8
NC_003030.1,C. acetobutyl.,Firmicutes,88.01,TP,12.55
NC_003030.1,C. acetobutyl.,Firmicutes,88.01,TP,14.3
NC_003030.1,C. acetobutyl.,Firmicutes,88.01,TP,11.3
NC_003030.1,C. acetobutyl.,Firmicutes,88.01,TP,14.3
NC_003030.1,C. acetobutyl.,Firmicutes,88.01,TP,15.514285714285714
NC_003030.1,C. acetobutyl.,Firmicutes,88.01,TP,14.05
NC_003030.1,C. acetobutyl.,Firmicutes,88.01,TP,14.3
NC_003030.1,C. acetobutyl.,Firmicutes,88.01,TP,13.966666666666667
NC_003030.1,C. acetobutyl.,Firmicutes,88.01,TP,12.55
NC_003030.1,C. acetobutyl.,Firmicutes,88.01,TP,14.3
NC_003030.1,C. acetobutyl.,Firmicutes,88.01,TP,15.8
NC_003030.1,C. acetobutyl.,Firmicutes,88.01,TP,12.8
NC_003030.1,C. acetobutyl.,Firmicutes,88.01,TP,14.3
NC_003030.1,C. acetobutyl.,Firmicutes,88.01,TP,9.466666666666667
NC_003030.1,C. acetobutyl.,Firmicutes,88.01,TP,14.3
NC_003030.1,C. acetobutyl.,Firmicutes,88.01,TP,12.3
NC_003030.1,C. acetobutyl.,Firmicutes,88.01,TP,8.3
NC_003030.1,C. acetobutyl.,Firmicutes,88.01,TP,14.55
NC_003030.1,C. acetobutyl.,Firmicutes,88.01,TP,14.05
NC_003030.1,C. acetobutyl.,Firmicutes,88.01,TP,12.8
NC_003030.1,C. acetobutyl.,Firmicutes,88.01,TP,14.3
NC_003030.1,C. acetobutyl.,Firmicutes,88.01,TP,14.3
NC_003030.1,C. acetobutyl.,Firmicutes,88.01,TP,10.8
NC_003030.1,C. acetobutyl.,Firmicutes,88.01,TP,14.05
NC_003030.1,C. acetobutyl.,Firmicutes,88.01,TP,14.3
NC_003030.1,C. acetobutyl.,Firmicutes,88.01,TP,15.8
NC_003030.1,C. acetobutyl.,Firmicutes,88.01,TP,14.3
NC_003030.1,C. acetobutyl.,Firmicutes,88.01,TP,11.05
NC_003030.1,C. acetobutyl.,Firmicutes,88.01,TP,15.8
NC_003030.1,C. acetobutyl.,Firmicutes,88.01,TP,14.05
NC_003030.1,C. acetobutyl.,Firmicutes,88.01,TP,9.3
NC_003030.1,C. acetobutyl.,Firmicutes,88.01,TP,12.3
NC_003030.1,C. acetobutyl.,Firmicutes,88.01,TP,14.3
NC_003030.1,C. acetobutyl.,Firmicutes,88.01,TP,15.8
NC_003030.1,C. acetobutyl.,Firmicutes,88.01,TP,14.3
NC_003030.1,C. acetobutyl.,Firmicutes,88.01,TP,9.728571428571428
NC_003030.1,C. acetobutyl.,Firmicutes,88.01,TP,12.514285714285714
NC_003030.1,C. acetobutyl.,Firmicutes,88.01,TP,8.3
NC_003030.1,C. acetobutyl.,Firmicutes,88.01,TP,8.3
NC_003030.1,C. acetobutyl.,Firmicutes,88.01,TP,12.228571428571428
NC_003030.1,C. acetobutyl.,Firmicutes,88.01,TP,13.3
NC_003030.1,C. acetobutyl.,Firmicutes,88.01,TP,14.014285714285714
NC_003030.1,C. acetobutyl.,Firmicutes,88.01,TP,15.8
NC_003030.1,C. acetobutyl.,Firmicutes,88.01,TP,12.8
NC_003030.1,C. acetobutyl.,Firmicutes,88.01,TP,14.3
NC_003030.1,C. acetobutyl.,Firmicutes,88.01,TP,12.55
NC_003030.1,C. acetobutyl.,Firmicutes,88.01,TP,12.8
NC_003030.1,C. acetobutyl.,Firmicutes,88.01,TP,13.3
NC_003030.1,C. acetobutyl.,Firmicutes,88.01,TP,12.8
NC_003030.1,C. acetobutyl.,Firmicutes,88.01,TP,14.3
NC_003030.1,C. acetobutyl.,Firmicutes,88.01,TP,14.3
NC_003030.1,C. acetobutyl.,Firmicutes,88.01,TP,14.3
NC_003030.1,C. acetobutyl.,Firmicutes,88.01,TP,14.3
NC_003030.1,C. acetobutyl.,Firmicutes,88.01,TP,12.466666666666667
NC_003030.1,C. acetobutyl.,Firmicutes,88.01,TP,12.55
NC_003030.1,C. acetobutyl.,Firmicutes,88.01,TP,12.8
NC_003030.1,C. acetobutyl.,Firmicutes,88.01,TP,12.3
NC_003030.1,C. acetobutyl.,Firmicutes,88.01,FP,12.514285714285714
NC_003030.1,C. acetobutyl.,Firmicutes,88.01,TP,13.8
NC_003030.1,C. acetobutyl.,Firmicutes,88.01,TP,9.55
NC_003030.1,C. acetobutyl.,Firmicutes,88.01,TP,9.3
NC_003030.1,C. acetobutyl.,Firmicutes,88.01,TP,12.55
NC_003030.1,C. acetobutyl.,Firmicutes,88.01,TP,9.3
NC_003030.1,C. acetobutyl.,Firmicutes,88.01,TP,13.05
NC_003030.1,C. acetobutyl.,Firmicutes,88.01,TP,12.8
NC_003030.1,C. acetobutyl.,Firmicutes,88.01,TP,14.3
NC_003030.1,C. acetobutyl.,Firmicutes,88.01,TP,6.5
NC_003030.1,C. acetobutyl.,Firmicutes,88.01,TP,15.8
NC_003030.1,C. acetobutyl.,Firmicutes,88.01,TP,14.3
NC_003030.1,C. acetobutyl.,Firmicutes,88.01,TP,14.3
NC_003030.1,C. acetobutyl.,Firmicutes,88.01,TP,8.05
NC_003030.1,C. acetobutyl.,Firmicutes,88.01,TP,15.8
NC_003030.1,C. acetobutyl.,Firmicutes,88.01,TP,11.55
NC_003030.1,C. acetobutyl.,Firmicutes,88.01,TP,14.3
NC_003030.1,C. acetobutyl.,Firmicutes,88.01,TP,14.3
NC_003030.1,C. acetobutyl.,Firmicutes,88.01,TP,9.05
NC_003030.1,C. acetobutyl.,Firmicutes,88.01,TP,12.514285714285714
NC_003030.1,C. acetobutyl.,Firmicutes,88.01,TP,12.8
NC_003030.1,C. acetobutyl.,Firmicutes,88.01,TP,9.55
NC_003030.1,C. acetobutyl.,Firmicutes,88.01,TP,9.05
NC_003030.1,C. acetobutyl.,Firmicutes,88.01,TP,13.8
NC_003030.1,C. acetobutyl.,Firmicutes,88.01,TP,15.8
NC_003030.1,C. acetobutyl.,Firmicutes,88.01,TP,12.4
NC_003030.1,C. acetobutyl.,Firmicutes,88.01,TP,15.8
NC_003030.1,C. acetobutyl.,Firmicutes,88.01,TP,12.8
NC_003030.1,C. acetobutyl.,Firmicutes,88.01,TP,11.514285714285714
NC_003030.1,C. acetobutyl.,Firmicutes,88.01,TP,12.514285714285714
NC_003030.1,C. acetobutyl.,Firmicutes,88.01,TP,15.8
NC_003030.1,C. acetobutyl.,Firmicutes,88.01,TP,15.8
NC_003030.1,C. acetobutyl.,Firmicutes,88.01,TP,13.3
NC_003030.1,C. acetobutyl.,Firmicutes,88.01,TP,15.55
NC_003030.1,C. acetobutyl.,Firmicutes,88.01,TP,8.514285714285714
NC_003030.1,C. acetobutyl.,Firmicutes,88.01,TP,12.3
NC_003030.1,C. acetobutyl.,Firmicutes,88.01,TP,12.8
NC_003030.1,C. acetobutyl.,Firmicutes,88.01,TP,13.05
NC_003030.1,C. acetobutyl.,Firmicutes,88.01,TP,12.8
NC_003030.1,C. acetobutyl.,Firmicutes,88.01,TP,9.8
NC_003030.1,C. acetobutyl.,Firmicutes,88.01,TP,15.8
NC_003030.1,C. acetobutyl.,Firmicutes,88.01,TP,12.8
NC_003030.1,C. acetobutyl.,Firmicutes,88.01,TP,13.966666666666667
NC_003030.1,C. acetobutyl.,Firmicutes,88.01,TP,14.3
NC_003030.1,C. acetobutyl.,Firmicutes,88.01,TP,12.8
NC_003030.1,C. acetobutyl.,Firmicutes,88.01,TP,12.514285714285714
NC_003030.1,C. acetobutyl.,Firmicutes,88.01,TP,12.466666666666667
NC_003030.1,C. acetobutyl.,Firmicutes,88.01,TP,12.466666666666667
NC_003030.1,C. acetobutyl.,Firmicutes,88.01,TP,13.05
NC_003030.1,C. acetobutyl.,Firmicutes,88.01,TP,12.8
NC_003030.1,C. acetobutyl.,Firmicutes,88.01,TP,14.3
NC_003030.1,C. acetobutyl.,Firmicutes,88.01,TP,14.05
NC_003030.1,C. acetobutyl.,Firmicutes,88.01,TP,9.514285714285714
NC_003030.1,C. acetobutyl.,Firmicutes,88.01,TP,12.55
NC_003030.1,C. acetobutyl.,Firmicutes,88.01,TP,14.3
NC_003030.1,C. acetobutyl.,Firmicutes,88.01,TP,14.05
NC_003030.1,C. acetobutyl.,Firmicutes,88.01,TP,14.3
NC_003030.1,C. acetobutyl.,Firmicutes,88.01,TP,15.8
NC_003030.1,C. acetobutyl.,Firmicutes,88.01,TP,15.8
NC_003030.1,C. acetobutyl.,Firmicutes,88.01,TP,13.3
NC_003030.1,C. acetobutyl.,Firmicutes,88.01,TP,10.633333333333333
NC_003030.1,C. acetobutyl.,Firmicutes,88.01,TP,14.05
NC_003030.1,C. acetobutyl.,Firmicutes,88.01,TP,14.3
NC_003030.1,C. acetobutyl.,Firmicutes,88.01,TP,15.8
NC_003030.1,C. acetobutyl.,Firmicutes,88.01,TP,15.55
NC_003030.1,C. acetobutyl.,Firmicutes,88.01,TP,14.3
NC_003030.1,C. acetobutyl.,Firmicutes,88.01,TP,12.8
NC_003030.1,C. acetobutyl.,Firmicutes,88.01,TP,9.3
NC_003030.1,C. acetobutyl.,Firmicutes,88.01,TP,9.728571428571428
NC_003030.1,C. acetobutyl.,Firmicutes,88.01,TP,14.3
NC_003030.1,C. acetobutyl.,Firmicutes,88.01,TP,12.4
NC_003030.1,C. acetobutyl.,Firmicutes,88.01,TP,14.55
NC_003030.1,C. acetobutyl.,Firmicutes,88.01,TP,12.8
NC_003030.1,C. acetobutyl.,Firmicutes,88.01,TP,11.05
NC_003030.1,C. acetobutyl.,Firmicutes,88.01,TP,12.133333333333333
NC_003030.1,C. acetobutyl.,Firmicutes,88.01,TP,10.966666666666667
NC_003030.1,C. acetobutyl.,Firmicutes,88.01,TP,15.8
NC_003030.1,C. acetobutyl.,Firmicutes,88.01,TP,6.5
NC_003030.1,C. acetobutyl.,Firmicutes,88.01,TP,7.9
NC_003030.1,C. acetobutyl.,Firmicutes,88.01,TP,15.8
NC_003030.1,C. acetobutyl.,Firmicutes,88.01,TP,13.8
NC_003030.1,C. acetobutyl.,Firmicutes,88.01,TP,12.3
NC_003030.1,C. acetobutyl.,Firmicutes,88.01,TP,15.8
NC_003030.1,C. acetobutyl.,Firmicutes,88.01,TP,15.8
NC_003030.1,C. acetobutyl.,Firmicutes,88.01,TP,13.3
NC_003030.1,C. acetobutyl.,Firmicutes,88.01,TP,15.8
NC_003030.1,C. acetobutyl.,Firmicutes,88.01,TP,14.014285714285714
NC_003030.1,C. acetobutyl.,Firmicutes,88.01,TP,12.8
NC_003030.1,C. acetobutyl.,Firmicutes,88.01,TP,12.8
NC_003030.1,C. acetobutyl.,Firmicutes,88.01,TP,9.8
NC_003030.1,C. acetobutyl.,Firmicutes,88.01,TP,14.3
NC_003030.1,C. acetobutyl.,Firmicutes,88.01,TP,12.8
NC_003030.1,C. acetobutyl.,Firmicutes,88.01,TP,15.8
NC_003030.1,C. acetobutyl.,Firmicutes,88.01,TP,14.05
NC_003030.1,C. acetobutyl.,Firmicutes,88.01,TP,12.8
NC_003030.1,C. acetobutyl.,Firmicutes,88.01,TP,13.05
NC_003030.1,C. acetobutyl.,Firmicutes,88.01,TP,13.014285714285714
NC_003030.1,C. acetobutyl.,Firmicutes,88.01,TP,12.514285714285714
NC_003030.1,C. acetobutyl.,Firmicutes,88.01,TP,12.3
NC_003030.1,C. acetobutyl.,Firmicutes,88.01,TP,13.05
NC_003030.1,C. acetobutyl.,Firmicutes,88.01,TP,13.8
NC_003030.1,C. acetobutyl.,Firmicutes,88.01,TP,14.3
NC_003030.1,C. acetobutyl.,Firmicutes,88.01,TP,11.3
NC_003030.1,C. acetobutyl.,Firmicutes,88.01,TP,12.8
NC_003030.1,C. acetobutyl.,Firmicutes,88.01,TP,14.3
NC_003030.1,C. acetobutyl.,Firmicutes,88.01,TP,10.966666666666667
NC_003030.1,C. acetobutyl.,Firmicutes,88.01,TP,12.8
NC_003030.1,C. acetobutyl.,Firmicutes,88.01,TP,15.8
NC_003030.1,C. acetobutyl.,Firmicutes,88.01,TP,14.3
NC_003030.1,C. acetobutyl.,Firmicutes,88.01,TP,15.8
NC_003030.1,C. acetobutyl.,Firmicutes,88.01,TP,12.4
NC_003030.1,C. acetobutyl.,Firmicutes,88.01,TP,6.5
NC_003030.1,C. acetobutyl.,Firmicutes,88.01,TP,9.5
NC_003030.1,C. acetobutyl.,Firmicutes,88.01,TP,14.3
NC_003030.1,C. acetobutyl.,Firmicutes,88.01,TP,14.3
NC_003030.1,C. acetobutyl.,Firmicutes,88.01,TP,11.55
NC_003030.1,C. acetobutyl.,Firmicutes,88.01,TP,14.3
NC_003030.1,C. acetobutyl.,Firmicutes,88.01,TP,10.8
NC_003030.1,C. acetobutyl.,Firmicutes,88.01,TP,14.3
NC_003030.1,C. acetobutyl.,Firmicutes,88.01,TP,10.5
NC_003030.1,C. acetobutyl.,Firmicutes,88.01,TP,15.8
NC_003030.1,C. acetobutyl.,Firmicutes,88.01,TP,15.8
NC_003030.1,C. acetobutyl.,Firmicutes,88.01,FP,13.05
NC_003030.1,C. acetobutyl.,Firmicutes,88.01,TP,11.3
NC_003030.1,C. acetobutyl.,Firmicutes,88.01,TP,12.8
NC_003030.1,C. acetobutyl.,Firmicutes,88.01,TP,9.133333333333333
NC_003030.1,C. acetobutyl.,Firmicutes,88.01,TP,14.3
NC_003030.1,C. acetobutyl.,Firmicutes,88.01,TP,13.3
NC_003030.1,C. acetobutyl.,Firmicutes,88.01,TP,14.3
NC_003030.1,C. acetobutyl.,Firmicutes,88.01,TP,15.8
NC_003030.1,C. acetobutyl.,Firmicutes,88.01,TP,14.55
NC_003030.1,C. acetobutyl.,Firmicutes,88.01,TP,15.8
NC_003030.1,C. acetobutyl.,Firmicutes,88.01,TP,13.966666666666667
NC_003030.1,C. acetobutyl.,Firmicutes,88.01,TP,14.05
NC_003030.1,C. acetobutyl.,Firmicutes,88.01,TP,14.3
NC_003030.1,C. acetobutyl.,Firmicutes,88.01,TP,14.3
NC_003030.1,C. acetobutyl.,Firmicutes,88.01,TP,9.4
NC_003030.1,C. acetobutyl.,Firmicutes,88.01,TP,9.9
NC_003030.1,C. acetobutyl.,Firmicutes,88.01,TP,13.3
NC_003030.1,C. acetobutyl.,Firmicutes,88.01,TP,11.05
NC_003030.1,C. acetobutyl.,Firmicutes,88.01,TP,12.55
NC_003030.1,C. acetobutyl.,Firmicutes,88.01,TP,14.3
NC_003030.1,C. acetobutyl.,Firmicutes,88.01,TP,12.8
NC_003030.1,C. acetobutyl.,Firmicutes,88.01,TP,14.05
NC_003030.1,C. acetobutyl.,Firmicutes,88.01,TP,11.014285714285714
NC_003030.1,C. acetobutyl.,Firmicutes,88.01,TP,12.8
NC_003030.1,C. acetobutyl.,Firmicutes,88.01,TP,14.3
NC_003030.1,C. acetobutyl.,Firmicutes,88.01,TP,12.8
NC_003030.1,C. acetobutyl.,Firmicutes,88.01,TP,14.3
NC_003030.1,C. acetobutyl.,Firmicutes,88.01,TP,14.3
NC_003030.1,C. acetobutyl.,Firmicutes,88.01,TP,9.8
NC_003030.1,C. acetobutyl.,Firmicutes,88.01,TP,15.8
NC_003030.1,C. acetobutyl.,Firmicutes,88.01,TP,12.8
NC_003030.1,C. acetobutyl.,Firmicutes,88.01,TP,12.8
NC_003030.1,C. acetobutyl.,Firmicutes,88.01,TP,14.3
NC_003030.1,C. acetobutyl.,Firmicutes,88.01,TP,15.8
NC_003030.1,C. acetobutyl.,Firmicutes,88.01,TP,15.514285714285714
NC_003030.1,C. acetobutyl.,Firmicutes,88.01,TP,11.3
NC_003030.1,C. acetobutyl.,Firmicutes,88.01,TP,14.3
NC_003030.1,C. acetobutyl.,Firmicutes,88.01,TP,13.05
NC_003030.1,C. acetobutyl.,Firmicutes,88.01,TP,14.3
NC_003030.1,C. acetobutyl.,Firmicutes,88.01,TP,12.3
NC_003030.1,C. acetobutyl.,Firmicutes,88.01,TP,-5.0
NC_003030.1,C. acetobutyl.,Firmicutes,88.01,TP,9.3
NC_003030.1,C. acetobutyl.,Firmicutes,88.01,TP,10.633333333333333
NC_003030.1,C. acetobutyl.,Firmicutes,88.01,TP,12.466666666666667
NC_003030.1,C. acetobutyl.,Firmicutes,88.01,TP,12.466666666666667
NC_003030.1,C. acetobutyl.,Firmicutes,88.01,TP,12.8
NC_003030.1,C. acetobutyl.,Firmicutes,88.01,FP,10.966666666666667
NC_003030.1,C. acetobutyl.,Firmicutes,88.01,TP,15.8
NC_003030.1,C. acetobutyl.,Firmicutes,88.01,TP,14.3
NC_003030.1,C. acetobutyl.,Firmicutes,88.01,FP,12.55
NC_003030.1,C. acetobutyl.,Firmicutes,88.01,TP,14.8
NC_003030.1,C. acetobutyl.,Firmicutes,88.01,TP,12.133333333333333
NC_003030.1,C. acetobutyl.,Firmicutes,88.01,TP,13.014285714285714
NC_003030.1,C. acetobutyl.,Firmicutes,88.01,TP,14.3
NC_003030.1,C. acetobutyl.,Firmicutes,88.01,TP,12.8
NC_003030.1,C. acetobutyl.,Firmicutes,88.01,TP,14.3
NC_003030.1,C. acetobutyl.,Firmicutes,88.01,TP,12.3
NC_003030.1,C. acetobutyl.,Firmicutes,88.01,TP,14.3
NC_003030.1,C. acetobutyl.,Firmicutes,88.01,TP,12.8
NC_003030.1,C. acetobutyl.,Firmicutes,88.01,TP,15.8
NC_003030.1,C. acetobutyl.,Firmicutes,88.01,TP,12.55
NC_003030.1,C. acetobutyl.,Firmicutes,88.01,TP,12.514285714285714
NC_003030.1,C. acetobutyl.,Firmicutes,88.01,TP,10.966666666666667
NC_003030.1,C. acetobutyl.,Firmicutes,88.01,TP,15.8
NC_003030.1,C. acetobutyl.,Firmicutes,88.01,TP,9.133333333333333
NC_003030.1,C. acetobutyl.,Firmicutes,88.01,TP,13.3
NC_003030.1,C. acetobutyl.,Firmicutes,88.01,TP,14.3
NC_003030.1,C. acetobutyl.,Firmicutes,88.01,TP,14.3
NC_003030.1,C. acetobutyl.,Firmicutes,88.01,TP,14.3
NC_003030.1,C. acetobutyl.,Firmicutes,88.01,TP,12.8
NC_003030.1,C. acetobutyl.,Firmicutes,88.01,TP,8.3
NC_003030.1,C. acetobutyl.,Firmicutes,88.01,TP,14.3
NC_003030.1,C. acetobutyl.,Firmicutes,88.01,TP,9.8
NC_003030.1,C. acetobutyl.,Firmicutes,88.01,TP,14.05
NC_003030.1,C. acetobutyl.,Firmicutes,88.01,TP,15.8
NC_003030.1,C. acetobutyl.,Firmicutes,88.01,TP,14.05
NC_003030.1,C. acetobutyl.,Firmicutes,88.01,TP,14.3
NC_003030.1,C. acetobutyl.,Firmicutes,88.01,TP,12.55
NC_003030.1,C. acetobutyl.,Firmicutes,88.01,TP,14.05
NC_003030.1,C. acetobutyl.,Firmicutes,88.01,TP,11.3
NC_003030.1,C. acetobutyl.,Firmicutes,88.01,TP,12.8
NC_003030.1,C. acetobutyl.,Firmicutes,88.01,TP,14.3
NC_003030.1,C. acetobutyl.,Firmicutes,88.01,TP,14.3
NC_003030.1,C. acetobutyl.,Firmicutes,88.01,TP,8.3
NC_003030.1,C. acetobutyl.,Firmicutes,88.01,TP,15.8
NC_003030.1,C. acetobutyl.,Firmicutes,88.01,TP,12.466666666666667
NC_003030.1,C. acetobutyl.,Firmicutes,88.01,TP,12.8
NC_003030.1,C. acetobutyl.,Firmicutes,88.01,TP,14.3
NC_003030.1,C. acetobutyl.,Firmicutes,88.01,TP,14.8
NC_003030.1,C. acetobutyl.,Firmicutes,88.01,TP,13.3
NC_003030.1,C. acetobutyl.,Firmicutes,88.01,TP,14.014285714285714
NC_003030.1,C. acetobutyl.,Firmicutes,88.01,TP,13.3
NC_003030.1,C. acetobutyl.,Firmicutes,88.01,TP,15.8
NC_003030.1,C. acetobutyl.,Firmicutes,88.01,TP,12.466666666666667
NC_003030.1,C. acetobutyl.,Firmicutes,88.01,TP,14.3
NC_003030.1,C. acetobutyl.,Firmicutes,88.01,TP,14.3
NC_003030.1,C. acetobutyl.,Firmicutes,88.01,TP,13.8
NC_003030.1,C. acetobutyl.,Firmicutes,88.01,TP,14.014285714285714
NC_003030.1,C. acetobutyl.,Firmicutes,88.01,TP,12.3
NC_003030.1,C. acetobutyl.,Firmicutes,88.01,TP,9.8
NC_003030.1,C. acetobutyl.,Firmicutes,88.01,TP,11.3
NC_003030.1,C. acetobutyl.,Firmicutes,88.01,TP,11.55
NC_003030.1,C. acetobutyl.,Firmicutes,88.01,TP,12.55
NC_003030.1,C. acetobutyl.,Firmicutes,88.01,TP,12.466666666666667
NC_003030.1,C. acetobutyl.,Firmicutes,88.01,TP,12.8
NC_003030.1,C. acetobutyl.,Firmicutes,88.01,TP,10.9
NC_003030.1,C. acetobutyl.,Firmicutes,88.01,TP,15.8
NC_003030.1,C. acetobutyl.,Firmicutes,88.01,TP,12.514285714285714
NC_003030.1,C. acetobutyl.,Firmicutes,88.01,TP,8.3
NC_003030.1,C. acetobutyl.,Firmicutes,88.01,TP,14.05
NC_003030.1,C. acetobutyl.,Firmicutes,88.01,TP,6.5
NC_003030.1,C. acetobutyl.,Firmicutes,88.01,TP,11.55
NC_003030.1,C. acetobutyl.,Firmicutes,88.01,TP,14.3
NC_003030.1,C. acetobutyl.,Firmicutes,88.01,TP,10.55
NC_003030.1,C. acetobutyl.,Firmicutes,88.01,TP,8.3
NC_003030.1,C. acetobutyl.,Firmicutes,88.01,TP,14.55
NC_003030.1,C. acetobutyl.,Firmicutes,88.01,TP,14.3
NC_003030.1,C. acetobutyl.,Firmicutes,88.01,TP,12.8
NC_003030.1,C. acetobutyl.,Firmicutes,88.01,TP,10.728571428571428
NC_003030.1,C. acetobutyl.,Firmicutes,88.01,TP,10.8
NC_003030.1,C. acetobutyl.,Firmicutes,88.01,TP,15.514285714285714
NC_003030.1,C. acetobutyl.,Firmicutes,88.01,TP,15.8
NC_003030.1,C. acetobutyl.,Firmicutes,88.01,TP,10.8
NC_003030.1,C. acetobutyl.,Firmicutes,88.01,TP,15.8
NC_003030.1,C. acetobutyl.,Firmicutes,88.01,TP,12.55
NC_003030.1,C. acetobutyl.,Firmicutes,88.01,TP,14.3
NC_003030.1,C. acetobutyl.,Firmicutes,88.01,TP,14.3
NC_003030.1,C. acetobutyl.,Firmicutes,88.01,TP,9.3
NC_003030.1,C. acetobutyl.,Firmicutes,88.01,TP,13.8
NC_003030.1,C. acetobutyl.,Firmicutes,88.01,TP,14.3
NC_003030.1,C. acetobutyl.,Firmicutes,88.01,TP,10.8
NC_003030.1,C. acetobutyl.,Firmicutes,88.01,TP,11.55
NC_003030.1,C. acetobutyl.,Firmicutes,88.01,TP,9.4
NC_003030.1,C. acetobutyl.,Firmicutes,88.01,TP,12.3
NC_003030.1,C. acetobutyl.,Firmicutes,88.01,TP,14.3
NC_003030.1,C. acetobutyl.,Firmicutes,88.01,TP,14.05
NC_003030.1,C. acetobutyl.,Firmicutes,88.01,TP,15.8
NC_003030.1,C. acetobutyl.,Firmicutes,88.01,FP,14.514285714285714
NC_003030.1,C. acetobutyl.,Firmicutes,88.01,TP,12.05
NC_003030.1,C. acetobutyl.,Firmicutes,88.01,TP,14.3
NC_003030.1,C. acetobutyl.,Firmicutes,88.01,TP,9.55
NC_003030.1,C. acetobutyl.,Firmicutes,88.01,TP,9.3
NC_003030.1,C. acetobutyl.,Firmicutes,88.01,TP,12.8
NC_003030.1,C. acetobutyl.,Firmicutes,88.01,TP,8.3
NC_003030.1,C. acetobutyl.,Firmicutes,88.01,TP,14.3
NC_003030.1,C. acetobutyl.,Firmicutes,88.01,TP,12.3
NC_003030.1,C. acetobutyl.,Firmicutes,88.01,TP,11.466666666666667
NC_003030.1,C. acetobutyl.,Firmicutes,88.01,TP,12.55
NC_003030.1,C. acetobutyl.,Firmicutes,88.01,TP,14.014285714285714
NC_003030.1,C. acetobutyl.,Firmicutes,88.01,TP,12.8
NC_003030.1,C. acetobutyl.,Firmicutes,88.01,TP,13.3
NC_003030.1,C. acetobutyl.,Firmicutes,88.01,TP,12.8
NC_003030.1,C. acetobutyl.,Firmicutes,88.01,TP,14.3
NC_003030.1,C. acetobutyl.,Firmicutes,88.01,TP,15.8
NC_003030.1,C. acetobutyl.,Firmicutes,88.01,TP,14.05
NC_003030.1,C. acetobutyl.,Firmicutes,88.01,TP,12.466666666666667
NC_003030.1,C. acetobutyl.,Firmicutes,88.01,TP,14.3
NC_003030.1,C. acetobutyl.,Firmicutes,88.01,TP,10.728571428571428
NC_003030.1,C. acetobutyl.,Firmicutes,88.01,TP,15.55
NC_003030.1,C. acetobutyl.,Firmicutes,88.01,TP,14.3
NC_003030.1,C. acetobutyl.,Firmicutes,88.01,TP,12.8
NC_003030.1,C. acetobutyl.,Firmicutes,88.01,TP,12.55
NC_003030.1,C. acetobutyl.,Firmicutes,88.01,TP,14.05
NC_003030.1,C. acetobutyl.,Firmicutes,88.01,TP,14.3
NC_003030.1,C. acetobutyl.,Firmicutes,88.01,TP,14.3
NC_003030.1,C. acetobutyl.,Firmicutes,88.01,TP,15.8
NC_003030.1,C. acetobutyl.,Firmicutes,88.01,TP,12.8
NC_003030.1,C. acetobutyl.,Firmicutes,88.01,TP,12.228571428571428
NC_003030.1,C. acetobutyl.,Firmicutes,88.01,TP,13.3
NC_003030.1,C. acetobutyl.,Firmicutes,88.01,TP,13.3
NC_003030.1,C. acetobutyl.,Firmicutes,88.01,TP,14.3
NC_003030.1,C. acetobutyl.,Firmicutes,88.01,TP,14.05
NC_003030.1,C. acetobutyl.,Firmicutes,88.01,TP,15.8
NC_003030.1,C. acetobutyl.,Firmicutes,88.01,TP,12.966666666666667
NC_003030.1,C. acetobutyl.,Firmicutes,88.01,FP,9.8
NC_003030.1,C. acetobutyl.,Firmicutes,88.01,TP,14.3
NC_003030.1,C. acetobutyl.,Firmicutes,88.01,TP,15.8
NC_003030.1,C. acetobutyl.,Firmicutes,88.01,TP,15.8
NC_003030.1,C. acetobutyl.,Firmicutes,88.01,TP,14.05
NC_003030.1,C. acetobutyl.,Firmicutes,88.01,TP,12.8
NC_003030.1,C. acetobutyl.,Firmicutes,88.01,TP,12.8
NC_003030.1,C. acetobutyl.,Firmicutes,88.01,TP,13.05
NC_003030.1,C. acetobutyl.,Firmicutes,88.01,TP,14.3
NC_003030.1,C. acetobutyl.,Firmicutes,88.01,TP,14.3
NC_003030.1,C. acetobutyl.,Firmicutes,88.01,FP,10.3
NC_003030.1,C. acetobutyl.,Firmicutes,88.01,FP,9.3
NC_003030.1,C. acetobutyl.,Firmicutes,88.01,FP,8.3
NC_003030.1,C. acetobutyl.,Firmicutes,88.01,TP,14.05
NC_003030.1,C. acetobutyl.,Firmicutes,88.01,TP,11.3
NC_003030.1,C. acetobutyl.,Firmicutes,88.01,TP,11.514285714285714
NC_003030.1,C. acetobutyl.,Firmicutes,88.01,TP,15.8
NC_003030.1,C. acetobutyl.,Firmicutes,88.01,TP,7.8
NC_003030.1,C. acetobutyl.,Firmicutes,88.01,FP,6.3
NC_003030.1,C. acetobutyl.,Firmicutes,88.01,TP,11.05
NC_003030.1,C. acetobutyl.,Firmicutes,88.01,TP,14.3
NC_003030.1,C. acetobutyl.,Firmicutes,88.01,TP,14.3
NC_003030.1,C. acetobutyl.,Firmicutes,88.01,TP,12.8
NC_003030.1,C. acetobutyl.,Firmicutes,88.01,TP,12.55
NC_003030.1,C. acetobutyl.,Firmicutes,88.01,FP,8.4
NC_003030.1,C. acetobutyl.,Firmicutes,88.01,TP,14.05
NC_003030.1,C. acetobutyl.,Firmicutes,88.01,TP,15.8
NC_003030.1,C. acetobutyl.,Firmicutes,88.01,TP,12.55
NC_003030.1,C. acetobutyl.,Firmicutes,88.01,FP,12.514285714285714
NC_003030.1,C. acetobutyl.,Firmicutes,88.01,TP,13.3
NC_003030.1,C. acetobutyl.,Firmicutes,88.01,TP,14.3
NC_003030.1,C. acetobutyl.,Firmicutes,88.01,TP,15.8
NC_003030.1,C. acetobutyl.,Firmicutes,88.01,TP,15.8
NC_003030.1,C. acetobutyl.,Firmicutes,88.01,TP,12.8
NC_003030.1,C. acetobutyl.,Firmicutes,88.01,TP,12.8
NC_003030.1,C. acetobutyl.,Firmicutes,88.01,TP,12.8
NC_003030.1,C. acetobutyl.,Firmicutes,88.01,TP,14.3
NC_003030.1,C. acetobutyl.,Firmicutes,88.01,TP,14.3
NC_003030.1,C. acetobutyl.,Firmicutes,88.01,TP,14.05
NC_003030.1,C. acetobutyl.,Firmicutes,88.01,TP,14.8
NC_003030.1,C. acetobutyl.,Firmicutes,88.01,FP,6.228571428571429
NC_003030.1,C. acetobutyl.,Firmicutes,88.01,TP,12.55
NC_003030.1,C. acetobutyl.,Firmicutes,88.01,TP,15.8
NC_003030.1,C. acetobutyl.,Firmicutes,88.01,TP,12.514285714285714
NC_003030.1,C. acetobutyl.,Firmicutes,88.01,TP,14.3
NC_003030.1,C. acetobutyl.,Firmicutes,88.01,TP,11.3
NC_003030.1,C. acetobutyl.,Firmicutes,88.01,FP,10.633333333333333
NC_003030.1,C. acetobutyl.,Firmicutes,88.01,TP,12.8
NC_003030.1,C. acetobutyl.,Firmicutes,88.01,TP,14.3
NC_003030.1,C. acetobutyl.,Firmicutes,88.01,TP,13.3
NC_003030.1,C. acetobutyl.,Firmicutes,88.01,FP,9.55
NC_003030.1,C. acetobutyl.,Firmicutes,88.01,TP,14.3
NC_003030.1,C. acetobutyl.,Firmicutes,88.01,TP,14.3
NC_003030.1,C. acetobutyl.,Firmicutes,88.01,TP,13.3
NC_003030.1,C. acetobutyl.,Firmicutes,88.01,TP,14.3
NC_003030.1,C. acetobutyl.,Firmicutes,88.01,FP,14.3
NC_003030.1,C. acetobutyl.,Firmicutes,88.01,TP,12.8
NC_003030.1,C. acetobutyl.,Firmicutes,88.01,FP,11.3
NC_003030.1,C. acetobutyl.,Firmicutes,88.01,TP,13.966666666666667
NC_003030.1,C. acetobutyl.,Firmicutes,88.01,FP,11.466666666666667
NC_003030.1,C. acetobutyl.,Firmicutes,88.01,FP,8.0
NC_003030.1,C. acetobutyl.,Firmicutes,88.01,TP,12.8
NC_003030.1,C. acetobutyl.,Firmicutes,88.01,TP,14.05
NC_003030.1,C. acetobutyl.,Firmicutes,88.01,TP,15.8
NC_003030.1,C. acetobutyl.,Firmicutes,88.01,FP,9.633333333333333
NC_003030.1,C. acetobutyl.,Firmicutes,88.01,TP,13.05
NC_003030.1,C. acetobutyl.,Firmicutes,88.01,FP,9.3
NC_003030.1,C. acetobutyl.,Firmicutes,88.01,TP,14.3
NC_003030.1,C. acetobutyl.,Firmicutes,88.01,TP,14.3
NC_003030.1,C. acetobutyl.,Firmicutes,88.01,TP,15.8
NC_003030.1,C. acetobutyl.,Firmicutes,88.01,TP,12.8
NC_003030.1,C. acetobutyl.,Firmicutes,88.01,TP,12.3
NC_003030.1,C. acetobutyl.,Firmicutes,88.01,TP,12.514285714285714
NC_003030.1,C. acetobutyl.,Firmicutes,88.01,TP,15.8
NC_003030.1,C. acetobutyl.,Firmicutes,88.01,TP,14.3
NC_003030.1,C. acetobutyl.,Firmicutes,88.01,FP,10.05
NC_003030.1,C. acetobutyl.,Firmicutes,88.01,FP,-5.0
NC_003030.1,C. acetobutyl.,Firmicutes,88.01,TP,12.514285714285714
NC_003030.1,C. acetobutyl.,Firmicutes,88.01,TP,12.3
NC_003030.1,C. acetobutyl.,Firmicutes,88.01,TP,12.8
NC_003030.1,C. acetobutyl.,Firmicutes,88.01,TP,14.3
NC_003030.1,C. acetobutyl.,Firmicutes,88.01,TP,15.8
NC_003030.1,C. acetobutyl.,Firmicutes,88.01,TP,14.014285714285714
NC_003030.1,C. acetobutyl.,Firmicutes,88.01,TP,12.55
NC_003030.1,C. acetobutyl.,Firmicutes,88.01,TP,14.3
NC_003030.1,C. acetobutyl.,Firmicutes,88.01,TP,12.514285714285714
NC_003030.1,C. acetobutyl.,Firmicutes,88.01,TP,15.8
NC_003030.1,C. acetobutyl.,Firmicutes,88.01,TP,15.8
NC_003030.1,C. acetobutyl.,Firmicutes,88.01,TP,14.014285714285714
NC_003030.1,C. acetobutyl.,Firmicutes,88.01,TP,12.8
NC_003030.1,C. acetobutyl.,Firmicutes,88.01,TP,14.3
NC_003030.1,C. acetobutyl.,Firmicutes,88.01,TP,14.3
NC_003030.1,C. acetobutyl.,Firmicutes,88.01,TP,14.3
NC_003030.1,C. acetobutyl.,Firmicutes,88.01,TP,15.8
NC_003030.1,C. acetobutyl.,Firmicutes,88.01,TP,14.3
NC_003030.1,C. acetobutyl.,Firmicutes,88.01,TP,13.966666666666667
NC_003030.1,C. acetobutyl.,Firmicutes,88.01,FP,9.8
NC_003030.1,C. acetobutyl.,Firmicutes,88.01,FP,12.8
NC_003030.1,C. acetobutyl.,Firmicutes,88.01,FP,4.5
NC_003030.1,C. acetobutyl.,Firmicutes,88.01,TP,15.8
NC_003030.1,C. acetobutyl.,Firmicutes,88.01,FP,10.3
NC_003030.1,C. acetobutyl.,Firmicutes,88.01,FP,9.3
NC_003030.1,C. acetobutyl.,Firmicutes,88.01,TP,12.8
NC_003030.1,C. acetobutyl.,Firmicutes,88.01,TP,12.8
NC_003030.1,C. acetobutyl.,Firmicutes,88.01,FP,9.966666666666667
NC_003030.1,C. acetobutyl.,Firmicutes,88.01,FP,9.9
NC_003030.1,C. acetobutyl.,Firmicutes,88.01,TP,12.8
NC_003030.1,C. acetobutyl.,Firmicutes,88.01,TP,14.3
NC_003030.1,C. acetobutyl.,Firmicutes,88.01,TP,14.3
NC_003030.1,C. acetobutyl.,Firmicutes,88.01,TP,12.8
NC_003030.1,C. acetobutyl.,Firmicutes,88.01,TP,15.8
NC_003030.1,C. acetobutyl.,Firmicutes,88.01,TP,14.3
NC_003030.1,C. acetobutyl.,Firmicutes,88.01,TP,13.8
NC_003030.1,C. acetobutyl.,Firmicutes,88.01,TP,14.05
NC_003030.1,C. acetobutyl.,Firmicutes,88.01,TP,15.55
NC_003030.1,C. acetobutyl.,Firmicutes,88.01,TP,13.966666666666667
NC_003030.1,C. acetobutyl.,Firmicutes,88.01,TP,14.3
NC_003030.1,C. acetobutyl.,Firmicutes,88.01,FP,9.05
NC_003030.1,C. acetobutyl.,Firmicutes,88.01,TP,12.4
NC_003030.1,C. acetobutyl.,Firmicutes,88.01,TP,14.014285714285714
NC_003030.1,C. acetobutyl.,Firmicutes,88.01,TP,12.514285714285714
NC_003030.1,C. acetobutyl.,Firmicutes,88.01,TP,15.8
NC_003030.1,C. acetobutyl.,Firmicutes,88.01,FP,12.8
NC_003030.1,C. acetobutyl.,Firmicutes,88.01,TP,14.3
NC_003030.1,C. acetobutyl.,Firmicutes,88.01,TP,14.3
NC_003030.1,C. acetobutyl.,Firmicutes,88.01,FP,11.3
NC_003030.1,C. acetobutyl.,Firmicutes,88.01,TP,14.05
NC_003030.1,C. acetobutyl.,Firmicutes,88.01,TP,14.05
NC_003030.1,C. acetobutyl.,Firmicutes,88.01,TP,14.05
NC_003030.1,C. acetobutyl.,Firmicutes,88.01,TP,13.8
NC_003030.1,C. acetobutyl.,Firmicutes,88.01,TP,11.55
NC_003030.1,C. acetobutyl.,Firmicutes,88.01,TP,13.3
NC_003030.1,C. acetobutyl.,Firmicutes,88.01,TP,12.514285714285714
NC_003030.1,C. acetobutyl.,Firmicutes,88.01,TP,12.514285714285714
NC_003030.1,C. acetobutyl.,Firmicutes,88.01,TP,15.8
NC_003030.1,C. acetobutyl.,Firmicutes,88.01,TP,14.3
NC_003030.1,C. acetobutyl.,Firmicutes,88.01,TP,15.8
NC_003030.1,C. acetobutyl.,Firmicutes,88.01,TP,15.55
NC_003030.1,C. acetobutyl.,Firmicutes,88.01,TP,14.3
NC_003030.1,C. acetobutyl.,Firmicutes,88.01,TP,14.3
NC_003030.1,C. acetobutyl.,Firmicutes,88.01,TP,14.3
NC_003030.1,C. acetobutyl.,Firmicutes,88.01,FP,10.9
NC_003030.1,C. acetobutyl.,Firmicutes,88.01,TP,14.3
NC_003030.1,C. acetobutyl.,Firmicutes,88.01,TP,14.3
NC_003030.1,C. acetobutyl.,Firmicutes,88.01,TP,12.55
NC_003030.1,C. acetobutyl.,Firmicutes,88.01,TP,14.3
NC_003030.1,C. acetobutyl.,Firmicutes,88.01,FP,10.55
NC_003030.1,C. acetobutyl.,Firmicutes,88.01,TP,12.55
NC_003030.1,C. acetobutyl.,Firmicutes,88.01,TP,12.8
NC_003030.1,C. acetobutyl.,Firmicutes,88.01,TP,14.8
NC_003030.1,C. acetobutyl.,Firmicutes,88.01,TP,15.8
NC_003030.1,C. acetobutyl.,Firmicutes,88.01,TP,15.8
NC_003030.1,C. acetobutyl.,Firmicutes,88.01,TP,15.8
NC_003030.1,C. acetobutyl.,Firmicutes,88.01,FP,6.633333333333333
NC_003030.1,C. acetobutyl.,Firmicutes,88.01,FP,11.3
NC_003030.1,C. acetobutyl.,Firmicutes,88.01,TP,15.8
NC_003030.1,C. acetobutyl.,Firmicutes,88.01,TP,15.8
NC_003030.1,C. acetobutyl.,Firmicutes,88.01,FP,10.8
NC_003030.1,C. acetobutyl.,Firmicutes,88.01,TP,14.05
NC_003030.1,C. acetobutyl.,Firmicutes,88.01,TP,14.3
NC_003030.1,C. acetobutyl.,Firmicutes,88.01,TP,14.05
NC_003030.1,C. acetobutyl.,Firmicutes,88.01,TP,14.3
NC_003030.1,C. acetobutyl.,Firmicutes,88.01,TP,12.466666666666667
NC_003030.1,C. acetobutyl.,Firmicutes,88.01,FP,9.228571428571428
NC_003030.1,C. acetobutyl.,Firmicutes,88.01,FP,9.3
NC_003030.1,C. acetobutyl.,Firmicutes,88.01,TP,13.3
NC_003030.1,C. acetobutyl.,Firmicutes,88.01,TP,13.3
NC_003030.1,C. acetobutyl.,Firmicutes,88.01,TP,13.8
NC_003030.1,C. acetobutyl.,Firmicutes,88.01,TP,15.8
NC_003030.1,C. acetobutyl.,Firmicutes,88.01,FP,-5.0
NC_003030.1,C. acetobutyl.,Firmicutes,88.01,TP,10.9
NC_003030.1,C. acetobutyl.,Firmicutes,88.01,TP,14.3
NC_003030.1,C. acetobutyl.,Firmicutes,88.01,TP,14.3
NC_003030.1,C. acetobutyl.,Firmicutes,88.01,TP,14.3
NC_003030.1,C. acetobutyl.,Firmicutes,88.01,TP,15.8
NC_003030.1,C. acetobutyl.,Firmicutes,88.01,TP,11.133333333333333
NC_003030.1,C. acetobutyl.,Firmicutes,88.01,TP,14.3
NC_003030.1,C. acetobutyl.,Firmicutes,88.01,TP,14.3
NC_003030.1,C. acetobutyl.,Firmicutes,88.01,TP,14.3
NC_003030.1,C. acetobutyl.,Firmicutes,88.01,TP,12.466666666666667
NC_003030.1,C. acetobutyl.,Firmicutes,88.01,TP,14.3
NC_003030.1,C. acetobutyl.,Firmicutes,88.01,TP,12.8
NC_003030.1,C. acetobutyl.,Firmicutes,88.01,TP,14.3
NC_003030.1,C. acetobutyl.,Firmicutes,88.01,FP,9.0
NC_003030.1,C. acetobutyl.,Firmicutes,88.01,TP,14.8
NC_003030.1,C. acetobutyl.,Firmicutes,88.01,TP,14.3
NC_003030.1,C. acetobutyl.,Firmicutes,88.01,TP,15.8
NC_003030.1,C. acetobutyl.,Firmicutes,88.01,TP,14.3
NC_003030.1,C. acetobutyl.,Firmicutes,88.01,TP,12.55
NC_003030.1,C. acetobutyl.,Firmicutes,88.01,TP,14.05
NC_003030.1,C. acetobutyl.,Firmicutes,88.01,TP,14.55
NC_003030.1,C. acetobutyl.,Firmicutes,88.01,TP,12.466666666666667
NC_003030.1,C. acetobutyl.,Firmicutes,88.01,TP,11.8
NC_003030.1,C. acetobutyl.,Firmicutes,88.01,TP,12.728571428571428
NC_003030.1,C. acetobutyl.,Firmicutes,88.01,TP,8.8
NC_003030.1,C. acetobutyl.,Firmicutes,88.01,TP,13.05
NC_003030.1,C. acetobutyl.,Firmicutes,88.01,FP,12.466666666666667
NC_003030.1,C. acetobutyl.,Firmicutes,88.01,TP,14.3
NC_003030.1,C. acetobutyl.,Firmicutes,88.01,TP,13.3
NC_003030.1,C. acetobutyl.,Firmicutes,88.01,TP,10.8
NC_003030.1,C. acetobutyl.,Firmicutes,88.01,FP,10.8
NC_003030.1,C. acetobutyl.,Firmicutes,88.01,TP,14.05
NC_003030.1,C. acetobutyl.,Firmicutes,88.01,TP,14.3
NC_003030.1,C. acetobutyl.,Firmicutes,88.01,FP,9.3
NC_003030.1,C. acetobutyl.,Firmicutes,88.01,TP,14.3
NC_003030.1,C. acetobutyl.,Firmicutes,88.01,FP,9.3
NC_003030.1,C. acetobutyl.,Firmicutes,88.01,TP,11.8
NC_003030.1,C. acetobutyl.,Firmicutes,88.01,FP,9.8
NC_003030.1,C. acetobutyl.,Firmicutes,88.01,TP,11.8
NC_003030.1,C. acetobutyl.,Firmicutes,88.01,TP,14.3
NC_003030.1,C. acetobutyl.,Firmicutes,88.01,TP,14.3
NC_003030.1,C. acetobutyl.,Firmicutes,88.01,FP,9.5
NC_003030.1,C. acetobutyl.,Firmicutes,88.01,FP,10.966666666666667
NC_003030.1,C. acetobutyl.,Firmicutes,88.01,TP,15.8
NC_003030.1,C. acetobutyl.,Firmicutes,88.01,TP,14.3
NC_003030.1,C. acetobutyl.,Firmicutes,88.01,TP,12.55
NC_003030.1,C. acetobutyl.,Firmicutes,88.01,FP,11.466666666666667
NC_003030.1,C. acetobutyl.,Firmicutes,88.01,TP,14.3
NC_003030.1,C. acetobutyl.,Firmicutes,88.01,TP,12.3
NC_003030.1,C. acetobutyl.,Firmicutes,88.01,FP,9.8
NC_003030.1,C. acetobutyl.,Firmicutes,88.01,FP,10.9
NC_003030.1,C. acetobutyl.,Firmicutes,88.01,TP,14.05
NC_003030.1,C. acetobutyl.,Firmicutes,88.01,TP,14.3
NC_003030.1,C. acetobutyl.,Firmicutes,88.01,TP,13.05
NC_003030.1,C. acetobutyl.,Firmicutes,88.01,TP,12.8
NC_003030.1,C. acetobutyl.,Firmicutes,88.01,TP,12.466666666666667
NC_003030.1,C. acetobutyl.,Firmicutes,88.01,FP,9.3
NC_003030.1,C. acetobutyl.,Firmicutes,88.01,FP,11.3
NC_003030.1,C. acetobutyl.,Firmicutes,88.01,TP,15.8
NC_003030.1,C. acetobutyl.,Firmicutes,88.01,TP,15.8
NC_003030.1,C. acetobutyl.,Firmicutes,88.01,TP,14.3
NC_003030.1,C. acetobutyl.,Firmicutes,88.01,TP,14.3
NC_003030.1,C. acetobutyl.,Firmicutes,88.01,TP,12.8
NC_003030.1,C. acetobutyl.,Firmicutes,88.01,TP,10.55
NC_003030.1,C. acetobutyl.,Firmicutes,88.01,TP,15.8
NC_003030.1,C. acetobutyl.,Firmicutes,88.01,TP,14.05
NC_003030.1,C. acetobutyl.,Firmicutes,88.01,TP,12.966666666666667
NC_003030.1,C. acetobutyl.,Firmicutes,88.01,FP,10.3
NC_003030.1,C. acetobutyl.,Firmicutes,88.01,TP,12.8
NC_003030.1,C. acetobutyl.,Firmicutes,88.01,TP,14.3
NC_003030.1,C. acetobutyl.,Firmicutes,88.01,TP,13.966666666666667
NC_003030.1,C. acetobutyl.,Firmicutes,88.01,TP,14.3
NC_003030.1,C. acetobutyl.,Firmicutes,88.01,TP,14.3
NC_003030.1,C. acetobutyl.,Firmicutes,88.01,TP,15.8
NC_003030.1,C. acetobutyl.,Firmicutes,88.01,TP,14.3
NC_003030.1,C. acetobutyl.,Firmicutes,88.01,TP,14.014285714285714
NC_003030.1,C. acetobutyl.,Firmicutes,88.01,TP,12.8
NC_003030.1,C. acetobutyl.,Firmicutes,88.01,TP,14.3
NC_003030.1,C. acetobutyl.,Firmicutes,88.01,TP,13.3
NC_003030.1,C. acetobutyl.,Firmicutes,88.01,TP,14.05
NC_003030.1,C. acetobutyl.,Firmicutes,88.01,TP,15.8
NC_003030.1,C. acetobutyl.,Firmicutes,88.01,TP,11.55
NC_003030.1,C. acetobutyl.,Firmicutes,88.01,TP,14.3
NC_003030.1,C. acetobutyl.,Firmicutes,88.01,TP,12.8
NC_003030.1,C. acetobutyl.,Firmicutes,88.01,TP,14.05
NC_003030.1,C. acetobutyl.,Firmicutes,88.01,TP,15.3
NC_003030.1,C. acetobutyl.,Firmicutes,88.01,FP,10.3
NC_003030.1,C. acetobutyl.,Firmicutes,88.01,TP,12.966666666666667
NC_003030.1,C. acetobutyl.,Firmicutes,88.01,TP,13.3
NC_003030.1,C. acetobutyl.,Firmicutes,88.01,TP,12.8
NC_003030.1,C. acetobutyl.,Firmicutes,88.01,TP,12.55
NC_003030.1,C. acetobutyl.,Firmicutes,88.01,FP,9.8
NC_003030.1,C. acetobutyl.,Firmicutes,88.01,TP,14.3
NC_003030.1,C. acetobutyl.,Firmicutes,88.01,TP,14.3
NC_003030.1,C. acetobutyl.,Firmicutes,88.01,TP,10.966666666666667
NC_003030.1,C. acetobutyl.,Firmicutes,88.01,FP,12.8
NC_003030.1,C. acetobutyl.,Firmicutes,88.01,TP,15.8
NC_003030.1,C. acetobutyl.,Firmicutes,88.01,TP,14.3
NC_003030.1,C. acetobutyl.,Firmicutes,88.01,TP,14.3
NC_003030.1,C. acetobutyl.,Firmicutes,88.01,TP,12.8
NC_003030.1,C. acetobutyl.,Firmicutes,88.01,TP,14.3
NC_003030.1,C. acetobutyl.,Firmicutes,88.01,TP,15.55
NC_003030.1,C. acetobutyl.,Firmicutes,88.01,TP,15.514285714285714
NC_003030.1,C. acetobutyl.,Firmicutes,88.01,TP,15.8
NC_003030.1,C. acetobutyl.,Firmicutes,88.01,TP,14.3
NC_003030.1,C. acetobutyl.,Firmicutes,88.01,TP,12.8
NC_003030.1,C. acetobutyl.,Firmicutes,88.01,TP,12.8
NC_003030.1,C. acetobutyl.,Firmicutes,88.01,TP,12.514285714285714
NC_003030.1,C. acetobutyl.,Firmicutes,88.01,TP,14.55
NC_003030.1,C. acetobutyl.,Firmicutes,88.01,TP,12.8
NC_003030.1,C. acetobutyl.,Firmicutes,88.01,TP,14.3
NC_003030.1,C. acetobutyl.,Firmicutes,88.01,TP,12.4
NC_003030.1,C. acetobutyl.,Firmicutes,88.01,TP,14.3
NC_003030.1,C. acetobutyl.,Firmicutes,88.01,FP,7.8
NC_003030.1,C. acetobutyl.,Firmicutes,88.01,TP,12.514285714285714
NC_003030.1,C. acetobutyl.,Firmicutes,88.01,TP,14.3
NC_003030.1,C. acetobutyl.,Firmicutes,88.01,TP,14.3
NC_003030.1,C. acetobutyl.,Firmicutes,88.01,TP,12.466666666666667
NC_003030.1,C. acetobutyl.,Firmicutes,88.01,TP,14.3
NC_003030.1,C. acetobutyl.,Firmicutes,88.01,TP,15.8
NC_003030.1,C. acetobutyl.,Firmicutes,88.01,TP,15.8
NC_003030.1,C. acetobutyl.,Firmicutes,88.01,TP,12.8
NC_003030.1,C. acetobutyl.,Firmicutes,88.01,FP,9.133333333333333
NC_003030.1,C. acetobutyl.,Firmicutes,88.01,TP,13.3
NC_003030.1,C. acetobutyl.,Firmicutes,88.01,FP,11.514285714285714
NC_003030.1,C. acetobutyl.,Firmicutes,88.01,TP,13.966666666666667
NC_003030.1,C. acetobutyl.,Firmicutes,88.01,FP,11.3
NC_003030.1,C. acetobutyl.,Firmicutes,88.01,TP,14.3
NC_003030.1,C. acetobutyl.,Firmicutes,88.01,TP,11.8
NC_003030.1,C. acetobutyl.,Firmicutes,88.01,TP,15.8
NC_003030.1,C. acetobutyl.,Firmicutes,88.01,TP,14.3
NC_003030.1,C. acetobutyl.,Firmicutes,88.01,TP,10.966666666666667
NC_003030.1,C. acetobutyl.,Firmicutes,88.01,FP,11.4
NC_003030.1,C. acetobutyl.,Firmicutes,88.01,TP,12.8
NC_003030.1,C. acetobutyl.,Firmicutes,88.01,TP,15.55
NC_003030.1,C. acetobutyl.,Firmicutes,88.01,FP,12.3
NC_003030.1,C. acetobutyl.,Firmicutes,88.01,FP,9.133333333333333
NC_003030.1,C. acetobutyl.,Firmicutes,88.01,TP,15.8
NC_003030.1,C. acetobutyl.,Firmicutes,88.01,TP,11.05
NC_003030.1,C. acetobutyl.,Firmicutes,88.01,FP,9.8
NC_003030.1,C. acetobutyl.,Firmicutes,88.01,TP,14.3
NC_003030.1,C. acetobutyl.,Firmicutes,88.01,TP,14.3
NC_003030.1,C. acetobutyl.,Firmicutes,88.01,FP,10.3
NC_003030.1,C. acetobutyl.,Firmicutes,88.01,TP,13.966666666666667
NC_003030.1,C. acetobutyl.,Firmicutes,88.01,TP,14.3
NC_003030.1,C. acetobutyl.,Firmicutes,88.01,FP,9.5
NC_003030.1,C. acetobutyl.,Firmicutes,88.01,TP,12.8
NC_003030.1,C. acetobutyl.,Firmicutes,88.01,TP,12.8
NC_003030.1,C. acetobutyl.,Firmicutes,88.01,TP,14.3
NC_003030.1,C. acetobutyl.,Firmicutes,88.01,TP,14.3
NC_003030.1,C. acetobutyl.,Firmicutes,88.01,FP,9.3
NC_003030.1,C. acetobutyl.,Firmicutes,88.01,TP,12.4
NC_003030.1,C. acetobutyl.,Firmicutes,88.01,TP,12.8
NC_003030.1,C. acetobutyl.,Firmicutes,88.01,TP,12.3
NC_003030.1,C. acetobutyl.,Firmicutes,88.01,TP,14.3
NC_003030.1,C. acetobutyl.,Firmicutes,88.01,TP,12.8
NC_003030.1,C. acetobutyl.,Firmicutes,88.01,TP,14.3
NC_003030.1,C. acetobutyl.,Firmicutes,88.01,TP,12.466666666666667
NC_003030.1,C. acetobutyl.,Firmicutes,88.01,FP,6.0
NC_003030.1,C. acetobutyl.,Firmicutes,88.01,TP,14.3
NC_003030.1,C. acetobutyl.,Firmicutes,88.01,FP,8.05
NC_003030.1,C. acetobutyl.,Firmicutes,88.01,TP,12.55
NC_003030.1,C. acetobutyl.,Firmicutes,88.01,TP,14.3
NC_003030.1,C. acetobutyl.,Firmicutes,88.01,TP,14.3
NC_003030.1,C. acetobutyl.,Firmicutes,88.01,FP,9.466666666666667
NC_003030.1,C. acetobutyl.,Firmicutes,88.01,TP,14.014285714285714
NC_003030.1,C. acetobutyl.,Firmicutes,88.01,TP,13.05
NC_003030.1,C. acetobutyl.,Firmicutes,88.01,TP,11.8
NC_003030.1,C. acetobutyl.,Firmicutes,88.01,FP,10.633333333333333
NC_003030.1,C. acetobutyl.,Firmicutes,88.01,TP,14.014285714285714
NC_003030.1,C. acetobutyl.,Firmicutes,88.01,TP,14.05
NC_003030.1,C. acetobutyl.,Firmicutes,88.01,TP,12.514285714285714
NC_003030.1,C. acetobutyl.,Firmicutes,88.01,TP,15.55
NC_003030.1,C. acetobutyl.,Firmicutes,88.01,TP,14.3
NC_003030.1,C. acetobutyl.,Firmicutes,88.01,FP,4.55
NC_003030.1,C. acetobutyl.,Firmicutes,88.01,TP,15.8
NC_003030.1,C. acetobutyl.,Firmicutes,88.01,TP,15.8
NC_003030.1,C. acetobutyl.,Firmicutes,88.01,TP,12.514285714285714
NC_003030.1,C. acetobutyl.,Firmicutes,88.01,TP,11.05
NC_003030.1,C. acetobutyl.,Firmicutes,88.01,TP,15.8
NC_003030.1,C. acetobutyl.,Firmicutes,88.01,TP,12.55
NC_003030.1,C. acetobutyl.,Firmicutes,88.01,TP,12.8
NC_003030.1,C. acetobutyl.,Firmicutes,88.01,TP,12.514285714285714
NC_003030.1,C. acetobutyl.,Firmicutes,88.01,FP,-5.0
NC_003030.1,C. acetobutyl.,Firmicutes,88.01,FP,9.3
NC_003030.1,C. acetobutyl.,Firmicutes,88.01,TP,15.8
NC_003030.1,C. acetobutyl.,Firmicutes,88.01,FP,12.3
NC_003030.1,C. acetobutyl.,Firmicutes,88.01,TP,14.05
NC_003030.1,C. acetobutyl.,Firmicutes,88.01,TP,12.3
NC_003030.1,C. acetobutyl.,Firmicutes,88.01,TP,12.8
NC_003030.1,C. acetobutyl.,Firmicutes,88.01,TP,12.228571428571428
NC_003030.1,C. acetobutyl.,Firmicutes,88.01,TP,14.3
NC_003030.1,C. acetobutyl.,Firmicutes,88.01,TP,15.8
NC_003030.1,C. acetobutyl.,Firmicutes,88.01,TP,13.728571428571428
NC_003030.1,C. acetobutyl.,Firmicutes,88.01,TP,15.8
NC_003030.1,C. acetobutyl.,Firmicutes,88.01,FP,10.966666666666667
NC_003030.1,C. acetobutyl.,Firmicutes,88.01,TP,14.05
NC_003030.1,C. acetobutyl.,Firmicutes,88.01,FP,14.3
NC_003030.1,C. acetobutyl.,Firmicutes,88.01,TP,13.8
NC_003030.1,C. acetobutyl.,Firmicutes,88.01,TP,14.05
NC_003030.1,C. acetobutyl.,Firmicutes,88.01,TP,13.966666666666667
NC_003030.1,C. acetobutyl.,Firmicutes,88.01,TP,15.3
NC_003030.1,C. acetobutyl.,Firmicutes,88.01,TP,12.514285714285714
NC_003030.1,C. acetobutyl.,Firmicutes,88.01,FP,9.4
NC_003030.1,C. acetobutyl.,Firmicutes,88.01,FP,10.8
NC_003030.1,C. acetobutyl.,Firmicutes,88.01,FP,9.466666666666667
NC_003030.1,C. acetobutyl.,Firmicutes,88.01,TP,9.3
NC_003030.1,C. acetobutyl.,Firmicutes,88.01,TP,14.3
NC_003030.1,C. acetobutyl.,Firmicutes,88.01,TP,14.3
NC_003030.1,C. acetobutyl.,Firmicutes,88.01,TP,12.8
NC_003030.1,C. acetobutyl.,Firmicutes,88.01,TP,12.8
NC_003030.1,C. acetobutyl.,Firmicutes,88.01,TP,14.014285714285714
NC_003030.1,C. acetobutyl.,Firmicutes,88.01,TP,14.3
NC_003030.1,C. acetobutyl.,Firmicutes,88.01,TP,15.8
NC_003030.1,C. acetobutyl.,Firmicutes,88.01,TP,14.05
NC_003030.1,C. acetobutyl.,Firmicutes,88.01,TP,14.3
NC_003030.1,C. acetobutyl.,Firmicutes,88.01,FP,4.5
NC_003030.1,C. acetobutyl.,Firmicutes,88.01,TP,13.3
NC_003030.1,C. acetobutyl.,Firmicutes,88.01,TP,15.8
NC_003030.1,C. acetobutyl.,Firmicutes,88.01,TP,12.8
NC_003030.1,C. acetobutyl.,Firmicutes,88.01,FP,12.3
NC_003030.1,C. acetobutyl.,Firmicutes,88.01,TP,14.3
NC_003030.1,C. acetobutyl.,Firmicutes,88.01,TP,12.55
NC_003030.1,C. acetobutyl.,Firmicutes,88.01,TP,14.8
NC_003030.1,C. acetobutyl.,Firmicutes,88.01,TP,14.3
NC_003030.1,C. acetobutyl.,Firmicutes,88.01,TP,15.8
NC_003030.1,C. acetobutyl.,Firmicutes,88.01,TP,15.8
NC_003030.1,C. acetobutyl.,Firmicutes,88.01,FP,11.3
NC_003030.1,C. acetobutyl.,Firmicutes,88.01,TP,15.8
NC_003030.1,C. acetobutyl.,Firmicutes,88.01,TP,12.8
NC_003030.1,C. acetobutyl.,Firmicutes,88.01,TP,14.05
NC_003030.1,C. acetobutyl.,Firmicutes,88.01,FP,12.8
NC_003030.1,C. acetobutyl.,Firmicutes,88.01,TP,12.3
NC_003030.1,C. acetobutyl.,Firmicutes,88.01,TP,14.3
NC_003030.1,C. acetobutyl.,Firmicutes,88.01,TP,14.3
NC_003030.1,C. acetobutyl.,Firmicutes,88.01,TP,15.8
NC_003030.1,C. acetobutyl.,Firmicutes,88.01,TP,15.55
NC_003030.1,C. acetobutyl.,Firmicutes,88.01,TP,14.05
NC_003030.1,C. acetobutyl.,Firmicutes,88.01,TP,14.014285714285714
NC_003030.1,C. acetobutyl.,Firmicutes,88.01,FP,9.4
NC_003030.1,C. acetobutyl.,Firmicutes,88.01,TP,14.3
NC_003030.1,C. acetobutyl.,Firmicutes,88.01,TP,12.55
NC_003030.1,C. acetobutyl.,Firmicutes,88.01,TP,15.8
NC_003030.1,C. acetobutyl.,Firmicutes,88.01,TP,14.3
NC_003030.1,C. acetobutyl.,Firmicutes,88.01,TP,14.3
NC_003030.1,C. acetobutyl.,Firmicutes,88.01,TP,15.55
NC_003030.1,C. acetobutyl.,Firmicutes,88.01,TP,15.8
NC_003030.1,C. acetobutyl.,Firmicutes,88.01,TP,12.3
NC_003030.1,C. acetobutyl.,Firmicutes,88.01,FP,11.466666666666667
NC_003030.1,C. acetobutyl.,Firmicutes,88.01,TP,14.05
NC_003030.1,C. acetobutyl.,Firmicutes,88.01,TP,14.05
NC_003030.1,C. acetobutyl.,Firmicutes,88.01,FP,9.05
NC_003030.1,C. acetobutyl.,Firmicutes,88.01,TP,14.3
NC_003030.1,C. acetobutyl.,Firmicutes,88.01,TP,12.3
NC_003030.1,C. acetobutyl.,Firmicutes,88.01,TP,14.3
NC_003030.1,C. acetobutyl.,Firmicutes,88.01,FP,11.05
NC_003030.1,C. acetobutyl.,Firmicutes,88.01,TP,14.05
NC_003030.1,C. acetobutyl.,Firmicutes,88.01,TP,10.55
NC_003030.1,C. acetobutyl.,Firmicutes,88.01,FP,10.5
NC_003030.1,C. acetobutyl.,Firmicutes,88.01,TP,14.3
NC_003030.1,C. acetobutyl.,Firmicutes,88.01,TP,15.55
NC_003030.1,C. acetobutyl.,Firmicutes,88.01,TP,12.8
NC_003030.1,C. acetobutyl.,Firmicutes,88.01,TP,14.05
NC_003030.1,C. acetobutyl.,Firmicutes,88.01,TP,10.55
NC_003030.1,C. acetobutyl.,Firmicutes,88.01,FP,10.8
NC_003030.1,C. acetobutyl.,Firmicutes,88.01,TP,11.3
NC_003030.1,C. acetobutyl.,Firmicutes,88.01,TP,12.4
NC_003030.1,C. acetobutyl.,Firmicutes,88.01,TP,15.55
NC_003030.1,C. acetobutyl.,Firmicutes,88.01,TP,12.514285714285714
NC_003030.1,C. acetobutyl.,Firmicutes,88.01,TP,14.05
NC_003030.1,C. acetobutyl.,Firmicutes,88.01,TP,14.3
NC_003030.1,C. acetobutyl.,Firmicutes,88.01,TP,15.8
NC_003030.1,C. acetobutyl.,Firmicutes,88.01,TP,15.55
NC_003030.1,C. acetobutyl.,Firmicutes,88.01,TP,12.466666666666667
NC_003030.1,C. acetobutyl.,Firmicutes,88.01,TP,12.55
NC_003030.1,C. acetobutyl.,Firmicutes,88.01,TP,14.3
NC_003030.1,C. acetobutyl.,Firmicutes,88.01,TP,15.8
NC_003030.1,C. acetobutyl.,Firmicutes,88.01,TP,14.3
NC_003030.1,C. acetobutyl.,Firmicutes,88.01,TP,12.8
NC_003030.1,C. acetobutyl.,Firmicutes,88.01,TP,12.8
NC_003030.1,C. acetobutyl.,Firmicutes,88.01,TP,12.8
NC_003030.1,C. acetobutyl.,Firmicutes,88.01,TP,11.228571428571428
NC_003030.1,C. acetobutyl.,Firmicutes,88.01,TP,12.8
NC_003030.1,C. acetobutyl.,Firmicutes,88.01,TP,13.05
NC_003030.1,C. acetobutyl.,Firmicutes,88.01,FP,9.4
NC_003030.1,C. acetobutyl.,Firmicutes,88.01,TP,14.014285714285714
NC_003030.1,C. acetobutyl.,Firmicutes,88.01,FP,9.633333333333333
NC_003030.1,C. acetobutyl.,Firmicutes,88.01,TP,15.8
NC_003030.1,C. acetobutyl.,Firmicutes,88.01,TP,13.3
NC_003030.1,C. acetobutyl.,Firmicutes,88.01,TP,12.4
NC_003030.1,C. acetobutyl.,Firmicutes,88.01,TP,14.3
NC_003030.1,C. acetobutyl.,Firmicutes,88.01,TP,14.3
NC_003030.1,C. acetobutyl.,Firmicutes,88.01,FP,9.8
NC_003030.1,C. acetobutyl.,Firmicutes,88.01,TP,12.3
NC_003030.1,C. acetobutyl.,Firmicutes,88.01,TP,14.3
NC_003030.1,C. acetobutyl.,Firmicutes,88.01,TP,15.8
NC_003030.1,C. acetobutyl.,Firmicutes,88.01,TP,15.8
NC_003030.1,C. acetobutyl.,Firmicutes,88.01,FP,12.05
NC_003030.1,C. acetobutyl.,Firmicutes,88.01,TP,12.8
NC_003030.1,C. acetobutyl.,Firmicutes,88.01,TP,14.3
NC_003030.1,C. acetobutyl.,Firmicutes,88.01,TP,12.8
NC_003030.1,C. acetobutyl.,Firmicutes,88.01,TP,15.8
NC_003030.1,C. acetobutyl.,Firmicutes,88.01,TP,14.3
NC_003030.1,C. acetobutyl.,Firmicutes,88.01,TP,14.3
NC_003030.1,C. acetobutyl.,Firmicutes,88.01,TP,13.3
NC_003030.1,C. acetobutyl.,Firmicutes,88.01,TP,14.05
NC_003030.1,C. acetobutyl.,Firmicutes,88.01,TP,12.8
NC_003030.1,C. acetobutyl.,Firmicutes,88.01,TP,14.3
NC_003030.1,C. acetobutyl.,Firmicutes,88.01,FP,8.4
NC_003030.1,C. acetobutyl.,Firmicutes,88.01,TP,15.8
NC_003030.1,C. acetobutyl.,Firmicutes,88.01,TP,14.3
NC_003030.1,C. acetobutyl.,Firmicutes,88.01,TP,14.014285714285714
NC_003030.1,C. acetobutyl.,Firmicutes,88.01,TP,15.8
NC_003030.1,C. acetobutyl.,Firmicutes,88.01,TP,13.8
NC_003030.1,C. acetobutyl.,Firmicutes,88.01,TP,12.8
NC_003030.1,C. acetobutyl.,Firmicutes,88.01,TP,13.05
NC_003030.1,C. acetobutyl.,Firmicutes,88.01,TP,12.8
NC_003030.1,C. acetobutyl.,Firmicutes,88.01,TP,12.8
NC_003030.1,C. acetobutyl.,Firmicutes,88.01,TP,10.728571428571428
NC_003030.1,C. acetobutyl.,Firmicutes,88.01,TP,15.8
NC_003030.1,C. acetobutyl.,Firmicutes,88.01,TP,14.8
NC_003030.1,C. acetobutyl.,Firmicutes,88.01,TP,12.8
NC_003030.1,C. acetobutyl.,Firmicutes,88.01,TP,11.3
NC_003030.1,C. acetobutyl.,Firmicutes,88.01,TP,14.3
NC_003030.1,C. acetobutyl.,Firmicutes,88.01,FP,11.3
NC_003030.1,C. acetobutyl.,Firmicutes,88.01,TP,15.8
NC_003030.1,C. acetobutyl.,Firmicutes,88.01,TP,15.8
NC_003030.1,C. acetobutyl.,Firmicutes,88.01,FP,12.8
NC_003030.1,C. acetobutyl.,Firmicutes,88.01,TP,14.8
NC_003030.1,C. acetobutyl.,Firmicutes,88.01,TP,15.8
NC_003030.1,C. acetobutyl.,Firmicutes,88.01,TP,11.3
NC_003030.1,C. acetobutyl.,Firmicutes,88.01,TP,14.05
NC_003030.1,C. acetobutyl.,Firmicutes,88.01,TP,14.3
NC_003030.1,C. acetobutyl.,Firmicutes,88.01,TP,15.8
NC_003030.1,C. acetobutyl.,Firmicutes,88.01,TP,12.8
NC_003030.1,C. acetobutyl.,Firmicutes,88.01,TP,14.3
NC_003030.1,C. acetobutyl.,Firmicutes,88.01,TP,14.05
NC_003030.1,C. acetobutyl.,Firmicutes,88.01,TP,15.55
NC_003030.1,C. acetobutyl.,Firmicutes,88.01,TP,14.3
NC_003030.1,C. acetobutyl.,Firmicutes,88.01,TP,14.05
NC_003030.1,C. acetobutyl.,Firmicutes,88.01,TP,15.55
NC_003030.1,C. acetobutyl.,Firmicutes,88.01,TP,15.8
NC_003030.1,C. acetobutyl.,Firmicutes,88.01,TP,12.55
NC_003030.1,C. acetobutyl.,Firmicutes,88.01,TP,15.8
NC_003030.1,C. acetobutyl.,Firmicutes,88.01,TP,11.8
NC_003030.1,C. acetobutyl.,Firmicutes,88.01,TP,12.466666666666667
NC_003030.1,C. acetobutyl.,Firmicutes,88.01,TP,14.514285714285714
NC_003030.1,C. acetobutyl.,Firmicutes,88.01,TP,13.3
NC_003030.1,C. acetobutyl.,Firmicutes,88.01,FP,7.633333333333333
NC_003030.1,C. acetobutyl.,Firmicutes,88.01,TP,12.466666666666667
NC_003030.1,C. acetobutyl.,Firmicutes,88.01,TP,12.8
NC_003030.1,C. acetobutyl.,Firmicutes,88.01,TP,14.8
NC_003030.1,C. acetobutyl.,Firmicutes,88.01,TP,15.8
NC_003030.1,C. acetobutyl.,Firmicutes,88.01,TP,12.3
NC_003030.1,C. acetobutyl.,Firmicutes,88.01,TP,14.3
NC_003030.1,C. acetobutyl.,Firmicutes,88.01,TP,12.55
NC_003030.1,C. acetobutyl.,Firmicutes,88.01,TP,13.966666666666667
NC_003030.1,C. acetobutyl.,Firmicutes,88.01,FP,11.3
NC_003030.1,C. acetobutyl.,Firmicutes,88.01,TP,15.8
NC_003030.1,C. acetobutyl.,Firmicutes,88.01,TP,15.8
NC_003030.1,C. acetobutyl.,Firmicutes,88.01,TP,14.3
NC_003030.1,C. acetobutyl.,Firmicutes,88.01,TP,13.05
NC_003030.1,C. acetobutyl.,Firmicutes,88.01,TP,12.55
NC_003030.1,C. acetobutyl.,Firmicutes,88.01,TP,14.3
NC_003030.1,C. acetobutyl.,Firmicutes,88.01,TP,13.966666666666667
NC_003030.1,C. acetobutyl.,Firmicutes,88.01,TP,10.8
NC_003030.1,C. acetobutyl.,Firmicutes,88.01,TP,14.05
NC_003030.1,C. acetobutyl.,Firmicutes,88.01,TP,13.3
NC_003030.1,C. acetobutyl.,Firmicutes,88.01,TP,14.05
NC_003030.1,C. acetobutyl.,Firmicutes,88.01,TP,14.3
NC_003030.1,C. acetobutyl.,Firmicutes,88.01,FP,9.3
NC_003030.1,C. acetobutyl.,Firmicutes,88.01,FP,8.4
NC_003030.1,C. acetobutyl.,Firmicutes,88.01,TP,13.966666666666667
NC_003030.1,C. acetobutyl.,Firmicutes,88.01,TP,11.228571428571428
NC_003030.1,C. acetobutyl.,Firmicutes,88.01,TP,12.133333333333333
NC_003030.1,C. acetobutyl.,Firmicutes,88.01,TP,13.3
NC_003030.1,C. acetobutyl.,Firmicutes,88.01,TP,14.3
NC_003030.1,C. acetobutyl.,Firmicutes,88.01,TP,15.55
NC_003030.1,C. acetobutyl.,Firmicutes,88.01,TP,14.05
NC_003030.1,C. acetobutyl.,Firmicutes,88.01,TP,14.55
NC_003030.1,C. acetobutyl.,Firmicutes,88.01,TP,13.05
NC_003030.1,C. acetobutyl.,Firmicutes,88.01,FP,9.8
NC_003030.1,C. acetobutyl.,Firmicutes,88.01,TP,13.8
NC_003030.1,C. acetobutyl.,Firmicutes,88.01,TP,12.466666666666667
NC_003030.1,C. acetobutyl.,Firmicutes,88.01,TP,14.3
NC_003030.1,C. acetobutyl.,Firmicutes,88.01,TP,15.8
NC_003030.1,C. acetobutyl.,Firmicutes,88.01,FP,11.3
NC_003030.1,C. acetobutyl.,Firmicutes,88.01,TP,14.3
NC_003030.1,C. acetobutyl.,Firmicutes,88.01,TP,13.05
NC_003030.1,C. acetobutyl.,Firmicutes,88.01,TP,14.3
NC_003030.1,C. acetobutyl.,Firmicutes,88.01,TP,15.8
NC_003030.1,C. acetobutyl.,Firmicutes,88.01,TP,13.8
NC_003030.1,C. acetobutyl.,Firmicutes,88.01,TP,14.3
NC_003030.1,C. acetobutyl.,Firmicutes,88.01,TP,14.3
NC_003030.1,C. acetobutyl.,Firmicutes,88.01,TP,15.55
NC_003030.1,C. acetobutyl.,Firmicutes,88.01,TP,15.8
NC_003030.1,C. acetobutyl.,Firmicutes,88.01,TP,12.8
NC_003030.1,C. acetobutyl.,Firmicutes,88.01,FP,6.3
NC_003030.1,C. acetobutyl.,Firmicutes,88.01,TP,15.8
NC_003030.1,C. acetobutyl.,Firmicutes,88.01,FP,9.3
NC_003030.1,C. acetobutyl.,Firmicutes,88.01,FP,9.466666666666667
NC_003030.1,C. acetobutyl.,Firmicutes,88.01,TP,12.8
NC_003030.1,C. acetobutyl.,Firmicutes,88.01,FP,4.5
NC_003030.1,C. acetobutyl.,Firmicutes,88.01,TP,10.9
NC_003030.1,C. acetobutyl.,Firmicutes,88.01,TP,14.3
NC_003030.1,C. acetobutyl.,Firmicutes,88.01,TP,13.966666666666667
NC_003030.1,C. acetobutyl.,Firmicutes,88.01,TP,11.3
NC_003030.1,C. acetobutyl.,Firmicutes,88.01,TP,14.05
NC_003030.1,C. acetobutyl.,Firmicutes,88.01,TP,14.3
NC_003030.1,C. acetobutyl.,Firmicutes,88.01,FP,8.55
NC_003030.1,C. acetobutyl.,Firmicutes,88.01,TP,14.3
NC_003030.1,C. acetobutyl.,Firmicutes,88.01,TP,9.3
NC_003030.1,C. acetobutyl.,Firmicutes,88.01,TP,14.3
NC_003030.1,C. acetobutyl.,Firmicutes,88.01,FP,6.5
NC_003030.1,C. acetobutyl.,Firmicutes,88.01,TP,12.8
NC_003030.1,C. acetobutyl.,Firmicutes,88.01,TP,14.05
NC_003030.1,C. acetobutyl.,Firmicutes,88.01,TP,12.8
NC_003030.1,C. acetobutyl.,Firmicutes,88.01,TP,14.05
NC_003030.1,C. acetobutyl.,Firmicutes,88.01,TP,15.8
NC_003030.1,C. acetobutyl.,Firmicutes,88.01,FP,9.8
NC_003030.1,C. acetobutyl.,Firmicutes,88.01,TP,12.3
NC_003030.1,C. acetobutyl.,Firmicutes,88.01,TP,12.55
NC_003030.1,C. acetobutyl.,Firmicutes,88.01,TP,13.014285714285714
NC_003030.1,C. acetobutyl.,Firmicutes,88.01,FP,9.3
NC_003030.1,C. acetobutyl.,Firmicutes,88.01,TP,14.3
NC_004350.2,S. agalactiae,Firmicutes,87.08,TP,14.3
NC_004350.2,S. agalactiae,Firmicutes,87.08,TP,9.3
NC_004350.2,S. agalactiae,Firmicutes,87.08,TP,10.8
NC_004350.2,S. agalactiae,Firmicutes,87.08,TP,9.3
NC_004350.2,S. agalactiae,Firmicutes,87.08,TP,13.8
NC_004350.2,S. agalactiae,Firmicutes,87.08,TP,12.8
NC_004350.2,S. agalactiae,Firmicutes,87.08,TP,14.3
NC_004350.2,S. agalactiae,Firmicutes,87.08,TP,11.55
NC_004350.2,S. agalactiae,Firmicutes,87.08,TP,14.3
NC_004350.2,S. agalactiae,Firmicutes,87.08,TP,12.8
NC_004350.2,S. agalactiae,Firmicutes,87.08,TP,10.55
NC_004350.2,S. agalactiae,Firmicutes,87.08,TP,14.3
NC_004350.2,S. agalactiae,Firmicutes,87.08,TP,9.4
NC_004350.2,S. agalactiae,Firmicutes,87.08,TP,9.3
NC_004350.2,S. agalactiae,Firmicutes,87.08,TP,12.8
NC_004350.2,S. agalactiae,Firmicutes,87.08,TP,12.8
NC_004350.2,S. agalactiae,Firmicutes,87.08,TP,9.9
NC_004350.2,S. agalactiae,Firmicutes,87.08,TP,14.3
NC_004350.2,S. agalactiae,Firmicutes,87.08,TP,9.966666666666667
NC_004350.2,S. agalactiae,Firmicutes,87.08,TP,-5.0
NC_004350.2,S. agalactiae,Firmicutes,87.08,TP,12.8
NC_004350.2,S. agalactiae,Firmicutes,87.08,TP,9.633333333333333
NC_004350.2,S. agalactiae,Firmicutes,87.08,TP,14.3
NC_004350.2,S. agalactiae,Firmicutes,87.08,TP,12.55
NC_004350.2,S. agalactiae,Firmicutes,87.08,TP,11.3
NC_004350.2,S. agalactiae,Firmicutes,87.08,TP,14.05
NC_004350.2,S. agalactiae,Firmicutes,87.08,TP,9.3
NC_004350.2,S. agalactiae,Firmicutes,87.08,TP,14.3
NC_004350.2,S. agalactiae,Firmicutes,87.08,TP,12.8
NC_004350.2,S. agalactiae,Firmicutes,87.08,TP,12.8
NC_004350.2,S. agalactiae,Firmicutes,87.08,TP,15.8
NC_004350.2,S. agalactiae,Firmicutes,87.08,TP,8.8
NC_004350.2,S. agalactiae,Firmicutes,87.08,TP,14.3
NC_004350.2,S. agalactiae,Firmicutes,87.08,TP,14.3
NC_004350.2,S. agalactiae,Firmicutes,87.08,TP,10.55
NC_004350.2,S. agalactiae,Firmicutes,87.08,TP,14.3
NC_004350.2,S. agalactiae,Firmicutes,87.08,TP,14.3
NC_004350.2,S. agalactiae,Firmicutes,87.08,TP,15.8
NC_004350.2,S. agalactiae,Firmicutes,87.08,TP,14.3
NC_004350.2,S. agalactiae,Firmicutes,87.08,TP,14.3
NC_004350.2,S. agalactiae,Firmicutes,87.08,TP,9.4
NC_004350.2,S. agalactiae,Firmicutes,87.08,TP,14.3
NC_004350.2,S. agalactiae,Firmicutes,87.08,TP,14.3
NC_004350.2,S. agalactiae,Firmicutes,87.08,TP,11.3
NC_004350.2,S. agalactiae,Firmicutes,87.08,TP,15.8
NC_004350.2,S. agalactiae,Firmicutes,87.08,TP,13.3
NC_004350.2,S. agalactiae,Firmicutes,87.08,TP,9.3
NC_004350.2,S. agalactiae,Firmicutes,87.08,TP,15.8
NC_004350.2,S. agalactiae,Firmicutes,87.08,TP,14.3
NC_004350.2,S. agalactiae,Firmicutes,87.08,TP,12.8
NC_004350.2,S. agalactiae,Firmicutes,87.08,TP,14.3
NC_004350.2,S. agalactiae,Firmicutes,87.08,TP,15.8
NC_004350.2,S. agalactiae,Firmicutes,87.08,TP,12.8
NC_004350.2,S. agalactiae,Firmicutes,87.08,TP,9.8
NC_004350.2,S. agalactiae,Firmicutes,87.08,TP,14.3
NC_004350.2,S. agalactiae,Firmicutes,87.08,TP,13.3
NC_004350.2,S. agalactiae,Firmicutes,87.08,TP,14.3
NC_004350.2,S. agalactiae,Firmicutes,87.08,TP,12.8
NC_004350.2,S. agalactiae,Firmicutes,87.08,TP,12.8
NC_004350.2,S. agalactiae,Firmicutes,87.08,TP,11.014285714285714
NC_004350.2,S. agalactiae,Firmicutes,87.08,TP,14.3
NC_004350.2,S. agalactiae,Firmicutes,87.08,TP,14.3
NC_004350.2,S. agalactiae,Firmicutes,87.08,TP,12.8
NC_004350.2,S. agalactiae,Firmicutes,87.08,TP,11.55
NC_004350.2,S. agalactiae,Firmicutes,87.08,TP,12.8
NC_004350.2,S. agalactiae,Firmicutes,87.08,TP,13.3
NC_004350.2,S. agalactiae,Firmicutes,87.08,TP,12.8
NC_004350.2,S. agalactiae,Firmicutes,87.08,TP,12.8
NC_004350.2,S. agalactiae,Firmicutes,87.08,TP,-5.0
NC_004350.2,S. agalactiae,Firmicutes,87.08,TP,13.3
NC_004350.2,S. agalactiae,Firmicutes,87.08,TP,12.514285714285714
NC_004350.2,S. agalactiae,Firmicutes,87.08,TP,14.8
NC_004350.2,S. agalactiae,Firmicutes,87.08,TP,-5.0
NC_004350.2,S. agalactiae,Firmicutes,87.08,TP,10.8
NC_004350.2,S. agalactiae,Firmicutes,87.08,TP,14.3
NC_004350.2,S. agalactiae,Firmicutes,87.08,TP,14.8
NC_004350.2,S. agalactiae,Firmicutes,87.08,TP,12.8
NC_004350.2,S. agalactiae,Firmicutes,87.08,TP,14.3
NC_004350.2,S. agalactiae,Firmicutes,87.08,TP,-5.0
NC_004350.2,S. agalactiae,Firmicutes,87.08,TP,14.3
NC_004350.2,S. agalactiae,Firmicutes,87.08,TP,14.3
NC_004350.2,S. agalactiae,Firmicutes,87.08,TP,12.8
NC_004350.2,S. agalactiae,Firmicutes,87.08,TP,12.8
NC_004350.2,S. agalactiae,Firmicutes,87.08,TP,14.3
NC_004350.2,S. agalactiae,Firmicutes,87.08,TP,14.014285714285714
NC_004350.2,S. agalactiae,Firmicutes,87.08,TP,10.728571428571428
NC_004350.2,S. agalactiae,Firmicutes,87.08,TP,13.55
NC_004350.2,S. agalactiae,Firmicutes,87.08,TP,13.3
NC_004350.2,S. agalactiae,Firmicutes,87.08,TP,11.8
NC_004350.2,S. agalactiae,Firmicutes,87.08,TP,15.55
NC_004350.2,S. agalactiae,Firmicutes,87.08,TP,12.8
NC_004350.2,S. agalactiae,Firmicutes,87.08,TP,14.3
NC_004350.2,S. agalactiae,Firmicutes,87.08,TP,13.3
NC_004350.2,S. agalactiae,Firmicutes,87.08,TP,14.014285714285714
NC_004350.2,S. agalactiae,Firmicutes,87.08,TP,15.8
NC_004350.2,S. agalactiae,Firmicutes,87.08,TP,14.3
NC_004350.2,S. agalactiae,Firmicutes,87.08,TP,12.8
NC_004350.2,S. agalactiae,Firmicutes,87.08,TP,15.8
NC_004350.2,S. agalactiae,Firmicutes,87.08,TP,14.3
NC_004350.2,S. agalactiae,Firmicutes,87.08,TP,11.3
NC_004350.2,S. agalactiae,Firmicutes,87.08,TP,12.8
NC_004350.2,S. agalactiae,Firmicutes,87.08,TP,14.3
NC_004350.2,S. agalactiae,Firmicutes,87.08,TP,9.8
NC_004350.2,S. agalactiae,Firmicutes,87.08,TP,14.3
NC_004350.2,S. agalactiae,Firmicutes,87.08,TP,12.8
NC_004350.2,S. agalactiae,Firmicutes,87.08,TP,14.3
NC_004350.2,S. agalactiae,Firmicutes,87.08,TP,11.3
NC_004350.2,S. agalactiae,Firmicutes,87.08,TP,14.3
NC_004350.2,S. agalactiae,Firmicutes,87.08,TP,14.3
NC_004350.2,S. agalactiae,Firmicutes,87.08,TP,14.3
NC_004350.2,S. agalactiae,Firmicutes,87.08,TP,15.8
NC_004350.2,S. agalactiae,Firmicutes,87.08,TP,11.014285714285714
NC_004350.2,S. agalactiae,Firmicutes,87.08,TP,14.3
NC_004350.2,S. agalactiae,Firmicutes,87.08,TP,15.8
NC_004350.2,S. agalactiae,Firmicutes,87.08,TP,12.8
NC_004350.2,S. agalactiae,Firmicutes,87.08,TP,15.8
NC_004350.2,S. agalactiae,Firmicutes,87.08,TP,14.8
NC_004350.2,S. agalactiae,Firmicutes,87.08,TP,14.3
NC_004350.2,S. agalactiae,Firmicutes,87.08,TP,12.8
NC_004350.2,S. agalactiae,Firmicutes,87.08,TP,11.3
NC_004350.2,S. agalactiae,Firmicutes,87.08,TP,14.8
NC_004350.2,S. agalactiae,Firmicutes,87.08,TP,14.3
NC_004350.2,S. agalactiae,Firmicutes,87.08,TP,8.4
NC_004350.2,S. agalactiae,Firmicutes,87.08,TP,10.9
NC_004350.2,S. agalactiae,Firmicutes,87.08,TP,11.4
NC_004350.2,S. agalactiae,Firmicutes,87.08,TP,13.3
NC_004350.2,S. agalactiae,Firmicutes,87.08,TP,14.3
NC_004350.2,S. agalactiae,Firmicutes,87.08,TP,14.3
NC_004350.2,S. agalactiae,Firmicutes,87.08,TP,13.8
NC_004350.2,S. agalactiae,Firmicutes,87.08,TP,14.05
NC_004350.2,S. agalactiae,Firmicutes,87.08,TP,13.05
NC_004350.2,S. agalactiae,Firmicutes,87.08,TP,14.3
NC_004350.2,S. agalactiae,Firmicutes,87.08,TP,8.3
NC_004350.2,S. agalactiae,Firmicutes,87.08,TP,14.3
NC_004350.2,S. agalactiae,Firmicutes,87.08,TP,11.55
NC_004350.2,S. agalactiae,Firmicutes,87.08,TP,13.966666666666667
NC_004350.2,S. agalactiae,Firmicutes,87.08,FP,6.633333333333333
NC_004350.2,S. agalactiae,Firmicutes,87.08,TP,12.3
NC_004350.2,S. agalactiae,Firmicutes,87.08,TP,12.55
NC_004350.2,S. agalactiae,Firmicutes,87.08,TP,12.8
NC_004350.2,S. agalactiae,Firmicutes,87.08,TP,14.3
NC_004350.2,S. agalactiae,Firmicutes,87.08,FP,-5.0
NC_004350.2,S. agalactiae,Firmicutes,87.08,TP,14.3
NC_004350.2,S. agalactiae,Firmicutes,87.08,TP,14.3
NC_004350.2,S. agalactiae,Firmicutes,87.08,FP,9.5
NC_004350.2,S. agalactiae,Firmicutes,87.08,TP,12.8
NC_004350.2,S. agalactiae,Firmicutes,87.08,TP,14.3
NC_004350.2,S. agalactiae,Firmicutes,87.08,TP,14.3
NC_004350.2,S. agalactiae,Firmicutes,87.08,TP,14.05
NC_004350.2,S. agalactiae,Firmicutes,87.08,FP,7.55
NC_004350.2,S. agalactiae,Firmicutes,87.08,TP,12.133333333333333
NC_004350.2,S. agalactiae,Firmicutes,87.08,FP,7.55
NC_004350.2,S. agalactiae,Firmicutes,87.08,TP,-5.0
NC_004350.2,S. agalactiae,Firmicutes,87.08,TP,15.8
NC_004350.2,S. agalactiae,Firmicutes,87.08,TP,9.9
NC_004350.2,S. agalactiae,Firmicutes,87.08,TP,11.55
NC_004350.2,S. agalactiae,Firmicutes,87.08,TP,14.8
NC_004350.2,S. agalactiae,Firmicutes,87.08,TP,13.3
NC_004350.2,S. agalactiae,Firmicutes,87.08,FP,9.0
NC_004350.2,S. agalactiae,Firmicutes,87.08,TP,14.3
NC_004350.2,S. agalactiae,Firmicutes,87.08,TP,9.55
NC_004350.2,S. agalactiae,Firmicutes,87.08,TP,8.3
NC_004350.2,S. agalactiae,Firmicutes,87.08,TP,14.3
NC_004350.2,S. agalactiae,Firmicutes,87.08,TP,12.514285714285714
NC_004350.2,S. agalactiae,Firmicutes,87.08,TP,9.3
NC_004350.2,S. agalactiae,Firmicutes,87.08,TP,15.8
NC_004350.2,S. agalactiae,Firmicutes,87.08,TP,13.966666666666667
NC_004350.2,S. agalactiae,Firmicutes,87.08,TP,14.3
NC_004350.2,S. agalactiae,Firmicutes,87.08,TP,13.55
NC_004350.2,S. agalactiae,Firmicutes,87.08,TP,14.3
NC_004350.2,S. agalactiae,Firmicutes,87.08,TP,9.3
NC_004350.2,S. agalactiae,Firmicutes,87.08,TP,7.8
NC_004350.2,S. agalactiae,Firmicutes,87.08,TP,9.8
NC_004350.2,S. agalactiae,Firmicutes,87.08,TP,14.3
NC_004350.2,S. agalactiae,Firmicutes,87.08,TP,12.8
NC_004350.2,S. agalactiae,Firmicutes,87.08,TP,9.3
NC_004350.2,S. agalactiae,Firmicutes,87.08,TP,12.8
NC_004350.2,S. agalactiae,Firmicutes,87.08,TP,14.3
NC_004350.2,S. agalactiae,Firmicutes,87.08,TP,11.014285714285714
NC_004350.2,S. agalactiae,Firmicutes,87.08,TP,12.55
NC_004350.2,S. agalactiae,Firmicutes,87.08,TP,14.3
NC_004350.2,S. agalactiae,Firmicutes,87.08,TP,14.3
NC_004350.2,S. agalactiae,Firmicutes,87.08,TP,15.8
NC_004350.2,S. agalactiae,Firmicutes,87.08,TP,12.4
NC_004350.2,S. agalactiae,Firmicutes,87.08,FP,14.3
NC_004350.2,S. agalactiae,Firmicutes,87.08,TP,10.5
NC_004350.2,S. agalactiae,Firmicutes,87.08,TP,12.8
NC_004350.2,S. agalactiae,Firmicutes,87.08,TP,11.3
NC_004350.2,S. agalactiae,Firmicutes,87.08,TP,12.05
NC_004350.2,S. agalactiae,Firmicutes,87.08,TP,10.5
NC_004350.2,S. agalactiae,Firmicutes,87.08,TP,14.3
NC_004350.2,S. agalactiae,Firmicutes,87.08,TP,12.8
NC_004350.2,S. agalactiae,Firmicutes,87.08,TP,14.3
NC_004350.2,S. agalactiae,Firmicutes,87.08,TP,11.3
NC_004350.2,S. agalactiae,Firmicutes,87.08,TP,14.3
NC_004350.2,S. agalactiae,Firmicutes,87.08,TP,10.55
NC_004350.2,S. agalactiae,Firmicutes,87.08,TP,14.3
NC_004350.2,S. agalactiae,Firmicutes,87.08,TP,12.8
NC_004350.2,S. agalactiae,Firmicutes,87.08,TP,12.133333333333333
NC_004350.2,S. agalactiae,Firmicutes,87.08,TP,14.3
NC_004350.2,S. agalactiae,Firmicutes,87.08,FP,6.5
NC_004350.2,S. agalactiae,Firmicutes,87.08,TP,11.3
NC_004350.2,S. agalactiae,Firmicutes,87.08,TP,14.3
NC_004350.2,S. agalactiae,Firmicutes,87.08,TP,12.466666666666667
NC_004350.2,S. agalactiae,Firmicutes,87.08,TP,10.966666666666667
NC_004350.2,S. agalactiae,Firmicutes,87.08,TP,12.8
NC_004350.2,S. agalactiae,Firmicutes,87.08,TP,14.3
NC_004350.2,S. agalactiae,Firmicutes,87.08,TP,14.3
NC_004350.2,S. agalactiae,Firmicutes,87.08,TP,13.966666666666667
NC_004350.2,S. agalactiae,Firmicutes,87.08,TP,12.55
NC_004350.2,S. agalactiae,Firmicutes,87.08,FP,-5.0
NC_004350.2,S. agalactiae,Firmicutes,87.08,TP,12.8
NC_004350.2,S. agalactiae,Firmicutes,87.08,TP,9.9
NC_004350.2,S. agalactiae,Firmicutes,87.08,TP,14.3
NC_004350.2,S. agalactiae,Firmicutes,87.08,TP,12.8
NC_004350.2,S. agalactiae,Firmicutes,87.08,TP,12.8
NC_004350.2,S. agalactiae,Firmicutes,87.08,TP,14.3
NC_004350.2,S. agalactiae,Firmicutes,87.08,TP,12.3
NC_004350.2,S. agalactiae,Firmicutes,87.08,TP,12.8
NC_004350.2,S. agalactiae,Firmicutes,87.08,TP,12.3
NC_004350.2,S. agalactiae,Firmicutes,87.08,TP,13.966666666666667
NC_004350.2,S. agalactiae,Firmicutes,87.08,TP,10.966666666666667
NC_004350.2,S. agalactiae,Firmicutes,87.08,TP,12.8
NC_004350.2,S. agalactiae,Firmicutes,87.08,TP,13.3
NC_004350.2,S. agalactiae,Firmicutes,87.08,TP,13.728571428571428
NC_004350.2,S. agalactiae,Firmicutes,87.08,TP,15.8
NC_004350.2,S. agalactiae,Firmicutes,87.08,TP,11.05
NC_004350.2,S. agalactiae,Firmicutes,87.08,TP,11.8
NC_004350.2,S. agalactiae,Firmicutes,87.08,TP,13.966666666666667
NC_004350.2,S. agalactiae,Firmicutes,87.08,TP,-5.0
NC_004350.2,S. agalactiae,Firmicutes,87.08,FP,12.228571428571428
NC_004350.2,S. agalactiae,Firmicutes,87.08,TP,14.05
NC_004350.2,S. agalactiae,Firmicutes,87.08,TP,9.133333333333333
NC_004350.2,S. agalactiae,Firmicutes,87.08,TP,12.8
NC_004350.2,S. agalactiae,Firmicutes,87.08,TP,11.8
NC_004350.2,S. agalactiae,Firmicutes,87.08,TP,12.8
NC_004350.2,S. agalactiae,Firmicutes,87.08,TP,14.8
NC_004350.2,S. agalactiae,Firmicutes,87.08,TP,13.3
NC_004350.2,S. agalactiae,Firmicutes,87.08,TP,11.8
NC_004350.2,S. agalactiae,Firmicutes,87.08,TP,14.3
NC_004350.2,S. agalactiae,Firmicutes,87.08,TP,14.05
NC_004350.2,S. agalactiae,Firmicutes,87.08,TP,14.3
NC_004350.2,S. agalactiae,Firmicutes,87.08,TP,14.3
NC_004350.2,S. agalactiae,Firmicutes,87.08,TP,14.3
NC_004350.2,S. agalactiae,Firmicutes,87.08,TP,14.3
NC_004350.2,S. agalactiae,Firmicutes,87.08,TP,12.8
NC_004350.2,S. agalactiae,Firmicutes,87.08,TP,6.8
NC_004350.2,S. agalactiae,Firmicutes,87.08,TP,12.8
NC_004350.2,S. agalactiae,Firmicutes,87.08,TP,13.3
NC_004350.2,S. agalactiae,Firmicutes,87.08,TP,10.8
NC_004350.2,S. agalactiae,Firmicutes,87.08,TP,14.3
NC_004350.2,S. agalactiae,Firmicutes,87.08,TP,14.05
NC_004350.2,S. agalactiae,Firmicutes,87.08,TP,14.3
NC_004350.2,S. agalactiae,Firmicutes,87.08,TP,12.8
NC_004350.2,S. agalactiae,Firmicutes,87.08,TP,14.3
NC_004350.2,S. agalactiae,Firmicutes,87.08,TP,9.3
NC_004350.2,S. agalactiae,Firmicutes,87.08,TP,14.3
NC_004350.2,S. agalactiae,Firmicutes,87.08,TP,14.3
NC_004350.2,S. agalactiae,Firmicutes,87.08,TP,12.8
NC_004350.2,S. agalactiae,Firmicutes,87.08,TP,14.8
NC_004350.2,S. agalactiae,Firmicutes,87.08,TP,11.55
NC_004350.2,S. agalactiae,Firmicutes,87.08,TP,11.3
NC_004350.2,S. agalactiae,Firmicutes,87.08,TP,12.8
NC_004350.2,S. agalactiae,Firmicutes,87.08,TP,12.8
NC_004350.2,S. agalactiae,Firmicutes,87.08,TP,14.05
NC_004350.2,S. agalactiae,Firmicutes,87.08,TP,10.9
NC_004350.2,S. agalactiae,Firmicutes,87.08,TP,9.3
NC_004350.2,S. agalactiae,Firmicutes,87.08,TP,14.8
NC_004350.2,S. agalactiae,Firmicutes,87.08,TP,12.8
NC_004350.2,S. agalactiae,Firmicutes,87.08,TP,12.466666666666667
NC_004350.2,S. agalactiae,Firmicutes,87.08,TP,12.8
NC_004350.2,S. agalactiae,Firmicutes,87.08,TP,12.8
NC_004350.2,S. agalactiae,Firmicutes,87.08,TP,12.8
NC_004350.2,S. agalactiae,Firmicutes,87.08,TP,11.8
NC_004350.2,S. agalactiae,Firmicutes,87.08,TP,12.8
NC_004350.2,S. agalactiae,Firmicutes,87.08,TP,9.8
NC_004350.2,S. agalactiae,Firmicutes,87.08,TP,12.55
NC_004350.2,S. agalactiae,Firmicutes,87.08,TP,15.8
NC_004350.2,S. agalactiae,Firmicutes,87.08,TP,12.728571428571428
NC_004350.2,S. agalactiae,Firmicutes,87.08,TP,12.8
NC_004350.2,S. agalactiae,Firmicutes,87.08,TP,12.8
NC_004350.2,S. agalactiae,Firmicutes,87.08,TP,12.8
NC_004350.2,S. agalactiae,Firmicutes,87.08,TP,12.8
NC_004350.2,S. agalactiae,Firmicutes,87.08,TP,12.55
NC_004350.2,S. agalactiae,Firmicutes,87.08,TP,-5.0
NC_004350.2,S. agalactiae,Firmicutes,87.08,TP,10.966666666666667
NC_004350.2,S. agalactiae,Firmicutes,87.08,TP,9.55
NC_004350.2,S. agalactiae,Firmicutes,87.08,TP,14.3
NC_004350.2,S. agalactiae,Firmicutes,87.08,TP,12.8
NC_004350.2,S. agalactiae,Firmicutes,87.08,TP,11.133333333333333
NC_004350.2,S. agalactiae,Firmicutes,87.08,TP,11.514285714285714
NC_004350.2,S. agalactiae,Firmicutes,87.08,TP,12.8
NC_004350.2,S. agalactiae,Firmicutes,87.08,TP,14.3
NC_004350.2,S. agalactiae,Firmicutes,87.08,TP,14.3
NC_004350.2,S. agalactiae,Firmicutes,87.08,TP,14.014285714285714
NC_004350.2,S. agalactiae,Firmicutes,87.08,TP,15.8
NC_004350.2,S. agalactiae,Firmicutes,87.08,TP,14.3
NC_004350.2,S. agalactiae,Firmicutes,87.08,TP,13.8
NC_004350.2,S. agalactiae,Firmicutes,87.08,TP,14.3
NC_004350.2,S. agalactiae,Firmicutes,87.08,TP,14.3
NC_004350.2,S. agalactiae,Firmicutes,87.08,TP,11.55
NC_004350.2,S. agalactiae,Firmicutes,87.08,TP,14.3
NC_004350.2,S. agalactiae,Firmicutes,87.08,TP,12.8
NC_004350.2,S. agalactiae,Firmicutes,87.08,TP,-5.0
NC_004350.2,S. agalactiae,Firmicutes,87.08,TP,15.8
NC_004350.2,S. agalactiae,Firmicutes,87.08,TP,14.3
NC_004350.2,S. agalactiae,Firmicutes,87.08,TP,12.8
NC_004350.2,S. agalactiae,Firmicutes,87.08,TP,12.728571428571428
NC_004350.2,S. agalactiae,Firmicutes,87.08,TP,11.014285714285714
NC_004350.2,S. agalactiae,Firmicutes,87.08,TP,14.8
NC_004350.2,S. agalactiae,Firmicutes,87.08,TP,14.3
NC_004350.2,S. agalactiae,Firmicutes,87.08,TP,13.966666666666667
NC_004350.2,S. agalactiae,Firmicutes,87.08,TP,14.014285714285714
NC_004350.2,S. agalactiae,Firmicutes,87.08,TP,-5.0
NC_004350.2,S. agalactiae,Firmicutes,87.08,TP,14.3
NC_004350.2,S. agalactiae,Firmicutes,87.08,TP,15.8
NC_004350.2,S. agalactiae,Firmicutes,87.08,TP,9.8
NC_004350.2,S. agalactiae,Firmicutes,87.08,TP,6.133333333333333
NC_004350.2,S. agalactiae,Firmicutes,87.08,TP,12.8
NC_004350.2,S. agalactiae,Firmicutes,87.08,TP,8.0
NC_004350.2,S. agalactiae,Firmicutes,87.08,TP,12.8
NC_004350.2,S. agalactiae,Firmicutes,87.08,TP,15.8
NC_004350.2,S. agalactiae,Firmicutes,87.08,TP,14.3
NC_004350.2,S. agalactiae,Firmicutes,87.08,TP,10.966666666666667
NC_004350.2,S. agalactiae,Firmicutes,87.08,TP,12.8
NC_004350.2,S. agalactiae,Firmicutes,87.08,TP,10.8
NC_004350.2,S. agalactiae,Firmicutes,87.08,TP,15.8
NC_004350.2,S. agalactiae,Firmicutes,87.08,TP,12.8
NC_004350.2,S. agalactiae,Firmicutes,87.08,TP,14.3
NC_004350.2,S. agalactiae,Firmicutes,87.08,TP,14.3
NC_004350.2,S. agalactiae,Firmicutes,87.08,TP,13.966666666666667
NC_004350.2,S. agalactiae,Firmicutes,87.08,TP,9.466666666666667
NC_004350.2,S. agalactiae,Firmicutes,87.08,TP,14.3
NC_004350.2,S. agalactiae,Firmicutes,87.08,TP,12.8
NC_004350.2,S. agalactiae,Firmicutes,87.08,TP,12.466666666666667
NC_004350.2,S. agalactiae,Firmicutes,87.08,TP,14.3
NC_004350.2,S. agalactiae,Firmicutes,87.08,TP,10.966666666666667
NC_004350.2,S. agalactiae,Firmicutes,87.08,FP,8.05
NC_004350.2,S. agalactiae,Firmicutes,87.08,TP,14.3
NC_004350.2,S. agalactiae,Firmicutes,87.08,FP,7.55
NC_004350.2,S. agalactiae,Firmicutes,87.08,TP,11.3
NC_004350.2,S. agalactiae,Firmicutes,87.08,TP,14.3
NC_004350.2,S. agalactiae,Firmicutes,87.08,TP,14.3
NC_004350.2,S. agalactiae,Firmicutes,87.08,TP,11.8
NC_004350.2,S. agalactiae,Firmicutes,87.08,TP,13.014285714285714
NC_004350.2,S. agalactiae,Firmicutes,87.08,TP,13.3
NC_004350.2,S. agalactiae,Firmicutes,87.08,TP,13.05
NC_004350.2,S. agalactiae,Firmicutes,87.08,TP,9.8
NC_004350.2,S. agalactiae,Firmicutes,87.08,TP,12.55
NC_004350.2,S. agalactiae,Firmicutes,87.08,TP,11.466666666666667
NC_004350.2,S. agalactiae,Firmicutes,87.08,TP,9.0
NC_004350.2,S. agalactiae,Firmicutes,87.08,TP,14.3
NC_004350.2,S. agalactiae,Firmicutes,87.08,TP,12.8
NC_004350.2,S. agalactiae,Firmicutes,87.08,TP,6.0
NC_004350.2,S. agalactiae,Firmicutes,87.08,TP,10.8
NC_004350.2,S. agalactiae,Firmicutes,87.08,TP,14.3
NC_004350.2,S. agalactiae,Firmicutes,87.08,TP,-5.0
NC_004350.2,S. agalactiae,Firmicutes,87.08,TP,15.8
NC_004350.2,S. agalactiae,Firmicutes,87.08,TP,15.8
NC_004350.2,S. agalactiae,Firmicutes,87.08,TP,10.633333333333333
NC_004350.2,S. agalactiae,Firmicutes,87.08,TP,11.3
NC_004350.2,S. agalactiae,Firmicutes,87.08,TP,14.3
NC_004350.2,S. agalactiae,Firmicutes,87.08,TP,12.8
NC_004350.2,S. agalactiae,Firmicutes,87.08,TP,9.133333333333333
NC_004350.2,S. agalactiae,Firmicutes,87.08,TP,12.514285714285714
NC_004350.2,S. agalactiae,Firmicutes,87.08,TP,14.3
NC_004350.2,S. agalactiae,Firmicutes,87.08,TP,13.8
NC_004350.2,S. agalactiae,Firmicutes,87.08,TP,14.3
NC_004350.2,S. agalactiae,Firmicutes,87.08,TP,14.3
NC_004350.2,S. agalactiae,Firmicutes,87.08,TP,14.05
NC_004350.2,S. agalactiae,Firmicutes,87.08,TP,12.8
NC_004350.2,S. agalactiae,Firmicutes,87.08,TP,14.3
NC_004350.2,S. agalactiae,Firmicutes,87.08,TP,15.8
NC_004350.2,S. agalactiae,Firmicutes,87.08,TP,14.3
NC_004350.2,S. agalactiae,Firmicutes,87.08,TP,14.3
NC_004350.2,S. agalactiae,Firmicutes,87.08,TP,14.014285714285714
NC_004350.2,S. agalactiae,Firmicutes,87.08,TP,6.3
NC_004350.2,S. agalactiae,Firmicutes,87.08,TP,14.3
NC_004350.2,S. agalactiae,Firmicutes,87.08,TP,11.3
NC_004350.2,S. agalactiae,Firmicutes,87.08,TP,10.728571428571428
NC_004350.2,S. agalactiae,Firmicutes,87.08,TP,12.8
NC_004350.2,S. agalactiae,Firmicutes,87.08,TP,12.8
NC_004350.2,S. agalactiae,Firmicutes,87.08,TP,12.05
NC_004350.2,S. agalactiae,Firmicutes,87.08,TP,14.3
NC_004350.2,S. agalactiae,Firmicutes,87.08,TP,14.3
NC_004350.2,S. agalactiae,Firmicutes,87.08,TP,12.8
NC_004350.2,S. agalactiae,Firmicutes,87.08,TP,9.4
NC_004350.2,S. agalactiae,Firmicutes,87.08,TP,14.3
NC_004350.2,S. agalactiae,Firmicutes,87.08,TP,9.3
NC_004350.2,S. agalactiae,Firmicutes,87.08,TP,11.3
NC_004350.2,S. agalactiae,Firmicutes,87.08,TP,12.8
NC_004350.2,S. agalactiae,Firmicutes,87.08,TP,14.05
NC_004350.2,S. agalactiae,Firmicutes,87.08,TP,12.8
NC_004350.2,S. agalactiae,Firmicutes,87.08,TP,11.014285714285714
NC_004350.2,S. agalactiae,Firmicutes,87.08,TP,11.3
NC_004350.2,S. agalactiae,Firmicutes,87.08,TP,14.014285714285714
NC_004350.2,S. agalactiae,Firmicutes,87.08,TP,14.3
NC_004350.2,S. agalactiae,Firmicutes,87.08,TP,14.3
NC_004350.2,S. agalactiae,Firmicutes,87.08,TP,14.3
NC_004350.2,S. agalactiae,Firmicutes,87.08,TP,14.3
NC_004350.2,S. agalactiae,Firmicutes,87.08,TP,12.514285714285714
NC_004350.2,S. agalactiae,Firmicutes,87.08,TP,12.8
NC_004350.2,S. agalactiae,Firmicutes,87.08,TP,12.8
NC_004350.2,S. agalactiae,Firmicutes,87.08,TP,12.8
NC_004350.2,S. agalactiae,Firmicutes,87.08,TP,14.8
NC_004350.2,S. agalactiae,Firmicutes,87.08,TP,13.966666666666667
NC_004350.2,S. agalactiae,Firmicutes,87.08,TP,12.3
NC_004350.2,S. agalactiae,Firmicutes,87.08,FP,11.133333333333333
NC_004350.2,S. agalactiae,Firmicutes,87.08,TP,9.8
NC_004350.2,S. agalactiae,Firmicutes,87.08,TP,9.05
NC_004350.2,S. agalactiae,Firmicutes,87.08,TP,15.8
NC_004350.2,S. agalactiae,Firmicutes,87.08,TP,10.633333333333333
NC_004350.2,S. agalactiae,Firmicutes,87.08,TP,12.55
NC_004350.2,S. agalactiae,Firmicutes,87.08,TP,13.3
NC_004350.2,S. agalactiae,Firmicutes,87.08,TP,15.8
NC_004350.2,S. agalactiae,Firmicutes,87.08,TP,12.8
NC_004350.2,S. agalactiae,Firmicutes,87.08,TP,12.8
NC_004350.2,S. agalactiae,Firmicutes,87.08,TP,12.8
NC_004350.2,S. agalactiae,Firmicutes,87.08,TP,12.8
NC_004350.2,S. agalactiae,Firmicutes,87.08,TP,14.3
NC_004350.2,S. agalactiae,Firmicutes,87.08,TP,11.8
NC_004350.2,S. agalactiae,Firmicutes,87.08,TP,13.3
NC_004350.2,S. agalactiae,Firmicutes,87.08,TP,9.0
NC_004350.2,S. agalactiae,Firmicutes,87.08,TP,12.514285714285714
NC_004350.2,S. agalactiae,Firmicutes,87.08,TP,9.4
NC_004350.2,S. agalactiae,Firmicutes,87.08,TP,15.8
NC_004350.2,S. agalactiae,Firmicutes,87.08,TP,9.55
NC_004350.2,S. agalactiae,Firmicutes,87.08,TP,12.8
NC_004350.2,S. agalactiae,Firmicutes,87.08,TP,15.8
NC_004350.2,S. agalactiae,Firmicutes,87.08,TP,14.3
NC_004350.2,S. agalactiae,Firmicutes,87.08,TP,14.05
NC_004350.2,S. agalactiae,Firmicutes,87.08,TP,12.8
NC_004350.2,S. agalactiae,Firmicutes,87.08,TP,12.8
NC_004350.2,S. agalactiae,Firmicutes,87.08,TP,14.3
NC_004350.2,S. agalactiae,Firmicutes,87.08,TP,12.8
NC_004350.2,S. agalactiae,Firmicutes,87.08,TP,12.3
NC_004350.2,S. agalactiae,Firmicutes,87.08,TP,12.8
NC_004350.2,S. agalactiae,Firmicutes,87.08,TP,10.8
NC_004350.2,S. agalactiae,Firmicutes,87.08,TP,10.633333333333333
NC_004350.2,S. agalactiae,Firmicutes,87.08,TP,13.8
NC_004350.2,S. agalactiae,Firmicutes,87.08,TP,12.55
NC_004350.2,S. agalactiae,Firmicutes,87.08,TP,12.8
NC_004350.2,S. agalactiae,Firmicutes,87.08,TP,9.4
NC_004350.2,S. agalactiae,Firmicutes,87.08,TP,-5.0
NC_004350.2,S. agalactiae,Firmicutes,87.08,TP,12.8
NC_004350.2,S. agalactiae,Firmicutes,87.08,TP,12.8
NC_004350.2,S. agalactiae,Firmicutes,87.08,TP,11.3
NC_004350.2,S. agalactiae,Firmicutes,87.08,TP,14.3
NC_004350.2,S. agalactiae,Firmicutes,87.08,TP,14.3
NC_004350.2,S. agalactiae,Firmicutes,87.08,TP,12.8
NC_004350.2,S. agalactiae,Firmicutes,87.08,TP,8.3
NC_004350.2,S. agalactiae,Firmicutes,87.08,TP,13.3
NC_004350.2,S. agalactiae,Firmicutes,87.08,TP,14.3
NC_004350.2,S. agalactiae,Firmicutes,87.08,TP,14.3
NC_004350.2,S. agalactiae,Firmicutes,87.08,TP,12.8
NC_004350.2,S. agalactiae,Firmicutes,87.08,TP,13.3
NC_004350.2,S. agalactiae,Firmicutes,87.08,TP,-5.0
NC_004350.2,S. agalactiae,Firmicutes,87.08,TP,11.05
NC_004350.2,S. agalactiae,Firmicutes,87.08,TP,9.0
NC_004350.2,S. agalactiae,Firmicutes,87.08,TP,12.55
NC_004350.2,S. agalactiae,Firmicutes,87.08,TP,14.014285714285714
NC_004350.2,S. agalactiae,Firmicutes,87.08,TP,14.3
NC_004350.2,S. agalactiae,Firmicutes,87.08,TP,13.966666666666667
NC_004350.2,S. agalactiae,Firmicutes,87.08,TP,9.8
NC_004350.2,S. agalactiae,Firmicutes,87.08,TP,12.8
NC_004350.2,S. agalactiae,Firmicutes,87.08,TP,14.3
NC_004350.2,S. agalactiae,Firmicutes,87.08,TP,10.966666666666667
NC_004350.2,S. agalactiae,Firmicutes,87.08,TP,14.8
NC_004350.2,S. agalactiae,Firmicutes,87.08,TP,14.3
NC_004350.2,S. agalactiae,Firmicutes,87.08,TP,12.8
NC_004350.2,S. agalactiae,Firmicutes,87.08,TP,14.3
NC_004350.2,S. agalactiae,Firmicutes,87.08,TP,12.8
NC_004350.2,S. agalactiae,Firmicutes,87.08,TP,6.8
NC_004350.2,S. agalactiae,Firmicutes,87.08,TP,12.8
NC_004350.2,S. agalactiae,Firmicutes,87.08,TP,14.3
NC_004350.2,S. agalactiae,Firmicutes,87.08,TP,12.8
NC_004350.2,S. agalactiae,Firmicutes,87.08,TP,9.633333333333333
NC_004350.2,S. agalactiae,Firmicutes,87.08,TP,12.8
NC_004350.2,S. agalactiae,Firmicutes,87.08,TP,12.514285714285714
NC_004350.2,S. agalactiae,Firmicutes,87.08,TP,10.3
NC_004350.2,S. agalactiae,Firmicutes,87.08,FP,11.8
NC_004350.2,S. agalactiae,Firmicutes,87.08,TP,8.0
NC_004350.2,S. agalactiae,Firmicutes,87.08,TP,10.9
NC_004350.2,S. agalactiae,Firmicutes,87.08,TP,9.8
NC_004350.2,S. agalactiae,Firmicutes,87.08,TP,11.3
NC_004350.2,S. agalactiae,Firmicutes,87.08,TP,12.8
NC_004350.2,S. agalactiae,Firmicutes,87.08,TP,14.05
NC_004350.2,S. agalactiae,Firmicutes,87.08,TP,11.3
NC_004350.2,S. agalactiae,Firmicutes,87.08,TP,14.514285714285714
NC_004350.2,S. agalactiae,Firmicutes,87.08,TP,14.05
NC_004350.2,S. agalactiae,Firmicutes,87.08,FP,15.8
NC_004350.2,S. agalactiae,Firmicutes,87.08,FP,14.05
NC_004350.2,S. agalactiae,Firmicutes,87.08,TP,12.466666666666667
NC_004350.2,S. agalactiae,Firmicutes,87.08,TP,12.8
NC_004350.2,S. agalactiae,Firmicutes,87.08,TP,14.3
NC_004350.2,S. agalactiae,Firmicutes,87.08,TP,12.55
NC_004350.2,S. agalactiae,Firmicutes,87.08,TP,12.8
NC_004350.2,S. agalactiae,Firmicutes,87.08,TP,14.3
NC_004350.2,S. agalactiae,Firmicutes,87.08,TP,14.3
NC_004350.2,S. agalactiae,Firmicutes,87.08,TP,9.3
NC_004350.2,S. agalactiae,Firmicutes,87.08,TP,9.8
NC_004350.2,S. agalactiae,Firmicutes,87.08,FP,12.8
NC_004350.2,S. agalactiae,Firmicutes,87.08,TP,12.55
NC_004350.2,S. agalactiae,Firmicutes,87.08,FP,10.728571428571428
NC_004350.2,S. agalactiae,Firmicutes,87.08,TP,13.3
NC_004350.2,S. agalactiae,Firmicutes,87.08,TP,12.514285714285714
NC_004350.2,S. agalactiae,Firmicutes,87.08,TP,11.8
NC_004350.2,S. agalactiae,Firmicutes,87.08,TP,14.3
NC_004350.2,S. agalactiae,Firmicutes,87.08,TP,14.3
NC_004350.2,S. agalactiae,Firmicutes,87.08,TP,12.8
NC_004350.2,S. agalactiae,Firmicutes,87.08,TP,12.4
NC_004350.2,S. agalactiae,Firmicutes,87.08,TP,9.8
NC_004350.2,S. agalactiae,Firmicutes,87.08,TP,9.514285714285714
NC_004350.2,S. agalactiae,Firmicutes,87.08,TP,15.8
NC_004350.2,S. agalactiae,Firmicutes,87.08,TP,14.05
NC_004350.2,S. agalactiae,Firmicutes,87.08,FP,11.3
NC_004350.2,S. agalactiae,Firmicutes,87.08,TP,9.3
NC_004350.2,S. agalactiae,Firmicutes,87.08,TP,12.728571428571428
NC_004350.2,S. agalactiae,Firmicutes,87.08,TP,10.8
NC_004350.2,S. agalactiae,Firmicutes,87.08,TP,14.3
NC_004350.2,S. agalactiae,Firmicutes,87.08,TP,11.3
NC_004350.2,S. agalactiae,Firmicutes,87.08,TP,14.05
NC_004350.2,S. agalactiae,Firmicutes,87.08,TP,14.3
NC_004350.2,S. agalactiae,Firmicutes,87.08,TP,-5.0
NC_004350.2,S. agalactiae,Firmicutes,87.08,FP,12.55
NC_004350.2,S. agalactiae,Firmicutes,87.08,TP,10.9
NC_004350.2,S. agalactiae,Firmicutes,87.08,TP,10.5
NC_004350.2,S. agalactiae,Firmicutes,87.08,TP,13.966666666666667
NC_004350.2,S. agalactiae,Firmicutes,87.08,TP,15.8
NC_004350.2,S. agalactiae,Firmicutes,87.08,TP,12.966666666666667
NC_004350.2,S. agalactiae,Firmicutes,87.08,TP,14.014285714285714
NC_004350.2,S. agalactiae,Firmicutes,87.08,TP,14.3
NC_004350.2,S. agalactiae,Firmicutes,87.08,TP,14.55
NC_004350.2,S. agalactiae,Firmicutes,87.08,TP,14.3
NC_004350.2,S. agalactiae,Firmicutes,87.08,TP,12.8
NC_004350.2,S. agalactiae,Firmicutes,87.08,TP,14.3
NC_004350.2,S. agalactiae,Firmicutes,87.08,TP,14.014285714285714
NC_004350.2,S. agalactiae,Firmicutes,87.08,TP,12.8
NC_004350.2,S. agalactiae,Firmicutes,87.08,TP,14.3
NC_004350.2,S. agalactiae,Firmicutes,87.08,TP,12.8
NC_004350.2,S. agalactiae,Firmicutes,87.08,FP,13.728571428571428
NC_004350.2,S. agalactiae,Firmicutes,87.08,TP,12.8
NC_004350.2,S. agalactiae,Firmicutes,87.08,FP,9.05
NC_004350.2,S. agalactiae,Firmicutes,87.08,TP,12.8
NC_004350.2,S. agalactiae,Firmicutes,87.08,TP,12.8
NC_004350.2,S. agalactiae,Firmicutes,87.08,TP,11.8
NC_004350.2,S. agalactiae,Firmicutes,87.08,TP,15.8
NC_004350.2,S. agalactiae,Firmicutes,87.08,TP,14.8
NC_004350.2,S. agalactiae,Firmicutes,87.08,TP,14.3
NC_004350.2,S. agalactiae,Firmicutes,87.08,TP,14.3
NC_004350.2,S. agalactiae,Firmicutes,87.08,FP,9.4
NC_004350.2,S. agalactiae,Firmicutes,87.08,TP,14.05
NC_004350.2,S. agalactiae,Firmicutes,87.08,TP,12.8
NC_004350.2,S. agalactiae,Firmicutes,87.08,TP,15.8
NC_004350.2,S. agalactiae,Firmicutes,87.08,FP,10.5
NC_004350.2,S. agalactiae,Firmicutes,87.08,FP,8.133333333333333
NC_004350.2,S. agalactiae,Firmicutes,87.08,FP,10.014285714285714
NC_004350.2,S. agalactiae,Firmicutes,87.08,TP,12.8
NC_004350.2,S. agalactiae,Firmicutes,87.08,FP,9.3
NC_004350.2,S. agalactiae,Firmicutes,87.08,TP,14.3
NC_004350.2,S. agalactiae,Firmicutes,87.08,TP,9.3
NC_004350.2,S. agalactiae,Firmicutes,87.08,TP,14.3
NC_004350.2,S. agalactiae,Firmicutes,87.08,TP,14.014285714285714
NC_004350.2,S. agalactiae,Firmicutes,87.08,TP,12.55
NC_004350.2,S. agalactiae,Firmicutes,87.08,TP,14.3
NC_004350.2,S. agalactiae,Firmicutes,87.08,TP,12.8
NC_004350.2,S. agalactiae,Firmicutes,87.08,TP,14.3
NC_004350.2,S. agalactiae,Firmicutes,87.08,TP,14.3
NC_004350.2,S. agalactiae,Firmicutes,87.08,TP,11.05
NC_004350.2,S. agalactiae,Firmicutes,87.08,FP,9.133333333333333
NC_004350.2,S. agalactiae,Firmicutes,87.08,FP,9.55
NC_004350.2,S. agalactiae,Firmicutes,87.08,TP,14.3
NC_004350.2,S. agalactiae,Firmicutes,87.08,FP,6.0
NC_004350.2,S. agalactiae,Firmicutes,87.08,FP,9.0
NC_004350.2,S. agalactiae,Firmicutes,87.08,TP,9.0
NC_004350.2,S. agalactiae,Firmicutes,87.08,TP,12.8
NC_004350.2,S. agalactiae,Firmicutes,87.08,TP,11.8
NC_004350.2,S. agalactiae,Firmicutes,87.08,TP,12.8
NC_004350.2,S. agalactiae,Firmicutes,87.08,TP,14.3
NC_004350.2,S. agalactiae,Firmicutes,87.08,TP,11.05
NC_004350.2,S. agalactiae,Firmicutes,87.08,TP,12.8
NC_004350.2,S. agalactiae,Firmicutes,87.08,FP,-5.0
NC_004350.2,S. agalactiae,Firmicutes,87.08,TP,14.3
NC_004350.2,S. agalactiae,Firmicutes,87.08,TP,12.3
NC_004350.2,S. agalactiae,Firmicutes,87.08,TP,10.55
NC_004350.2,S. agalactiae,Firmicutes,87.08,TP,12.8
NC_004350.2,S. agalactiae,Firmicutes,87.08,TP,12.514285714285714
NC_004350.2,S. agalactiae,Firmicutes,87.08,TP,14.05
NC_004350.2,S. agalactiae,Firmicutes,87.08,TP,14.3
NC_004350.2,S. agalactiae,Firmicutes,87.08,TP,12.8
NC_004350.2,S. agalactiae,Firmicutes,87.08,TP,9.3
NC_004350.2,S. agalactiae,Firmicutes,87.08,TP,12.8
NC_004350.2,S. agalactiae,Firmicutes,87.08,TP,10.55
NC_004350.2,S. agalactiae,Firmicutes,87.08,TP,12.8
NC_004350.2,S. agalactiae,Firmicutes,87.08,TP,12.8
NC_004350.2,S. agalactiae,Firmicutes,87.08,TP,9.3
NC_004350.2,S. agalactiae,Firmicutes,87.08,TP,11.55
NC_004350.2,S. agalactiae,Firmicutes,87.08,TP,13.966666666666667
NC_004350.2,S. agalactiae,Firmicutes,87.08,TP,15.8
NC_004350.2,S. agalactiae,Firmicutes,87.08,TP,12.8
NC_004350.2,S. agalactiae,Firmicutes,87.08,TP,14.8
NC_004350.2,S. agalactiae,Firmicutes,87.08,TP,14.3
NC_004350.2,S. agalactiae,Firmicutes,87.08,TP,14.05
NC_004350.2,S. agalactiae,Firmicutes,87.08,FP,10.728571428571428
NC_004350.2,S. agalactiae,Firmicutes,87.08,TP,12.966666666666667
NC_004350.2,S. agalactiae,Firmicutes,87.08,TP,12.466666666666667
NC_004350.2,S. agalactiae,Firmicutes,87.08,TP,14.05
NC_004350.2,S. agalactiae,Firmicutes,87.08,TP,14.3
NC_004350.2,S. agalactiae,Firmicutes,87.08,TP,13.3
NC_004350.2,S. agalactiae,Firmicutes,87.08,TP,11.514285714285714
NC_004350.2,S. agalactiae,Firmicutes,87.08,TP,15.8
NC_004350.2,S. agalactiae,Firmicutes,87.08,TP,14.3
NC_004350.2,S. agalactiae,Firmicutes,87.08,FP,9.55
NC_004350.2,S. agalactiae,Firmicutes,87.08,TP,14.3
NC_004350.2,S. agalactiae,Firmicutes,87.08,TP,14.3
NC_004350.2,S. agalactiae,Firmicutes,87.08,TP,13.966666666666667
NC_004350.2,S. agalactiae,Firmicutes,87.08,TP,12.8
NC_004350.2,S. agalactiae,Firmicutes,87.08,TP,15.8
NC_004350.2,S. agalactiae,Firmicutes,87.08,FP,11.3
NC_004350.2,S. agalactiae,Firmicutes,87.08,TP,12.55
NC_004350.2,S. agalactiae,Firmicutes,87.08,TP,12.8
NC_004350.2,S. agalactiae,Firmicutes,87.08,TP,14.014285714285714
NC_004350.2,S. agalactiae,Firmicutes,87.08,TP,12.8
NC_004350.2,S. agalactiae,Firmicutes,87.08,TP,12.8
NC_004350.2,S. agalactiae,Firmicutes,87.08,TP,11.55
NC_004350.2,S. agalactiae,Firmicutes,87.08,TP,14.3
NC_004350.2,S. agalactiae,Firmicutes,87.08,FP,10.966666666666667
NC_004350.2,S. agalactiae,Firmicutes,87.08,TP,15.8
NC_004350.2,S. agalactiae,Firmicutes,87.08,TP,14.3
NC_004350.2,S. agalactiae,Firmicutes,87.08,TP,14.3
NC_004350.2,S. agalactiae,Firmicutes,87.08,TP,13.3
NC_004350.2,S. agalactiae,Firmicutes,87.08,TP,11.4
NC_004350.2,S. agalactiae,Firmicutes,87.08,TP,14.3
NC_004350.2,S. agalactiae,Firmicutes,87.08,TP,12.55
NC_004350.2,S. agalactiae,Firmicutes,87.08,TP,14.3
NC_004350.2,S. agalactiae,Firmicutes,87.08,TP,12.8
NC_004350.2,S. agalactiae,Firmicutes,87.08,FP,10.55
NC_004350.2,S. agalactiae,Firmicutes,87.08,TP,14.3
NC_004350.2,S. agalactiae,Firmicutes,87.08,TP,14.3
NC_004350.2,S. agalactiae,Firmicutes,87.08,TP,14.3
NC_004350.2,S. agalactiae,Firmicutes,87.08,TP,11.05
NC_004350.2,S. agalactiae,Firmicutes,87.08,FP,12.8
NC_004350.2,S. agalactiae,Firmicutes,87.08,TP,12.514285714285714
NC_004350.2,S. agalactiae,Firmicutes,87.08,TP,12.8
NC_004350.2,S. agalactiae,Firmicutes,87.08,FP,9.8
NC_004350.2,S. agalactiae,Firmicutes,87.08,TP,15.55
NC_004350.2,S. agalactiae,Firmicutes,87.08,FP,8.0
NC_004350.2,S. agalactiae,Firmicutes,87.08,TP,14.3
NC_004350.2,S. agalactiae,Firmicutes,87.08,TP,14.3
NC_004350.2,S. agalactiae,Firmicutes,87.08,TP,14.3
NC_004350.2,S. agalactiae,Firmicutes,87.08,TP,11.8
NC_004350.2,S. agalactiae,Firmicutes,87.08,TP,12.8
NC_004350.2,S. agalactiae,Firmicutes,87.08,TP,11.55
NC_004350.2,S. agalactiae,Firmicutes,87.08,TP,13.966666666666667
NC_004350.2,S. agalactiae,Firmicutes,87.08,TP,9.0
NC_004350.2,S. agalactiae,Firmicutes,87.08,TP,9.4
NC_004350.2,S. agalactiae,Firmicutes,87.08,TP,14.3
NC_004350.2,S. agalactiae,Firmicutes,87.08,TP,10.8
NC_004350.2,S. agalactiae,Firmicutes,87.08,TP,12.8
NC_004350.2,S. agalactiae,Firmicutes,87.08,TP,14.3
NC_004350.2,S. agalactiae,Firmicutes,87.08,FP,12.8
NC_004350.2,S. agalactiae,Firmicutes,87.08,TP,15.8
NC_004350.2,S. agalactiae,Firmicutes,87.08,TP,15.8
NC_004350.2,S. agalactiae,Firmicutes,87.08,TP,12.514285714285714
NC_004350.2,S. agalactiae,Firmicutes,87.08,TP,9.9
NC_004350.2,S. agalactiae,Firmicutes,87.08,FP,11.05
NC_004350.2,S. agalactiae,Firmicutes,87.08,TP,8.8
NC_004350.2,S. agalactiae,Firmicutes,87.08,TP,15.8
NC_004350.2,S. agalactiae,Firmicutes,87.08,TP,12.8
NC_004350.2,S. agalactiae,Firmicutes,87.08,TP,13.728571428571428
NC_004350.2,S. agalactiae,Firmicutes,87.08,TP,12.514285714285714
NC_004350.2,S. agalactiae,Firmicutes,87.08,TP,10.9
NC_004350.2,S. agalactiae,Firmicutes,87.08,FP,11.8
NC_004350.2,S. agalactiae,Firmicutes,87.08,TP,14.3
NC_004350.2,S. agalactiae,Firmicutes,87.08,TP,8.3
NC_004350.2,S. agalactiae,Firmicutes,87.08,TP,12.8
NC_004350.2,S. agalactiae,Firmicutes,87.08,TP,11.8
NC_004350.2,S. agalactiae,Firmicutes,87.08,TP,9.4
NC_004350.2,S. agalactiae,Firmicutes,87.08,TP,12.55
NC_004350.2,S. agalactiae,Firmicutes,87.08,TP,14.3
NC_004350.2,S. agalactiae,Firmicutes,87.08,TP,12.8
NC_004350.2,S. agalactiae,Firmicutes,87.08,TP,12.8
NC_004350.2,S. agalactiae,Firmicutes,87.08,TP,11.514285714285714
NC_004350.2,S. agalactiae,Firmicutes,87.08,TP,14.05
NC_004350.2,S. agalactiae,Firmicutes,87.08,TP,10.8
NC_004350.2,S. agalactiae,Firmicutes,87.08,TP,14.3
NC_004350.2,S. agalactiae,Firmicutes,87.08,TP,10.9
NC_004350.2,S. agalactiae,Firmicutes,87.08,TP,14.3
NC_004350.2,S. agalactiae,Firmicutes,87.08,TP,10.966666666666667
NC_004350.2,S. agalactiae,Firmicutes,87.08,TP,14.3
NC_004350.2,S. agalactiae,Firmicutes,87.08,TP,14.3
NC_004350.2,S. agalactiae,Firmicutes,87.08,TP,14.3
NC_004350.2,S. agalactiae,Firmicutes,87.08,TP,11.3
NC_004350.2,S. agalactiae,Firmicutes,87.08,TP,14.3
NC_004350.2,S. agalactiae,Firmicutes,87.08,TP,14.3
NC_004350.2,S. agalactiae,Firmicutes,87.08,FP,10.55
NC_004350.2,S. agalactiae,Firmicutes,87.08,FP,10.3
NC_004350.2,S. agalactiae,Firmicutes,87.08,TP,12.8
NC_004350.2,S. agalactiae,Firmicutes,87.08,TP,14.3
NC_004350.2,S. agalactiae,Firmicutes,87.08,FP,-5.0
NC_004350.2,S. agalactiae,Firmicutes,87.08,TP,14.514285714285714
NC_004350.2,S. agalactiae,Firmicutes,87.08,TP,14.8
NC_004350.2,S. agalactiae,Firmicutes,87.08,TP,12.8
NC_004350.2,S. agalactiae,Firmicutes,87.08,TP,12.8
NC_004350.2,S. agalactiae,Firmicutes,87.08,FP,6.3
NC_004350.2,S. agalactiae,Firmicutes,87.08,TP,12.8
NC_004350.2,S. agalactiae,Firmicutes,87.08,TP,12.514285714285714
NC_004350.2,S. agalactiae,Firmicutes,87.08,FP,7.5
NC_004350.2,S. agalactiae,Firmicutes,87.08,TP,9.3
NC_004350.2,S. agalactiae,Firmicutes,87.08,TP,11.3
NC_004350.2,S. agalactiae,Firmicutes,87.08,TP,14.3
NC_004350.2,S. agalactiae,Firmicutes,87.08,TP,14.3
NC_004350.2,S. agalactiae,Firmicutes,87.08,TP,9.4
NC_004350.2,S. agalactiae,Firmicutes,87.08,TP,14.3
NC_004350.2,S. agalactiae,Firmicutes,87.08,TP,12.8
NC_004350.2,S. agalactiae,Firmicutes,87.08,FP,10.728571428571428
NC_004350.2,S. agalactiae,Firmicutes,87.08,FP,9.3
NC_004350.2,S. agalactiae,Firmicutes,87.08,TP,14.3
NC_004350.2,S. agalactiae,Firmicutes,87.08,TP,12.8
NC_004350.2,S. agalactiae,Firmicutes,87.08,TP,14.3
NC_004350.2,S. agalactiae,Firmicutes,87.08,TP,12.05
NC_004350.2,S. agalactiae,Firmicutes,87.08,TP,-5.0
NC_004350.2,S. agalactiae,Firmicutes,87.08,TP,13.8
NC_004350.2,S. agalactiae,Firmicutes,87.08,TP,12.8
NC_004350.2,S. agalactiae,Firmicutes,87.08,TP,11.3
NC_004350.2,S. agalactiae,Firmicutes,87.08,TP,12.3
NC_004350.2,S. agalactiae,Firmicutes,87.08,TP,14.3
NC_004350.2,S. agalactiae,Firmicutes,87.08,TP,13.966666666666667
NC_004350.2,S. agalactiae,Firmicutes,87.08,TP,14.3
NC_004350.2,S. agalactiae,Firmicutes,87.08,TP,15.8
NC_004350.2,S. agalactiae,Firmicutes,87.08,TP,9.0
NC_004350.2,S. agalactiae,Firmicutes,87.08,FP,-5.0
NC_004350.2,S. agalactiae,Firmicutes,87.08,TP,14.3
NC_004350.2,S. agalactiae,Firmicutes,87.08,TP,14.3
NC_004350.2,S. agalactiae,Firmicutes,87.08,TP,11.4
NC_004350.2,S. agalactiae,Firmicutes,87.08,TP,15.55
NC_004350.2,S. agalactiae,Firmicutes,87.08,TP,12.8
NC_004350.2,S. agalactiae,Firmicutes,87.08,TP,14.3
NC_004350.2,S. agalactiae,Firmicutes,87.08,TP,14.3
NC_004350.2,S. agalactiae,Firmicutes,87.08,FP,9.55
NC_004350.2,S. agalactiae,Firmicutes,87.08,TP,14.3
NC_004350.2,S. agalactiae,Firmicutes,87.08,TP,14.3
NC_004350.2,S. agalactiae,Firmicutes,87.08,TP,13.3
NC_004350.2,S. agalactiae,Firmicutes,87.08,TP,14.3
NC_004350.2,S. agalactiae,Firmicutes,87.08,TP,14.3
NC_004350.2,S. agalactiae,Firmicutes,87.08,FP,8.3
NC_004350.2,S. agalactiae,Firmicutes,87.08,FP,11.05
NC_004350.2,S. agalactiae,Firmicutes,87.08,TP,12.8
NC_004350.2,S. agalactiae,Firmicutes,87.08,TP,12.8
NC_004350.2,S. agalactiae,Firmicutes,87.08,TP,14.3
NC_004350.2,S. agalactiae,Firmicutes,87.08,TP,14.3
NC_004350.2,S. agalactiae,Firmicutes,87.08,TP,10.8
NC_004350.2,S. agalactiae,Firmicutes,87.08,TP,14.3
NC_004350.2,S. agalactiae,Firmicutes,87.08,TP,13.3
NC_004350.2,S. agalactiae,Firmicutes,87.08,TP,14.3
NC_004350.2,S. agalactiae,Firmicutes,87.08,FP,12.8
NC_004350.2,S. agalactiae,Firmicutes,87.08,TP,14.3
NC_004350.2,S. agalactiae,Firmicutes,87.08,TP,14.3
NC_004350.2,S. agalactiae,Firmicutes,87.08,TP,14.3
NC_004350.2,S. agalactiae,Firmicutes,87.08,TP,12.55
NC_004350.2,S. agalactiae,Firmicutes,87.08,TP,14.3
NC_004350.2,S. agalactiae,Firmicutes,87.08,TP,12.55
NC_004350.2,S. agalactiae,Firmicutes,87.08,TP,11.8
NC_004350.2,S. agalactiae,Firmicutes,87.08,TP,14.3
NC_004350.2,S. agalactiae,Firmicutes,87.08,TP,14.3
NC_004350.2,S. agalactiae,Firmicutes,87.08,TP,14.3
NC_004350.2,S. agalactiae,Firmicutes,87.08,TP,12.8
NC_004350.2,S. agalactiae,Firmicutes,87.08,TP,15.55
NC_004350.2,S. agalactiae,Firmicutes,87.08,TP,12.55
NC_004350.2,S. agalactiae,Firmicutes,87.08,TP,14.3
NC_004350.2,S. agalactiae,Firmicutes,87.08,TP,14.3
NC_004350.2,S. agalactiae,Firmicutes,87.08,TP,12.8
NC_004350.2,S. agalactiae,Firmicutes,87.08,FP,10.8
NC_004350.2,S. agalactiae,Firmicutes,87.08,TP,13.3
NC_004350.2,S. agalactiae,Firmicutes,87.08,TP,10.966666666666667
NC_004350.2,S. agalactiae,Firmicutes,87.08,TP,14.3
NC_004350.2,S. agalactiae,Firmicutes,87.08,TP,14.3
NC_004350.2,S. agalactiae,Firmicutes,87.08,TP,14.3
NC_004350.2,S. agalactiae,Firmicutes,87.08,TP,14.3
NC_004350.2,S. agalactiae,Firmicutes,87.08,TP,12.8
NC_004350.2,S. agalactiae,Firmicutes,87.08,TP,14.3
NC_004350.2,S. agalactiae,Firmicutes,87.08,TP,11.3
NC_004350.2,S. agalactiae,Firmicutes,87.08,TP,13.3
NC_004350.2,S. agalactiae,Firmicutes,87.08,TP,12.8
NC_004350.2,S. agalactiae,Firmicutes,87.08,TP,14.3
NC_004350.2,S. agalactiae,Firmicutes,87.08,TP,14.3
NC_004350.2,S. agalactiae,Firmicutes,87.08,TP,14.3
NC_004350.2,S. agalactiae,Firmicutes,87.08,TP,12.8
NC_004350.2,S. agalactiae,Firmicutes,87.08,TP,14.3
NC_004350.2,S. agalactiae,Firmicutes,87.08,TP,12.05
NC_004350.2,S. agalactiae,Firmicutes,87.08,TP,14.3
NC_004350.2,S. agalactiae,Firmicutes,87.08,TP,13.05
NC_004350.2,S. agalactiae,Firmicutes,87.08,TP,13.3
NC_004350.2,S. agalactiae,Firmicutes,87.08,FP,9.55
NC_004350.2,S. agalactiae,Firmicutes,87.08,TP,14.3
NC_004350.2,S. agalactiae,Firmicutes,87.08,TP,15.8
NC_004350.2,S. agalactiae,Firmicutes,87.08,TP,14.3
NC_004350.2,S. agalactiae,Firmicutes,87.08,TP,14.05
NC_004350.2,S. agalactiae,Firmicutes,87.08,TP,12.8
NC_004350.2,S. agalactiae,Firmicutes,87.08,TP,12.466666666666667
NC_004350.2,S. agalactiae,Firmicutes,87.08,TP,14.05
NC_004350.2,S. agalactiae,Firmicutes,87.08,TP,15.8
NC_004350.2,S. agalactiae,Firmicutes,87.08,TP,12.8
NC_004350.2,S. agalactiae,Firmicutes,87.08,TP,12.3
NC_004350.2,S. agalactiae,Firmicutes,87.08,TP,8.0
NC_004350.2,S. agalactiae,Firmicutes,87.08,TP,9.514285714285714
NC_004350.2,S. agalactiae,Firmicutes,87.08,TP,14.3
NC_004350.2,S. agalactiae,Firmicutes,87.08,TP,14.3
NC_004350.2,S. agalactiae,Firmicutes,87.08,TP,12.8
NC_004350.2,S. agalactiae,Firmicutes,87.08,TP,14.05
NC_004350.2,S. agalactiae,Firmicutes,87.08,TP,12.8
NC_004350.2,S. agalactiae,Firmicutes,87.08,FP,14.3
NC_004350.2,S. agalactiae,Firmicutes,87.08,TP,10.966666666666667
NC_004350.2,S. agalactiae,Firmicutes,87.08,TP,14.05
NC_004350.2,S. agalactiae,Firmicutes,87.08,TP,11.55
NC_004350.2,S. agalactiae,Firmicutes,87.08,TP,13.3
NC_004350.2,S. agalactiae,Firmicutes,87.08,TP,15.8
NC_004350.2,S. agalactiae,Firmicutes,87.08,TP,14.3
NC_004350.2,S. agalactiae,Firmicutes,87.08,TP,14.014285714285714
NC_004350.2,S. agalactiae,Firmicutes,87.08,TP,12.8
NC_004350.2,S. agalactiae,Firmicutes,87.08,TP,15.8
NC_004350.2,S. agalactiae,Firmicutes,87.08,TP,15.8
NC_004350.2,S. agalactiae,Firmicutes,87.08,TP,13.014285714285714
NC_004350.2,S. agalactiae,Firmicutes,87.08,TP,14.014285714285714
NC_004350.2,S. agalactiae,Firmicutes,87.08,TP,12.8
NC_004350.2,S. agalactiae,Firmicutes,87.08,TP,13.8
NC_004350.2,S. agalactiae,Firmicutes,87.08,TP,12.55
NC_004350.2,S. agalactiae,Firmicutes,87.08,TP,14.014285714285714
NC_004350.2,S. agalactiae,Firmicutes,87.08,FP,8.0
NC_004350.2,S. agalactiae,Firmicutes,87.08,TP,12.8
NC_004350.2,S. agalactiae,Firmicutes,87.08,TP,15.8
NC_004350.2,S. agalactiae,Firmicutes,87.08,FP,10.633333333333333
NC_004350.2,S. agalactiae,Firmicutes,87.08,FP,11.3
NC_004350.2,S. agalactiae,Firmicutes,87.08,TP,11.014285714285714
NC_004350.2,S. agalactiae,Firmicutes,87.08,TP,15.8
NC_004350.2,S. agalactiae,Firmicutes,87.08,TP,14.3
NC_004350.2,S. agalactiae,Firmicutes,87.08,TP,14.3
NC_004350.2,S. agalactiae,Firmicutes,87.08,TP,10.9
NC_004350.2,S. agalactiae,Firmicutes,87.08,TP,15.8
NC_004350.2,S. agalactiae,Firmicutes,87.08,TP,13.728571428571428
NC_004350.2,S. agalactiae,Firmicutes,87.08,TP,14.05
NC_004350.2,S. agalactiae,Firmicutes,87.08,TP,12.3
NC_004350.2,S. agalactiae,Firmicutes,87.08,TP,11.3
NC_004350.2,S. agalactiae,Firmicutes,87.08,TP,11.8
NC_004350.2,S. agalactiae,Firmicutes,87.08,TP,9.55
NC_004350.2,S. agalactiae,Firmicutes,87.08,TP,14.8
NC_004350.2,S. agalactiae,Firmicutes,87.08,TP,12.8
NC_004350.2,S. agalactiae,Firmicutes,87.08,TP,-5.0
NC_004350.2,S. agalactiae,Firmicutes,87.08,TP,14.3
NC_004350.2,S. agalactiae,Firmicutes,87.08,FP,10.55
NC_004350.2,S. agalactiae,Firmicutes,87.08,FP,12.8
NC_004350.2,S. agalactiae,Firmicutes,87.08,TP,12.8
NC_004350.2,S. agalactiae,Firmicutes,87.08,TP,10.55
NC_004350.2,S. agalactiae,Firmicutes,87.08,TP,15.8
NC_004350.2,S. agalactiae,Firmicutes,87.08,TP,9.3
NC_004350.2,S. agalactiae,Firmicutes,87.08,TP,13.8
NC_004350.2,S. agalactiae,Firmicutes,87.08,TP,14.3
NC_004350.2,S. agalactiae,Firmicutes,87.08,TP,14.3
NC_004350.2,S. agalactiae,Firmicutes,87.08,TP,9.3
NC_004350.2,S. agalactiae,Firmicutes,87.08,TP,14.3
NC_004350.2,S. agalactiae,Firmicutes,87.08,TP,14.3
NC_004350.2,S. agalactiae,Firmicutes,87.08,TP,-5.0
NC_004350.2,S. agalactiae,Firmicutes,87.08,TP,14.3
NC_004350.2,S. agalactiae,Firmicutes,87.08,FP,11.3
NC_004350.2,S. agalactiae,Firmicutes,87.08,TP,14.3
NC_004350.2,S. agalactiae,Firmicutes,87.08,TP,9.0
NC_004350.2,S. agalactiae,Firmicutes,87.08,FP,6.55
NC_004350.2,S. agalactiae,Firmicutes,87.08,TP,15.8
NC_004350.2,S. agalactiae,Firmicutes,87.08,TP,11.3
NC_004350.2,S. agalactiae,Firmicutes,87.08,TP,12.55
NC_004350.2,S. agalactiae,Firmicutes,87.08,TP,11.3
NC_004350.2,S. agalactiae,Firmicutes,87.08,TP,14.3
NC_004350.2,S. agalactiae,Firmicutes,87.08,FP,10.9
NC_004350.2,S. agalactiae,Firmicutes,87.08,TP,14.3
NC_004350.2,S. agalactiae,Firmicutes,87.08,TP,14.3
NC_004350.2,S. agalactiae,Firmicutes,87.08,TP,12.8
NC_004350.2,S. agalactiae,Firmicutes,87.08,TP,14.3
NC_004350.2,S. agalactiae,Firmicutes,87.08,TP,14.014285714285714
NC_004350.2,S. agalactiae,Firmicutes,87.08,TP,14.3
NC_004350.2,S. agalactiae,Firmicutes,87.08,TP,14.3
NC_004350.2,S. agalactiae,Firmicutes,87.08,TP,14.3
NC_004350.2,S. agalactiae,Firmicutes,87.08,TP,14.3
NC_004350.2,S. agalactiae,Firmicutes,87.08,TP,14.3
NC_004350.2,S. agalactiae,Firmicutes,87.08,FP,14.3
NC_004350.2,S. agalactiae,Firmicutes,87.08,TP,14.3
NC_004350.2,S. agalactiae,Firmicutes,87.08,TP,14.3
NC_004350.2,S. agalactiae,Firmicutes,87.08,TP,14.3
NC_004350.2,S. agalactiae,Firmicutes,87.08,TP,14.3
NC_004350.2,S. agalactiae,Firmicutes,87.08,FP,10.8
NC_004350.2,S. agalactiae,Firmicutes,87.08,TP,14.55
NC_004350.2,S. agalactiae,Firmicutes,87.08,TP,14.3
NC_004350.2,S. agalactiae,Firmicutes,87.08,TP,12.8
NC_004350.2,S. agalactiae,Firmicutes,87.08,TP,14.3
NC_004350.2,S. agalactiae,Firmicutes,87.08,TP,14.3
NC_004350.2,S. agalactiae,Firmicutes,87.08,TP,13.728571428571428
NC_004350.2,S. agalactiae,Firmicutes,87.08,TP,12.8
NC_004350.2,S. agalactiae,Firmicutes,87.08,FP,9.3
NC_004350.2,S. agalactiae,Firmicutes,87.08,TP,12.4
NC_004350.2,S. agalactiae,Firmicutes,87.08,TP,14.3
NC_004350.2,S. agalactiae,Firmicutes,87.08,TP,9.4
NC_004350.2,S. agalactiae,Firmicutes,87.08,FP,10.8
NC_004350.2,S. agalactiae,Firmicutes,87.08,TP,12.8
NC_004350.2,S. agalactiae,Firmicutes,87.08,FP,-5.0
NC_004350.2,S. agalactiae,Firmicutes,87.08,TP,14.55
NC_004350.2,S. agalactiae,Firmicutes,87.08,TP,12.228571428571428
NC_004350.2,S. agalactiae,Firmicutes,87.08,TP,12.466666666666667
NC_004350.2,S. agalactiae,Firmicutes,87.08,TP,15.8
NC_004350.2,S. agalactiae,Firmicutes,87.08,TP,12.55
NC_004350.2,S. agalactiae,Firmicutes,87.08,FP,9.3
NC_004350.2,S. agalactiae,Firmicutes,87.08,TP,12.8
NC_004350.2,S. agalactiae,Firmicutes,87.08,TP,11.3
NC_004350.2,S. agalactiae,Firmicutes,87.08,TP,11.05
NC_004350.2,S. agalactiae,Firmicutes,87.08,TP,14.3
NC_004350.2,S. agalactiae,Firmicutes,87.08,TP,6.5
NC_004350.2,S. agalactiae,Firmicutes,87.08,TP,14.3
NC_004350.2,S. agalactiae,Firmicutes,87.08,TP,14.3
NC_004350.2,S. agalactiae,Firmicutes,87.08,TP,12.3
NC_004350.2,S. agalactiae,Firmicutes,87.08,TP,10.8
NC_004350.2,S. agalactiae,Firmicutes,87.08,TP,12.3
NC_004350.2,S. agalactiae,Firmicutes,87.08,FP,9.728571428571428
NC_004350.2,S. agalactiae,Firmicutes,87.08,TP,13.966666666666667
NC_004350.2,S. agalactiae,Firmicutes,87.08,FP,9.9
NC_004350.2,S. agalactiae,Firmicutes,87.08,TP,14.3
NC_004350.2,S. agalactiae,Firmicutes,87.08,TP,15.8
NC_004350.2,S. agalactiae,Firmicutes,87.08,TP,12.8
NC_004350.2,S. agalactiae,Firmicutes,87.08,FP,9.8
NC_004350.2,S. agalactiae,Firmicutes,87.08,TP,11.466666666666667
NC_004350.2,S. agalactiae,Firmicutes,87.08,TP,11.55
NC_004350.2,S. agalactiae,Firmicutes,87.08,FP,10.3
NC_004350.2,S. agalactiae,Firmicutes,87.08,FP,-5.0
NC_004350.2,S. agalactiae,Firmicutes,87.08,TP,14.3
NC_004350.2,S. agalactiae,Firmicutes,87.08,TP,11.05
NC_004350.2,S. agalactiae,Firmicutes,87.08,FP,7.55
NC_004350.2,S. agalactiae,Firmicutes,87.08,TP,14.3
NC_004350.2,S. agalactiae,Firmicutes,87.08,TP,14.05
NC_004350.2,S. agalactiae,Firmicutes,87.08,TP,12.55
NC_004350.2,S. agalactiae,Firmicutes,87.08,TP,12.3
NC_004350.2,S. agalactiae,Firmicutes,87.08,TP,14.3
NC_004350.2,S. agalactiae,Firmicutes,87.08,TP,12.8
NC_004350.2,S. agalactiae,Firmicutes,87.08,TP,9.4
NC_004350.2,S. agalactiae,Firmicutes,87.08,TP,12.466666666666667
NC_004350.2,S. agalactiae,Firmicutes,87.08,TP,14.8
NC_004350.2,S. agalactiae,Firmicutes,87.08,FP,8.3
NC_004350.2,S. agalactiae,Firmicutes,87.08,TP,-5.0
NC_004350.2,S. agalactiae,Firmicutes,87.08,TP,14.3
NC_004350.2,S. agalactiae,Firmicutes,87.08,TP,14.3
NC_004350.2,S. agalactiae,Firmicutes,87.08,TP,11.05
NC_004350.2,S. agalactiae,Firmicutes,87.08,TP,14.3
NC_004350.2,S. agalactiae,Firmicutes,87.08,TP,13.3
NC_004350.2,S. agalactiae,Firmicutes,87.08,TP,11.05
NC_004350.2,S. agalactiae,Firmicutes,87.08,FP,9.8
NC_004350.2,S. agalactiae,Firmicutes,87.08,TP,12.8
NC_004350.2,S. agalactiae,Firmicutes,87.08,TP,13.3
NC_004350.2,S. agalactiae,Firmicutes,87.08,TP,12.8
NC_004350.2,S. agalactiae,Firmicutes,87.08,TP,14.3
NC_004350.2,S. agalactiae,Firmicutes,87.08,TP,12.8
NC_004350.2,S. agalactiae,Firmicutes,87.08,FP,9.8
NC_004350.2,S. agalactiae,Firmicutes,87.08,TP,14.014285714285714
NC_004350.2,S. agalactiae,Firmicutes,87.08,FP,11.3
NC_004350.2,S. agalactiae,Firmicutes,87.08,FP,12.4
NC_004350.2,S. agalactiae,Firmicutes,87.08,TP,14.3
NC_004350.2,S. agalactiae,Firmicutes,87.08,TP,13.3
NC_004350.2,S. agalactiae,Firmicutes,87.08,TP,9.228571428571428
NC_004350.2,S. agalactiae,Firmicutes,87.08,TP,14.3
NC_004350.2,S. agalactiae,Firmicutes,87.08,TP,14.3
NC_004350.2,S. agalactiae,Firmicutes,87.08,TP,14.3
NC_004350.2,S. agalactiae,Firmicutes,87.08,TP,12.8
NC_004350.2,S. agalactiae,Firmicutes,87.08,TP,9.966666666666667
NC_004350.2,S. agalactiae,Firmicutes,87.08,TP,12.8
NC_004350.2,S. agalactiae,Firmicutes,87.08,TP,12.8
NC_004350.2,S. agalactiae,Firmicutes,87.08,TP,13.05
NC_004350.2,S. agalactiae,Firmicutes,87.08,TP,14.3
NC_004350.2,S. agalactiae,Firmicutes,87.08,TP,12.8
NC_004350.2,S. agalactiae,Firmicutes,87.08,FP,9.05
NC_004350.2,S. agalactiae,Firmicutes,87.08,TP,15.8
NC_004350.2,S. agalactiae,Firmicutes,87.08,TP,14.3
NC_004350.2,S. agalactiae,Firmicutes,87.08,TP,12.8
NC_004350.2,S. agalactiae,Firmicutes,87.08,TP,14.3
NC_004350.2,S. agalactiae,Firmicutes,87.08,TP,12.8
NC_004350.2,S. agalactiae,Firmicutes,87.08,TP,14.3
NC_004350.2,S. agalactiae,Firmicutes,87.08,TP,12.8
NC_004350.2,S. agalactiae,Firmicutes,87.08,TP,11.3
NC_004350.2,S. agalactiae,Firmicutes,87.08,TP,13.3
NC_004350.2,S. agalactiae,Firmicutes,87.08,TP,12.3
NC_004350.2,S. agalactiae,Firmicutes,87.08,TP,14.3
NC_004350.2,S. agalactiae,Firmicutes,87.08,FP,8.0
NC_004350.2,S. agalactiae,Firmicutes,87.08,TP,11.3
NC_004350.2,S. agalactiae,Firmicutes,87.08,TP,14.3
NC_004350.2,S. agalactiae,Firmicutes,87.08,TP,12.3
NC_004350.2,S. agalactiae,Firmicutes,87.08,TP,13.8
NC_004350.2,S. agalactiae,Firmicutes,87.08,TP,14.8
NC_004350.2,S. agalactiae,Firmicutes,87.08,TP,11.05
NC_004350.2,S. agalactiae,Firmicutes,87.08,TP,9.9
NC_004350.2,S. agalactiae,Firmicutes,87.08,TP,14.3
NC_004350.2,S. agalactiae,Firmicutes,87.08,TP,15.55
NC_004350.2,S. agalactiae,Firmicutes,87.08,TP,10.966666666666667
NC_004350.2,S. agalactiae,Firmicutes,87.08,TP,12.8
NC_004350.2,S. agalactiae,Firmicutes,87.08,TP,15.8
NC_004350.2,S. agalactiae,Firmicutes,87.08,FP,-5.0
NC_004350.2,S. agalactiae,Firmicutes,87.08,TP,10.633333333333333
NC_004350.2,S. agalactiae,Firmicutes,87.08,TP,12.55
NC_004350.2,S. agalactiae,Firmicutes,87.08,TP,15.8
NC_004350.2,S. agalactiae,Firmicutes,87.08,TP,12.8
NC_004350.2,S. agalactiae,Firmicutes,87.08,TP,14.3
NC_004350.2,S. agalactiae,Firmicutes,87.08,FP,10.3
NC_004350.2,S. agalactiae,Firmicutes,87.08,TP,9.966666666666667
NC_004350.2,S. agalactiae,Firmicutes,87.08,TP,14.3
NC_004350.2,S. agalactiae,Firmicutes,87.08,FP,11.3
NC_004350.2,S. agalactiae,Firmicutes,87.08,TP,12.514285714285714
NC_004350.2,S. agalactiae,Firmicutes,87.08,TP,12.8
NC_004350.2,S. agalactiae,Firmicutes,87.08,TP,13.966666666666667
NC_004350.2,S. agalactiae,Firmicutes,87.08,TP,12.8
NC_004350.2,S. agalactiae,Firmicutes,87.08,TP,13.3
NC_004350.2,S. agalactiae,Firmicutes,87.08,FP,6.8
NC_004350.2,S. agalactiae,Firmicutes,87.08,FP,8.3
NC_004350.2,S. agalactiae,Firmicutes,87.08,TP,12.8
NC_004350.2,S. agalactiae,Firmicutes,87.08,TP,14.3
NC_004350.2,S. agalactiae,Firmicutes,87.08,TP,9.9
NC_004350.2,S. agalactiae,Firmicutes,87.08,TP,15.8
NC_004350.2,S. agalactiae,Firmicutes,87.08,FP,10.8
NC_004350.2,S. agalactiae,Firmicutes,87.08,FP,9.3
NC_004350.2,S. agalactiae,Firmicutes,87.08,TP,12.8
NC_004350.2,S. agalactiae,Firmicutes,87.08,TP,14.514285714285714
NC_004350.2,S. agalactiae,Firmicutes,87.08,TP,11.3
NC_004350.2,S. agalactiae,Firmicutes,87.08,TP,11.3
NC_004350.2,S. agalactiae,Firmicutes,87.08,TP,12.8
NC_004350.2,S. agalactiae,Firmicutes,87.08,TP,13.3
NC_004350.2,S. agalactiae,Firmicutes,87.08,TP,14.3
NC_004350.2,S. agalactiae,Firmicutes,87.08,FP,11.3
NC_004350.2,S. agalactiae,Firmicutes,87.08,TP,12.3
NC_004350.2,S. agalactiae,Firmicutes,87.08,TP,9.8
NC_004350.2,S. agalactiae,Firmicutes,87.08,FP,-5.0
NC_004350.2,S. agalactiae,Firmicutes,87.08,TP,12.8
NC_004350.2,S. agalactiae,Firmicutes,87.08,TP,10.633333333333333
NC_004350.2,S. agalactiae,Firmicutes,87.08,TP,9.8
NC_004350.2,S. agalactiae,Firmicutes,87.08,TP,14.3
NC_004350.2,S. agalactiae,Firmicutes,87.08,TP,14.3
NC_004350.2,S. agalactiae,Firmicutes,87.08,TP,14.3
NC_004350.2,S. agalactiae,Firmicutes,87.08,TP,12.8
NC_004350.2,S. agalactiae,Firmicutes,87.08,TP,14.3
NC_004350.2,S. agalactiae,Firmicutes,87.08,TP,12.8
NC_004350.2,S. agalactiae,Firmicutes,87.08,TP,12.8
NC_004350.2,S. agalactiae,Firmicutes,87.08,TP,13.966666666666667
NC_004350.2,S. agalactiae,Firmicutes,87.08,FP,8.0
NC_004350.2,S. agalactiae,Firmicutes,87.08,TP,14.3
NC_004350.2,S. agalactiae,Firmicutes,87.08,TP,14.3
NC_004350.2,S. agalactiae,Firmicutes,87.08,TP,14.3
NC_004350.2,S. agalactiae,Firmicutes,87.08,TP,-5.0
NC_004350.2,S. agalactiae,Firmicutes,87.08,TP,12.05
NC_004350.2,S. agalactiae,Firmicutes,87.08,TP,11.466666666666667
NC_004350.2,S. agalactiae,Firmicutes,87.08,TP,11.05
NC_004350.2,S. agalactiae,Firmicutes,87.08,TP,14.8
NC_004350.2,S. agalactiae,Firmicutes,87.08,TP,12.8
NC_004350.2,S. agalactiae,Firmicutes,87.08,TP,12.466666666666667
NC_004350.2,S. agalactiae,Firmicutes,87.08,TP,12.8
NC_004350.2,S. agalactiae,Firmicutes,87.08,TP,11.3
NC_004350.2,S. agalactiae,Firmicutes,87.08,TP,14.05
NC_004350.2,S. agalactiae,Firmicutes,87.08,TP,12.8
NC_004350.2,S. agalactiae,Firmicutes,87.08,TP,14.8
NC_004350.2,S. agalactiae,Firmicutes,87.08,TP,12.8
NC_004350.2,S. agalactiae,Firmicutes,87.08,TP,12.8
NC_004350.2,S. agalactiae,Firmicutes,87.08,TP,14.3
NC_004350.2,S. agalactiae,Firmicutes,87.08,TP,12.466666666666667
NC_004350.2,S. agalactiae,Firmicutes,87.08,TP,15.8
NC_004350.2,S. agalactiae,Firmicutes,87.08,TP,14.3
NC_004350.2,S. agalactiae,Firmicutes,87.08,TP,12.514285714285714
NC_004350.2,S. agalactiae,Firmicutes,87.08,TP,12.55
NC_004350.2,S. agalactiae,Firmicutes,87.08,TP,12.514285714285714
NC_004350.2,S. agalactiae,Firmicutes,87.08,TP,14.3
NC_004350.2,S. agalactiae,Firmicutes,87.08,TP,12.3
NC_004350.2,S. agalactiae,Firmicutes,87.08,TP,12.8
NC_004350.2,S. agalactiae,Firmicutes,87.08,TP,14.05
NC_004350.2,S. agalactiae,Firmicutes,87.08,TP,14.3
NC_004350.2,S. agalactiae,Firmicutes,87.08,TP,14.3
NC_004350.2,S. agalactiae,Firmicutes,87.08,TP,14.3
NC_004350.2,S. agalactiae,Firmicutes,87.08,TP,12.55
NC_004350.2,S. agalactiae,Firmicutes,87.08,TP,15.8
NC_004350.2,S. agalactiae,Firmicutes,87.08,TP,14.3
NC_004350.2,S. agalactiae,Firmicutes,87.08,TP,13.05
NC_004350.2,S. agalactiae,Firmicutes,87.08,FP,10.966666666666667
NC_004350.2,S. agalactiae,Firmicutes,87.08,TP,14.3
NC_004350.2,S. agalactiae,Firmicutes,87.08,TP,12.466666666666667
NC_004350.2,S. agalactiae,Firmicutes,87.08,TP,14.3
NC_004350.2,S. agalactiae,Firmicutes,87.08,TP,14.3
NC_004350.2,S. agalactiae,Firmicutes,87.08,TP,15.8
NC_004350.2,S. agalactiae,Firmicutes,87.08,TP,12.55
NC_004350.2,S. agalactiae,Firmicutes,87.08,TP,14.3
NC_004350.2,S. agalactiae,Firmicutes,87.08,TP,9.3
NC_004350.2,S. agalactiae,Firmicutes,87.08,TP,11.3
NC_004350.2,S. agalactiae,Firmicutes,87.08,TP,9.8
NC_004350.2,S. agalactiae,Firmicutes,87.08,TP,12.514285714285714
NC_004350.2,S. agalactiae,Firmicutes,87.08,TP,12.8
NC_004350.2,S. agalactiae,Firmicutes,87.08,TP,9.0
NC_004350.2,S. agalactiae,Firmicutes,87.08,TP,12.8
NC_004350.2,S. agalactiae,Firmicutes,87.08,TP,14.3
NC_004350.2,S. agalactiae,Firmicutes,87.08,TP,14.3
NC_004350.2,S. agalactiae,Firmicutes,87.08,FP,7.55
NC_004350.2,S. agalactiae,Firmicutes,87.08,TP,12.8
NC_004350.2,S. agalactiae,Firmicutes,87.08,FP,-5.0
NC_004350.2,S. agalactiae,Firmicutes,87.08,TP,12.8
NC_004350.2,S. agalactiae,Firmicutes,87.08,TP,15.8
NC_004350.2,S. agalactiae,Firmicutes,87.08,TP,9.228571428571428
NC_004350.2,S. agalactiae,Firmicutes,87.08,TP,11.3
