{
  "train_loss": [
    0.4535683955736786,
    0.376191372044873,
    0.35697659608466586,
    0.343452522423819,
    0.33472652818222265,
    0.3268115045152017,
    0.3186857133948296,
    0.3115934045901448,
    0.3056992215419961,
    0.30018322416328314
  ],
  "train_acc": [
    0.7900077910038561,
    0.8397420092900324,
    0.8488742492529512,
    0.8551465004585844,
    0.8585982110277222,
    0.8626416434087121,
    0.8667738340614799,
    0.8693478239430369,
    0.8721091923983472,
    0.8750382153670154
  ],
  "val_loss": [
    0.351095397072666,
    0.3816277167641905,
    0.3229373361796317,
    0.3192719816385642,
    0.47465075804166773,
    0.30823886208280304,
    0.3078732901282564,
    0.3045354461881536,
    0.31220150647549,
    0.2998787511500146
  ],
  "val_acc": [
    0.8492702169625247,
    0.8269428007889547,
    0.862879684418146,
    0.8635108481262327,
    0.7876528599605522,
    0.8695463510848126,
    0.8714792899408283,
    0.8719526627218935,
    0.8678106508875739,
    0.8742406311637081
  ],
  "learning_rates": []
}